{
  "peak_cpu_memory_MB": 3068.872,
  "peak_gpu_0_memory_MB": 2586,
  "training_duration": "00:01:12",
  "training_start_epoch": 0,
  "training_epochs": 2,
  "epoch": 2,
  "training_1_F1": 0.9348484848484349,
  "training_0_F1": 0.9338461538461039,
  "training_accuracy": 0.934351145038168,
  "training_average_F1": 0.9343473193472693,
  "training_loss": 0.20606977915073313,
  "training_cpu_memory_MB": 3068.872,
  "training_gpu_0_memory_MB": 2586,
  "validation_1_F1": 0.8148148148147648,
  "validation_0_F1": 0.8148148148147648,
  "validation_accuracy": 0.8148148148148148,
  "validation_average_F1": 0.8148148148147648,
  "validation_loss": 0.4088327911767093,
  "best_epoch": 2,
  "best_validation_1_F1": 0.8148148148147648,
  "best_validation_0_F1": 0.8148148148147648,
  "best_validation_accuracy": 0.8148148148148148,
  "best_validation_average_F1": 0.8148148148147648,
  "best_validation_loss": 0.4088327911767093
}