{
  "peak_cpu_memory_MB": 3068.872,
  "peak_gpu_0_memory_MB": 1241,
  "training_duration": "00:00:22",
  "training_start_epoch": 0,
  "training_epochs": 0,
  "epoch": 0,
  "training_1_F1": 0.7885196374621857,
  "training_0_F1": 0.7839506172839006,
  "training_accuracy": 0.7862595419847328,
  "training_average_F1": 0.7862351273730431,
  "training_loss": 0.47321373624045676,
  "training_cpu_memory_MB": 3068.872,
  "training_gpu_0_memory_MB": 1241,
  "validation_1_F1": 0.7874999999999501,
  "validation_0_F1": 0.7926829268292183,
  "validation_accuracy": 0.7901234567901234,
  "validation_average_F1": 0.7900914634145841,
  "validation_loss": 0.48404634540731256,
  "best_epoch": 0,
  "best_validation_1_F1": 0.7874999999999501,
  "best_validation_0_F1": 0.7926829268292183,
  "best_validation_accuracy": 0.7901234567901234,
  "best_validation_average_F1": 0.7900914634145841,
  "best_validation_loss": 0.48404634540731256
}