{
  "peak_cpu_memory_MB": 3086.312,
  "peak_gpu_0_memory_MB": 11,
  "peak_gpu_1_memory_MB": 11,
  "peak_gpu_2_memory_MB": 11,
  "peak_gpu_3_memory_MB": 5424,
  "peak_gpu_4_memory_MB": 3854,
  "peak_gpu_5_memory_MB": 11,
  "peak_gpu_6_memory_MB": 11,
  "peak_gpu_7_memory_MB": 11,
  "peak_gpu_8_memory_MB": 11,
  "peak_gpu_9_memory_MB": 11,
  "peak_gpu_10_memory_MB": 11,
  "peak_gpu_11_memory_MB": 11,
  "peak_gpu_12_memory_MB": 11,
  "peak_gpu_13_memory_MB": 11,
  "peak_gpu_14_memory_MB": 11,
  "peak_gpu_15_memory_MB": 11,
  "training_duration": "00:04:05",
  "training_start_epoch": 0,
  "training_epochs": 8,
  "epoch": 8,
  "training_1_F1": 0.9878234398781844,
  "training_0_F1": 0.9877488514547739,
  "training_accuracy": 0.9877862595419847,
  "training_average_F1": 0.9877861456664792,
  "training_loss": 0.06842860526109977,
  "training_cpu_memory_MB": 3086.312,
  "training_gpu_0_memory_MB": 11,
  "training_gpu_1_memory_MB": 11,
  "training_gpu_2_memory_MB": 11,
  "training_gpu_3_memory_MB": 2948,
  "training_gpu_4_memory_MB": 3854,
  "training_gpu_5_memory_MB": 11,
  "training_gpu_6_memory_MB": 11,
  "training_gpu_7_memory_MB": 11,
  "training_gpu_8_memory_MB": 11,
  "training_gpu_9_memory_MB": 11,
  "training_gpu_10_memory_MB": 11,
  "training_gpu_11_memory_MB": 11,
  "training_gpu_12_memory_MB": 11,
  "training_gpu_13_memory_MB": 11,
  "training_gpu_14_memory_MB": 11,
  "training_gpu_15_memory_MB": 11,
  "validation_1_F1": 0.8944099378881488,
  "validation_0_F1": 0.8957055214723427,
  "validation_accuracy": 0.8950617283950617,
  "validation_average_F1": 0.8950577296802458,
  "validation_loss": 0.3017792132767764,
  "best_epoch": 7,
  "best_validation_1_F1": 0.9113924050632413,
  "best_validation_0_F1": 0.9156626506023596,
  "best_validation_accuracy": 0.9135802469135802,
  "best_validation_average_F1": 0.9135275278328004,
  "best_validation_loss": 0.2972214011983438,
  "test_1_F1": 0.7901234567900735,
  "test_0_F1": 0.7901234567900735,
  "test_accuracy": 0.7901234567901234,
  "test_average_F1": 0.7901234567900735,
  "test_loss": 0.5179777050560171
}