{
  "peak_cpu_memory_MB": 1860.08,
  "peak_gpu_0_memory_MB": 352,
  "peak_gpu_1_memory_MB": 11082,
  "peak_gpu_2_memory_MB": 11,
  "peak_gpu_3_memory_MB": 11,
  "peak_gpu_4_memory_MB": 11,
  "peak_gpu_5_memory_MB": 11,
  "peak_gpu_6_memory_MB": 11,
  "peak_gpu_7_memory_MB": 11,
  "peak_gpu_8_memory_MB": 11,
  "peak_gpu_9_memory_MB": 11,
  "peak_gpu_10_memory_MB": 11,
  "peak_gpu_11_memory_MB": 11,
  "peak_gpu_12_memory_MB": 11,
  "peak_gpu_13_memory_MB": 11,
  "peak_gpu_14_memory_MB": 11,
  "peak_gpu_15_memory_MB": 11,
  "training_duration": "00:00:08",
  "training_start_epoch": 0,
  "training_epochs": 5,
  "epoch": 5,
  "training_1_P": 0.9245283018867925,
  "training_1_R": 0.9725190839694656,
  "training_1_F1": 0.9479166666666167,
  "training_0_P": 0.9710144927536232,
  "training_0_R": 0.9206106870229007,
  "training_0_F1": 0.9451410658306711,
  "training_accuracy": 0.9465648854961832,
  "training_average_F1": 0.946528866248644,
  "training_loss": 0.14528166679892598,
  "training_cpu_memory_MB": 1860.08,
  "training_gpu_0_memory_MB": 352,
  "training_gpu_1_memory_MB": 11082,
  "training_gpu_2_memory_MB": 11,
  "training_gpu_3_memory_MB": 11,
  "training_gpu_4_memory_MB": 11,
  "training_gpu_5_memory_MB": 11,
  "training_gpu_6_memory_MB": 11,
  "training_gpu_7_memory_MB": 11,
  "training_gpu_8_memory_MB": 11,
  "training_gpu_9_memory_MB": 11,
  "training_gpu_10_memory_MB": 11,
  "training_gpu_11_memory_MB": 11,
  "training_gpu_12_memory_MB": 11,
  "training_gpu_13_memory_MB": 11,
  "training_gpu_14_memory_MB": 11,
  "training_gpu_15_memory_MB": 11,
  "validation_1_P": 0.8787878787878788,
  "validation_1_R": 0.7160493827160493,
  "validation_1_F1": 0.7891156462584539,
  "validation_0_P": 0.7604166666666666,
  "validation_0_R": 0.9012345679012346,
  "validation_0_F1": 0.8248587570620973,
  "validation_accuracy": 0.808641975308642,
  "validation_average_F1": 0.8069872016602756,
  "validation_loss": 0.5204536291685972,
  "best_epoch": 3,
  "best_validation_1_P": 0.8275862068965517,
  "best_validation_1_R": 0.8888888888888888,
  "best_validation_1_F1": 0.8571428571428074,
  "best_validation_0_P": 0.88,
  "best_validation_0_R": 0.8148148148148148,
  "best_validation_0_F1": 0.8461538461537963,
  "best_validation_accuracy": 0.8518518518518519,
  "best_validation_average_F1": 0.8516483516483018,
  "best_validation_loss": 0.3656955747441812
}