{
  "peak_cpu_memory_MB": 3069.46,
  "peak_gpu_0_memory_MB": 2506,
  "training_duration": "00:00:45",
  "training_start_epoch": 0,
  "training_epochs": 1,
  "epoch": 1,
  "training_1_F1": 0.8907185628742016,
  "training_0_F1": 0.8862928348909158,
  "training_accuracy": 0.8885496183206106,
  "training_average_F1": 0.8885056988825587,
  "training_loss": 0.3012653679200789,
  "training_cpu_memory_MB": 3069.46,
  "training_gpu_0_memory_MB": 2506,
  "validation_1_F1": 0.7974683544303299,
  "validation_0_F1": 0.8072289156626007,
  "validation_accuracy": 0.8024691358024691,
  "validation_average_F1": 0.8023486350464653,
  "validation_loss": 0.5088512850078669,
  "best_epoch": 1,
  "best_validation_1_F1": 0.7974683544303299,
  "best_validation_0_F1": 0.8072289156626007,
  "best_validation_accuracy": 0.8024691358024691,
  "best_validation_average_F1": 0.8023486350464653,
  "best_validation_loss": 0.5088512850078669
}