{
  "peak_cpu_memory_MB": 4880.128,
  "peak_gpu_0_memory_MB": 11,
  "peak_gpu_1_memory_MB": 2342,
  "peak_gpu_2_memory_MB": 11,
  "peak_gpu_3_memory_MB": 11,
  "peak_gpu_4_memory_MB": 11,
  "peak_gpu_5_memory_MB": 11,
  "peak_gpu_6_memory_MB": 11,
  "peak_gpu_7_memory_MB": 11,
  "peak_gpu_8_memory_MB": 11,
  "peak_gpu_9_memory_MB": 11,
  "peak_gpu_10_memory_MB": 11,
  "peak_gpu_11_memory_MB": 4852,
  "peak_gpu_12_memory_MB": 2180,
  "peak_gpu_13_memory_MB": 11,
  "peak_gpu_14_memory_MB": 11,
  "peak_gpu_15_memory_MB": 11,
  "training_duration": "01:13:17",
  "training_start_epoch": 0,
  "training_epochs": 6,
  "epoch": 6,
  "training_joy_F1": 0.9287024817329786,
  "training_sadness_F1": 0.8240061752218723,
  "training_fear_F1": 0.7809358081979392,
  "training_anger_F1": 0.7337413925018632,
  "training_surprise_F1": 0.6929611650484943,
  "training_disgust_F1": 0.7548372410652815,
  "training_trust_F1": 0.8731905037637022,
  "training_anticipation_F1": 0.7333333333332839,
  "training_accuracy": 0.8413104750084038,
  "training_average_F1": 0.7902135126081768,
  "training_loss": 0.5055019215575124,
  "training_cpu_memory_MB": 4880.128,
  "training_gpu_0_memory_MB": 11,
  "training_gpu_1_memory_MB": 2342,
  "training_gpu_2_memory_MB": 11,
  "training_gpu_3_memory_MB": 11,
  "training_gpu_4_memory_MB": 11,
  "training_gpu_5_memory_MB": 11,
  "training_gpu_6_memory_MB": 11,
  "training_gpu_7_memory_MB": 11,
  "training_gpu_8_memory_MB": 11,
  "training_gpu_9_memory_MB": 11,
  "training_gpu_10_memory_MB": 11,
  "training_gpu_11_memory_MB": 4852,
  "training_gpu_12_memory_MB": 2180,
  "training_gpu_13_memory_MB": 11,
  "training_gpu_14_memory_MB": 11,
  "training_gpu_15_memory_MB": 11,
  "validation_joy_F1": 0.8190100960354095,
  "validation_sadness_F1": 0.5555555555555056,
  "validation_fear_F1": 0.40683482506097535,
  "validation_anger_F1": 0.3948126801152237,
  "validation_surprise_F1": 0.2681564245809595,
  "validation_disgust_F1": 0.3666666666666167,
  "validation_trust_F1": 0.5920745920745425,
  "validation_anticipation_F1": 0.2950819672130661,
  "validation_accuracy": 0.6031450444858266,
  "validation_average_F1": 0.46227410091278737,
  "validation_loss": 1.2634075338100836,
  "best_epoch": 4,
  "best_validation_joy_F1": 0.8231413346865779,
  "best_validation_sadness_F1": 0.5622739018087356,
  "best_validation_fear_F1": 0.41158536585360855,
  "best_validation_anger_F1": 0.3897763578274266,
  "best_validation_surprise_F1": 0.3033333333332844,
  "best_validation_disgust_F1": 0.37655417406744596,
  "best_validation_trust_F1": 0.6031746031745533,
  "best_validation_anticipation_F1": 0.2903225806451123,
  "best_validation_accuracy": 0.6050072418787502,
  "best_validation_average_F1": 0.4700202064245931,
  "best_validation_loss": 1.169804275822718,
  "test_joy_F1": 0.8210526315788975,
  "test_sadness_F1": 0.5389094759131318,
  "test_fear_F1": 0.4259984338292374,
  "test_anger_F1": 0.3738601823707721,
  "test_surprise_F1": 0.30110935023766844,
  "test_disgust_F1": 0.3865248226949861,
  "test_trust_F1": 0.5454545454544957,
  "test_anticipation_F1": 0.37547892720301573,
  "test_accuracy": 0.6006621146285951,
  "test_average_F1": 0.4710485461602756,
  "test_loss": 1.167780330275545
}