{
  "peak_cpu_memory_MB": 4880.128,
  "peak_gpu_0_memory_MB": 11,
  "peak_gpu_1_memory_MB": 11,
  "peak_gpu_2_memory_MB": 11,
  "peak_gpu_3_memory_MB": 11,
  "peak_gpu_4_memory_MB": 11,
  "peak_gpu_5_memory_MB": 11,
  "peak_gpu_6_memory_MB": 11,
  "peak_gpu_7_memory_MB": 11,
  "peak_gpu_8_memory_MB": 11,
  "peak_gpu_9_memory_MB": 11,
  "peak_gpu_10_memory_MB": 11,
  "peak_gpu_11_memory_MB": 4852,
  "peak_gpu_12_memory_MB": 2090,
  "peak_gpu_13_memory_MB": 11,
  "peak_gpu_14_memory_MB": 11,
  "peak_gpu_15_memory_MB": 11,
  "training_duration": "00:31:31",
  "training_start_epoch": 0,
  "training_epochs": 2,
  "epoch": 2,
  "training_joy_F1": 0.8559933149700842,
  "training_sadness_F1": 0.6452500598228749,
  "training_fear_F1": 0.5162206001621562,
  "training_anger_F1": 0.4712643678160437,
  "training_surprise_F1": 0.38231836350806636,
  "training_disgust_F1": 0.5384803322745664,
  "training_trust_F1": 0.6693276020877614,
  "training_anticipation_F1": 0.4707520891364426,
  "training_accuracy": 0.6823106560132393,
  "training_average_F1": 0.5687008412222494,
  "training_loss": 0.912413418206723,
  "training_cpu_memory_MB": 4880.128,
  "training_gpu_0_memory_MB": 11,
  "training_gpu_1_memory_MB": 11,
  "training_gpu_2_memory_MB": 11,
  "training_gpu_3_memory_MB": 11,
  "training_gpu_4_memory_MB": 11,
  "training_gpu_5_memory_MB": 11,
  "training_gpu_6_memory_MB": 11,
  "training_gpu_7_memory_MB": 11,
  "training_gpu_8_memory_MB": 11,
  "training_gpu_9_memory_MB": 11,
  "training_gpu_10_memory_MB": 11,
  "training_gpu_11_memory_MB": 4852,
  "training_gpu_12_memory_MB": 2090,
  "training_gpu_13_memory_MB": 11,
  "training_gpu_14_memory_MB": 11,
  "training_gpu_15_memory_MB": 11,
  "validation_joy_F1": 0.8247674987762598,
  "validation_sadness_F1": 0.5785984848484356,
  "validation_fear_F1": 0.3869801084990472,
  "validation_anger_F1": 0.3590664272890014,
  "validation_surprise_F1": 0.28951747088181456,
  "validation_disgust_F1": 0.38743455497377227,
  "validation_trust_F1": 0.5865384615384123,
  "validation_anticipation_F1": 0.27906976744181555,
  "validation_accuracy": 0.6124560314504448,
  "validation_average_F1": 0.4614965967810698,
  "validation_loss": 1.1227809579262245,
  "best_epoch": 2,
  "best_validation_joy_F1": 0.8247674987762598,
  "best_validation_sadness_F1": 0.5785984848484356,
  "best_validation_fear_F1": 0.3869801084990472,
  "best_validation_anger_F1": 0.3590664272890014,
  "best_validation_surprise_F1": 0.28951747088181456,
  "best_validation_disgust_F1": 0.38743455497377227,
  "best_validation_trust_F1": 0.5865384615384123,
  "best_validation_anticipation_F1": 0.27906976744181555,
  "best_validation_accuracy": 0.6124560314504448,
  "best_validation_average_F1": 0.4614965967810698,
  "best_validation_loss": 1.1227809579262245
}