{
  "peak_cpu_memory_MB": 4880.128,
  "peak_gpu_0_memory_MB": 11,
  "peak_gpu_1_memory_MB": 11,
  "peak_gpu_2_memory_MB": 11,
  "peak_gpu_3_memory_MB": 11,
  "peak_gpu_4_memory_MB": 11,
  "peak_gpu_5_memory_MB": 11,
  "peak_gpu_6_memory_MB": 11,
  "peak_gpu_7_memory_MB": 11,
  "peak_gpu_8_memory_MB": 11,
  "peak_gpu_9_memory_MB": 11,
  "peak_gpu_10_memory_MB": 11,
  "peak_gpu_11_memory_MB": 4852,
  "peak_gpu_12_memory_MB": 2180,
  "peak_gpu_13_memory_MB": 11,
  "peak_gpu_14_memory_MB": 11,
  "peak_gpu_15_memory_MB": 11,
  "training_duration": "00:52:27",
  "training_start_epoch": 0,
  "training_epochs": 4,
  "epoch": 4,
  "training_joy_F1": 0.8964251819044107,
  "training_sadness_F1": 0.7399574521336005,
  "training_fear_F1": 0.6617327807380594,
  "training_anger_F1": 0.6184658521930211,
  "training_surprise_F1": 0.5419244719436256,
  "training_disgust_F1": 0.6463044998833732,
  "training_trust_F1": 0.7947494033412391,
  "training_anticipation_F1": 0.6124401913875108,
  "training_accuracy": 0.7672019238228222,
  "training_average_F1": 0.6889999791906051,
  "training_loss": 0.6911621649616311,
  "training_cpu_memory_MB": 4880.128,
  "training_gpu_0_memory_MB": 11,
  "training_gpu_1_memory_MB": 11,
  "training_gpu_2_memory_MB": 11,
  "training_gpu_3_memory_MB": 11,
  "training_gpu_4_memory_MB": 11,
  "training_gpu_5_memory_MB": 11,
  "training_gpu_6_memory_MB": 11,
  "training_gpu_7_memory_MB": 11,
  "training_gpu_8_memory_MB": 11,
  "training_gpu_9_memory_MB": 11,
  "training_gpu_10_memory_MB": 11,
  "training_gpu_11_memory_MB": 4852,
  "training_gpu_12_memory_MB": 2180,
  "training_gpu_13_memory_MB": 11,
  "training_gpu_14_memory_MB": 11,
  "training_gpu_15_memory_MB": 11,
  "validation_joy_F1": 0.8231413346865779,
  "validation_sadness_F1": 0.5622739018087356,
  "validation_fear_F1": 0.41158536585360855,
  "validation_anger_F1": 0.3897763578274266,
  "validation_surprise_F1": 0.3033333333332844,
  "validation_disgust_F1": 0.37655417406744596,
  "validation_trust_F1": 0.6031746031745533,
  "validation_anticipation_F1": 0.2903225806451123,
  "validation_accuracy": 0.6050072418787502,
  "validation_average_F1": 0.4700202064245931,
  "validation_loss": 1.169804275822718,
  "best_epoch": 4,
  "best_validation_joy_F1": 0.8231413346865779,
  "best_validation_sadness_F1": 0.5622739018087356,
  "best_validation_fear_F1": 0.41158536585360855,
  "best_validation_anger_F1": 0.3897763578274266,
  "best_validation_surprise_F1": 0.3033333333332844,
  "best_validation_disgust_F1": 0.37655417406744596,
  "best_validation_trust_F1": 0.6031746031745533,
  "best_validation_anticipation_F1": 0.2903225806451123,
  "best_validation_accuracy": 0.6050072418787502,
  "best_validation_average_F1": 0.4700202064245931,
  "best_validation_loss": 1.169804275822718
}