{
  "peak_cpu_memory_MB": 4880.128,
  "peak_gpu_0_memory_MB": 11,
  "peak_gpu_1_memory_MB": 11,
  "peak_gpu_2_memory_MB": 11,
  "peak_gpu_3_memory_MB": 11,
  "peak_gpu_4_memory_MB": 11,
  "peak_gpu_5_memory_MB": 11,
  "peak_gpu_6_memory_MB": 11,
  "peak_gpu_7_memory_MB": 11,
  "peak_gpu_8_memory_MB": 11,
  "peak_gpu_9_memory_MB": 11,
  "peak_gpu_10_memory_MB": 11,
  "peak_gpu_11_memory_MB": 4084,
  "peak_gpu_12_memory_MB": 1634,
  "peak_gpu_13_memory_MB": 11,
  "peak_gpu_14_memory_MB": 11,
  "peak_gpu_15_memory_MB": 11,
  "training_duration": "00:10:36",
  "training_start_epoch": 0,
  "training_epochs": 0,
  "epoch": 0,
  "training_joy_F1": 0.7759864356122163,
  "training_sadness_F1": 0.5399956169186456,
  "training_fear_F1": 0.31254162042170475,
  "training_anger_F1": 0.23442288049025534,
  "training_surprise_F1": 0.11498470948009593,
  "training_disgust_F1": 0.32509030286186097,
  "training_trust_F1": 0.4671584123638449,
  "training_anticipation_F1": 0.17160120845918161,
  "training_accuracy": 0.5656659685051586,
  "training_average_F1": 0.3677226483259757,
  "training_loss": 1.2407402314486042,
  "training_cpu_memory_MB": 4880.128,
  "training_gpu_0_memory_MB": 11,
  "training_gpu_1_memory_MB": 11,
  "training_gpu_2_memory_MB": 11,
  "training_gpu_3_memory_MB": 11,
  "training_gpu_4_memory_MB": 11,
  "training_gpu_5_memory_MB": 11,
  "training_gpu_6_memory_MB": 11,
  "training_gpu_7_memory_MB": 11,
  "training_gpu_8_memory_MB": 11,
  "training_gpu_9_memory_MB": 11,
  "training_gpu_10_memory_MB": 11,
  "training_gpu_11_memory_MB": 4084,
  "training_gpu_12_memory_MB": 1634,
  "training_gpu_13_memory_MB": 11,
  "training_gpu_14_memory_MB": 11,
  "training_gpu_15_memory_MB": 11,
  "validation_joy_F1": 0.8098423315814124,
  "validation_sadness_F1": 0.5718323127649061,
  "validation_fear_F1": 0.3762057877813005,
  "validation_anger_F1": 0.33076923076918624,
  "validation_surprise_F1": 0.2244094488188539,
  "validation_disgust_F1": 0.323275862068921,
  "validation_trust_F1": 0.5454545454544959,
  "validation_anticipation_F1": 0.19791666666662813,
  "validation_accuracy": 0.5979722739499276,
  "validation_average_F1": 0.42246327323821303,
  "validation_loss": 1.1514057699996647,
  "best_epoch": 0,
  "best_validation_joy_F1": 0.8098423315814124,
  "best_validation_sadness_F1": 0.5718323127649061,
  "best_validation_fear_F1": 0.3762057877813005,
  "best_validation_anger_F1": 0.33076923076918624,
  "best_validation_surprise_F1": 0.2244094488188539,
  "best_validation_disgust_F1": 0.323275862068921,
  "best_validation_trust_F1": 0.5454545454544959,
  "best_validation_anticipation_F1": 0.19791666666662813,
  "best_validation_accuracy": 0.5979722739499276,
  "best_validation_average_F1": 0.42246327323821303,
  "best_validation_loss": 1.1514057699996647
}