{
  "peak_cpu_memory_MB": 4880.128,
  "peak_gpu_0_memory_MB": 11,
  "peak_gpu_1_memory_MB": 11,
  "peak_gpu_2_memory_MB": 11,
  "peak_gpu_3_memory_MB": 11,
  "peak_gpu_4_memory_MB": 11,
  "peak_gpu_5_memory_MB": 11,
  "peak_gpu_6_memory_MB": 11,
  "peak_gpu_7_memory_MB": 11,
  "peak_gpu_8_memory_MB": 11,
  "peak_gpu_9_memory_MB": 11,
  "peak_gpu_10_memory_MB": 11,
  "peak_gpu_11_memory_MB": 4852,
  "peak_gpu_12_memory_MB": 2180,
  "peak_gpu_13_memory_MB": 11,
  "peak_gpu_14_memory_MB": 11,
  "peak_gpu_15_memory_MB": 11,
  "training_duration": "00:41:59",
  "training_start_epoch": 0,
  "training_epochs": 3,
  "epoch": 3,
  "training_joy_F1": 0.8773830020346974,
  "training_sadness_F1": 0.6891991182953214,
  "training_fear_F1": 0.5930372148859044,
  "training_anger_F1": 0.5373995466721128,
  "training_surprise_F1": 0.4627730717788202,
  "training_disgust_F1": 0.6000476985451453,
  "training_trust_F1": 0.7388149939540012,
  "training_anticipation_F1": 0.539184952978008,
  "training_accuracy": 0.7247950766684768,
  "training_average_F1": 0.6297299498930014,
  "training_loss": 0.7980914905272899,
  "training_cpu_memory_MB": 4880.128,
  "training_gpu_0_memory_MB": 11,
  "training_gpu_1_memory_MB": 11,
  "training_gpu_2_memory_MB": 11,
  "training_gpu_3_memory_MB": 11,
  "training_gpu_4_memory_MB": 11,
  "training_gpu_5_memory_MB": 11,
  "training_gpu_6_memory_MB": 11,
  "training_gpu_7_memory_MB": 11,
  "training_gpu_8_memory_MB": 11,
  "training_gpu_9_memory_MB": 11,
  "training_gpu_10_memory_MB": 11,
  "training_gpu_11_memory_MB": 4852,
  "training_gpu_12_memory_MB": 2180,
  "training_gpu_13_memory_MB": 11,
  "training_gpu_14_memory_MB": 11,
  "training_gpu_15_memory_MB": 11,
  "validation_joy_F1": 0.8248303593867309,
  "validation_sadness_F1": 0.5860597439544315,
  "validation_fear_F1": 0.40522875816988474,
  "validation_anger_F1": 0.3862520458264648,
  "validation_surprise_F1": 0.28158844765338253,
  "validation_disgust_F1": 0.38899082568802423,
  "validation_trust_F1": 0.5854800936767655,
  "validation_anticipation_F1": 0.2949308755759917,
  "validation_accuracy": 0.6136974963790606,
  "validation_average_F1": 0.4691701437414595,
  "validation_loss": 1.1358070443368982,
  "best_epoch": 3,
  "best_validation_joy_F1": 0.8248303593867309,
  "best_validation_sadness_F1": 0.5860597439544315,
  "best_validation_fear_F1": 0.40522875816988474,
  "best_validation_anger_F1": 0.3862520458264648,
  "best_validation_surprise_F1": 0.28158844765338253,
  "best_validation_disgust_F1": 0.38899082568802423,
  "best_validation_trust_F1": 0.5854800936767655,
  "best_validation_anticipation_F1": 0.2949308755759917,
  "best_validation_accuracy": 0.6136974963790606,
  "best_validation_average_F1": 0.4691701437414595,
  "best_validation_loss": 1.1358070443368982
}