{
  "peak_cpu_memory_MB": 4880.128,
  "peak_gpu_0_memory_MB": 11,
  "peak_gpu_1_memory_MB": 11,
  "peak_gpu_2_memory_MB": 11,
  "peak_gpu_3_memory_MB": 11,
  "peak_gpu_4_memory_MB": 11,
  "peak_gpu_5_memory_MB": 11,
  "peak_gpu_6_memory_MB": 11,
  "peak_gpu_7_memory_MB": 11,
  "peak_gpu_8_memory_MB": 11,
  "peak_gpu_9_memory_MB": 11,
  "peak_gpu_10_memory_MB": 11,
  "peak_gpu_11_memory_MB": 4084,
  "peak_gpu_12_memory_MB": 2090,
  "peak_gpu_13_memory_MB": 11,
  "peak_gpu_14_memory_MB": 11,
  "peak_gpu_15_memory_MB": 11,
  "training_duration": "00:21:01",
  "training_start_epoch": 0,
  "training_epochs": 1,
  "epoch": 1,
  "training_joy_F1": 0.8298201449758383,
  "training_sadness_F1": 0.6010986442262249,
  "training_fear_F1": 0.446272493573215,
  "training_anger_F1": 0.3722209488883335,
  "training_surprise_F1": 0.2905772076960591,
  "training_disgust_F1": 0.4726095617529396,
  "training_trust_F1": 0.6076923076922587,
  "training_anticipation_F1": 0.37178841309819194,
  "training_accuracy": 0.637654177333023,
  "training_average_F1": 0.4990099652378826,
  "training_loss": 1.03739969245011,
  "training_cpu_memory_MB": 4880.128,
  "training_gpu_0_memory_MB": 11,
  "training_gpu_1_memory_MB": 11,
  "training_gpu_2_memory_MB": 11,
  "training_gpu_3_memory_MB": 11,
  "training_gpu_4_memory_MB": 11,
  "training_gpu_5_memory_MB": 11,
  "training_gpu_6_memory_MB": 11,
  "training_gpu_7_memory_MB": 11,
  "training_gpu_8_memory_MB": 11,
  "training_gpu_9_memory_MB": 11,
  "training_gpu_10_memory_MB": 11,
  "training_gpu_11_memory_MB": 4084,
  "training_gpu_12_memory_MB": 2090,
  "training_gpu_13_memory_MB": 11,
  "training_gpu_14_memory_MB": 11,
  "training_gpu_15_memory_MB": 11,
  "validation_joy_F1": 0.8179162609541861,
  "validation_sadness_F1": 0.5709057639523757,
  "validation_fear_F1": 0.3955696202531146,
  "validation_anger_F1": 0.3384615384614939,
  "validation_surprise_F1": 0.18426966292131322,
  "validation_disgust_F1": 0.36472945891778846,
  "validation_trust_F1": 0.5770171149143764,
  "validation_anticipation_F1": 0.2808510638297394,
  "validation_accuracy": 0.6052141527001862,
  "validation_average_F1": 0.4412150605255485,
  "validation_loss": 1.1212476247017926,
  "best_epoch": 1,
  "best_validation_joy_F1": 0.8179162609541861,
  "best_validation_sadness_F1": 0.5709057639523757,
  "best_validation_fear_F1": 0.3955696202531146,
  "best_validation_anger_F1": 0.3384615384614939,
  "best_validation_surprise_F1": 0.18426966292131322,
  "best_validation_disgust_F1": 0.36472945891778846,
  "best_validation_trust_F1": 0.5770171149143764,
  "best_validation_anticipation_F1": 0.2808510638297394,
  "best_validation_accuracy": 0.6052141527001862,
  "best_validation_average_F1": 0.4412150605255485,
  "best_validation_loss": 1.1212476247017926
}