{
  "peak_cpu_memory_MB": 4880.128,
  "peak_gpu_0_memory_MB": 11,
  "peak_gpu_1_memory_MB": 11,
  "peak_gpu_2_memory_MB": 11,
  "peak_gpu_3_memory_MB": 11,
  "peak_gpu_4_memory_MB": 11,
  "peak_gpu_5_memory_MB": 11,
  "peak_gpu_6_memory_MB": 11,
  "peak_gpu_7_memory_MB": 11,
  "peak_gpu_8_memory_MB": 11,
  "peak_gpu_9_memory_MB": 11,
  "peak_gpu_10_memory_MB": 11,
  "peak_gpu_11_memory_MB": 4852,
  "peak_gpu_12_memory_MB": 2180,
  "peak_gpu_13_memory_MB": 11,
  "peak_gpu_14_memory_MB": 11,
  "peak_gpu_15_memory_MB": 11,
  "training_duration": "01:02:56",
  "training_start_epoch": 0,
  "training_epochs": 5,
  "epoch": 5,
  "training_joy_F1": 0.9150572988156682,
  "training_sadness_F1": 0.7831050228310006,
  "training_fear_F1": 0.7250949459537918,
  "training_anger_F1": 0.6866251944011947,
  "training_surprise_F1": 0.6139359698681245,
  "training_disgust_F1": 0.7093023255813458,
  "training_trust_F1": 0.8384433962263652,
  "training_anticipation_F1": 0.6810308407266089,
  "training_accuracy": 0.8071781346158818,
  "training_average_F1": 0.7440743743005125,
  "training_loss": 0.5938670088477722,
  "training_cpu_memory_MB": 4880.128,
  "training_gpu_0_memory_MB": 11,
  "training_gpu_1_memory_MB": 11,
  "training_gpu_2_memory_MB": 11,
  "training_gpu_3_memory_MB": 11,
  "training_gpu_4_memory_MB": 11,
  "training_gpu_5_memory_MB": 11,
  "training_gpu_6_memory_MB": 11,
  "training_gpu_7_memory_MB": 11,
  "training_gpu_8_memory_MB": 11,
  "training_gpu_9_memory_MB": 11,
  "training_gpu_10_memory_MB": 11,
  "training_gpu_11_memory_MB": 4852,
  "training_gpu_12_memory_MB": 2180,
  "training_gpu_13_memory_MB": 11,
  "training_gpu_14_memory_MB": 11,
  "training_gpu_15_memory_MB": 11,
  "validation_joy_F1": 0.8248704663211937,
  "validation_sadness_F1": 0.5636172450052078,
  "validation_fear_F1": 0.425872093023206,
  "validation_anger_F1": 0.3913764510778947,
  "validation_surprise_F1": 0.28250401284104204,
  "validation_disgust_F1": 0.3869918699186492,
  "validation_trust_F1": 0.5961123110150688,
  "validation_anticipation_F1": 0.2857142857142393,
  "validation_accuracy": 0.6033519553072626,
  "validation_average_F1": 0.4696323418645627,
  "validation_loss": 1.2071848223508388,
  "best_epoch": 4,
  "best_validation_joy_F1": 0.8231413346865779,
  "best_validation_sadness_F1": 0.5622739018087356,
  "best_validation_fear_F1": 0.41158536585360855,
  "best_validation_anger_F1": 0.3897763578274266,
  "best_validation_surprise_F1": 0.3033333333332844,
  "best_validation_disgust_F1": 0.37655417406744596,
  "best_validation_trust_F1": 0.6031746031745533,
  "best_validation_anticipation_F1": 0.2903225806451123,
  "best_validation_accuracy": 0.6050072418787502,
  "best_validation_average_F1": 0.4700202064245931,
  "best_validation_loss": 1.169804275822718
}