{
  "peak_cpu_memory_MB": 7319.884,
  "peak_gpu_0_memory_MB": 11,
  "peak_gpu_1_memory_MB": 11,
  "peak_gpu_2_memory_MB": 11,
  "peak_gpu_3_memory_MB": 11,
  "peak_gpu_4_memory_MB": 11,
  "peak_gpu_5_memory_MB": 11,
  "peak_gpu_6_memory_MB": 11,
  "peak_gpu_7_memory_MB": 11,
  "peak_gpu_8_memory_MB": 11,
  "peak_gpu_9_memory_MB": 11,
  "peak_gpu_10_memory_MB": 11,
  "peak_gpu_11_memory_MB": 11,
  "peak_gpu_12_memory_MB": 11,
  "peak_gpu_13_memory_MB": 11,
  "peak_gpu_14_memory_MB": 4177,
  "peak_gpu_15_memory_MB": 11,
  "training_duration": "00:32:32",
  "training_start_epoch": 18,
  "training_epochs": 0,
  "epoch": 18,
  "training_joy_F1": 0.8212481962481467,
  "training_sadness_F1": 0.5831896056110815,
  "training_fear_F1": 0.42942668696088365,
  "training_anger_F1": 0.3657375934737809,
  "training_surprise_F1": 0.1919023849139962,
  "training_disgust_F1": 0.43880597014920525,
  "training_trust_F1": 0.5184165232357528,
  "training_anticipation_F1": 0.2985706723133509,
  "training_accuracy": 0.618569765938187,
  "training_average_F1": 0.4559122041132747,
  "training_loss": 1.0966461425827396,
  "training_cpu_memory_MB": 7319.884,
  "training_gpu_0_memory_MB": 11,
  "training_gpu_1_memory_MB": 11,
  "training_gpu_2_memory_MB": 11,
  "training_gpu_3_memory_MB": 11,
  "training_gpu_4_memory_MB": 11,
  "training_gpu_5_memory_MB": 11,
  "training_gpu_6_memory_MB": 11,
  "training_gpu_7_memory_MB": 11,
  "training_gpu_8_memory_MB": 11,
  "training_gpu_9_memory_MB": 11,
  "training_gpu_10_memory_MB": 11,
  "training_gpu_11_memory_MB": 11,
  "training_gpu_12_memory_MB": 11,
  "training_gpu_13_memory_MB": 11,
  "training_gpu_14_memory_MB": 4177,
  "training_gpu_15_memory_MB": 11,
  "validation_joy_F1": 0.8117760617760122,
  "validation_sadness_F1": 0.5607305936072571,
  "validation_fear_F1": 0.3367521367520872,
  "validation_anger_F1": 0.367491166077691,
  "validation_surprise_F1": 0.14347826086952753,
  "validation_disgust_F1": 0.38910505836571085,
  "validation_trust_F1": 0.5436408977555623,
  "validation_anticipation_F1": 0.25339366515832507,
  "validation_accuracy": 0.5932133250569005,
  "validation_average_F1": 0.42579598004527164,
  "validation_loss": 1.1512983907567393
}