{
  "peak_cpu_memory_MB": 7319.884,
  "peak_gpu_0_memory_MB": 11,
  "peak_gpu_1_memory_MB": 11,
  "peak_gpu_2_memory_MB": 11,
  "peak_gpu_3_memory_MB": 11,
  "peak_gpu_4_memory_MB": 11,
  "peak_gpu_5_memory_MB": 11,
  "peak_gpu_6_memory_MB": 11,
  "peak_gpu_7_memory_MB": 11,
  "peak_gpu_8_memory_MB": 11,
  "peak_gpu_9_memory_MB": 11,
  "peak_gpu_10_memory_MB": 11,
  "peak_gpu_11_memory_MB": 9103,
  "peak_gpu_12_memory_MB": 4883,
  "peak_gpu_13_memory_MB": 11,
  "peak_gpu_14_memory_MB": 7653,
  "peak_gpu_15_memory_MB": 4883,
  "training_duration": "01:05:09",
  "training_start_epoch": 18,
  "training_epochs": 1,
  "epoch": 19,
  "training_joy_F1": 0.8197234856471085,
  "training_sadness_F1": 0.580870161797447,
  "training_fear_F1": 0.42436631234663863,
  "training_anger_F1": 0.36819516602660807,
  "training_surprise_F1": 0.18630440809533413,
  "training_disgust_F1": 0.4410436527846983,
  "training_trust_F1": 0.5226648351647877,
  "training_anticipation_F1": 0.30103092783500773,
  "training_accuracy": 0.6166059007576346,
  "training_average_F1": 0.4555248687122038,
  "training_loss": 1.095085050507061,
  "training_cpu_memory_MB": 7319.884,
  "training_gpu_0_memory_MB": 11,
  "training_gpu_1_memory_MB": 11,
  "training_gpu_2_memory_MB": 11,
  "training_gpu_3_memory_MB": 11,
  "training_gpu_4_memory_MB": 11,
  "training_gpu_5_memory_MB": 11,
  "training_gpu_6_memory_MB": 11,
  "training_gpu_7_memory_MB": 11,
  "training_gpu_8_memory_MB": 11,
  "training_gpu_9_memory_MB": 11,
  "training_gpu_10_memory_MB": 11,
  "training_gpu_11_memory_MB": 9103,
  "training_gpu_12_memory_MB": 4883,
  "training_gpu_13_memory_MB": 11,
  "training_gpu_14_memory_MB": 7653,
  "training_gpu_15_memory_MB": 4883,
  "validation_joy_F1": 0.8137397194000471,
  "validation_sadness_F1": 0.5654162854528332,
  "validation_fear_F1": 0.36881810561604417,
  "validation_anger_F1": 0.37913043478256075,
  "validation_surprise_F1": 0.17864923747272937,
  "validation_disgust_F1": 0.3953033268101283,
  "validation_trust_F1": 0.5376884422110069,
  "validation_anticipation_F1": 0.2476190476190038,
  "validation_accuracy": 0.6008690254500311,
  "validation_average_F1": 0.43579557492054427,
  "validation_loss": 1.151535708125275,
  "best_epoch": 19,
  "best_validation_joy_F1": 0.8137397194000471,
  "best_validation_sadness_F1": 0.5654162854528332,
  "best_validation_fear_F1": 0.36881810561604417,
  "best_validation_anger_F1": 0.37913043478256075,
  "best_validation_surprise_F1": 0.17864923747272937,
  "best_validation_disgust_F1": 0.3953033268101283,
  "best_validation_trust_F1": 0.5376884422110069,
  "best_validation_anticipation_F1": 0.2476190476190038,
  "best_validation_accuracy": 0.6008690254500311,
  "best_validation_average_F1": 0.43579557492054427,
  "best_validation_loss": 1.151535708125275
}