{
  "peak_cpu_memory_MB": 7320.908,
  "peak_gpu_0_memory_MB": 11,
  "peak_gpu_1_memory_MB": 11,
  "peak_gpu_2_memory_MB": 11,
  "peak_gpu_3_memory_MB": 11,
  "peak_gpu_4_memory_MB": 11,
  "peak_gpu_5_memory_MB": 11,
  "peak_gpu_6_memory_MB": 11,
  "peak_gpu_7_memory_MB": 11,
  "peak_gpu_8_memory_MB": 11,
  "peak_gpu_9_memory_MB": 11,
  "peak_gpu_10_memory_MB": 11,
  "peak_gpu_11_memory_MB": 11,
  "peak_gpu_12_memory_MB": 11,
  "peak_gpu_13_memory_MB": 11,
  "peak_gpu_14_memory_MB": 7789,
  "peak_gpu_15_memory_MB": 4911,
  "training_duration": "01:37:53",
  "training_start_epoch": 5,
  "training_epochs": 2,
  "epoch": 7,
  "training_joy_F1": 0.8023934445557485,
  "training_sadness_F1": 0.5625902476951643,
  "training_fear_F1": 0.38631055143693604,
  "training_anger_F1": 0.30736034524090516,
  "training_surprise_F1": 0.09065155807363148,
  "training_disgust_F1": 0.3741388447270332,
  "training_trust_F1": 0.4825351098307066,
  "training_anticipation_F1": 0.1906474820143549,
  "training_accuracy": 0.5923377396073156,
  "training_average_F1": 0.39957844794681,
  "training_loss": 1.1761613994146596,
  "training_cpu_memory_MB": 7320.908,
  "training_gpu_0_memory_MB": 11,
  "training_gpu_1_memory_MB": 11,
  "training_gpu_2_memory_MB": 11,
  "training_gpu_3_memory_MB": 11,
  "training_gpu_4_memory_MB": 11,
  "training_gpu_5_memory_MB": 11,
  "training_gpu_6_memory_MB": 11,
  "training_gpu_7_memory_MB": 11,
  "training_gpu_8_memory_MB": 11,
  "training_gpu_9_memory_MB": 11,
  "training_gpu_10_memory_MB": 11,
  "training_gpu_11_memory_MB": 11,
  "training_gpu_12_memory_MB": 11,
  "training_gpu_13_memory_MB": 11,
  "training_gpu_14_memory_MB": 7789,
  "training_gpu_15_memory_MB": 4911,
  "validation_joy_F1": 0.8052443384981627,
  "validation_sadness_F1": 0.5423728813558836,
  "validation_fear_F1": 0.31691297208533603,
  "validation_anger_F1": 0.32136105860108893,
  "validation_surprise_F1": 0.09359605911327462,
  "validation_disgust_F1": 0.33797216699796456,
  "validation_trust_F1": 0.5091863517059892,
  "validation_anticipation_F1": 0.1874999999999615,
  "validation_accuracy": 0.5781088350920753,
  "validation_average_F1": 0.3892682285447076,
  "validation_loss": 1.1885598054026614,
  "best_epoch": 7,
  "best_validation_joy_F1": 0.8052443384981627,
  "best_validation_sadness_F1": 0.5423728813558836,
  "best_validation_fear_F1": 0.31691297208533603,
  "best_validation_anger_F1": 0.32136105860108893,
  "best_validation_surprise_F1": 0.09359605911327462,
  "best_validation_disgust_F1": 0.33797216699796456,
  "best_validation_trust_F1": 0.5091863517059892,
  "best_validation_anticipation_F1": 0.1874999999999615,
  "best_validation_accuracy": 0.5781088350920753,
  "best_validation_average_F1": 0.3892682285447076,
  "best_validation_loss": 1.1885598054026614
}