{
  "peak_cpu_memory_MB": 10174.148,
  "peak_gpu_0_memory_MB": 11,
  "peak_gpu_1_memory_MB": 11,
  "peak_gpu_2_memory_MB": 11,
  "peak_gpu_3_memory_MB": 11,
  "peak_gpu_4_memory_MB": 11,
  "peak_gpu_5_memory_MB": 11,
  "peak_gpu_6_memory_MB": 3428,
  "peak_gpu_7_memory_MB": 11,
  "peak_gpu_8_memory_MB": 11,
  "peak_gpu_9_memory_MB": 11,
  "peak_gpu_10_memory_MB": 11,
  "peak_gpu_11_memory_MB": 10538,
  "peak_gpu_12_memory_MB": 4811,
  "peak_gpu_13_memory_MB": 11,
  "peak_gpu_14_memory_MB": 7789,
  "peak_gpu_15_memory_MB": 4911,
  "training_duration": "05:59:36",
  "training_start_epoch": 5,
  "training_epochs": 10,
  "epoch": 15,
  "training_joy_F1": 0.8125973870309945,
  "training_sadness_F1": 0.5743073047858454,
  "training_fear_F1": 0.4118126272911925,
  "training_anger_F1": 0.3484573502721859,
  "training_surprise_F1": 0.16794762311411374,
  "training_disgust_F1": 0.4255319148935687,
  "training_trust_F1": 0.5107564191533185,
  "training_anticipation_F1": 0.2754237288135169,
  "training_accuracy": 0.6078142373231971,
  "training_average_F1": 0.44085429441934204,
  "training_loss": 1.1267775529125095,
  "training_cpu_memory_MB": 10174.148,
  "training_gpu_0_memory_MB": 11,
  "training_gpu_1_memory_MB": 11,
  "training_gpu_2_memory_MB": 11,
  "training_gpu_3_memory_MB": 11,
  "training_gpu_4_memory_MB": 11,
  "training_gpu_5_memory_MB": 11,
  "training_gpu_6_memory_MB": 11,
  "training_gpu_7_memory_MB": 11,
  "training_gpu_8_memory_MB": 11,
  "training_gpu_9_memory_MB": 11,
  "training_gpu_10_memory_MB": 11,
  "training_gpu_11_memory_MB": 9351,
  "training_gpu_12_memory_MB": 4811,
  "training_gpu_13_memory_MB": 11,
  "training_gpu_14_memory_MB": 7789,
  "training_gpu_15_memory_MB": 4911,
  "validation_joy_F1": 0.8134853262187232,
  "validation_sadness_F1": 0.5517241379309856,
  "validation_fear_F1": 0.34252297410187177,
  "validation_anger_F1": 0.3473491773308493,
  "validation_surprise_F1": 0.15011037527590165,
  "validation_disgust_F1": 0.3793103448275379,
  "validation_trust_F1": 0.540404040403992,
  "validation_anticipation_F1": 0.2678571428570964,
  "validation_accuracy": 0.590730395199669,
  "validation_average_F1": 0.42409543986836973,
  "validation_loss": 1.1569342156841416,
  "best_epoch": 14,
  "best_validation_joy_F1": 0.8157510938259105,
  "best_validation_sadness_F1": 0.5511596180081367,
  "best_validation_fear_F1": 0.35541195476570125,
  "best_validation_anger_F1": 0.34380776340106295,
  "best_validation_surprise_F1": 0.13824884792623443,
  "best_validation_disgust_F1": 0.3915547024951533,
  "best_validation_trust_F1": 0.5273631840795533,
  "best_validation_anticipation_F1": 0.2764976958524893,
  "best_validation_accuracy": 0.5927995034140285,
  "best_validation_average_F1": 0.4249743575442802,
  "best_validation_loss": 1.1580728717369608
}