{
  "peak_cpu_memory_MB": 4698.524,
  "peak_gpu_0_memory_MB": 11,
  "peak_gpu_1_memory_MB": 11,
  "peak_gpu_2_memory_MB": 11,
  "peak_gpu_3_memory_MB": 11,
  "peak_gpu_4_memory_MB": 11,
  "peak_gpu_5_memory_MB": 11,
  "peak_gpu_6_memory_MB": 11,
  "peak_gpu_7_memory_MB": 11,
  "peak_gpu_8_memory_MB": 11,
  "peak_gpu_9_memory_MB": 11,
  "peak_gpu_10_memory_MB": 11,
  "peak_gpu_11_memory_MB": 11,
  "peak_gpu_12_memory_MB": 11,
  "peak_gpu_13_memory_MB": 11,
  "peak_gpu_14_memory_MB": 7667,
  "peak_gpu_15_memory_MB": 4883,
  "training_duration": "01:04:50",
  "training_start_epoch": 0,
  "training_epochs": 1,
  "epoch": 1,
  "training_joy_F1": 0.764565663285056,
  "training_sadness_F1": 0.5216101275837733,
  "training_fear_F1": 0.2529411764705398,
  "training_anger_F1": 0.13488510892268196,
  "training_surprise_F1": 0.011335458731841056,
  "training_disgust_F1": 0.11320754716978929,
  "training_trust_F1": 0.18036870951667147,
  "training_anticipation_F1": 0.0,
  "training_accuracy": 0.5369196948144317,
  "training_average_F1": 0.24736422396004412,
  "training_loss": 1.341310896416949,
  "training_cpu_memory_MB": 4698.524,
  "training_gpu_0_memory_MB": 11,
  "training_gpu_1_memory_MB": 11,
  "training_gpu_2_memory_MB": 11,
  "training_gpu_3_memory_MB": 11,
  "training_gpu_4_memory_MB": 11,
  "training_gpu_5_memory_MB": 11,
  "training_gpu_6_memory_MB": 11,
  "training_gpu_7_memory_MB": 11,
  "training_gpu_8_memory_MB": 11,
  "training_gpu_9_memory_MB": 11,
  "training_gpu_10_memory_MB": 11,
  "training_gpu_11_memory_MB": 11,
  "training_gpu_12_memory_MB": 11,
  "training_gpu_13_memory_MB": 11,
  "training_gpu_14_memory_MB": 7667,
  "training_gpu_15_memory_MB": 4883,
  "validation_joy_F1": 0.779448059232619,
  "validation_sadness_F1": 0.5267821184051081,
  "validation_fear_F1": 0.22872827081422423,
  "validation_anger_F1": 0.24622030237577217,
  "validation_surprise_F1": 0.022408963585427155,
  "validation_disgust_F1": 0.1336898395721638,
  "validation_trust_F1": 0.27972027972024954,
  "validation_anticipation_F1": 0.0,
  "validation_accuracy": 0.547486033519553,
  "validation_average_F1": 0.2771247292131955,
  "validation_loss": 1.2945249157376808,
  "best_epoch": 1,
  "best_validation_joy_F1": 0.779448059232619,
  "best_validation_sadness_F1": 0.5267821184051081,
  "best_validation_fear_F1": 0.22872827081422423,
  "best_validation_anger_F1": 0.24622030237577217,
  "best_validation_surprise_F1": 0.022408963585427155,
  "best_validation_disgust_F1": 0.1336898395721638,
  "best_validation_trust_F1": 0.27972027972024954,
  "best_validation_anticipation_F1": 0.0,
  "best_validation_accuracy": 0.547486033519553,
  "best_validation_average_F1": 0.2771247292131955,
  "best_validation_loss": 1.2945249157376808
}