{
  "peak_cpu_memory_MB": 10915.2,
  "peak_gpu_0_memory_MB": 11,
  "peak_gpu_1_memory_MB": 11,
  "peak_gpu_2_memory_MB": 11,
  "peak_gpu_3_memory_MB": 11,
  "peak_gpu_4_memory_MB": 11,
  "peak_gpu_5_memory_MB": 11,
  "peak_gpu_6_memory_MB": 3428,
  "peak_gpu_7_memory_MB": 11,
  "peak_gpu_8_memory_MB": 11,
  "peak_gpu_9_memory_MB": 11,
  "peak_gpu_10_memory_MB": 11,
  "peak_gpu_11_memory_MB": 10538,
  "peak_gpu_12_memory_MB": 4883,
  "peak_gpu_13_memory_MB": 11,
  "peak_gpu_14_memory_MB": 7789,
  "peak_gpu_15_memory_MB": 4911,
  "training_duration": "07:05:26",
  "training_start_epoch": 5,
  "training_epochs": 12,
  "epoch": 17,
  "training_joy_F1": 0.8140317155213345,
  "training_sadness_F1": 0.5745241916991027,
  "training_fear_F1": 0.4193778684344224,
  "training_anger_F1": 0.35637342908433384,
  "training_surprise_F1": 0.17678621858228696,
  "training_disgust_F1": 0.4334164588528194,
  "training_trust_F1": 0.5179310344827113,
  "training_anticipation_F1": 0.281942977824667,
  "training_accuracy": 0.6107073580757791,
  "training_average_F1": 0.44679798681020977,
  "training_loss": 1.1173821294278128,
  "training_cpu_memory_MB": 10915.2,
  "training_gpu_0_memory_MB": 11,
  "training_gpu_1_memory_MB": 11,
  "training_gpu_2_memory_MB": 11,
  "training_gpu_3_memory_MB": 11,
  "training_gpu_4_memory_MB": 11,
  "training_gpu_5_memory_MB": 11,
  "training_gpu_6_memory_MB": 11,
  "training_gpu_7_memory_MB": 11,
  "training_gpu_8_memory_MB": 11,
  "training_gpu_9_memory_MB": 11,
  "training_gpu_10_memory_MB": 11,
  "training_gpu_11_memory_MB": 9069,
  "training_gpu_12_memory_MB": 4883,
  "training_gpu_13_memory_MB": 11,
  "training_gpu_14_memory_MB": 7789,
  "training_gpu_15_memory_MB": 4911,
  "validation_joy_F1": 0.8135429262393702,
  "validation_sadness_F1": 0.5597775718257155,
  "validation_fear_F1": 0.35655058043112764,
  "validation_anger_F1": 0.3620071684587342,
  "validation_surprise_F1": 0.15932914046117574,
  "validation_disgust_F1": 0.3852140077820532,
  "validation_trust_F1": 0.5427135678391474,
  "validation_anticipation_F1": 0.2545454545454088,
  "validation_accuracy": 0.5948686116283881,
  "validation_average_F1": 0.42921005219784153,
  "validation_loss": 1.1554672019709848,
  "best_epoch": 16,
  "best_validation_joy_F1": 0.8159107446033944,
  "best_validation_sadness_F1": 0.5592286501376922,
  "best_validation_fear_F1": 0.36541598694937916,
  "best_validation_anger_F1": 0.370106761565789,
  "best_validation_surprise_F1": 0.1511111111110751,
  "best_validation_disgust_F1": 0.3882352941175994,
  "best_validation_trust_F1": 0.545905707195981,
  "best_validation_anticipation_F1": 0.2523364485980862,
  "best_validation_accuracy": 0.5977653631284916,
  "best_validation_average_F1": 0.4310313380348746,
  "best_validation_loss": 1.1529016057060104
}