{
  "peak_cpu_memory_MB": 7319.76,
  "peak_gpu_0_memory_MB": 11,
  "peak_gpu_1_memory_MB": 11,
  "peak_gpu_2_memory_MB": 11,
  "peak_gpu_3_memory_MB": 11,
  "peak_gpu_4_memory_MB": 11,
  "peak_gpu_5_memory_MB": 11,
  "peak_gpu_6_memory_MB": 11,
  "peak_gpu_7_memory_MB": 11,
  "peak_gpu_8_memory_MB": 11,
  "peak_gpu_9_memory_MB": 11,
  "peak_gpu_10_memory_MB": 11,
  "peak_gpu_11_memory_MB": 11,
  "peak_gpu_12_memory_MB": 11,
  "peak_gpu_13_memory_MB": 11,
  "peak_gpu_14_memory_MB": 4177,
  "peak_gpu_15_memory_MB": 11,
  "training_duration": "00:32:22",
  "training_start_epoch": 23,
  "training_epochs": 0,
  "epoch": 23,
  "training_joy_F1": 0.8277656741708533,
  "training_sadness_F1": 0.5922712021288415,
  "training_fear_F1": 0.4442190669370698,
  "training_anger_F1": 0.38315883270211387,
  "training_surprise_F1": 0.21715817694366119,
  "training_disgust_F1": 0.45328719723178523,
  "training_trust_F1": 0.5360683760683285,
  "training_anticipation_F1": 0.3292558613659088,
  "training_accuracy": 0.628114569587829,
  "training_average_F1": 0.47289804844357025,
  "training_loss": 1.0698896094823889,
  "training_cpu_memory_MB": 7319.76,
  "training_gpu_0_memory_MB": 11,
  "training_gpu_1_memory_MB": 11,
  "training_gpu_2_memory_MB": 11,
  "training_gpu_3_memory_MB": 11,
  "training_gpu_4_memory_MB": 11,
  "training_gpu_5_memory_MB": 11,
  "training_gpu_6_memory_MB": 11,
  "training_gpu_7_memory_MB": 11,
  "training_gpu_8_memory_MB": 11,
  "training_gpu_9_memory_MB": 11,
  "training_gpu_10_memory_MB": 11,
  "training_gpu_11_memory_MB": 11,
  "training_gpu_12_memory_MB": 11,
  "training_gpu_13_memory_MB": 11,
  "training_gpu_14_memory_MB": 4177,
  "training_gpu_15_memory_MB": 11,
  "validation_joy_F1": 0.8168604651162295,
  "validation_sadness_F1": 0.5685465382851413,
  "validation_fear_F1": 0.3416309012875042,
  "validation_anger_F1": 0.37961335676620894,
  "validation_surprise_F1": 0.16771488469597656,
  "validation_disgust_F1": 0.4084778420038054,
  "validation_trust_F1": 0.5409429280396535,
  "validation_anticipation_F1": 0.27678571428566784,
  "validation_accuracy": 0.5998344713428513,
  "validation_average_F1": 0.4375715788100234,
  "validation_loss": 1.1441237297978732
}