{
  "peak_cpu_memory_MB": 10545.648,
  "peak_gpu_0_memory_MB": 11,
  "peak_gpu_1_memory_MB": 11,
  "peak_gpu_2_memory_MB": 11,
  "peak_gpu_3_memory_MB": 11,
  "peak_gpu_4_memory_MB": 11,
  "peak_gpu_5_memory_MB": 11,
  "peak_gpu_6_memory_MB": 3428,
  "peak_gpu_7_memory_MB": 11,
  "peak_gpu_8_memory_MB": 11,
  "peak_gpu_9_memory_MB": 11,
  "peak_gpu_10_memory_MB": 11,
  "peak_gpu_11_memory_MB": 10538,
  "peak_gpu_12_memory_MB": 4811,
  "peak_gpu_13_memory_MB": 11,
  "peak_gpu_14_memory_MB": 7789,
  "peak_gpu_15_memory_MB": 4911,
  "training_duration": "06:32:16",
  "training_start_epoch": 5,
  "training_epochs": 11,
  "epoch": 16,
  "training_joy_F1": 0.8138697087961079,
  "training_sadness_F1": 0.5769754768391884,
  "training_fear_F1": 0.410093342906915,
  "training_anger_F1": 0.3533180778031576,
  "training_surprise_F1": 0.16926125106138665,
  "training_disgust_F1": 0.4154272750188578,
  "training_trust_F1": 0.5070714039323431,
  "training_anticipation_F1": 0.2786540483700939,
  "training_accuracy": 0.6084606831639645,
  "training_average_F1": 0.4405838230910062,
  "training_loss": 1.123742607590874,
  "training_cpu_memory_MB": 10545.648,
  "training_gpu_0_memory_MB": 11,
  "training_gpu_1_memory_MB": 11,
  "training_gpu_2_memory_MB": 11,
  "training_gpu_3_memory_MB": 11,
  "training_gpu_4_memory_MB": 11,
  "training_gpu_5_memory_MB": 11,
  "training_gpu_6_memory_MB": 11,
  "training_gpu_7_memory_MB": 11,
  "training_gpu_8_memory_MB": 11,
  "training_gpu_9_memory_MB": 11,
  "training_gpu_10_memory_MB": 11,
  "training_gpu_11_memory_MB": 8829,
  "training_gpu_12_memory_MB": 3139,
  "training_gpu_13_memory_MB": 11,
  "training_gpu_14_memory_MB": 7789,
  "training_gpu_15_memory_MB": 4911,
  "validation_joy_F1": 0.8159107446033944,
  "validation_sadness_F1": 0.5592286501376922,
  "validation_fear_F1": 0.36541598694937916,
  "validation_anger_F1": 0.370106761565789,
  "validation_surprise_F1": 0.1511111111110751,
  "validation_disgust_F1": 0.3882352941175994,
  "validation_trust_F1": 0.545905707195981,
  "validation_anticipation_F1": 0.2523364485980862,
  "validation_accuracy": 0.5977653631284916,
  "validation_average_F1": 0.4310313380348746,
  "validation_loss": 1.1529016057060104,
  "best_epoch": 16,
  "best_validation_joy_F1": 0.8159107446033944,
  "best_validation_sadness_F1": 0.5592286501376922,
  "best_validation_fear_F1": 0.36541598694937916,
  "best_validation_anger_F1": 0.370106761565789,
  "best_validation_surprise_F1": 0.1511111111110751,
  "best_validation_disgust_F1": 0.3882352941175994,
  "best_validation_trust_F1": 0.545905707195981,
  "best_validation_anticipation_F1": 0.2523364485980862,
  "best_validation_accuracy": 0.5977653631284916,
  "best_validation_average_F1": 0.4310313380348746,
  "best_validation_loss": 1.1529016057060104
}