{
  "peak_cpu_memory_MB": 8324.724,
  "peak_gpu_0_memory_MB": 11,
  "peak_gpu_1_memory_MB": 11,
  "peak_gpu_2_memory_MB": 11,
  "peak_gpu_3_memory_MB": 11,
  "peak_gpu_4_memory_MB": 11,
  "peak_gpu_5_memory_MB": 11,
  "peak_gpu_6_memory_MB": 3428,
  "peak_gpu_7_memory_MB": 11,
  "peak_gpu_8_memory_MB": 11,
  "peak_gpu_9_memory_MB": 11,
  "peak_gpu_10_memory_MB": 11,
  "peak_gpu_11_memory_MB": 11,
  "peak_gpu_12_memory_MB": 11,
  "peak_gpu_13_memory_MB": 11,
  "peak_gpu_14_memory_MB": 7789,
  "peak_gpu_15_memory_MB": 4911,
  "training_duration": "03:15:42",
  "training_start_epoch": 5,
  "training_epochs": 5,
  "epoch": 10,
  "training_joy_F1": 0.8066571394545178,
  "training_sadness_F1": 0.5634615384614898,
  "training_fear_F1": 0.39288960711034304,
  "training_anger_F1": 0.32437442075991724,
  "training_surprise_F1": 0.13289236319900957,
  "training_disgust_F1": 0.4019432370237312,
  "training_trust_F1": 0.49666315419735396,
  "training_anticipation_F1": 0.23185143500277508,
  "training_accuracy": 0.5971349520337186,
  "training_average_F1": 0.41884161190114216,
  "training_loss": 1.156034019463707,
  "training_cpu_memory_MB": 8324.724,
  "training_gpu_0_memory_MB": 11,
  "training_gpu_1_memory_MB": 11,
  "training_gpu_2_memory_MB": 11,
  "training_gpu_3_memory_MB": 11,
  "training_gpu_4_memory_MB": 11,
  "training_gpu_5_memory_MB": 11,
  "training_gpu_6_memory_MB": 11,
  "training_gpu_7_memory_MB": 11,
  "training_gpu_8_memory_MB": 11,
  "training_gpu_9_memory_MB": 11,
  "training_gpu_10_memory_MB": 11,
  "training_gpu_11_memory_MB": 11,
  "training_gpu_12_memory_MB": 11,
  "training_gpu_13_memory_MB": 11,
  "training_gpu_14_memory_MB": 7789,
  "training_gpu_15_memory_MB": 4911,
  "validation_joy_F1": 0.807453416149019,
  "validation_sadness_F1": 0.545043005884967,
  "validation_fear_F1": 0.3341604631926714,
  "validation_anger_F1": 0.3427495291901618,
  "validation_surprise_F1": 0.11510791366903587,
  "validation_disgust_F1": 0.35826771653538536,
  "validation_trust_F1": 0.5215189873417239,
  "validation_anticipation_F1": 0.22748815165872374,
  "validation_accuracy": 0.584936892199462,
  "validation_average_F1": 0.406473647952711,
  "validation_loss": 1.1727896376018083,
  "best_epoch": 10,
  "best_validation_joy_F1": 0.807453416149019,
  "best_validation_sadness_F1": 0.545043005884967,
  "best_validation_fear_F1": 0.3341604631926714,
  "best_validation_anger_F1": 0.3427495291901618,
  "best_validation_surprise_F1": 0.11510791366903587,
  "best_validation_disgust_F1": 0.35826771653538536,
  "best_validation_trust_F1": 0.5215189873417239,
  "best_validation_anticipation_F1": 0.22748815165872374,
  "best_validation_accuracy": 0.584936892199462,
  "best_validation_average_F1": 0.406473647952711,
  "best_validation_loss": 1.1727896376018083
}