{
  "peak_cpu_memory_MB": 8693.28,
  "peak_gpu_0_memory_MB": 11,
  "peak_gpu_1_memory_MB": 11,
  "peak_gpu_2_memory_MB": 11,
  "peak_gpu_3_memory_MB": 11,
  "peak_gpu_4_memory_MB": 11,
  "peak_gpu_5_memory_MB": 11,
  "peak_gpu_6_memory_MB": 11,
  "peak_gpu_7_memory_MB": 11,
  "peak_gpu_8_memory_MB": 11,
  "peak_gpu_9_memory_MB": 11,
  "peak_gpu_10_memory_MB": 11,
  "peak_gpu_11_memory_MB": 11,
  "peak_gpu_12_memory_MB": 11,
  "peak_gpu_13_memory_MB": 11,
  "peak_gpu_14_memory_MB": 7789,
  "peak_gpu_15_memory_MB": 4911,
  "training_duration": "03:48:02",
  "training_start_epoch": 23,
  "training_epochs": 6,
  "epoch": 29,
  "training_joy_F1": 0.8241835029621257,
  "training_sadness_F1": 0.5858737779834069,
  "training_fear_F1": 0.4384513229134244,
  "training_anger_F1": 0.3787271918112569,
  "training_surprise_F1": 0.23371848739491807,
  "training_disgust_F1": 0.45928099779892406,
  "training_trust_F1": 0.5524002704529609,
  "training_anticipation_F1": 0.3230309072781202,
  "training_accuracy": 0.6247251468039423,
  "training_average_F1": 0.4744583073243922,
  "training_loss": 1.0748302353325712,
  "training_cpu_memory_MB": 8693.28,
  "training_gpu_0_memory_MB": 11,
  "training_gpu_1_memory_MB": 11,
  "training_gpu_2_memory_MB": 11,
  "training_gpu_3_memory_MB": 11,
  "training_gpu_4_memory_MB": 11,
  "training_gpu_5_memory_MB": 11,
  "training_gpu_6_memory_MB": 11,
  "training_gpu_7_memory_MB": 11,
  "training_gpu_8_memory_MB": 11,
  "training_gpu_9_memory_MB": 11,
  "training_gpu_10_memory_MB": 11,
  "training_gpu_11_memory_MB": 11,
  "training_gpu_12_memory_MB": 11,
  "training_gpu_13_memory_MB": 11,
  "training_gpu_14_memory_MB": 7789,
  "training_gpu_15_memory_MB": 4911,
  "validation_joy_F1": 0.8204242723235813,
  "validation_sadness_F1": 0.5669581224113638,
  "validation_fear_F1": 0.38358458961469066,
  "validation_anger_F1": 0.38500851788751544,
  "validation_surprise_F1": 0.20206185567006185,
  "validation_disgust_F1": 0.39463601532562215,
  "validation_trust_F1": 0.5291262135921839,
  "validation_anticipation_F1": 0.2928870292886547,
  "validation_accuracy": 0.6035588661286986,
  "validation_average_F1": 0.4468358270142092,
  "validation_loss": 1.1359127342897672,
  "best_epoch": 28,
  "best_validation_joy_F1": 0.8226082701247363,
  "best_validation_sadness_F1": 0.5732778548312039,
  "best_validation_fear_F1": 0.3860811930405467,
  "best_validation_anger_F1": 0.38800705467367375,
  "best_validation_surprise_F1": 0.1945031712473176,
  "best_validation_disgust_F1": 0.41142857142852296,
  "best_validation_trust_F1": 0.5450121654500726,
  "best_validation_anticipation_F1": 0.2918454935621841,
  "best_validation_accuracy": 0.6091454583074695,
  "best_validation_average_F1": 0.45159547179478227,
  "best_validation_loss": 1.1352078151388136,
  "test_joy_F1": 0.8233855185909483,
  "test_sadness_F1": 0.5524174246050254,
  "test_fear_F1": 0.416733708769057,
  "test_anger_F1": 0.38602329450910533,
  "test_surprise_F1": 0.2096436058699817,
  "test_disgust_F1": 0.39928698752223235,
  "test_trust_F1": 0.4784946236558649,
  "test_anticipation_F1": 0.3234042553191015,
  "test_accuracy": 0.6050072418787502,
  "test_average_F1": 0.44867367735516456,
  "test_loss": 1.1271356171113822
}