{
  "peak_cpu_memory_MB": 7319.608,
  "peak_gpu_0_memory_MB": 11,
  "peak_gpu_1_memory_MB": 11,
  "peak_gpu_2_memory_MB": 11,
  "peak_gpu_3_memory_MB": 11,
  "peak_gpu_4_memory_MB": 11,
  "peak_gpu_5_memory_MB": 11,
  "peak_gpu_6_memory_MB": 11,
  "peak_gpu_7_memory_MB": 11,
  "peak_gpu_8_memory_MB": 11,
  "peak_gpu_9_memory_MB": 11,
  "peak_gpu_10_memory_MB": 11,
  "peak_gpu_11_memory_MB": 11,
  "peak_gpu_12_memory_MB": 11,
  "peak_gpu_13_memory_MB": 11,
  "peak_gpu_14_memory_MB": 7653,
  "peak_gpu_15_memory_MB": 4883,
  "training_duration": "01:04:53",
  "training_start_epoch": 20,
  "training_epochs": 1,
  "epoch": 21,
  "training_joy_F1": 0.8231882306739075,
  "training_sadness_F1": 0.5857577322544987,
  "training_fear_F1": 0.4315327274583388,
  "training_anger_F1": 0.3767077267636709,
  "training_surprise_F1": 0.204204204204167,
  "training_disgust_F1": 0.44887780548623585,
  "training_trust_F1": 0.5297741273100139,
  "training_anticipation_F1": 0.3229750382067819,
  "training_accuracy": 0.6219578430104746,
  "training_average_F1": 0.46537719904470176,
  "training_loss": 1.0832321487545868,
  "training_cpu_memory_MB": 7319.608,
  "training_gpu_0_memory_MB": 11,
  "training_gpu_1_memory_MB": 11,
  "training_gpu_2_memory_MB": 11,
  "training_gpu_3_memory_MB": 11,
  "training_gpu_4_memory_MB": 11,
  "training_gpu_5_memory_MB": 11,
  "training_gpu_6_memory_MB": 11,
  "training_gpu_7_memory_MB": 11,
  "training_gpu_8_memory_MB": 11,
  "training_gpu_9_memory_MB": 11,
  "training_gpu_10_memory_MB": 11,
  "training_gpu_11_memory_MB": 11,
  "training_gpu_12_memory_MB": 11,
  "training_gpu_13_memory_MB": 11,
  "training_gpu_14_memory_MB": 7653,
  "training_gpu_15_memory_MB": 4883,
  "validation_joy_F1": 0.8140606060605564,
  "validation_sadness_F1": 0.5652771415482791,
  "validation_fear_F1": 0.3706823925863025,
  "validation_anger_F1": 0.3743500866550646,
  "validation_surprise_F1": 0.18064516129028407,
  "validation_disgust_F1": 0.4061895551256772,
  "validation_trust_F1": 0.5427135678391474,
  "validation_anticipation_F1": 0.2803738317756563,
  "validation_accuracy": 0.6029015544041451,
  "validation_average_F1": 0.4417865428601209,
  "validation_loss": 1.149565604063544,
  "best_epoch": 21,
  "best_validation_joy_F1": 0.8140606060605564,
  "best_validation_sadness_F1": 0.5652771415482791,
  "best_validation_fear_F1": 0.3706823925863025,
  "best_validation_anger_F1": 0.3743500866550646,
  "best_validation_surprise_F1": 0.18064516129028407,
  "best_validation_disgust_F1": 0.4061895551256772,
  "best_validation_trust_F1": 0.5427135678391474,
  "best_validation_anticipation_F1": 0.2803738317756563,
  "best_validation_accuracy": 0.6029015544041451,
  "best_validation_average_F1": 0.4417865428601209,
  "best_validation_loss": 1.149565604063544
}