{
  "peak_cpu_memory_MB": 9806.784,
  "peak_gpu_0_memory_MB": 11,
  "peak_gpu_1_memory_MB": 11,
  "peak_gpu_2_memory_MB": 11,
  "peak_gpu_3_memory_MB": 11,
  "peak_gpu_4_memory_MB": 11,
  "peak_gpu_5_memory_MB": 11,
  "peak_gpu_6_memory_MB": 3428,
  "peak_gpu_7_memory_MB": 11,
  "peak_gpu_8_memory_MB": 11,
  "peak_gpu_9_memory_MB": 11,
  "peak_gpu_10_memory_MB": 11,
  "peak_gpu_11_memory_MB": 10538,
  "peak_gpu_12_memory_MB": 11,
  "peak_gpu_13_memory_MB": 11,
  "peak_gpu_14_memory_MB": 7789,
  "peak_gpu_15_memory_MB": 4911,
  "training_duration": "05:26:46",
  "training_start_epoch": 5,
  "training_epochs": 9,
  "epoch": 14,
  "training_joy_F1": 0.8130606386795344,
  "training_sadness_F1": 0.5724699584258297,
  "training_fear_F1": 0.40652575415550113,
  "training_anger_F1": 0.3369763205828316,
  "training_surprise_F1": 0.1674208144796037,
  "training_disgust_F1": 0.41821419486131045,
  "training_trust_F1": 0.5099793530625816,
  "training_anticipation_F1": 0.26528384279471917,
  "training_accuracy": 0.6062369094717245,
  "training_average_F1": 0.43624135963023897,
  "training_loss": 1.1305818131780505,
  "training_cpu_memory_MB": 9806.784,
  "training_gpu_0_memory_MB": 11,
  "training_gpu_1_memory_MB": 11,
  "training_gpu_2_memory_MB": 11,
  "training_gpu_3_memory_MB": 11,
  "training_gpu_4_memory_MB": 11,
  "training_gpu_5_memory_MB": 11,
  "training_gpu_6_memory_MB": 11,
  "training_gpu_7_memory_MB": 11,
  "training_gpu_8_memory_MB": 11,
  "training_gpu_9_memory_MB": 11,
  "training_gpu_10_memory_MB": 11,
  "training_gpu_11_memory_MB": 10538,
  "training_gpu_12_memory_MB": 11,
  "training_gpu_13_memory_MB": 11,
  "training_gpu_14_memory_MB": 7789,
  "training_gpu_15_memory_MB": 4911,
  "validation_joy_F1": 0.8157510938259105,
  "validation_sadness_F1": 0.5511596180081367,
  "validation_fear_F1": 0.35541195476570125,
  "validation_anger_F1": 0.34380776340106295,
  "validation_surprise_F1": 0.13824884792623443,
  "validation_disgust_F1": 0.3915547024951533,
  "validation_trust_F1": 0.5273631840795533,
  "validation_anticipation_F1": 0.2764976958524893,
  "validation_accuracy": 0.5927995034140285,
  "validation_average_F1": 0.4249743575442802,
  "validation_loss": 1.1580728717369608,
  "best_epoch": 14,
  "best_validation_joy_F1": 0.8157510938259105,
  "best_validation_sadness_F1": 0.5511596180081367,
  "best_validation_fear_F1": 0.35541195476570125,
  "best_validation_anger_F1": 0.34380776340106295,
  "best_validation_surprise_F1": 0.13824884792623443,
  "best_validation_disgust_F1": 0.3915547024951533,
  "best_validation_trust_F1": 0.5273631840795533,
  "best_validation_anticipation_F1": 0.2764976958524893,
  "best_validation_accuracy": 0.5927995034140285,
  "best_validation_average_F1": 0.4249743575442802,
  "best_validation_loss": 1.1580728717369608
}