{
  "peak_cpu_memory_MB": 9066.116,
  "peak_gpu_0_memory_MB": 11,
  "peak_gpu_1_memory_MB": 11,
  "peak_gpu_2_memory_MB": 11,
  "peak_gpu_3_memory_MB": 11,
  "peak_gpu_4_memory_MB": 11,
  "peak_gpu_5_memory_MB": 11,
  "peak_gpu_6_memory_MB": 3428,
  "peak_gpu_7_memory_MB": 11,
  "peak_gpu_8_memory_MB": 11,
  "peak_gpu_9_memory_MB": 11,
  "peak_gpu_10_memory_MB": 11,
  "peak_gpu_11_memory_MB": 6892,
  "peak_gpu_12_memory_MB": 11,
  "peak_gpu_13_memory_MB": 11,
  "peak_gpu_14_memory_MB": 7789,
  "peak_gpu_15_memory_MB": 4911,
  "training_duration": "04:21:20",
  "training_start_epoch": 5,
  "training_epochs": 7,
  "epoch": 12,
  "training_joy_F1": 0.8077851628863025,
  "training_sadness_F1": 0.569627442071737,
  "training_fear_F1": 0.4033884630899058,
  "training_anger_F1": 0.333023255813908,
  "training_surprise_F1": 0.1462695370097013,
  "training_disgust_F1": 0.4141647421092671,
  "training_trust_F1": 0.4952714535901457,
  "training_anticipation_F1": 0.24398249452949997,
  "training_accuracy": 0.6017586964955386,
  "training_average_F1": 0.4266890688875584,
  "training_loss": 1.149540569722603,
  "training_cpu_memory_MB": 9066.116,
  "training_gpu_0_memory_MB": 11,
  "training_gpu_1_memory_MB": 11,
  "training_gpu_2_memory_MB": 11,
  "training_gpu_3_memory_MB": 11,
  "training_gpu_4_memory_MB": 11,
  "training_gpu_5_memory_MB": 11,
  "training_gpu_6_memory_MB": 11,
  "training_gpu_7_memory_MB": 11,
  "training_gpu_8_memory_MB": 11,
  "training_gpu_9_memory_MB": 11,
  "training_gpu_10_memory_MB": 11,
  "training_gpu_11_memory_MB": 6892,
  "training_gpu_12_memory_MB": 11,
  "training_gpu_13_memory_MB": 11,
  "training_gpu_14_memory_MB": 7789,
  "training_gpu_15_memory_MB": 4911,
  "validation_joy_F1": 0.8092009685229529,
  "validation_sadness_F1": 0.5565995525726583,
  "validation_fear_F1": 0.34024179620029604,
  "validation_anger_F1": 0.34719710669073073,
  "validation_surprise_F1": 0.15730337078648174,
  "validation_disgust_F1": 0.3766478342749043,
  "validation_trust_F1": 0.5137157107231434,
  "validation_anticipation_F1": 0.22535211267601185,
  "validation_accuracy": 0.5892820194496172,
  "validation_average_F1": 0.41578230655589743,
  "validation_loss": 1.1644248364388745,
  "best_epoch": 11,
  "best_validation_joy_F1": 0.8109284332688091,
  "best_validation_sadness_F1": 0.5543037404235656,
  "best_validation_fear_F1": 0.34789777411371775,
  "best_validation_anger_F1": 0.3525179856114638,
  "best_validation_surprise_F1": 0.12177985948474619,
  "best_validation_disgust_F1": 0.3557312252963951,
  "best_validation_trust_F1": 0.5357142857142375,
  "best_validation_anticipation_F1": 0.24884792626723587,
  "best_validation_accuracy": 0.5894889302710532,
  "best_validation_average_F1": 0.4159651537725214,
  "best_validation_loss": 1.1688815719223653
}