{
  "peak_cpu_memory_MB": 7320.884,
  "peak_gpu_0_memory_MB": 11,
  "peak_gpu_1_memory_MB": 11,
  "peak_gpu_2_memory_MB": 11,
  "peak_gpu_3_memory_MB": 11,
  "peak_gpu_4_memory_MB": 11,
  "peak_gpu_5_memory_MB": 11,
  "peak_gpu_6_memory_MB": 11,
  "peak_gpu_7_memory_MB": 11,
  "peak_gpu_8_memory_MB": 11,
  "peak_gpu_9_memory_MB": 11,
  "peak_gpu_10_memory_MB": 11,
  "peak_gpu_11_memory_MB": 11,
  "peak_gpu_12_memory_MB": 11,
  "peak_gpu_13_memory_MB": 11,
  "peak_gpu_14_memory_MB": 4177,
  "peak_gpu_15_memory_MB": 11,
  "training_duration": "00:32:23",
  "training_start_epoch": 3,
  "training_epochs": 0,
  "epoch": 3,
  "training_joy_F1": 0.7884190912999366,
  "training_sadness_F1": 0.5466285593309569,
  "training_fear_F1": 0.3287186426563467,
  "training_anger_F1": 0.24062909567492805,
  "training_surprise_F1": 0.04106776180697093,
  "training_disgust_F1": 0.2797833935017639,
  "training_trust_F1": 0.4062126642771391,
  "training_anticipation_F1": 0.054755043227655356,
  "training_accuracy": 0.569570501383394,
  "training_average_F1": 0.33577678147196216,
  "training_loss": 1.2455046167173496,
  "training_cpu_memory_MB": 7320.884,
  "training_gpu_0_memory_MB": 11,
  "training_gpu_1_memory_MB": 11,
  "training_gpu_2_memory_MB": 11,
  "training_gpu_3_memory_MB": 11,
  "training_gpu_4_memory_MB": 11,
  "training_gpu_5_memory_MB": 11,
  "training_gpu_6_memory_MB": 11,
  "training_gpu_7_memory_MB": 11,
  "training_gpu_8_memory_MB": 11,
  "training_gpu_9_memory_MB": 11,
  "training_gpu_10_memory_MB": 11,
  "training_gpu_11_memory_MB": 11,
  "training_gpu_12_memory_MB": 11,
  "training_gpu_13_memory_MB": 11,
  "training_gpu_14_memory_MB": 4177,
  "training_gpu_15_memory_MB": 11,
  "validation_joy_F1": 0.7940836607348711,
  "validation_sadness_F1": 0.5367892976588153,
  "validation_fear_F1": 0.26929982046673756,
  "validation_anger_F1": 0.2794411177644283,
  "validation_surprise_F1": 0.037940379403781414,
  "validation_disgust_F1": 0.2472406181015019,
  "validation_trust_F1": 0.4732394366196732,
  "validation_anticipation_F1": 0.07741935483869429,
  "validation_accuracy": 0.5664248704663213,
  "validation_average_F1": 0.3394317106985629,
  "validation_loss": 1.2327638345189613,
  "best_epoch": 3,
  "best_validation_joy_F1": 0.7940836607348711,
  "best_validation_sadness_F1": 0.5367892976588153,
  "best_validation_fear_F1": 0.26929982046673756,
  "best_validation_anger_F1": 0.2794411177644283,
  "best_validation_surprise_F1": 0.037940379403781414,
  "best_validation_disgust_F1": 0.2472406181015019,
  "best_validation_trust_F1": 0.4732394366196732,
  "best_validation_anticipation_F1": 0.07741935483869429,
  "best_validation_accuracy": 0.5664248704663213,
  "best_validation_average_F1": 0.3394317106985629,
  "best_validation_loss": 1.2327638345189613
}