{
  "peak_cpu_memory_MB": 7579.964,
  "peak_gpu_0_memory_MB": 11,
  "peak_gpu_1_memory_MB": 11,
  "peak_gpu_2_memory_MB": 11,
  "peak_gpu_3_memory_MB": 11,
  "peak_gpu_4_memory_MB": 11,
  "peak_gpu_5_memory_MB": 11,
  "peak_gpu_6_memory_MB": 11,
  "peak_gpu_7_memory_MB": 11,
  "peak_gpu_8_memory_MB": 11,
  "peak_gpu_9_memory_MB": 11,
  "peak_gpu_10_memory_MB": 11,
  "peak_gpu_11_memory_MB": 11,
  "peak_gpu_12_memory_MB": 11,
  "peak_gpu_13_memory_MB": 11,
  "peak_gpu_14_memory_MB": 7789,
  "peak_gpu_15_memory_MB": 4911,
  "training_duration": "02:09:45",
  "training_start_epoch": 23,
  "training_epochs": 3,
  "epoch": 26,
  "training_joy_F1": 0.8233582835843014,
  "training_sadness_F1": 0.5844516427579335,
  "training_fear_F1": 0.4390046530446598,
  "training_anger_F1": 0.3755011135856991,
  "training_surprise_F1": 0.21150278293131503,
  "training_disgust_F1": 0.4475247524751989,
  "training_trust_F1": 0.5296523517381936,
  "training_anticipation_F1": 0.3192148760330142,
  "training_accuracy": 0.6215964626483593,
  "training_average_F1": 0.46627630701878947,
  "training_loss": 1.081519398274404,
  "training_cpu_memory_MB": 7579.964,
  "training_gpu_0_memory_MB": 11,
  "training_gpu_1_memory_MB": 11,
  "training_gpu_2_memory_MB": 11,
  "training_gpu_3_memory_MB": 11,
  "training_gpu_4_memory_MB": 11,
  "training_gpu_5_memory_MB": 11,
  "training_gpu_6_memory_MB": 11,
  "training_gpu_7_memory_MB": 11,
  "training_gpu_8_memory_MB": 11,
  "training_gpu_9_memory_MB": 11,
  "training_gpu_10_memory_MB": 11,
  "training_gpu_11_memory_MB": 11,
  "training_gpu_12_memory_MB": 11,
  "training_gpu_13_memory_MB": 11,
  "training_gpu_14_memory_MB": 7789,
  "training_gpu_15_memory_MB": 4911,
  "validation_joy_F1": 0.8170523751522036,
  "validation_sadness_F1": 0.5611577964518649,
  "validation_fear_F1": 0.37037037037032067,
  "validation_anger_F1": 0.3867595818814852,
  "validation_surprise_F1": 0.17842323651448197,
  "validation_disgust_F1": 0.39393939393934535,
  "validation_trust_F1": 0.5388349514562615,
  "validation_anticipation_F1": 0.2808510638297394,
  "validation_accuracy": 0.6000413821642872,
  "validation_average_F1": 0.44092359619946275,
  "validation_loss": 1.1413720347503624,
  "best_epoch": 24,
  "best_validation_joy_F1": 0.8154443904807663,
  "best_validation_sadness_F1": 0.5698478561548611,
  "best_validation_fear_F1": 0.3729957805906677,
  "best_validation_anger_F1": 0.3834196891191229,
  "best_validation_surprise_F1": 0.1856540084387788,
  "best_validation_disgust_F1": 0.41682600382404333,
  "best_validation_trust_F1": 0.5299999999999514,
  "best_validation_anticipation_F1": 0.2660550458715142,
  "best_validation_accuracy": 0.6035588661286986,
  "best_validation_average_F1": 0.4425303468099632,
  "best_validation_loss": 1.1452093269958747
}