{
  "peak_cpu_memory_MB": 7320.884,
  "peak_gpu_0_memory_MB": 11,
  "peak_gpu_1_memory_MB": 11,
  "peak_gpu_2_memory_MB": 11,
  "peak_gpu_3_memory_MB": 11,
  "peak_gpu_4_memory_MB": 11,
  "peak_gpu_5_memory_MB": 11,
  "peak_gpu_6_memory_MB": 11,
  "peak_gpu_7_memory_MB": 11,
  "peak_gpu_8_memory_MB": 11,
  "peak_gpu_9_memory_MB": 11,
  "peak_gpu_10_memory_MB": 11,
  "peak_gpu_11_memory_MB": 11,
  "peak_gpu_12_memory_MB": 11,
  "peak_gpu_13_memory_MB": 11,
  "peak_gpu_14_memory_MB": 7653,
  "peak_gpu_15_memory_MB": 4883,
  "training_duration": "01:05:15",
  "training_start_epoch": 3,
  "training_epochs": 1,
  "epoch": 4,
  "training_joy_F1": 0.7928946072038686,
  "training_sadness_F1": 0.5493484298226397,
  "training_fear_F1": 0.3435569978016881,
  "training_anger_F1": 0.27357304500875884,
  "training_surprise_F1": 0.04563758389260366,
  "training_disgust_F1": 0.31879872942531035,
  "training_trust_F1": 0.4436033308099485,
  "training_anticipation_F1": 0.10280373831773526,
  "training_accuracy": 0.5766614067309931,
  "training_average_F1": 0.35877705778531915,
  "training_loss": 1.2233693632239444,
  "training_cpu_memory_MB": 7320.884,
  "training_gpu_0_memory_MB": 11,
  "training_gpu_1_memory_MB": 11,
  "training_gpu_2_memory_MB": 11,
  "training_gpu_3_memory_MB": 11,
  "training_gpu_4_memory_MB": 11,
  "training_gpu_5_memory_MB": 11,
  "training_gpu_6_memory_MB": 11,
  "training_gpu_7_memory_MB": 11,
  "training_gpu_8_memory_MB": 11,
  "training_gpu_9_memory_MB": 11,
  "training_gpu_10_memory_MB": 11,
  "training_gpu_11_memory_MB": 11,
  "training_gpu_12_memory_MB": 11,
  "training_gpu_13_memory_MB": 11,
  "training_gpu_14_memory_MB": 7653,
  "training_gpu_15_memory_MB": 4883,
  "validation_joy_F1": 0.7970274036228027,
  "validation_sadness_F1": 0.5280556763809872,
  "validation_fear_F1": 0.28376068376063424,
  "validation_anger_F1": 0.3120300751879244,
  "validation_surprise_F1": 0.03733333333331817,
  "validation_disgust_F1": 0.26898047722338314,
  "validation_trust_F1": 0.4848484848484389,
  "validation_anticipation_F1": 0.12499999999998003,
  "validation_accuracy": 0.5667287399130975,
  "validation_average_F1": 0.3546295167946835,
  "validation_loss": 1.2193182693062836,
  "best_epoch": 4,
  "best_validation_joy_F1": 0.7970274036228027,
  "best_validation_sadness_F1": 0.5280556763809872,
  "best_validation_fear_F1": 0.28376068376063424,
  "best_validation_anger_F1": 0.3120300751879244,
  "best_validation_surprise_F1": 0.03733333333331817,
  "best_validation_disgust_F1": 0.26898047722338314,
  "best_validation_trust_F1": 0.4848484848484389,
  "best_validation_anticipation_F1": 0.12499999999998003,
  "best_validation_accuracy": 0.5667287399130975,
  "best_validation_average_F1": 0.3546295167946835,
  "best_validation_loss": 1.2193182693062836
}