{
  "peak_cpu_memory_MB": 7319.608,
  "peak_gpu_0_memory_MB": 11,
  "peak_gpu_1_memory_MB": 11,
  "peak_gpu_2_memory_MB": 11,
  "peak_gpu_3_memory_MB": 11,
  "peak_gpu_4_memory_MB": 11,
  "peak_gpu_5_memory_MB": 11,
  "peak_gpu_6_memory_MB": 11,
  "peak_gpu_7_memory_MB": 11,
  "peak_gpu_8_memory_MB": 11,
  "peak_gpu_9_memory_MB": 11,
  "peak_gpu_10_memory_MB": 11,
  "peak_gpu_11_memory_MB": 11,
  "peak_gpu_12_memory_MB": 11,
  "peak_gpu_13_memory_MB": 11,
  "peak_gpu_14_memory_MB": 7789,
  "peak_gpu_15_memory_MB": 4911,
  "training_duration": "01:37:44",
  "training_start_epoch": 20,
  "training_epochs": 2,
  "epoch": 22,
  "training_joy_F1": 0.8218954248365518,
  "training_sadness_F1": 0.5873618784529898,
  "training_fear_F1": 0.43966132816479764,
  "training_anger_F1": 0.37032085561492634,
  "training_surprise_F1": 0.20815450643772973,
  "training_disgust_F1": 0.45009881422920034,
  "training_trust_F1": 0.5290717443046106,
  "training_anticipation_F1": 0.3113897596655786,
  "training_accuracy": 0.6218802534592008,
  "training_average_F1": 0.4647442889632981,
  "training_loss": 1.0871735700553267,
  "training_cpu_memory_MB": 7319.608,
  "training_gpu_0_memory_MB": 11,
  "training_gpu_1_memory_MB": 11,
  "training_gpu_2_memory_MB": 11,
  "training_gpu_3_memory_MB": 11,
  "training_gpu_4_memory_MB": 11,
  "training_gpu_5_memory_MB": 11,
  "training_gpu_6_memory_MB": 11,
  "training_gpu_7_memory_MB": 11,
  "training_gpu_8_memory_MB": 11,
  "training_gpu_9_memory_MB": 11,
  "training_gpu_10_memory_MB": 11,
  "training_gpu_11_memory_MB": 11,
  "training_gpu_12_memory_MB": 11,
  "training_gpu_13_memory_MB": 11,
  "training_gpu_14_memory_MB": 7789,
  "training_gpu_15_memory_MB": 4911,
  "validation_joy_F1": 0.8197361993160227,
  "validation_sadness_F1": 0.5656379548594629,
  "validation_fear_F1": 0.3585062240663402,
  "validation_anger_F1": 0.374999999999952,
  "validation_surprise_F1": 0.17446808510634376,
  "validation_disgust_F1": 0.4107485604606043,
  "validation_trust_F1": 0.5436408977555623,
  "validation_anticipation_F1": 0.2568807339449086,
  "validation_accuracy": 0.601075936271467,
  "validation_average_F1": 0.4380773319386496,
  "validation_loss": 1.145053220857488,
  "best_epoch": 21,
  "best_validation_joy_F1": 0.8140606060605564,
  "best_validation_sadness_F1": 0.5652771415482791,
  "best_validation_fear_F1": 0.3706823925863025,
  "best_validation_anger_F1": 0.3743500866550646,
  "best_validation_surprise_F1": 0.18064516129028407,
  "best_validation_disgust_F1": 0.4061895551256772,
  "best_validation_trust_F1": 0.5427135678391474,
  "best_validation_anticipation_F1": 0.2803738317756563,
  "best_validation_accuracy": 0.6029015544041451,
  "best_validation_average_F1": 0.4417865428601209,
  "best_validation_loss": 1.149565604063544
}