{
  "peak_cpu_memory_MB": 9433.748,
  "peak_gpu_0_memory_MB": 11,
  "peak_gpu_1_memory_MB": 11,
  "peak_gpu_2_memory_MB": 11,
  "peak_gpu_3_memory_MB": 11,
  "peak_gpu_4_memory_MB": 11,
  "peak_gpu_5_memory_MB": 11,
  "peak_gpu_6_memory_MB": 3428,
  "peak_gpu_7_memory_MB": 11,
  "peak_gpu_8_memory_MB": 11,
  "peak_gpu_9_memory_MB": 11,
  "peak_gpu_10_memory_MB": 11,
  "peak_gpu_11_memory_MB": 10538,
  "peak_gpu_12_memory_MB": 11,
  "peak_gpu_13_memory_MB": 11,
  "peak_gpu_14_memory_MB": 7789,
  "peak_gpu_15_memory_MB": 4911,
  "training_duration": "04:53:55",
  "training_start_epoch": 5,
  "training_epochs": 8,
  "epoch": 13,
  "training_joy_F1": 0.8098467421503404,
  "training_sadness_F1": 0.5714285714285228,
  "training_fear_F1": 0.41021450459647724,
  "training_anger_F1": 0.34537037037032464,
  "training_surprise_F1": 0.14989792942545702,
  "training_disgust_F1": 0.41921618204799227,
  "training_trust_F1": 0.5088388214904207,
  "training_anticipation_F1": 0.2698072805138768,
  "training_accuracy": 0.6057376413068785,
  "training_average_F1": 0.4355775502529265,
  "training_loss": 1.1365055621680984,
  "training_cpu_memory_MB": 9433.748,
  "training_gpu_0_memory_MB": 11,
  "training_gpu_1_memory_MB": 11,
  "training_gpu_2_memory_MB": 11,
  "training_gpu_3_memory_MB": 11,
  "training_gpu_4_memory_MB": 11,
  "training_gpu_5_memory_MB": 11,
  "training_gpu_6_memory_MB": 11,
  "training_gpu_7_memory_MB": 11,
  "training_gpu_8_memory_MB": 11,
  "training_gpu_9_memory_MB": 11,
  "training_gpu_10_memory_MB": 11,
  "training_gpu_11_memory_MB": 10538,
  "training_gpu_12_memory_MB": 11,
  "training_gpu_13_memory_MB": 11,
  "training_gpu_14_memory_MB": 7789,
  "training_gpu_15_memory_MB": 4911,
  "validation_joy_F1": 0.811699299008894,
  "validation_sadness_F1": 0.5624999999999513,
  "validation_fear_F1": 0.3486238532109594,
  "validation_anger_F1": 0.36713286713281934,
  "validation_surprise_F1": 0.14645308924481776,
  "validation_disgust_F1": 0.3824091778202193,
  "validation_trust_F1": 0.528497409326377,
  "validation_anticipation_F1": 0.21568627450976158,
  "validation_accuracy": 0.5938340575212083,
  "validation_average_F1": 0.42037524628172496,
  "validation_loss": 1.1591927879320907,
  "best_epoch": 13,
  "best_validation_joy_F1": 0.811699299008894,
  "best_validation_sadness_F1": 0.5624999999999513,
  "best_validation_fear_F1": 0.3486238532109594,
  "best_validation_anger_F1": 0.36713286713281934,
  "best_validation_surprise_F1": 0.14645308924481776,
  "best_validation_disgust_F1": 0.3824091778202193,
  "best_validation_trust_F1": 0.528497409326377,
  "best_validation_anticipation_F1": 0.21568627450976158,
  "best_validation_accuracy": 0.5938340575212083,
  "best_validation_average_F1": 0.42037524628172496,
  "best_validation_loss": 1.1591927879320907
}