{
  "peak_cpu_memory_MB": 7953.008,
  "peak_gpu_0_memory_MB": 11,
  "peak_gpu_1_memory_MB": 11,
  "peak_gpu_2_memory_MB": 11,
  "peak_gpu_3_memory_MB": 11,
  "peak_gpu_4_memory_MB": 11,
  "peak_gpu_5_memory_MB": 11,
  "peak_gpu_6_memory_MB": 11,
  "peak_gpu_7_memory_MB": 11,
  "peak_gpu_8_memory_MB": 11,
  "peak_gpu_9_memory_MB": 11,
  "peak_gpu_10_memory_MB": 11,
  "peak_gpu_11_memory_MB": 11,
  "peak_gpu_12_memory_MB": 11,
  "peak_gpu_13_memory_MB": 11,
  "peak_gpu_14_memory_MB": 7789,
  "peak_gpu_15_memory_MB": 4911,
  "training_duration": "02:42:13",
  "training_start_epoch": 23,
  "training_epochs": 4,
  "epoch": 27,
  "training_joy_F1": 0.8256156438829856,
  "training_sadness_F1": 0.583754015603439,
  "training_fear_F1": 0.4407269723254356,
  "training_anger_F1": 0.3792949576081637,
  "training_surprise_F1": 0.22510593220335046,
  "training_disgust_F1": 0.4541205412053633,
  "training_trust_F1": 0.5403768506056047,
  "training_anticipation_F1": 0.3206793206792755,
  "training_accuracy": 0.6243113927324454,
  "training_average_F1": 0.4712092792642022,
  "training_loss": 1.0763822622640355,
  "training_cpu_memory_MB": 7953.008,
  "training_gpu_0_memory_MB": 11,
  "training_gpu_1_memory_MB": 11,
  "training_gpu_2_memory_MB": 11,
  "training_gpu_3_memory_MB": 11,
  "training_gpu_4_memory_MB": 11,
  "training_gpu_5_memory_MB": 11,
  "training_gpu_6_memory_MB": 11,
  "training_gpu_7_memory_MB": 11,
  "training_gpu_8_memory_MB": 11,
  "training_gpu_9_memory_MB": 11,
  "training_gpu_10_memory_MB": 11,
  "training_gpu_11_memory_MB": 11,
  "training_gpu_12_memory_MB": 11,
  "training_gpu_13_memory_MB": 11,
  "training_gpu_14_memory_MB": 7789,
  "training_gpu_15_memory_MB": 4911,
  "validation_joy_F1": 0.8202990929148805,
  "validation_sadness_F1": 0.5631431244152922,
  "validation_fear_F1": 0.383495145631018,
  "validation_anger_F1": 0.37630662020901134,
  "validation_surprise_F1": 0.201232032854168,
  "validation_disgust_F1": 0.40613026819918535,
  "validation_trust_F1": 0.5382716049382228,
  "validation_anticipation_F1": 0.2666666666666201,
  "validation_accuracy": 0.6039378238341969,
  "validation_average_F1": 0.4444430694785498,
  "validation_loss": 1.1392486350174391,
  "best_epoch": 27,
  "best_validation_joy_F1": 0.8202990929148805,
  "best_validation_sadness_F1": 0.5631431244152922,
  "best_validation_fear_F1": 0.383495145631018,
  "best_validation_anger_F1": 0.37630662020901134,
  "best_validation_surprise_F1": 0.201232032854168,
  "best_validation_disgust_F1": 0.40613026819918535,
  "best_validation_trust_F1": 0.5382716049382228,
  "best_validation_anticipation_F1": 0.2666666666666201,
  "best_validation_accuracy": 0.6039378238341969,
  "best_validation_average_F1": 0.4444430694785498,
  "best_validation_loss": 1.1392486350174391
}