{
  "peak_cpu_memory_MB": 8692.668,
  "peak_gpu_0_memory_MB": 11,
  "peak_gpu_1_memory_MB": 11,
  "peak_gpu_2_memory_MB": 11,
  "peak_gpu_3_memory_MB": 11,
  "peak_gpu_4_memory_MB": 11,
  "peak_gpu_5_memory_MB": 11,
  "peak_gpu_6_memory_MB": 3428,
  "peak_gpu_7_memory_MB": 11,
  "peak_gpu_8_memory_MB": 11,
  "peak_gpu_9_memory_MB": 11,
  "peak_gpu_10_memory_MB": 11,
  "peak_gpu_11_memory_MB": 11,
  "peak_gpu_12_memory_MB": 11,
  "peak_gpu_13_memory_MB": 11,
  "peak_gpu_14_memory_MB": 7789,
  "peak_gpu_15_memory_MB": 4911,
  "training_duration": "03:48:31",
  "training_start_epoch": 5,
  "training_epochs": 6,
  "epoch": 11,
  "training_joy_F1": 0.8056265984654236,
  "training_sadness_F1": 0.5685256265522205,
  "training_fear_F1": 0.3931519413023042,
  "training_anger_F1": 0.3284842796808558,
  "training_surprise_F1": 0.1342441342441046,
  "training_disgust_F1": 0.407378939277431,
  "training_trust_F1": 0.5059482155352923,
  "training_anticipation_F1": 0.2298722931704213,
  "training_accuracy": 0.5988932847206061,
  "training_average_F1": 0.4216540035285066,
  "training_loss": 1.1532674699380834,
  "training_cpu_memory_MB": 8692.668,
  "training_gpu_0_memory_MB": 11,
  "training_gpu_1_memory_MB": 11,
  "training_gpu_2_memory_MB": 11,
  "training_gpu_3_memory_MB": 11,
  "training_gpu_4_memory_MB": 11,
  "training_gpu_5_memory_MB": 11,
  "training_gpu_6_memory_MB": 11,
  "training_gpu_7_memory_MB": 11,
  "training_gpu_8_memory_MB": 11,
  "training_gpu_9_memory_MB": 11,
  "training_gpu_10_memory_MB": 11,
  "training_gpu_11_memory_MB": 11,
  "training_gpu_12_memory_MB": 11,
  "training_gpu_13_memory_MB": 11,
  "training_gpu_14_memory_MB": 7789,
  "training_gpu_15_memory_MB": 4911,
  "validation_joy_F1": 0.8109284332688091,
  "validation_sadness_F1": 0.5543037404235656,
  "validation_fear_F1": 0.34789777411371775,
  "validation_anger_F1": 0.3525179856114638,
  "validation_surprise_F1": 0.12177985948474619,
  "validation_disgust_F1": 0.3557312252963951,
  "validation_trust_F1": 0.5357142857142375,
  "validation_anticipation_F1": 0.24884792626723587,
  "validation_accuracy": 0.5894889302710532,
  "validation_average_F1": 0.4159651537725214,
  "validation_loss": 1.1688815719223653,
  "best_epoch": 11,
  "best_validation_joy_F1": 0.8109284332688091,
  "best_validation_sadness_F1": 0.5543037404235656,
  "best_validation_fear_F1": 0.34789777411371775,
  "best_validation_anger_F1": 0.3525179856114638,
  "best_validation_surprise_F1": 0.12177985948474619,
  "best_validation_disgust_F1": 0.3557312252963951,
  "best_validation_trust_F1": 0.5357142857142375,
  "best_validation_anticipation_F1": 0.24884792626723587,
  "best_validation_accuracy": 0.5894889302710532,
  "best_validation_average_F1": 0.4159651537725214,
  "best_validation_loss": 1.1688815719223653
}