{
  "peak_cpu_memory_MB": 7319.608,
  "peak_gpu_0_memory_MB": 11,
  "peak_gpu_1_memory_MB": 11,
  "peak_gpu_2_memory_MB": 11,
  "peak_gpu_3_memory_MB": 11,
  "peak_gpu_4_memory_MB": 11,
  "peak_gpu_5_memory_MB": 11,
  "peak_gpu_6_memory_MB": 11,
  "peak_gpu_7_memory_MB": 11,
  "peak_gpu_8_memory_MB": 11,
  "peak_gpu_9_memory_MB": 11,
  "peak_gpu_10_memory_MB": 11,
  "peak_gpu_11_memory_MB": 11,
  "peak_gpu_12_memory_MB": 11,
  "peak_gpu_13_memory_MB": 11,
  "peak_gpu_14_memory_MB": 4177,
  "peak_gpu_15_memory_MB": 11,
  "training_duration": "00:32:28",
  "training_start_epoch": 20,
  "training_epochs": 0,
  "epoch": 20,
  "training_joy_F1": 0.8238555887050103,
  "training_sadness_F1": 0.5864635624025821,
  "training_fear_F1": 0.43554925010128775,
  "training_anger_F1": 0.3760645450470173,
  "training_surprise_F1": 0.20082304526745287,
  "training_disgust_F1": 0.4459325396824912,
  "training_trust_F1": 0.5247592847317271,
  "training_anticipation_F1": 0.30881585811158957,
  "training_accuracy": 0.6223457907668434,
  "training_average_F1": 0.4627829592561447,
  "training_loss": 1.084433650654934,
  "training_cpu_memory_MB": 7319.608,
  "training_gpu_0_memory_MB": 11,
  "training_gpu_1_memory_MB": 11,
  "training_gpu_2_memory_MB": 11,
  "training_gpu_3_memory_MB": 11,
  "training_gpu_4_memory_MB": 11,
  "training_gpu_5_memory_MB": 11,
  "training_gpu_6_memory_MB": 11,
  "training_gpu_7_memory_MB": 11,
  "training_gpu_8_memory_MB": 11,
  "training_gpu_9_memory_MB": 11,
  "training_gpu_10_memory_MB": 11,
  "training_gpu_11_memory_MB": 11,
  "training_gpu_12_memory_MB": 11,
  "training_gpu_13_memory_MB": 11,
  "training_gpu_14_memory_MB": 4177,
  "training_gpu_15_memory_MB": 11,
  "validation_joy_F1": 0.8147969052223876,
  "validation_sadness_F1": 0.562557077625522,
  "validation_fear_F1": 0.34020618556696086,
  "validation_anger_F1": 0.37168141592915604,
  "validation_surprise_F1": 0.16985138004242348,
  "validation_disgust_F1": 0.39299610894936843,
  "validation_trust_F1": 0.5472636815919911,
  "validation_anticipation_F1": 0.27678571428566784,
  "validation_accuracy": 0.5971446306641838,
  "validation_average_F1": 0.43451730865168464,
  "validation_loss": 1.1485097942375901
}