{
  "peak_cpu_memory_MB": 4698.524,
  "peak_gpu_0_memory_MB": 11,
  "peak_gpu_1_memory_MB": 11,
  "peak_gpu_2_memory_MB": 11,
  "peak_gpu_3_memory_MB": 11,
  "peak_gpu_4_memory_MB": 11,
  "peak_gpu_5_memory_MB": 11,
  "peak_gpu_6_memory_MB": 11,
  "peak_gpu_7_memory_MB": 11,
  "peak_gpu_8_memory_MB": 11,
  "peak_gpu_9_memory_MB": 11,
  "peak_gpu_10_memory_MB": 11,
  "peak_gpu_11_memory_MB": 11,
  "peak_gpu_12_memory_MB": 11,
  "peak_gpu_13_memory_MB": 11,
  "peak_gpu_14_memory_MB": 2885,
  "peak_gpu_15_memory_MB": 11,
  "training_duration": "00:32:24",
  "training_start_epoch": 0,
  "training_epochs": 0,
  "epoch": 0,
  "training_joy_F1": 0.7005911846141865,
  "training_sadness_F1": 0.4848002546553717,
  "training_fear_F1": 0.14758198999440125,
  "training_anger_F1": 0.03082191780821099,
  "training_surprise_F1": 0.0028725314183104676,
  "training_disgust_F1": 0.01497504159733434,
  "training_trust_F1": 0.008948545861296536,
  "training_anticipation_F1": 0.0,
  "training_accuracy": 0.4972444306450361,
  "training_average_F1": 0.17382393324363898,
  "training_loss": 1.4870343039704317,
  "training_cpu_memory_MB": 4698.524,
  "training_gpu_0_memory_MB": 11,
  "training_gpu_1_memory_MB": 11,
  "training_gpu_2_memory_MB": 11,
  "training_gpu_3_memory_MB": 11,
  "training_gpu_4_memory_MB": 11,
  "training_gpu_5_memory_MB": 11,
  "training_gpu_6_memory_MB": 11,
  "training_gpu_7_memory_MB": 11,
  "training_gpu_8_memory_MB": 11,
  "training_gpu_9_memory_MB": 11,
  "training_gpu_10_memory_MB": 11,
  "training_gpu_11_memory_MB": 11,
  "training_gpu_12_memory_MB": 11,
  "training_gpu_13_memory_MB": 11,
  "training_gpu_14_memory_MB": 2885,
  "training_gpu_15_memory_MB": 11,
  "validation_joy_F1": 0.7620096959012296,
  "validation_sadness_F1": 0.5069055617767371,
  "validation_fear_F1": 0.1880687563194692,
  "validation_anger_F1": 0.1113924050632694,
  "validation_surprise_F1": 0.02279202279201888,
  "validation_disgust_F1": 0.05538461538460602,
  "validation_trust_F1": 0.10526315789472615,
  "validation_anticipation_F1": 0.0,
  "validation_accuracy": 0.5274156838402648,
  "validation_average_F1": 0.21897702689150703,
  "validation_loss": 1.3543388741244577,
  "best_epoch": 0,
  "best_validation_joy_F1": 0.7620096959012296,
  "best_validation_sadness_F1": 0.5069055617767371,
  "best_validation_fear_F1": 0.1880687563194692,
  "best_validation_anger_F1": 0.1113924050632694,
  "best_validation_surprise_F1": 0.02279202279201888,
  "best_validation_disgust_F1": 0.05538461538460602,
  "best_validation_trust_F1": 0.10526315789472615,
  "best_validation_anticipation_F1": 0.0,
  "best_validation_accuracy": 0.5274156838402648,
  "best_validation_average_F1": 0.21897702689150703,
  "best_validation_loss": 1.3543388741244577
}