{
  "peak_cpu_memory_MB": 7953.14,
  "peak_gpu_0_memory_MB": 11,
  "peak_gpu_1_memory_MB": 11,
  "peak_gpu_2_memory_MB": 11,
  "peak_gpu_3_memory_MB": 11,
  "peak_gpu_4_memory_MB": 11,
  "peak_gpu_5_memory_MB": 11,
  "peak_gpu_6_memory_MB": 3428,
  "peak_gpu_7_memory_MB": 11,
  "peak_gpu_8_memory_MB": 11,
  "peak_gpu_9_memory_MB": 11,
  "peak_gpu_10_memory_MB": 11,
  "peak_gpu_11_memory_MB": 11,
  "peak_gpu_12_memory_MB": 11,
  "peak_gpu_13_memory_MB": 11,
  "peak_gpu_14_memory_MB": 7789,
  "peak_gpu_15_memory_MB": 4911,
  "training_duration": "02:43:15",
  "training_start_epoch": 5,
  "training_epochs": 4,
  "epoch": 9,
  "training_joy_F1": 0.8055999526430573,
  "training_sadness_F1": 0.5610638179490975,
  "training_fear_F1": 0.38068709377896603,
  "training_anger_F1": 0.315889178309214,
  "training_surprise_F1": 0.10784313725487576,
  "training_disgust_F1": 0.3989515072083407,
  "training_trust_F1": 0.498938428874688,
  "training_anticipation_F1": 0.2106455266137783,
  "training_accuracy": 0.5944974530033874,
  "training_average_F1": 0.40995233032900225,
  "training_loss": 1.164176313195769,
  "training_cpu_memory_MB": 7953.14,
  "training_gpu_0_memory_MB": 11,
  "training_gpu_1_memory_MB": 11,
  "training_gpu_2_memory_MB": 11,
  "training_gpu_3_memory_MB": 11,
  "training_gpu_4_memory_MB": 11,
  "training_gpu_5_memory_MB": 11,
  "training_gpu_6_memory_MB": 11,
  "training_gpu_7_memory_MB": 11,
  "training_gpu_8_memory_MB": 11,
  "training_gpu_9_memory_MB": 11,
  "training_gpu_10_memory_MB": 11,
  "training_gpu_11_memory_MB": 11,
  "training_gpu_12_memory_MB": 11,
  "training_gpu_13_memory_MB": 11,
  "training_gpu_14_memory_MB": 7789,
  "training_gpu_15_memory_MB": 4911,
  "validation_joy_F1": 0.8056554037861954,
  "validation_sadness_F1": 0.5381125226859765,
  "validation_fear_F1": 0.3333333333332834,
  "validation_anger_F1": 0.34328358208950643,
  "validation_surprise_F1": 0.1002386634844575,
  "validation_disgust_F1": 0.3510848126232266,
  "validation_trust_F1": 0.5153061224489314,
  "validation_anticipation_F1": 0.20100502512558727,
  "validation_accuracy": 0.5799710324849989,
  "validation_average_F1": 0.39850243319714557,
  "validation_loss": 1.1775972908086116,
  "best_epoch": 8,
  "best_validation_joy_F1": 0.8061054137848301,
  "best_validation_sadness_F1": 0.5520646319568635,
  "best_validation_fear_F1": 0.3229078613693502,
  "best_validation_anger_F1": 0.34328358208950643,
  "best_validation_surprise_F1": 0.11057692307689446,
  "best_validation_disgust_F1": 0.34661354581668574,
  "best_validation_trust_F1": 0.5162907268169941,
  "best_validation_anticipation_F1": 0.22966507177029138,
  "best_validation_accuracy": 0.5845230705565901,
  "best_validation_average_F1": 0.403438469585177,
  "best_validation_loss": 1.1842184339222734
}