{
  "peak_cpu_memory_MB": 7320.908,
  "peak_gpu_0_memory_MB": 11,
  "peak_gpu_1_memory_MB": 11,
  "peak_gpu_2_memory_MB": 11,
  "peak_gpu_3_memory_MB": 11,
  "peak_gpu_4_memory_MB": 11,
  "peak_gpu_5_memory_MB": 11,
  "peak_gpu_6_memory_MB": 11,
  "peak_gpu_7_memory_MB": 11,
  "peak_gpu_8_memory_MB": 11,
  "peak_gpu_9_memory_MB": 11,
  "peak_gpu_10_memory_MB": 11,
  "peak_gpu_11_memory_MB": 11,
  "peak_gpu_12_memory_MB": 11,
  "peak_gpu_13_memory_MB": 11,
  "peak_gpu_14_memory_MB": 4177,
  "peak_gpu_15_memory_MB": 11,
  "training_duration": "00:32:22",
  "training_start_epoch": 5,
  "training_epochs": 0,
  "epoch": 5,
  "training_joy_F1": 0.7986731457502345,
  "training_sadness_F1": 0.5583861797506625,
  "training_fear_F1": 0.36321042982272467,
  "training_anger_F1": 0.288700846192093,
  "training_surprise_F1": 0.06958250497016319,
  "training_disgust_F1": 0.35417819590476934,
  "training_trust_F1": 0.45971036019304845,
  "training_anticipation_F1": 0.14285714285711873,
  "training_accuracy": 0.5862407862407862,
  "training_average_F1": 0.37941235068010176,
  "training_loss": 1.1958736302908834,
  "training_cpu_memory_MB": 7320.908,
  "training_gpu_0_memory_MB": 11,
  "training_gpu_1_memory_MB": 11,
  "training_gpu_2_memory_MB": 11,
  "training_gpu_3_memory_MB": 11,
  "training_gpu_4_memory_MB": 11,
  "training_gpu_5_memory_MB": 11,
  "training_gpu_6_memory_MB": 11,
  "training_gpu_7_memory_MB": 11,
  "training_gpu_8_memory_MB": 11,
  "training_gpu_9_memory_MB": 11,
  "training_gpu_10_memory_MB": 11,
  "training_gpu_11_memory_MB": 11,
  "training_gpu_12_memory_MB": 11,
  "training_gpu_13_memory_MB": 11,
  "training_gpu_14_memory_MB": 4177,
  "training_gpu_15_memory_MB": 11,
  "validation_joy_F1": 0.8008454673555166,
  "validation_sadness_F1": 0.5347132384648073,
  "validation_fear_F1": 0.29068755439507693,
  "validation_anger_F1": 0.31034482758616216,
  "validation_surprise_F1": 0.0663265306122234,
  "validation_disgust_F1": 0.27906976744181516,
  "validation_trust_F1": 0.48387096774188865,
  "validation_anticipation_F1": 0.13259668508283912,
  "validation_accuracy": 0.5698324022346368,
  "validation_average_F1": 0.36230687983504123,
  "validation_loss": 1.2055349953890633,
  "best_epoch": 5,
  "best_validation_joy_F1": 0.8008454673555166,
  "best_validation_sadness_F1": 0.5347132384648073,
  "best_validation_fear_F1": 0.29068755439507693,
  "best_validation_anger_F1": 0.31034482758616216,
  "best_validation_surprise_F1": 0.0663265306122234,
  "best_validation_disgust_F1": 0.27906976744181516,
  "best_validation_trust_F1": 0.48387096774188865,
  "best_validation_anticipation_F1": 0.13259668508283912,
  "best_validation_accuracy": 0.5698324022346368,
  "best_validation_average_F1": 0.36230687983504123,
  "best_validation_loss": 1.2055349953890633
}