{
  "peak_cpu_memory_MB": 7319.76,
  "peak_gpu_0_memory_MB": 11,
  "peak_gpu_1_memory_MB": 11,
  "peak_gpu_2_memory_MB": 11,
  "peak_gpu_3_memory_MB": 11,
  "peak_gpu_4_memory_MB": 11,
  "peak_gpu_5_memory_MB": 11,
  "peak_gpu_6_memory_MB": 11,
  "peak_gpu_7_memory_MB": 11,
  "peak_gpu_8_memory_MB": 11,
  "peak_gpu_9_memory_MB": 11,
  "peak_gpu_10_memory_MB": 11,
  "peak_gpu_11_memory_MB": 11,
  "peak_gpu_12_memory_MB": 11,
  "peak_gpu_13_memory_MB": 11,
  "peak_gpu_14_memory_MB": 7653,
  "peak_gpu_15_memory_MB": 4883,
  "training_duration": "01:04:44",
  "training_start_epoch": 23,
  "training_epochs": 1,
  "epoch": 24,
  "training_joy_F1": 0.8252430124458214,
  "training_sadness_F1": 0.5891829689297554,
  "training_fear_F1": 0.43845996313736574,
  "training_anger_F1": 0.3841354723707195,
  "training_surprise_F1": 0.21363392377881282,
  "training_disgust_F1": 0.45863354037262233,
  "training_trust_F1": 0.5344651952461321,
  "training_anticipation_F1": 0.33918715504260427,
  "training_accuracy": 0.625759731022889,
  "training_average_F1": 0.47286765391547925,
  "training_loss": 1.0693193828768726,
  "training_cpu_memory_MB": 7319.76,
  "training_gpu_0_memory_MB": 11,
  "training_gpu_1_memory_MB": 11,
  "training_gpu_2_memory_MB": 11,
  "training_gpu_3_memory_MB": 11,
  "training_gpu_4_memory_MB": 11,
  "training_gpu_5_memory_MB": 11,
  "training_gpu_6_memory_MB": 11,
  "training_gpu_7_memory_MB": 11,
  "training_gpu_8_memory_MB": 11,
  "training_gpu_9_memory_MB": 11,
  "training_gpu_10_memory_MB": 11,
  "training_gpu_11_memory_MB": 11,
  "training_gpu_12_memory_MB": 11,
  "training_gpu_13_memory_MB": 11,
  "training_gpu_14_memory_MB": 7653,
  "training_gpu_15_memory_MB": 4883,
  "validation_joy_F1": 0.8154443904807663,
  "validation_sadness_F1": 0.5698478561548611,
  "validation_fear_F1": 0.3729957805906677,
  "validation_anger_F1": 0.3834196891191229,
  "validation_surprise_F1": 0.1856540084387788,
  "validation_disgust_F1": 0.41682600382404333,
  "validation_trust_F1": 0.5299999999999514,
  "validation_anticipation_F1": 0.2660550458715142,
  "validation_accuracy": 0.6035588661286986,
  "validation_average_F1": 0.4425303468099632,
  "validation_loss": 1.1452093269958747,
  "best_epoch": 24,
  "best_validation_joy_F1": 0.8154443904807663,
  "best_validation_sadness_F1": 0.5698478561548611,
  "best_validation_fear_F1": 0.3729957805906677,
  "best_validation_anger_F1": 0.3834196891191229,
  "best_validation_surprise_F1": 0.1856540084387788,
  "best_validation_disgust_F1": 0.41682600382404333,
  "best_validation_trust_F1": 0.5299999999999514,
  "best_validation_anticipation_F1": 0.2660550458715142,
  "best_validation_accuracy": 0.6035588661286986,
  "best_validation_average_F1": 0.4425303468099632,
  "best_validation_loss": 1.1452093269958747
}