{
  "peak_cpu_memory_MB": 8323.236,
  "peak_gpu_0_memory_MB": 11,
  "peak_gpu_1_memory_MB": 11,
  "peak_gpu_2_memory_MB": 11,
  "peak_gpu_3_memory_MB": 11,
  "peak_gpu_4_memory_MB": 11,
  "peak_gpu_5_memory_MB": 11,
  "peak_gpu_6_memory_MB": 11,
  "peak_gpu_7_memory_MB": 11,
  "peak_gpu_8_memory_MB": 11,
  "peak_gpu_9_memory_MB": 11,
  "peak_gpu_10_memory_MB": 11,
  "peak_gpu_11_memory_MB": 11,
  "peak_gpu_12_memory_MB": 11,
  "peak_gpu_13_memory_MB": 11,
  "peak_gpu_14_memory_MB": 7789,
  "peak_gpu_15_memory_MB": 4911,
  "training_duration": "03:15:08",
  "training_start_epoch": 23,
  "training_epochs": 5,
  "epoch": 28,
  "training_joy_F1": 0.8238620815469723,
  "training_sadness_F1": 0.5881876554635942,
  "training_fear_F1": 0.44133850234641003,
  "training_anger_F1": 0.3788410886742282,
  "training_surprise_F1": 0.22806095638461588,
  "training_disgust_F1": 0.4513426952450856,
  "training_trust_F1": 0.5384615384614905,
  "training_anticipation_F1": 0.32576903681286495,
  "training_accuracy": 0.6239236676751222,
  "training_average_F1": 0.47198294436690763,
  "training_loss": 1.0746924171549312,
  "training_cpu_memory_MB": 8323.236,
  "training_gpu_0_memory_MB": 11,
  "training_gpu_1_memory_MB": 11,
  "training_gpu_2_memory_MB": 11,
  "training_gpu_3_memory_MB": 11,
  "training_gpu_4_memory_MB": 11,
  "training_gpu_5_memory_MB": 11,
  "training_gpu_6_memory_MB": 11,
  "training_gpu_7_memory_MB": 11,
  "training_gpu_8_memory_MB": 11,
  "training_gpu_9_memory_MB": 11,
  "training_gpu_10_memory_MB": 11,
  "training_gpu_11_memory_MB": 11,
  "training_gpu_12_memory_MB": 11,
  "training_gpu_13_memory_MB": 11,
  "training_gpu_14_memory_MB": 7789,
  "training_gpu_15_memory_MB": 4911,
  "validation_joy_F1": 0.8226082701247363,
  "validation_sadness_F1": 0.5732778548312039,
  "validation_fear_F1": 0.3860811930405467,
  "validation_anger_F1": 0.38800705467367375,
  "validation_surprise_F1": 0.1945031712473176,
  "validation_disgust_F1": 0.41142857142852296,
  "validation_trust_F1": 0.5450121654500726,
  "validation_anticipation_F1": 0.2918454935621841,
  "validation_accuracy": 0.6091454583074695,
  "validation_average_F1": 0.45159547179478227,
  "validation_loss": 1.1352078151388136,
  "best_epoch": 28,
  "best_validation_joy_F1": 0.8226082701247363,
  "best_validation_sadness_F1": 0.5732778548312039,
  "best_validation_fear_F1": 0.3860811930405467,
  "best_validation_anger_F1": 0.38800705467367375,
  "best_validation_surprise_F1": 0.1945031712473176,
  "best_validation_disgust_F1": 0.41142857142852296,
  "best_validation_trust_F1": 0.5450121654500726,
  "best_validation_anticipation_F1": 0.2918454935621841,
  "best_validation_accuracy": 0.6091454583074695,
  "best_validation_average_F1": 0.45159547179478227,
  "best_validation_loss": 1.1352078151388136
}