{
  "peak_cpu_memory_MB": 7319.76,
  "peak_gpu_0_memory_MB": 11,
  "peak_gpu_1_memory_MB": 11,
  "peak_gpu_2_memory_MB": 11,
  "peak_gpu_3_memory_MB": 11,
  "peak_gpu_4_memory_MB": 11,
  "peak_gpu_5_memory_MB": 11,
  "peak_gpu_6_memory_MB": 11,
  "peak_gpu_7_memory_MB": 11,
  "peak_gpu_8_memory_MB": 11,
  "peak_gpu_9_memory_MB": 11,
  "peak_gpu_10_memory_MB": 11,
  "peak_gpu_11_memory_MB": 11,
  "peak_gpu_12_memory_MB": 11,
  "peak_gpu_13_memory_MB": 11,
  "peak_gpu_14_memory_MB": 7789,
  "peak_gpu_15_memory_MB": 4911,
  "training_duration": "01:37:18",
  "training_start_epoch": 23,
  "training_epochs": 2,
  "epoch": 25,
  "training_joy_F1": 0.8255182251357663,
  "training_sadness_F1": 0.5903343149142071,
  "training_fear_F1": 0.4500918554806605,
  "training_anger_F1": 0.3763821318000412,
  "training_surprise_F1": 0.21951864586084385,
  "training_disgust_F1": 0.458210422812144,
  "training_trust_F1": 0.5365196903399048,
  "training_anticipation_F1": 0.3271413828688933,
  "training_accuracy": 0.6266390792706582,
  "training_average_F1": 0.4729645836515576,
  "training_loss": 1.0733725535194178,
  "training_cpu_memory_MB": 7319.76,
  "training_gpu_0_memory_MB": 11,
  "training_gpu_1_memory_MB": 11,
  "training_gpu_2_memory_MB": 11,
  "training_gpu_3_memory_MB": 11,
  "training_gpu_4_memory_MB": 11,
  "training_gpu_5_memory_MB": 11,
  "training_gpu_6_memory_MB": 11,
  "training_gpu_7_memory_MB": 11,
  "training_gpu_8_memory_MB": 11,
  "training_gpu_9_memory_MB": 11,
  "training_gpu_10_memory_MB": 11,
  "training_gpu_11_memory_MB": 11,
  "training_gpu_12_memory_MB": 11,
  "training_gpu_13_memory_MB": 11,
  "training_gpu_14_memory_MB": 7789,
  "training_gpu_15_memory_MB": 4911,
  "validation_joy_F1": 0.8210012210011713,
  "validation_sadness_F1": 0.5635103926096507,
  "validation_fear_F1": 0.36439267886850263,
  "validation_anger_F1": 0.3741258741258263,
  "validation_surprise_F1": 0.19206680584547103,
  "validation_disgust_F1": 0.406072106261811,
  "validation_trust_F1": 0.5409429280396535,
  "validation_anticipation_F1": 0.26905829596407926,
  "validation_accuracy": 0.6019035795572109,
  "validation_average_F1": 0.4413962878395207,
  "validation_loss": 1.140001221753583,
  "best_epoch": 24,
  "best_validation_joy_F1": 0.8154443904807663,
  "best_validation_sadness_F1": 0.5698478561548611,
  "best_validation_fear_F1": 0.3729957805906677,
  "best_validation_anger_F1": 0.3834196891191229,
  "best_validation_surprise_F1": 0.1856540084387788,
  "best_validation_disgust_F1": 0.41682600382404333,
  "best_validation_trust_F1": 0.5299999999999514,
  "best_validation_anticipation_F1": 0.2660550458715142,
  "best_validation_accuracy": 0.6035588661286986,
  "best_validation_average_F1": 0.4425303468099632,
  "best_validation_loss": 1.1452093269958747
}