{
  "peak_cpu_memory_MB": 4994.232,
  "peak_gpu_0_memory_MB": 11,
  "peak_gpu_1_memory_MB": 11,
  "peak_gpu_2_memory_MB": 11,
  "peak_gpu_3_memory_MB": 11,
  "peak_gpu_4_memory_MB": 11,
  "peak_gpu_5_memory_MB": 11,
  "peak_gpu_6_memory_MB": 11,
  "peak_gpu_7_memory_MB": 11,
  "peak_gpu_8_memory_MB": 11,
  "peak_gpu_9_memory_MB": 11,
  "peak_gpu_10_memory_MB": 11,
  "peak_gpu_11_memory_MB": 11,
  "peak_gpu_12_memory_MB": 11,
  "peak_gpu_13_memory_MB": 11,
  "peak_gpu_14_memory_MB": 7667,
  "peak_gpu_15_memory_MB": 4911,
  "training_duration": "01:37:43",
  "training_start_epoch": 0,
  "training_epochs": 2,
  "epoch": 2,
  "training_joy_F1": 0.7782495471014004,
  "training_sadness_F1": 0.5335523951326736,
  "training_fear_F1": 0.2987889829599763,
  "training_anger_F1": 0.18441273326011792,
  "training_surprise_F1": 0.015476609215611507,
  "training_disgust_F1": 0.21978021978018367,
  "training_trust_F1": 0.3339160839160493,
  "training_anticipation_F1": 0.011931394481725822,
  "training_accuracy": 0.5541187120134489,
  "training_average_F1": 0.2970134957309673,
  "training_loss": 1.2859560852212488,
  "training_cpu_memory_MB": 4994.232,
  "training_gpu_0_memory_MB": 11,
  "training_gpu_1_memory_MB": 11,
  "training_gpu_2_memory_MB": 11,
  "training_gpu_3_memory_MB": 11,
  "training_gpu_4_memory_MB": 11,
  "training_gpu_5_memory_MB": 11,
  "training_gpu_6_memory_MB": 11,
  "training_gpu_7_memory_MB": 11,
  "training_gpu_8_memory_MB": 11,
  "training_gpu_9_memory_MB": 11,
  "training_gpu_10_memory_MB": 11,
  "training_gpu_11_memory_MB": 11,
  "training_gpu_12_memory_MB": 11,
  "training_gpu_13_memory_MB": 11,
  "training_gpu_14_memory_MB": 7667,
  "training_gpu_15_memory_MB": 4911,
  "validation_joy_F1": 0.7894252873562727,
  "validation_sadness_F1": 0.5352112676055865,
  "validation_fear_F1": 0.2667814113596752,
  "validation_anger_F1": 0.2721649484535673,
  "validation_surprise_F1": 0.027472527472517088,
  "validation_disgust_F1": 0.20437956204375826,
  "validation_trust_F1": 0.4084084084083664,
  "validation_anticipation_F1": 0.05442176870747642,
  "validation_accuracy": 0.5592799503414029,
  "validation_average_F1": 0.31978314767590243,
  "validation_loss": 1.2529330755224322,
  "best_epoch": 2,
  "best_validation_joy_F1": 0.7894252873562727,
  "best_validation_sadness_F1": 0.5352112676055865,
  "best_validation_fear_F1": 0.2667814113596752,
  "best_validation_anger_F1": 0.2721649484535673,
  "best_validation_surprise_F1": 0.027472527472517088,
  "best_validation_disgust_F1": 0.20437956204375826,
  "best_validation_trust_F1": 0.4084084084083664,
  "best_validation_anticipation_F1": 0.05442176870747642,
  "best_validation_accuracy": 0.5592799503414029,
  "best_validation_average_F1": 0.31978314767590243,
  "best_validation_loss": 1.2529330755224322
}