{
  "peak_cpu_memory_MB": 7581.3,
  "peak_gpu_0_memory_MB": 11,
  "peak_gpu_1_memory_MB": 11,
  "peak_gpu_2_memory_MB": 11,
  "peak_gpu_3_memory_MB": 11,
  "peak_gpu_4_memory_MB": 11,
  "peak_gpu_5_memory_MB": 11,
  "peak_gpu_6_memory_MB": 3428,
  "peak_gpu_7_memory_MB": 11,
  "peak_gpu_8_memory_MB": 11,
  "peak_gpu_9_memory_MB": 11,
  "peak_gpu_10_memory_MB": 11,
  "peak_gpu_11_memory_MB": 11,
  "peak_gpu_12_memory_MB": 11,
  "peak_gpu_13_memory_MB": 11,
  "peak_gpu_14_memory_MB": 7789,
  "peak_gpu_15_memory_MB": 4911,
  "training_duration": "02:10:38",
  "training_start_epoch": 5,
  "training_epochs": 3,
  "epoch": 8,
  "training_joy_F1": 0.8026603606266134,
  "training_sadness_F1": 0.5586573426572943,
  "training_fear_F1": 0.38966283060766255,
  "training_anger_F1": 0.3111429253161092,
  "training_surprise_F1": 0.11302211302208712,
  "training_disgust_F1": 0.38872794311293685,
  "training_trust_F1": 0.4895908111988053,
  "training_anticipation_F1": 0.19824046920817567,
  "training_accuracy": 0.5927908359837613,
  "training_average_F1": 0.40646309946871056,
  "training_loss": 1.1750104111073134,
  "training_cpu_memory_MB": 7581.3,
  "training_gpu_0_memory_MB": 11,
  "training_gpu_1_memory_MB": 11,
  "training_gpu_2_memory_MB": 11,
  "training_gpu_3_memory_MB": 11,
  "training_gpu_4_memory_MB": 11,
  "training_gpu_5_memory_MB": 11,
  "training_gpu_6_memory_MB": 3428,
  "training_gpu_7_memory_MB": 11,
  "training_gpu_8_memory_MB": 11,
  "training_gpu_9_memory_MB": 11,
  "training_gpu_10_memory_MB": 11,
  "training_gpu_11_memory_MB": 11,
  "training_gpu_12_memory_MB": 11,
  "training_gpu_13_memory_MB": 11,
  "training_gpu_14_memory_MB": 7789,
  "training_gpu_15_memory_MB": 4911,
  "validation_joy_F1": 0.8061054137848301,
  "validation_sadness_F1": 0.5520646319568635,
  "validation_fear_F1": 0.3229078613693502,
  "validation_anger_F1": 0.34328358208950643,
  "validation_surprise_F1": 0.11057692307689446,
  "validation_disgust_F1": 0.34661354581668574,
  "validation_trust_F1": 0.5162907268169941,
  "validation_anticipation_F1": 0.22966507177029138,
  "validation_accuracy": 0.5845230705565901,
  "validation_average_F1": 0.403438469585177,
  "validation_loss": 1.1842184339222734,
  "best_epoch": 8,
  "best_validation_joy_F1": 0.8061054137848301,
  "best_validation_sadness_F1": 0.5520646319568635,
  "best_validation_fear_F1": 0.3229078613693502,
  "best_validation_anger_F1": 0.34328358208950643,
  "best_validation_surprise_F1": 0.11057692307689446,
  "best_validation_disgust_F1": 0.34661354581668574,
  "best_validation_trust_F1": 0.5162907268169941,
  "best_validation_anticipation_F1": 0.22966507177029138,
  "best_validation_accuracy": 0.5845230705565901,
  "best_validation_average_F1": 0.403438469585177,
  "best_validation_loss": 1.1842184339222734
}