{
  "peak_cpu_memory_MB": 7320.908,
  "peak_gpu_0_memory_MB": 11,
  "peak_gpu_1_memory_MB": 11,
  "peak_gpu_2_memory_MB": 11,
  "peak_gpu_3_memory_MB": 11,
  "peak_gpu_4_memory_MB": 11,
  "peak_gpu_5_memory_MB": 11,
  "peak_gpu_6_memory_MB": 11,
  "peak_gpu_7_memory_MB": 11,
  "peak_gpu_8_memory_MB": 11,
  "peak_gpu_9_memory_MB": 11,
  "peak_gpu_10_memory_MB": 11,
  "peak_gpu_11_memory_MB": 11,
  "peak_gpu_12_memory_MB": 11,
  "peak_gpu_13_memory_MB": 11,
  "peak_gpu_14_memory_MB": 7653,
  "peak_gpu_15_memory_MB": 4883,
  "training_duration": "01:05:13",
  "training_start_epoch": 5,
  "training_epochs": 1,
  "epoch": 6,
  "training_joy_F1": 0.8002111994367522,
  "training_sadness_F1": 0.557653368357638,
  "training_fear_F1": 0.37471736896192354,
  "training_anger_F1": 0.3084384093113045,
  "training_surprise_F1": 0.08424437299033362,
  "training_disgust_F1": 0.36684109060860226,
  "training_trust_F1": 0.47476225310895237,
  "training_anticipation_F1": 0.18269812462186683,
  "training_accuracy": 0.5893258862772477,
  "training_average_F1": 0.39369577342467177,
  "training_loss": 1.1834676475861134,
  "training_cpu_memory_MB": 7320.908,
  "training_gpu_0_memory_MB": 11,
  "training_gpu_1_memory_MB": 11,
  "training_gpu_2_memory_MB": 11,
  "training_gpu_3_memory_MB": 11,
  "training_gpu_4_memory_MB": 11,
  "training_gpu_5_memory_MB": 11,
  "training_gpu_6_memory_MB": 11,
  "training_gpu_7_memory_MB": 11,
  "training_gpu_8_memory_MB": 11,
  "training_gpu_9_memory_MB": 11,
  "training_gpu_10_memory_MB": 11,
  "training_gpu_11_memory_MB": 11,
  "training_gpu_12_memory_MB": 11,
  "training_gpu_13_memory_MB": 11,
  "training_gpu_14_memory_MB": 7653,
  "training_gpu_15_memory_MB": 4883,
  "validation_joy_F1": 0.8032090608777231,
  "validation_sadness_F1": 0.5356506238858695,
  "validation_fear_F1": 0.30794979079492935,
  "validation_anger_F1": 0.32846715328462495,
  "validation_surprise_F1": 0.06153846153844074,
  "validation_disgust_F1": 0.3166666666666208,
  "validation_trust_F1": 0.5089974293058646,
  "validation_anticipation_F1": 0.13186813186809757,
  "validation_accuracy": 0.574384440306228,
  "validation_average_F1": 0.37429341477777134,
  "validation_loss": 1.2008769199399665,
  "best_epoch": 6,
  "best_validation_joy_F1": 0.8032090608777231,
  "best_validation_sadness_F1": 0.5356506238858695,
  "best_validation_fear_F1": 0.30794979079492935,
  "best_validation_anger_F1": 0.32846715328462495,
  "best_validation_surprise_F1": 0.06153846153844074,
  "best_validation_disgust_F1": 0.3166666666666208,
  "best_validation_trust_F1": 0.5089974293058646,
  "best_validation_anticipation_F1": 0.13186813186809757,
  "best_validation_accuracy": 0.574384440306228,
  "best_validation_average_F1": 0.37429341477777134,
  "best_validation_loss": 1.2008769199399665
}