{
  "training_duration": "00:00:58",
  "training_start_epoch": 0,
  "training_epochs": 0,
  "epoch": 0,
  "training_1_P": 0.7410296411856474,
  "training_1_R": 0.7251908396946565,
  "training_1_F1": 0.7330246913579748,
  "training_0_P": 0.7309417040358744,
  "training_0_R": 0.7465648854961832,
  "training_0_F1": 0.7386706948639984,
  "training_accuracy": 0.7358778625954199,
  "training_average_F1": 0.7358476931109865,
  "training_loss": 0.5702917514050879,
  "validation_1_P": 0.7752808988764045,
  "validation_1_R": 0.8518518518518519,
  "validation_1_F1": 0.8117647058823031,
  "validation_0_P": 0.8356164383561644,
  "validation_0_R": 0.7530864197530864,
  "validation_0_F1": 0.7922077922077424,
  "validation_accuracy": 0.8024691358024691,
  "validation_average_F1": 0.8019862490450227,
  "validation_loss": 0.4440851021896709,
  "best_epoch": 0,
  "best_validation_1_P": 0.7752808988764045,
  "best_validation_1_R": 0.8518518518518519,
  "best_validation_1_F1": 0.8117647058823031,
  "best_validation_0_P": 0.8356164383561644,
  "best_validation_0_R": 0.7530864197530864,
  "best_validation_0_F1": 0.7922077922077424,
  "best_validation_accuracy": 0.8024691358024691,
  "best_validation_average_F1": 0.8019862490450227,
  "best_validation_loss": 0.4440851021896709
}