{
  "training_duration": "00:08:30",
  "training_start_epoch": 0,
  "training_epochs": 7,
  "epoch": 7,
  "training_1_P": 1.0,
  "training_1_R": 1.0,
  "training_1_F1": 0.99999999999995,
  "training_0_P": 1.0,
  "training_0_R": 1.0,
  "training_0_F1": 0.99999999999995,
  "training_accuracy": 1.0,
  "training_average_F1": 0.99999999999995,
  "training_loss": 0.023291421452219168,
  "validation_1_P": 0.8205128205128205,
  "validation_1_R": 0.7901234567901234,
  "validation_1_F1": 0.8050314465408306,
  "validation_0_P": 0.7976190476190477,
  "validation_0_R": 0.8271604938271605,
  "validation_0_F1": 0.8121212121211623,
  "validation_accuracy": 0.808641975308642,
  "validation_average_F1": 0.8085763293309964,
  "validation_loss": 0.7830193020742048,
  "best_epoch": 5,
  "best_validation_1_P": 0.8235294117647058,
  "best_validation_1_R": 0.8641975308641975,
  "best_validation_1_F1": 0.8433734939758536,
  "best_validation_0_P": 0.8571428571428571,
  "best_validation_0_R": 0.8148148148148148,
  "best_validation_0_F1": 0.8354430379746336,
  "best_validation_accuracy": 0.8395061728395061,
  "best_validation_average_F1": 0.8394082659752435,
  "best_validation_loss": 0.6820300952954725
}