{
  "training_duration": "00:01:58",
  "training_start_epoch": 0,
  "training_epochs": 1,
  "epoch": 1,
  "training_1_P": 0.8443465491923642,
  "training_1_R": 0.8778625954198473,
  "training_1_F1": 0.8607784431137225,
  "training_0_P": 0.8728139904610492,
  "training_0_R": 0.8381679389312977,
  "training_0_F1": 0.8551401869158379,
  "training_accuracy": 0.8580152671755725,
  "training_average_F1": 0.8579593150147802,
  "training_loss": 0.36442014320594507,
  "validation_1_P": 0.8378378378378378,
  "validation_1_R": 0.7654320987654321,
  "validation_1_F1": 0.7999999999999502,
  "validation_0_P": 0.7840909090909091,
  "validation_0_R": 0.8518518518518519,
  "validation_0_F1": 0.8165680473372283,
  "validation_accuracy": 0.808641975308642,
  "validation_average_F1": 0.8082840236685893,
  "validation_loss": 0.4242879531600259,
  "best_epoch": 1,
  "best_validation_1_P": 0.8378378378378378,
  "best_validation_1_R": 0.7654320987654321,
  "best_validation_1_F1": 0.7999999999999502,
  "best_validation_0_P": 0.7840909090909091,
  "best_validation_0_R": 0.8518518518518519,
  "best_validation_0_F1": 0.8165680473372283,
  "best_validation_accuracy": 0.808641975308642,
  "best_validation_average_F1": 0.8082840236685893,
  "best_validation_loss": 0.4242879531600259
}