{
  "peak_cpu_memory_MB": 1851.556,
  "peak_gpu_0_memory_MB": 350,
  "training_duration": "00:00:05",
  "training_start_epoch": 0,
  "training_epochs": 4,
  "epoch": 4,
  "training_1_P": 0.9411764705882353,
  "training_1_R": 0.9526717557251908,
  "training_1_F1": 0.9468892261001018,
  "training_0_P": 0.9520865533230294,
  "training_0_R": 0.9404580152671755,
  "training_0_F1": 0.946236559139735,
  "training_accuracy": 0.9465648854961832,
  "training_average_F1": 0.9465628926199184,
  "training_loss": 0.1717460777428819,
  "training_cpu_memory_MB": 1851.556,
  "training_gpu_0_memory_MB": 350,
  "validation_1_P": 0.8235294117647058,
  "validation_1_R": 0.8641975308641975,
  "validation_1_F1": 0.8433734939758536,
  "validation_0_P": 0.8571428571428571,
  "validation_0_R": 0.8148148148148148,
  "validation_0_F1": 0.8354430379746336,
  "validation_accuracy": 0.8395061728395061,
  "validation_average_F1": 0.8394082659752435,
  "validation_loss": 0.4860351282087239,
  "best_epoch": 2,
  "best_validation_1_P": 0.7978723404255319,
  "best_validation_1_R": 0.9259259259259259,
  "best_validation_1_F1": 0.8571428571428076,
  "best_validation_0_P": 0.9117647058823529,
  "best_validation_0_R": 0.7654320987654321,
  "best_validation_0_F1": 0.8322147651006215,
  "best_validation_accuracy": 0.845679012345679,
  "best_validation_average_F1": 0.8446788111217145,
  "best_validation_loss": 0.39975358139384876,
  "test_1_P": 0.7553191489361702,
  "test_1_R": 0.8765432098765432,
  "test_1_F1": 0.8114285714285218,
  "test_0_P": 0.8529411764705882,
  "test_0_R": 0.7160493827160493,
  "test_0_F1": 0.7785234899328364,
  "test_accuracy": 0.7962962962962963,
  "test_average_F1": 0.794976030680679,
  "test_loss": 0.47448284788565204
}