{
  "peak_cpu_memory_MB": 1851.556,
  "peak_gpu_0_memory_MB": 350,
  "training_duration": "00:00:04",
  "training_start_epoch": 0,
  "training_epochs": 3,
  "epoch": 3,
  "training_1_P": 0.9124629080118695,
  "training_1_R": 0.9389312977099237,
  "training_1_F1": 0.9255079006771509,
  "training_0_P": 0.9371069182389937,
  "training_0_R": 0.9099236641221374,
  "training_0_F1": 0.9233152594887185,
  "training_accuracy": 0.9244274809160306,
  "training_average_F1": 0.9244115800829347,
  "training_loss": 0.22651578567740394,
  "training_cpu_memory_MB": 1851.556,
  "training_gpu_0_memory_MB": 350,
  "validation_1_P": 0.8311688311688312,
  "validation_1_R": 0.7901234567901234,
  "validation_1_F1": 0.8101265822784312,
  "validation_0_P": 0.8,
  "validation_0_R": 0.8395061728395061,
  "validation_0_F1": 0.8192771084336851,
  "validation_accuracy": 0.8148148148148148,
  "validation_average_F1": 0.8147018453560582,
  "validation_loss": 0.4513557404279709,
  "best_epoch": 2,
  "best_validation_1_P": 0.7978723404255319,
  "best_validation_1_R": 0.9259259259259259,
  "best_validation_1_F1": 0.8571428571428076,
  "best_validation_0_P": 0.9117647058823529,
  "best_validation_0_R": 0.7654320987654321,
  "best_validation_0_F1": 0.8322147651006215,
  "best_validation_accuracy": 0.845679012345679,
  "best_validation_average_F1": 0.8446788111217145,
  "best_validation_loss": 0.39975358139384876
}