{
  "peak_cpu_memory_MB": 1851.556,
  "peak_gpu_0_memory_MB": 350,
  "training_duration": "00:00:02",
  "training_start_epoch": 0,
  "training_epochs": 1,
  "epoch": 1,
  "training_1_P": 0.8333333333333334,
  "training_1_R": 0.8702290076335878,
  "training_1_F1": 0.8513816280806072,
  "training_0_P": 0.8642172523961661,
  "training_0_R": 0.8259541984732824,
  "training_0_F1": 0.8446526151443684,
  "training_accuracy": 0.8480916030534351,
  "training_average_F1": 0.8480171216124879,
  "training_loss": 0.39237891301149275,
  "training_cpu_memory_MB": 1851.556,
  "training_gpu_0_memory_MB": 350,
  "validation_1_P": 0.78125,
  "validation_1_R": 0.9259259259259259,
  "validation_1_F1": 0.8474576271185944,
  "validation_0_P": 0.9090909090909091,
  "validation_0_R": 0.7407407407407407,
  "validation_0_F1": 0.8163265306121955,
  "validation_accuracy": 0.8333333333333334,
  "validation_average_F1": 0.831892078865395,
  "validation_loss": 0.3968247574838725,
  "best_epoch": 1,
  "best_validation_1_P": 0.78125,
  "best_validation_1_R": 0.9259259259259259,
  "best_validation_1_F1": 0.8474576271185944,
  "best_validation_0_P": 0.9090909090909091,
  "best_validation_0_R": 0.7407407407407407,
  "best_validation_0_F1": 0.8163265306121955,
  "best_validation_accuracy": 0.8333333333333334,
  "best_validation_average_F1": 0.831892078865395,
  "best_validation_loss": 0.3968247574838725
}