{
  "peak_cpu_memory_MB": 1851.556,
  "peak_gpu_0_memory_MB": 350,
  "training_duration": "00:00:03",
  "training_start_epoch": 0,
  "training_epochs": 2,
  "epoch": 2,
  "training_1_P": 0.8680351906158358,
  "training_1_R": 0.9038167938931297,
  "training_1_F1": 0.8855646970829718,
  "training_0_P": 0.8996815286624203,
  "training_0_R": 0.8625954198473282,
  "training_0_F1": 0.8807482462976899,
  "training_accuracy": 0.883206106870229,
  "training_average_F1": 0.8831564716903308,
  "training_loss": 0.3086229432828543,
  "training_cpu_memory_MB": 1851.556,
  "training_gpu_0_memory_MB": 350,
  "validation_1_P": 0.7978723404255319,
  "validation_1_R": 0.9259259259259259,
  "validation_1_F1": 0.8571428571428076,
  "validation_0_P": 0.9117647058823529,
  "validation_0_R": 0.7654320987654321,
  "validation_0_F1": 0.8322147651006215,
  "validation_accuracy": 0.845679012345679,
  "validation_average_F1": 0.8446788111217145,
  "validation_loss": 0.39975358139384876,
  "best_epoch": 2,
  "best_validation_1_P": 0.7978723404255319,
  "best_validation_1_R": 0.9259259259259259,
  "best_validation_1_F1": 0.8571428571428076,
  "best_validation_0_P": 0.9117647058823529,
  "best_validation_0_R": 0.7654320987654321,
  "best_validation_0_F1": 0.8322147651006215,
  "best_validation_accuracy": 0.845679012345679,
  "best_validation_average_F1": 0.8446788111217145,
  "best_validation_loss": 0.39975358139384876
}