{
  "peak_cpu_memory_MB": 2641.524,
  "peak_gpu_0_memory_MB": 2594,
  "training_duration": "00:12:44",
  "training_start_epoch": 0,
  "training_epochs": 29,
  "epoch": 29,
  "training_1_P": 0.8392603129445235,
  "training_1_R": 0.9007633587786259,
  "training_1_F1": 0.8689248895433964,
  "training_0_P": 0.8929159802306426,
  "training_0_R": 0.8274809160305343,
  "training_0_F1": 0.8589540412043875,
  "training_accuracy": 0.8641221374045801,
  "training_average_F1": 0.8639394653738919,
  "training_loss": 0.33695240100709406,
  "training_cpu_memory_MB": 2641.524,
  "training_gpu_0_memory_MB": 2594,
  "validation_1_P": 0.7931034482758621,
  "validation_1_R": 0.8518518518518519,
  "validation_1_F1": 0.8214285714285217,
  "validation_0_P": 0.84,
  "validation_0_R": 0.7777777777777778,
  "validation_0_F1": 0.8076923076922577,
  "validation_accuracy": 0.8148148148148148,
  "validation_average_F1": 0.8145604395603897,
  "validation_loss": 0.4881031553853642,
  "best_epoch": 28,
  "best_validation_1_P": 0.8214285714285714,
  "best_validation_1_R": 0.8518518518518519,
  "best_validation_1_F1": 0.8363636363635865,
  "best_validation_0_P": 0.8461538461538461,
  "best_validation_0_R": 0.8148148148148148,
  "best_validation_0_F1": 0.830188679245233,
  "best_validation_accuracy": 0.8333333333333334,
  "best_validation_average_F1": 0.8332761578044097,
  "best_validation_loss": 0.39062402465126733,
  "test_1_P": 0.8181818181818182,
  "test_1_R": 0.7777777777777778,
  "test_1_F1": 0.7974683544303299,
  "test_0_P": 0.788235294117647,
  "test_0_R": 0.8271604938271605,
  "test_0_F1": 0.8072289156626007,
  "test_accuracy": 0.8024691358024691,
  "test_average_F1": 0.8023486350464653,
  "test_loss": 0.452525412494486
}