{
  "training_duration": "00:05:15",
  "training_start_epoch": 0,
  "training_epochs": 4,
  "epoch": 4,
  "training_1_P": 0.9908675799086758,
  "training_1_R": 0.9938931297709923,
  "training_1_F1": 0.9923780487804379,
  "training_0_P": 0.9938744257274119,
  "training_0_R": 0.9908396946564886,
  "training_0_F1": 0.9923547400611121,
  "training_accuracy": 0.9923664122137404,
  "training_average_F1": 0.992366394420775,
  "training_loss": 0.06035289622661544,
  "validation_1_P": 0.8472222222222222,
  "validation_1_R": 0.7530864197530864,
  "validation_1_F1": 0.797385620914983,
  "validation_0_P": 0.7777777777777778,
  "validation_0_R": 0.8641975308641975,
  "validation_0_F1": 0.8187134502923479,
  "validation_accuracy": 0.808641975308642,
  "validation_average_F1": 0.8080495356036654,
  "validation_loss": 0.702754979106513,
  "best_epoch": 3,
  "best_validation_1_P": 0.8311688311688312,
  "best_validation_1_R": 0.7901234567901234,
  "best_validation_1_F1": 0.8101265822784312,
  "best_validation_0_P": 0.8,
  "best_validation_0_R": 0.8395061728395061,
  "best_validation_0_F1": 0.8192771084336851,
  "best_validation_accuracy": 0.8148148148148148,
  "best_validation_average_F1": 0.8147018453560582,
  "best_validation_loss": 0.5044382708993825
}