{
  "training_duration": "00:02:13",
  "training_start_epoch": 0,
  "training_epochs": 2,
  "epoch": 2,
  "training_1_F1": 0.808791208791159,
  "training_0_F1": 0.7920318725099103,
  "training_accuracy": 0.8007633587786259,
  "training_average_F1": 0.8004115406505345,
  "training_loss": 0.4888246190257189,
  "validation_1_F1": 0.8198757763974656,
  "validation_0_F1": 0.8220858895705022,
  "validation_accuracy": 0.8209876543209876,
  "validation_average_F1": 0.8209808329839838,
  "validation_loss": 0.36767681349407544,
  "best_epoch": 2,
  "best_validation_1_F1": 0.8198757763974656,
  "best_validation_0_F1": 0.8220858895705022,
  "best_validation_accuracy": 0.8209876543209876,
  "best_validation_average_F1": 0.8209808329839838,
  "best_validation_loss": 0.36767681349407544
}