{
  "training_duration": "00:00:43",
  "training_start_epoch": 0,
  "training_epochs": 0,
  "epoch": 0,
  "training_1_F1": 0.7049180327868352,
  "training_0_F1": 0.6901408450703724,
  "training_accuracy": 0.6977099236641221,
  "training_average_F1": 0.6975294389286038,
  "training_loss": 0.6381288661462504,
  "validation_1_F1": 0.8248587570620973,
  "validation_0_F1": 0.7891156462584539,
  "validation_accuracy": 0.808641975308642,
  "validation_average_F1": 0.8069872016602756,
  "validation_loss": 0.4910491813312877,
  "best_epoch": 0,
  "best_validation_1_F1": 0.8248587570620973,
  "best_validation_0_F1": 0.7891156462584539,
  "best_validation_accuracy": 0.808641975308642,
  "best_validation_average_F1": 0.8069872016602756,
  "best_validation_loss": 0.4910491813312877
}