{
  "training_duration": "00:04:33",
  "training_start_epoch": 0,
  "training_epochs": 5,
  "epoch": 5,
  "training_1_F1": 0.8653846153845655,
  "training_0_F1": 0.856466876971559,
  "training_accuracy": 0.8610687022900764,
  "training_average_F1": 0.8609257461780622,
  "training_loss": 0.39723312800250404,
  "validation_1_F1": 0.8474576271185944,
  "validation_0_F1": 0.8163265306121955,
  "validation_accuracy": 0.8333333333333334,
  "validation_average_F1": 0.831892078865395,
  "validation_loss": 0.3711384412917224,
  "best_epoch": 3,
  "best_validation_1_F1": 0.8402366863904827,
  "best_validation_0_F1": 0.8258064516128534,
  "best_validation_accuracy": 0.8333333333333334,
  "best_validation_average_F1": 0.833021569001668,
  "best_validation_loss": 0.35689273476600647
}