{
  "peak_cpu_memory_MB": 5746.68,
  "peak_gpu_0_memory_MB": 11,
  "peak_gpu_1_memory_MB": 8436,
  "peak_gpu_2_memory_MB": 11,
  "peak_gpu_3_memory_MB": 11,
  "peak_gpu_4_memory_MB": 11,
  "peak_gpu_5_memory_MB": 11,
  "peak_gpu_6_memory_MB": 11,
  "peak_gpu_7_memory_MB": 11,
  "peak_gpu_8_memory_MB": 11,
  "peak_gpu_9_memory_MB": 11,
  "peak_gpu_10_memory_MB": 11,
  "peak_gpu_11_memory_MB": 11,
  "peak_gpu_12_memory_MB": 11,
  "peak_gpu_13_memory_MB": 11,
  "peak_gpu_14_memory_MB": 8342,
  "peak_gpu_15_memory_MB": 11,
  "training_duration": "00:05:29",
  "training_start_epoch": 0,
  "training_epochs": 3,
  "epoch": 3,
  "training_1_F1": 0.9460708782742182,
  "training_0_F1": 0.9470499243569849,
  "training_accuracy": 0.9465648854961832,
  "training_average_F1": 0.9465604013156015,
  "training_loss": 0.24937456973442218,
  "training_cpu_memory_MB": 5746.68,
  "training_gpu_0_memory_MB": 11,
  "training_gpu_1_memory_MB": 8436,
  "training_gpu_2_memory_MB": 11,
  "training_gpu_3_memory_MB": 11,
  "training_gpu_4_memory_MB": 11,
  "training_gpu_5_memory_MB": 11,
  "training_gpu_6_memory_MB": 11,
  "training_gpu_7_memory_MB": 11,
  "training_gpu_8_memory_MB": 11,
  "training_gpu_9_memory_MB": 11,
  "training_gpu_10_memory_MB": 11,
  "training_gpu_11_memory_MB": 11,
  "training_gpu_12_memory_MB": 11,
  "training_gpu_13_memory_MB": 11,
  "training_gpu_14_memory_MB": 8342,
  "training_gpu_15_memory_MB": 11,
  "validation_1_F1": 0.8322981366459128,
  "validation_0_F1": 0.8343558282208088,
  "validation_accuracy": 0.8333333333333334,
  "validation_average_F1": 0.8333269824333608,
  "validation_loss": 0.4304232326420871,
  "best_epoch": 1,
  "best_validation_1_F1": 0.8470588235293619,
  "best_validation_0_F1": 0.8311688311687814,
  "best_validation_accuracy": 0.8395061728395061,
  "best_validation_average_F1": 0.8391138273490717,
  "best_validation_loss": 0.39884640953757544,
  "test_1_F1": 0.8227848101265324,
  "test_0_F1": 0.8313253012047693,
  "test_accuracy": 0.8271604938271605,
  "test_average_F1": 0.8270550556656509,
  "test_loss": 0.41530060226267035
}