{
  "peak_cpu_memory_MB": 3071.16,
  "peak_gpu_0_memory_MB": 2510,
  "training_duration": "00:05:44",
  "training_start_epoch": 0,
  "training_epochs": 13,
  "epoch": 13,
  "training_1_F1": 0.99999999999995,
  "training_0_F1": 0.99999999999995,
  "training_accuracy": 1.0,
  "training_average_F1": 0.99999999999995,
  "training_loss": 0.0010552231922302758,
  "training_cpu_memory_MB": 3071.16,
  "training_gpu_0_memory_MB": 2510,
  "validation_1_F1": 0.8124999999999502,
  "validation_0_F1": 0.8170731707316575,
  "validation_accuracy": 0.8148148148148148,
  "validation_average_F1": 0.8147865853658038,
  "validation_loss": 1.0532178106633099,
  "best_epoch": 10,
  "best_validation_1_F1": 0.8219178082191287,
  "best_validation_0_F1": 0.8539325842696133,
  "best_validation_accuracy": 0.8395061728395061,
  "best_validation_average_F1": 0.837925196244371,
  "best_validation_loss": 0.9059381197122011,
  "test_1_F1": 0.7605633802816412,
  "test_0_F1": 0.8131868131867639,
  "test_accuracy": 0.7901234567901234,
  "test_average_F1": 0.7868750967342025,
  "test_loss": 1.3595029684630306
}