{
  "peak_cpu_memory_MB": 3071.048,
  "peak_gpu_0_memory_MB": 5087,
  "training_duration": "00:06:18",
  "training_start_epoch": 0,
  "training_epochs": 11,
  "epoch": 11,
  "training_1_F1": 0.9863221884497981,
  "training_0_F1": 0.986196319018355,
  "training_accuracy": 0.9862595419847329,
  "training_average_F1": 0.9862592537340766,
  "training_loss": 0.054437369062769705,
  "training_cpu_memory_MB": 3071.048,
  "training_gpu_0_memory_MB": 5087,
  "validation_1_F1": 0.8470588235293619,
  "validation_0_F1": 0.8311688311687814,
  "validation_accuracy": 0.8395061728395061,
  "validation_average_F1": 0.8391138273490717,
  "validation_loss": 0.5597489015622572,
  "best_epoch": 8,
  "best_validation_1_F1": 0.8627450980391658,
  "best_validation_0_F1": 0.8771929824560905,
  "best_validation_accuracy": 0.8703703703703703,
  "best_validation_average_F1": 0.8699690402476281,
  "best_validation_loss": 0.4753310030156916
}