{
  "peak_cpu_memory_MB": 3071.048,
  "peak_gpu_0_memory_MB": 5005,
  "training_duration": "00:03:40",
  "training_start_epoch": 0,
  "training_epochs": 7,
  "epoch": 7,
  "training_1_F1": 0.9575113808800715,
  "training_0_F1": 0.956989247311778,
  "training_accuracy": 0.9572519083969465,
  "training_average_F1": 0.9572503140959248,
  "training_loss": 0.16455684874842808,
  "training_cpu_memory_MB": 3071.048,
  "training_gpu_0_memory_MB": 5005,
  "validation_1_F1": 0.8323699421964821,
  "validation_0_F1": 0.8079470198675,
  "validation_accuracy": 0.8209876543209876,
  "validation_average_F1": 0.8201584810319911,
  "validation_loss": 0.632877317680554,
  "best_epoch": 6,
  "best_validation_1_F1": 0.8108108108107612,
  "best_validation_0_F1": 0.8409090909090413,
  "best_validation_accuracy": 0.8271604938271605,
  "best_validation_average_F1": 0.8258599508599013,
  "best_validation_loss": 0.4127555997534232
}