{
  "peak_cpu_memory_MB": 3071.048,
  "peak_gpu_0_memory_MB": 5087,
  "training_duration": "00:05:53",
  "training_start_epoch": 0,
  "training_epochs": 10,
  "epoch": 10,
  "training_1_F1": 0.9841509433961765,
  "training_0_F1": 0.9837837837837339,
  "training_accuracy": 0.983969465648855,
  "training_average_F1": 0.9839673635899552,
  "training_loss": 0.07116644016308028,
  "training_cpu_memory_MB": 3071.048,
  "training_gpu_0_memory_MB": 5087,
  "validation_1_F1": 0.8227848101265324,
  "validation_0_F1": 0.8313253012047693,
  "validation_accuracy": 0.8271604938271605,
  "validation_average_F1": 0.8270550556656509,
  "validation_loss": 0.504693712700497,
  "best_epoch": 8,
  "best_validation_1_F1": 0.8627450980391658,
  "best_validation_0_F1": 0.8771929824560905,
  "best_validation_accuracy": 0.8703703703703703,
  "best_validation_average_F1": 0.8699690402476281,
  "best_validation_loss": 0.4753310030156916
}