{
  "peak_cpu_memory_MB": 3071.048,
  "peak_gpu_0_memory_MB": 3838,
  "training_duration": "00:02:49",
  "training_start_epoch": 0,
  "training_epochs": 6,
  "epoch": 6,
  "training_1_F1": 0.9194167306215925,
  "training_0_F1": 0.9202733485193123,
  "training_accuracy": 0.9198473282442748,
  "training_average_F1": 0.9198450395704524,
  "training_loss": 0.24251610358677259,
  "training_cpu_memory_MB": 3071.048,
  "training_gpu_0_memory_MB": 2588,
  "validation_1_F1": 0.8108108108107612,
  "validation_0_F1": 0.8409090909090413,
  "validation_accuracy": 0.8271604938271605,
  "validation_average_F1": 0.8258599508599013,
  "validation_loss": 0.4127555997534232,
  "best_epoch": 6,
  "best_validation_1_F1": 0.8108108108107612,
  "best_validation_0_F1": 0.8409090909090413,
  "best_validation_accuracy": 0.8271604938271605,
  "best_validation_average_F1": 0.8258599508599013,
  "best_validation_loss": 0.4127555997534232
}