{
  "peak_cpu_memory_MB": 3071.048,
  "peak_gpu_0_memory_MB": 5087,
  "training_duration": "00:05:20",
  "training_start_epoch": 0,
  "training_epochs": 9,
  "epoch": 9,
  "training_1_F1": 0.9751318764129117,
  "training_0_F1": 0.9744779582366091,
  "training_accuracy": 0.9748091603053435,
  "training_average_F1": 0.9748049173247604,
  "training_loss": 0.09824451771224053,
  "training_cpu_memory_MB": 3071.048,
  "training_gpu_0_memory_MB": 5087,
  "validation_1_F1": 0.8263473053891718,
  "validation_0_F1": 0.8152866242037717,
  "validation_accuracy": 0.8209876543209876,
  "validation_average_F1": 0.8208169647964718,
  "validation_loss": 0.5922167226672173,
  "best_epoch": 8,
  "best_validation_1_F1": 0.8627450980391658,
  "best_validation_0_F1": 0.8771929824560905,
  "best_validation_accuracy": 0.8703703703703703,
  "best_validation_average_F1": 0.8699690402476281,
  "best_validation_loss": 0.4753310030156916
}