{
  "peak_cpu_memory_MB": 3071.048,
  "peak_gpu_0_memory_MB": 3838,
  "training_duration": "00:02:02",
  "training_start_epoch": 0,
  "training_epochs": 4,
  "epoch": 4,
  "training_1_F1": 0.8165680473372282,
  "training_0_F1": 0.8044164037854391,
  "training_accuracy": 0.8106870229007633,
  "training_average_F1": 0.8104922255613336,
  "training_loss": 0.44781291375799875,
  "training_cpu_memory_MB": 3071.048,
  "training_gpu_0_memory_MB": 2588,
  "validation_1_F1": 0.7499999999999508,
  "validation_0_F1": 0.7999999999999505,
  "validation_accuracy": 0.7777777777777778,
  "validation_average_F1": 0.7749999999999506,
  "validation_loss": 0.4332983588630503,
  "best_epoch": 3,
  "best_validation_1_F1": 0.827586206896502,
  "best_validation_0_F1": 0.7999999999999503,
  "best_validation_accuracy": 0.8148148148148148,
  "best_validation_average_F1": 0.8137931034482262,
  "best_validation_loss": 0.5136531699787487
}