{
  "peak_cpu_memory_MB": 3071.048,
  "peak_gpu_0_memory_MB": 3838,
  "training_duration": "00:02:25",
  "training_start_epoch": 0,
  "training_epochs": 5,
  "epoch": 5,
  "training_1_F1": 0.8820435762584024,
  "training_0_F1": 0.8782001551589881,
  "training_accuracy": 0.8801526717557252,
  "training_average_F1": 0.8801218657086952,
  "training_loss": 0.3249627837411514,
  "training_cpu_memory_MB": 3071.048,
  "training_gpu_0_memory_MB": 2588,
  "validation_1_F1": 0.783216783216734,
  "validation_0_F1": 0.8287292817679063,
  "validation_accuracy": 0.808641975308642,
  "validation_average_F1": 0.8059730324923202,
  "validation_loss": 0.4317020218480717,
  "best_epoch": 3,
  "best_validation_1_F1": 0.827586206896502,
  "best_validation_0_F1": 0.7999999999999503,
  "best_validation_accuracy": 0.8148148148148148,
  "best_validation_average_F1": 0.8137931034482262,
  "best_validation_loss": 0.5136531699787487
}