{
  "peak_cpu_memory_MB": 3071.048,
  "peak_gpu_0_memory_MB": 5087,
  "training_duration": "00:04:22",
  "training_start_epoch": 0,
  "training_epochs": 8,
  "epoch": 8,
  "training_1_F1": 0.9615094339622142,
  "training_0_F1": 0.9606177606177108,
  "training_accuracy": 0.9610687022900763,
  "training_average_F1": 0.9610635972899625,
  "training_loss": 0.138396990133404,
  "training_cpu_memory_MB": 3071.048,
  "training_gpu_0_memory_MB": 5087,
  "validation_1_F1": 0.8627450980391658,
  "validation_0_F1": 0.8771929824560905,
  "validation_accuracy": 0.8703703703703703,
  "validation_average_F1": 0.8699690402476281,
  "validation_loss": 0.4753310030156916,
  "best_epoch": 8,
  "best_validation_1_F1": 0.8627450980391658,
  "best_validation_0_F1": 0.8771929824560905,
  "best_validation_accuracy": 0.8703703703703703,
  "best_validation_average_F1": 0.8699690402476281,
  "best_validation_loss": 0.4753310030156916
}