{
  "peak_cpu_memory_MB": 3071.048,
  "peak_gpu_0_memory_MB": 3838,
  "training_duration": "00:01:34",
  "training_start_epoch": 0,
  "training_epochs": 3,
  "epoch": 3,
  "training_1_F1": 0.7576687116563916,
  "training_0_F1": 0.7598784194528375,
  "training_accuracy": 0.7587786259541984,
  "training_average_F1": 0.7587735655546146,
  "training_loss": 0.5369785947770607,
  "training_cpu_memory_MB": 3071.048,
  "training_gpu_0_memory_MB": 2588,
  "validation_1_F1": 0.827586206896502,
  "validation_0_F1": 0.7999999999999503,
  "validation_accuracy": 0.8148148148148148,
  "validation_average_F1": 0.8137931034482262,
  "validation_loss": 0.5136531699787487,
  "best_epoch": 3,
  "best_validation_1_F1": 0.827586206896502,
  "best_validation_0_F1": 0.7999999999999503,
  "best_validation_accuracy": 0.8148148148148148,
  "best_validation_average_F1": 0.8137931034482262,
  "best_validation_loss": 0.5136531699787487
}