{
  "peak_cpu_memory_MB": 3071.048,
  "peak_gpu_0_memory_MB": 3838,
  "training_duration": "00:00:47",
  "training_start_epoch": 0,
  "training_epochs": 1,
  "epoch": 1,
  "training_1_F1": 0.4838212634822305,
  "training_0_F1": 0.4931921331315688,
  "training_accuracy": 0.48854961832061067,
  "training_average_F1": 0.48850669830689963,
  "training_loss": 0.7508207959372822,
  "training_cpu_memory_MB": 3071.048,
  "training_gpu_0_memory_MB": 2588,
  "validation_1_F1": 0.6666666666666222,
  "validation_0_F1": 0.0,
  "validation_accuracy": 0.5,
  "validation_average_F1": 0.3333333333333111,
  "validation_loss": 0.6960367668758739,
  "best_epoch": 0,
  "best_validation_1_F1": 0.5669291338582215,
  "best_validation_0_F1": 0.7208121827410682,
  "best_validation_accuracy": 0.6604938271604939,
  "best_validation_average_F1": 0.6438706582996448,
  "best_validation_loss": 0.6560119607231834
}