{
  "peak_cpu_memory_MB": 3071.048,
  "peak_gpu_0_memory_MB": 3838,
  "training_duration": "00:01:11",
  "training_start_epoch": 0,
  "training_epochs": 2,
  "epoch": 2,
  "training_1_F1": 0.6176256372905546,
  "training_0_F1": 0.578989574979902,
  "training_accuracy": 0.5992366412213741,
  "training_average_F1": 0.5983076061352284,
  "training_loss": 0.6650270354457017,
  "training_cpu_memory_MB": 3071.048,
  "training_gpu_0_memory_MB": 2588,
  "validation_1_F1": 0.7383177570092988,
  "validation_0_F1": 0.49090909090905205,
  "validation_accuracy": 0.654320987654321,
  "validation_average_F1": 0.6146134239591754,
  "validation_loss": 0.6538953699848868,
  "best_epoch": 0,
  "best_validation_1_F1": 0.5669291338582215,
  "best_validation_0_F1": 0.7208121827410682,
  "best_validation_accuracy": 0.6604938271604939,
  "best_validation_average_F1": 0.6438706582996448,
  "best_validation_loss": 0.6560119607231834
}