{
  "peak_cpu_memory_MB": 3071.048,
  "peak_gpu_0_memory_MB": 3838,
  "training_duration": "00:00:23",
  "training_start_epoch": 0,
  "training_epochs": 0,
  "epoch": 0,
  "training_1_F1": 0.51528384279471,
  "training_0_F1": 0.46548956661311225,
  "training_accuracy": 0.4916030534351145,
  "training_average_F1": 0.4903867047039111,
  "training_loss": 0.7566766927881938,
  "training_cpu_memory_MB": 3071.048,
  "training_gpu_0_memory_MB": 3838,
  "validation_1_F1": 0.5669291338582215,
  "validation_0_F1": 0.7208121827410682,
  "validation_accuracy": 0.6604938271604939,
  "validation_average_F1": 0.6438706582996448,
  "validation_loss": 0.6560119607231834,
  "best_epoch": 0,
  "best_validation_1_F1": 0.5669291338582215,
  "best_validation_0_F1": 0.7208121827410682,
  "best_validation_accuracy": 0.6604938271604939,
  "best_validation_average_F1": 0.6438706582996448,
  "best_validation_loss": 0.6560119607231834
}