{
  "peak_cpu_memory_MB": 3071.104,
  "peak_gpu_0_memory_MB": 2510,
  "training_duration": "00:02:23",
  "training_start_epoch": 0,
  "training_epochs": 5,
  "epoch": 5,
  "training_1_F1": 0.9581749049429159,
  "training_0_F1": 0.9578544061302183,
  "training_accuracy": 0.9580152671755725,
  "training_average_F1": 0.9580146555365672,
  "training_loss": 0.13007795122429366,
  "training_cpu_memory_MB": 3071.104,
  "training_gpu_0_memory_MB": 2510,
  "validation_1_F1": 0.8620689655171917,
  "validation_0_F1": 0.8399999999999503,
  "validation_accuracy": 0.8518518518518519,
  "validation_average_F1": 0.851034482758571,
  "validation_loss": 0.5470019863410429,
  "best_epoch": 2,
  "best_validation_1_F1": 0.8789808917196953,
  "best_validation_0_F1": 0.8862275449101298,
  "best_validation_accuracy": 0.8827160493827161,
  "best_validation_average_F1": 0.8826042183149125,
  "best_validation_loss": 0.4137363108721646,
  "test_1_F1": 0.8407643312101413,
  "test_0_F1": 0.8502994011975549,
  "test_accuracy": 0.845679012345679,
  "test_average_F1": 0.845531866203848,
  "test_loss": 0.3659017086029053
}