{
  "peak_cpu_memory_MB": 1860.752,
  "peak_gpu_0_memory_MB": 11,
  "peak_gpu_1_memory_MB": 11082,
  "peak_gpu_2_memory_MB": 11,
  "peak_gpu_3_memory_MB": 11,
  "peak_gpu_4_memory_MB": 11,
  "peak_gpu_5_memory_MB": 352,
  "peak_gpu_6_memory_MB": 11,
  "peak_gpu_7_memory_MB": 11,
  "peak_gpu_8_memory_MB": 11,
  "peak_gpu_9_memory_MB": 11,
  "peak_gpu_10_memory_MB": 11,
  "peak_gpu_11_memory_MB": 11,
  "peak_gpu_12_memory_MB": 11,
  "peak_gpu_13_memory_MB": 11,
  "peak_gpu_14_memory_MB": 11,
  "peak_gpu_15_memory_MB": 11,
  "training_duration": "00:00:10",
  "training_start_epoch": 0,
  "training_epochs": 2,
  "epoch": 2,
  "training_1_P": 0.8453900709219858,
  "training_1_R": 0.9099236641221374,
  "training_1_F1": 0.8764705882352443,
  "training_0_P": 0.9024793388429752,
  "training_0_R": 0.833587786259542,
  "training_0_F1": 0.8666666666666168,
  "training_accuracy": 0.8717557251908397,
  "training_average_F1": 0.8715686274509306,
  "training_loss": 0.3229636273732999,
  "training_cpu_memory_MB": 1860.752,
  "training_gpu_0_memory_MB": 11,
  "training_gpu_1_memory_MB": 11082,
  "training_gpu_2_memory_MB": 11,
  "training_gpu_3_memory_MB": 11,
  "training_gpu_4_memory_MB": 11,
  "training_gpu_5_memory_MB": 352,
  "training_gpu_6_memory_MB": 11,
  "training_gpu_7_memory_MB": 11,
  "training_gpu_8_memory_MB": 11,
  "training_gpu_9_memory_MB": 11,
  "training_gpu_10_memory_MB": 11,
  "training_gpu_11_memory_MB": 11,
  "training_gpu_12_memory_MB": 11,
  "training_gpu_13_memory_MB": 11,
  "training_gpu_14_memory_MB": 11,
  "training_gpu_15_memory_MB": 11,
  "validation_1_P": 0.8192771084337349,
  "validation_1_R": 0.8395061728395061,
  "validation_1_F1": 0.8292682926828769,
  "validation_0_P": 0.8354430379746836,
  "validation_0_R": 0.8148148148148148,
  "validation_0_F1": 0.82499999999995,
  "validation_accuracy": 0.8271604938271605,
  "validation_average_F1": 0.8271341463414135,
  "validation_loss": 0.36849040470340033,
  "best_epoch": 1,
  "best_validation_1_P": 0.8666666666666667,
  "best_validation_1_R": 0.8024691358024691,
  "best_validation_1_F1": 0.8333333333332835,
  "best_validation_0_P": 0.8160919540229885,
  "best_validation_0_R": 0.8765432098765432,
  "best_validation_0_F1": 0.8452380952380453,
  "best_validation_accuracy": 0.8395061728395061,
  "best_validation_average_F1": 0.8392857142856645,
  "best_validation_loss": 0.44787435504523193
}