{
  "peak_cpu_memory_MB": 1860.256,
  "peak_gpu_0_memory_MB": 11,
  "peak_gpu_1_memory_MB": 11082,
  "peak_gpu_2_memory_MB": 11,
  "peak_gpu_3_memory_MB": 11,
  "peak_gpu_4_memory_MB": 11,
  "peak_gpu_5_memory_MB": 352,
  "peak_gpu_6_memory_MB": 11,
  "peak_gpu_7_memory_MB": 11,
  "peak_gpu_8_memory_MB": 11,
  "peak_gpu_9_memory_MB": 11,
  "peak_gpu_10_memory_MB": 11,
  "peak_gpu_11_memory_MB": 11,
  "peak_gpu_12_memory_MB": 11,
  "peak_gpu_13_memory_MB": 11,
  "peak_gpu_14_memory_MB": 11,
  "peak_gpu_15_memory_MB": 11,
  "training_duration": "00:00:06",
  "training_start_epoch": 0,
  "training_epochs": 1,
  "epoch": 1,
  "training_1_P": 0.8109243697478992,
  "training_1_R": 0.8839694656488549,
  "training_1_F1": 0.8458728999269041,
  "training_0_P": 0.87248322147651,
  "training_0_R": 0.7938931297709924,
  "training_0_F1": 0.8313349320543066,
  "training_accuracy": 0.8389312977099237,
  "training_average_F1": 0.8386039159906054,
  "training_loss": 0.38428650832757716,
  "training_cpu_memory_MB": 1860.256,
  "training_gpu_0_memory_MB": 11,
  "training_gpu_1_memory_MB": 11082,
  "training_gpu_2_memory_MB": 11,
  "training_gpu_3_memory_MB": 11,
  "training_gpu_4_memory_MB": 11,
  "training_gpu_5_memory_MB": 352,
  "training_gpu_6_memory_MB": 11,
  "training_gpu_7_memory_MB": 11,
  "training_gpu_8_memory_MB": 11,
  "training_gpu_9_memory_MB": 11,
  "training_gpu_10_memory_MB": 11,
  "training_gpu_11_memory_MB": 11,
  "training_gpu_12_memory_MB": 11,
  "training_gpu_13_memory_MB": 11,
  "training_gpu_14_memory_MB": 11,
  "training_gpu_15_memory_MB": 11,
  "validation_1_P": 0.8666666666666667,
  "validation_1_R": 0.8024691358024691,
  "validation_1_F1": 0.8333333333332835,
  "validation_0_P": 0.8160919540229885,
  "validation_0_R": 0.8765432098765432,
  "validation_0_F1": 0.8452380952380453,
  "validation_accuracy": 0.8395061728395061,
  "validation_average_F1": 0.8392857142856645,
  "validation_loss": 0.44787435504523193,
  "best_epoch": 1,
  "best_validation_1_P": 0.8666666666666667,
  "best_validation_1_R": 0.8024691358024691,
  "best_validation_1_F1": 0.8333333333332835,
  "best_validation_0_P": 0.8160919540229885,
  "best_validation_0_R": 0.8765432098765432,
  "best_validation_0_F1": 0.8452380952380453,
  "best_validation_accuracy": 0.8395061728395061,
  "best_validation_average_F1": 0.8392857142856645,
  "best_validation_loss": 0.44787435504523193
}