{
  "peak_cpu_memory_MB": 5770.588,
  "peak_gpu_0_memory_MB": 11,
  "peak_gpu_1_memory_MB": 11,
  "peak_gpu_2_memory_MB": 11,
  "peak_gpu_3_memory_MB": 11,
  "peak_gpu_4_memory_MB": 11,
  "peak_gpu_5_memory_MB": 11,
  "peak_gpu_6_memory_MB": 1924,
  "peak_gpu_7_memory_MB": 11,
  "peak_gpu_8_memory_MB": 11,
  "peak_gpu_9_memory_MB": 11,
  "peak_gpu_10_memory_MB": 11,
  "peak_gpu_11_memory_MB": 4806,
  "peak_gpu_12_memory_MB": 11,
  "peak_gpu_13_memory_MB": 11,
  "peak_gpu_14_memory_MB": 11,
  "peak_gpu_15_memory_MB": 11,
  "training_duration": "00:03:52",
  "training_start_epoch": 0,
  "training_epochs": 5,
  "epoch": 5,
  "training_1_P": 0.9984756097560976,
  "training_1_R": 1.0,
  "training_1_F1": 0.9992372234934664,
  "training_0_P": 1.0,
  "training_0_R": 0.9984732824427481,
  "training_0_F1": 0.9992360580595376,
  "training_accuracy": 0.999236641221374,
  "training_average_F1": 0.9992366407765021,
  "training_loss": 0.01292371722619708,
  "training_cpu_memory_MB": 5770.588,
  "training_gpu_0_memory_MB": 11,
  "training_gpu_1_memory_MB": 11,
  "training_gpu_2_memory_MB": 11,
  "training_gpu_3_memory_MB": 11,
  "training_gpu_4_memory_MB": 11,
  "training_gpu_5_memory_MB": 11,
  "training_gpu_6_memory_MB": 1924,
  "training_gpu_7_memory_MB": 11,
  "training_gpu_8_memory_MB": 11,
  "training_gpu_9_memory_MB": 11,
  "training_gpu_10_memory_MB": 11,
  "training_gpu_11_memory_MB": 4806,
  "training_gpu_12_memory_MB": 11,
  "training_gpu_13_memory_MB": 11,
  "training_gpu_14_memory_MB": 11,
  "training_gpu_15_memory_MB": 11,
  "validation_1_P": 0.8354430379746836,
  "validation_1_R": 0.8148148148148148,
  "validation_1_F1": 0.82499999999995,
  "validation_0_P": 0.8192771084337349,
  "validation_0_R": 0.8395061728395061,
  "validation_0_F1": 0.8292682926828769,
  "validation_accuracy": 0.8271604938271605,
  "validation_average_F1": 0.8271341463414135,
  "validation_loss": 0.524394379420714,
  "best_epoch": 3,
  "best_validation_1_P": 0.8571428571428571,
  "best_validation_1_R": 0.8148148148148148,
  "best_validation_1_F1": 0.8354430379746336,
  "best_validation_0_P": 0.8235294117647058,
  "best_validation_0_R": 0.8641975308641975,
  "best_validation_0_F1": 0.8433734939758536,
  "best_validation_accuracy": 0.8395061728395061,
  "best_validation_average_F1": 0.8394082659752435,
  "best_validation_loss": 0.471755561503497
}