{
  "peak_cpu_memory_MB": 3068.872,
  "peak_gpu_0_memory_MB": 2586,
  "training_duration": "00:01:40",
  "training_start_epoch": 0,
  "training_epochs": 3,
  "epoch": 3,
  "training_1_F1": 0.9583017437452115,
  "training_0_F1": 0.9577248270560608,
  "training_accuracy": 0.9580152671755725,
  "training_average_F1": 0.9580132854006361,
  "training_loss": 0.1492626346965752,
  "training_cpu_memory_MB": 3068.872,
  "training_gpu_0_memory_MB": 2586,
  "validation_1_F1": 0.7894736842104765,
  "validation_0_F1": 0.8139534883720433,
  "validation_accuracy": 0.8024691358024691,
  "validation_average_F1": 0.8017135862912599,
  "validation_loss": 0.575108295137232,
  "best_epoch": 2,
  "best_validation_1_F1": 0.8148148148147648,
  "best_validation_0_F1": 0.8148148148147648,
  "best_validation_accuracy": 0.8148148148148148,
  "best_validation_average_F1": 0.8148148148147648,
  "best_validation_loss": 0.4088327911767093,
  "test_1_F1": 0.8571428571428074,
  "test_0_F1": 0.8461538461537963,
  "test_accuracy": 0.8518518518518519,
  "test_average_F1": 0.8516483516483018,
  "test_loss": 0.3553957397287542
}