{
  "peak_cpu_memory_MB": 2642.216,
  "peak_gpu_0_memory_MB": 1241,
  "training_duration": "00:00:22",
  "training_start_epoch": 0,
  "training_epochs": 0,
  "epoch": 0,
  "training_1_P": 0.6926345609065155,
  "training_1_R": 0.7465648854961832,
  "training_1_F1": 0.7185892725936313,
  "training_0_P": 0.7251655629139073,
  "training_0_R": 0.6687022900763359,
  "training_0_F1": 0.6957903097696087,
  "training_accuracy": 0.7076335877862595,
  "training_average_F1": 0.70718979118162,
  "training_loss": 0.5994161997989911,
  "training_cpu_memory_MB": 2642.216,
  "training_gpu_0_memory_MB": 1241,
  "validation_1_P": 0.8356164383561644,
  "validation_1_R": 0.7530864197530864,
  "validation_1_F1": 0.7922077922077424,
  "validation_0_P": 0.7752808988764045,
  "validation_0_R": 0.8518518518518519,
  "validation_0_F1": 0.8117647058823031,
  "validation_accuracy": 0.8024691358024691,
  "validation_average_F1": 0.8019862490450227,
  "validation_loss": 0.5605429140004244,
  "best_epoch": 0,
  "best_validation_1_P": 0.8356164383561644,
  "best_validation_1_R": 0.7530864197530864,
  "best_validation_1_F1": 0.7922077922077424,
  "best_validation_0_P": 0.7752808988764045,
  "best_validation_0_R": 0.8518518518518519,
  "best_validation_0_F1": 0.8117647058823031,
  "best_validation_accuracy": 0.8024691358024691,
  "best_validation_average_F1": 0.8019862490450227,
  "best_validation_loss": 0.5605429140004244
}