{
  "training_duration": "00:07:47",
  "training_start_epoch": 0,
  "training_epochs": 2,
  "epoch": 2,
  "training_1_F1": 0.7981721249047483,
  "training_0_F1": 0.7972456006120388,
  "training_accuracy": 0.7977099236641222,
  "training_average_F1": 0.7977088627583935,
  "training_loss": 0.6233082471824274,
  "validation_1_F1": 0.7763157894736346,
  "validation_0_F1": 0.8023255813952991,
  "validation_accuracy": 0.7901234567901234,
  "validation_average_F1": 0.7893206854344668,
  "validation_loss": 0.5551313053477894,
  "best_epoch": 2,
  "best_validation_1_F1": 0.7763157894736346,
  "best_validation_0_F1": 0.8023255813952991,
  "best_validation_accuracy": 0.7901234567901234,
  "best_validation_average_F1": 0.7893206854344668,
  "best_validation_loss": 0.5551313053477894
}