{
  "training_duration": "00:13:08",
  "training_start_epoch": 0,
  "training_epochs": 4,
  "epoch": 4,
  "training_1_F1": 0.8424197162060741,
  "training_0_F1": 0.8352849336455395,
  "training_accuracy": 0.8389312977099237,
  "training_average_F1": 0.8388523249258069,
  "training_loss": 0.5370717779165362,
  "validation_1_F1": 0.7894736842104765,
  "validation_0_F1": 0.8139534883720433,
  "validation_accuracy": 0.8024691358024691,
  "validation_average_F1": 0.8017135862912599,
  "validation_loss": 0.5175752206282183,
  "best_epoch": 4,
  "best_validation_1_F1": 0.7894736842104765,
  "best_validation_0_F1": 0.8139534883720433,
  "best_validation_accuracy": 0.8024691358024691,
  "best_validation_average_F1": 0.8017135862912599,
  "best_validation_loss": 0.5175752206282183
}