{
  "training_duration": "00:02:25",
  "training_start_epoch": 0,
  "training_epochs": 0,
  "epoch": 0,
  "training_1_F1": 0.6605624591235614,
  "training_0_F1": 0.5242896425297413,
  "training_accuracy": 0.6038167938931298,
  "training_average_F1": 0.5924260508266513,
  "training_loss": 0.7191345488152853,
  "validation_1_F1": 0.6845637583892121,
  "validation_0_F1": 0.7314285714285216,
  "validation_accuracy": 0.7098765432098766,
  "validation_average_F1": 0.7079961649088669,
  "validation_loss": 0.653716347434304,
  "best_epoch": 0,
  "best_validation_1_F1": 0.6845637583892121,
  "best_validation_0_F1": 0.7314285714285216,
  "best_validation_accuracy": 0.7098765432098766,
  "best_validation_average_F1": 0.7079961649088669,
  "best_validation_loss": 0.653716347434304
}