{
  "training_duration": "00:10:28",
  "training_start_epoch": 0,
  "training_epochs": 3,
  "epoch": 3,
  "training_1_F1": 0.826923076923027,
  "training_0_F1": 0.8154574132491614,
  "training_accuracy": 0.8213740458015267,
  "training_average_F1": 0.8211902450860942,
  "training_loss": 0.5794939147989925,
  "validation_1_F1": 0.7848101265822286,
  "validation_0_F1": 0.7951807228915163,
  "validation_accuracy": 0.7901234567901234,
  "validation_average_F1": 0.7899954247368725,
  "validation_loss": 0.5215356322852048,
  "best_epoch": 3,
  "best_validation_1_F1": 0.7848101265822286,
  "best_validation_0_F1": 0.7951807228915163,
  "best_validation_accuracy": 0.7901234567901234,
  "best_validation_average_F1": 0.7899954247368725,
  "best_validation_loss": 0.5215356322852048
}