{
  "peak_cpu_memory_MB": 5769.064,
  "peak_gpu_0_memory_MB": 11,
  "peak_gpu_1_memory_MB": 3960,
  "peak_gpu_2_memory_MB": 11,
  "peak_gpu_3_memory_MB": 11,
  "peak_gpu_4_memory_MB": 11,
  "peak_gpu_5_memory_MB": 11,
  "peak_gpu_6_memory_MB": 1924,
  "peak_gpu_7_memory_MB": 11,
  "peak_gpu_8_memory_MB": 11,
  "peak_gpu_9_memory_MB": 11,
  "peak_gpu_10_memory_MB": 11,
  "peak_gpu_11_memory_MB": 4806,
  "peak_gpu_12_memory_MB": 11,
  "peak_gpu_13_memory_MB": 11,
  "peak_gpu_14_memory_MB": 11,
  "peak_gpu_15_memory_MB": 11,
  "training_duration": "00:01:54",
  "training_start_epoch": 0,
  "training_epochs": 2,
  "epoch": 2,
  "training_1_P": 0.9510385756676558,
  "training_1_R": 0.9786259541984733,
  "training_1_F1": 0.9646350639578132,
  "training_0_P": 0.9779874213836478,
  "training_0_R": 0.9496183206106871,
  "training_0_F1": 0.9635941130905775,
  "training_accuracy": 0.9641221374045802,
  "training_average_F1": 0.9641145885241953,
  "training_loss": 0.1195482695020917,
  "training_cpu_memory_MB": 5769.064,
  "training_gpu_0_memory_MB": 11,
  "training_gpu_1_memory_MB": 3960,
  "training_gpu_2_memory_MB": 11,
  "training_gpu_3_memory_MB": 11,
  "training_gpu_4_memory_MB": 11,
  "training_gpu_5_memory_MB": 11,
  "training_gpu_6_memory_MB": 1924,
  "training_gpu_7_memory_MB": 11,
  "training_gpu_8_memory_MB": 11,
  "training_gpu_9_memory_MB": 11,
  "training_gpu_10_memory_MB": 11,
  "training_gpu_11_memory_MB": 4806,
  "training_gpu_12_memory_MB": 11,
  "training_gpu_13_memory_MB": 11,
  "training_gpu_14_memory_MB": 11,
  "training_gpu_15_memory_MB": 11,
  "validation_1_P": 0.8923076923076924,
  "validation_1_R": 0.7160493827160493,
  "validation_1_F1": 0.794520547945156,
  "validation_0_P": 0.7628865979381443,
  "validation_0_R": 0.9135802469135802,
  "validation_0_F1": 0.8314606741572537,
  "validation_accuracy": 0.8148148148148148,
  "validation_average_F1": 0.8129906110512048,
  "validation_loss": 0.5253184668042443,
  "best_epoch": 1,
  "best_validation_1_P": 0.8513513513513513,
  "best_validation_1_R": 0.7777777777777778,
  "best_validation_1_F1": 0.8129032258064018,
  "best_validation_0_P": 0.7954545454545454,
  "best_validation_0_R": 0.8641975308641975,
  "best_validation_0_F1": 0.8284023668638555,
  "best_validation_accuracy": 0.8209876543209876,
  "best_validation_average_F1": 0.8206527963351287,
  "best_validation_loss": 0.4581811617721211
}