{
  "peak_cpu_memory_MB": 5769.064,
  "peak_gpu_0_memory_MB": 11,
  "peak_gpu_1_memory_MB": 3960,
  "peak_gpu_2_memory_MB": 11,
  "peak_gpu_3_memory_MB": 11,
  "peak_gpu_4_memory_MB": 11,
  "peak_gpu_5_memory_MB": 11,
  "peak_gpu_6_memory_MB": 1906,
  "peak_gpu_7_memory_MB": 11,
  "peak_gpu_8_memory_MB": 11,
  "peak_gpu_9_memory_MB": 11,
  "peak_gpu_10_memory_MB": 11,
  "peak_gpu_11_memory_MB": 4806,
  "peak_gpu_12_memory_MB": 11,
  "peak_gpu_13_memory_MB": 11,
  "peak_gpu_14_memory_MB": 11,
  "peak_gpu_15_memory_MB": 11,
  "training_duration": "00:01:04",
  "training_start_epoch": 0,
  "training_epochs": 1,
  "epoch": 1,
  "training_1_P": 0.8947368421052632,
  "training_1_R": 0.934351145038168,
  "training_1_F1": 0.91411501120234,
  "training_0_P": 0.9313099041533547,
  "training_0_R": 0.8900763358778626,
  "training_0_F1": 0.9102263856361718,
  "training_accuracy": 0.9122137404580153,
  "training_average_F1": 0.9121706984192559,
  "training_loss": 0.24052394176946906,
  "training_cpu_memory_MB": 5769.064,
  "training_gpu_0_memory_MB": 11,
  "training_gpu_1_memory_MB": 3960,
  "training_gpu_2_memory_MB": 11,
  "training_gpu_3_memory_MB": 11,
  "training_gpu_4_memory_MB": 11,
  "training_gpu_5_memory_MB": 11,
  "training_gpu_6_memory_MB": 1906,
  "training_gpu_7_memory_MB": 11,
  "training_gpu_8_memory_MB": 11,
  "training_gpu_9_memory_MB": 11,
  "training_gpu_10_memory_MB": 11,
  "training_gpu_11_memory_MB": 4806,
  "training_gpu_12_memory_MB": 11,
  "training_gpu_13_memory_MB": 11,
  "training_gpu_14_memory_MB": 11,
  "training_gpu_15_memory_MB": 11,
  "validation_1_P": 0.8513513513513513,
  "validation_1_R": 0.7777777777777778,
  "validation_1_F1": 0.8129032258064018,
  "validation_0_P": 0.7954545454545454,
  "validation_0_R": 0.8641975308641975,
  "validation_0_F1": 0.8284023668638555,
  "validation_accuracy": 0.8209876543209876,
  "validation_average_F1": 0.8206527963351287,
  "validation_loss": 0.4581811617721211,
  "best_epoch": 1,
  "best_validation_1_P": 0.8513513513513513,
  "best_validation_1_R": 0.7777777777777778,
  "best_validation_1_F1": 0.8129032258064018,
  "best_validation_0_P": 0.7954545454545454,
  "best_validation_0_R": 0.8641975308641975,
  "best_validation_0_F1": 0.8284023668638555,
  "best_validation_accuracy": 0.8209876543209876,
  "best_validation_average_F1": 0.8206527963351287,
  "best_validation_loss": 0.4581811617721211
}