{
  "peak_cpu_memory_MB": 5769.064,
  "peak_gpu_0_memory_MB": 11,
  "peak_gpu_1_memory_MB": 3960,
  "peak_gpu_2_memory_MB": 11,
  "peak_gpu_3_memory_MB": 11,
  "peak_gpu_4_memory_MB": 11,
  "peak_gpu_5_memory_MB": 11,
  "peak_gpu_6_memory_MB": 1924,
  "peak_gpu_7_memory_MB": 11,
  "peak_gpu_8_memory_MB": 11,
  "peak_gpu_9_memory_MB": 11,
  "peak_gpu_10_memory_MB": 11,
  "peak_gpu_11_memory_MB": 4806,
  "peak_gpu_12_memory_MB": 11,
  "peak_gpu_13_memory_MB": 11,
  "peak_gpu_14_memory_MB": 11,
  "peak_gpu_15_memory_MB": 11,
  "training_duration": "00:02:26",
  "training_start_epoch": 0,
  "training_epochs": 3,
  "epoch": 3,
  "training_1_P": 0.9848942598187311,
  "training_1_R": 0.9954198473282443,
  "training_1_F1": 0.9901290812452045,
  "training_0_P": 0.9953703703703703,
  "training_0_R": 0.9847328244274809,
  "training_0_F1": 0.9900230237912009,
  "training_accuracy": 0.9900763358778626,
  "training_average_F1": 0.9900760525182026,
  "training_loss": 0.04956106105592192,
  "training_cpu_memory_MB": 5769.064,
  "training_gpu_0_memory_MB": 11,
  "training_gpu_1_memory_MB": 3960,
  "training_gpu_2_memory_MB": 11,
  "training_gpu_3_memory_MB": 11,
  "training_gpu_4_memory_MB": 11,
  "training_gpu_5_memory_MB": 11,
  "training_gpu_6_memory_MB": 1924,
  "training_gpu_7_memory_MB": 11,
  "training_gpu_8_memory_MB": 11,
  "training_gpu_9_memory_MB": 11,
  "training_gpu_10_memory_MB": 11,
  "training_gpu_11_memory_MB": 4806,
  "training_gpu_12_memory_MB": 11,
  "training_gpu_13_memory_MB": 11,
  "training_gpu_14_memory_MB": 11,
  "training_gpu_15_memory_MB": 11,
  "validation_1_P": 0.8271604938271605,
  "validation_1_R": 0.8271604938271605,
  "validation_1_F1": 0.8271604938271105,
  "validation_0_P": 0.8271604938271605,
  "validation_0_R": 0.8271604938271605,
  "validation_0_F1": 0.8271604938271105,
  "validation_accuracy": 0.8271604938271605,
  "validation_average_F1": 0.8271604938271105,
  "validation_loss": 0.6839106028730219,
  "best_epoch": 3,
  "best_validation_1_P": 0.8271604938271605,
  "best_validation_1_R": 0.8271604938271605,
  "best_validation_1_F1": 0.8271604938271105,
  "best_validation_0_P": 0.8271604938271605,
  "best_validation_0_R": 0.8271604938271605,
  "best_validation_0_F1": 0.8271604938271105,
  "best_validation_accuracy": 0.8271604938271605,
  "best_validation_average_F1": 0.8271604938271105,
  "best_validation_loss": 0.6839106028730219
}