{
  "peak_cpu_memory_MB": 5769.064,
  "peak_gpu_0_memory_MB": 11,
  "peak_gpu_1_memory_MB": 3960,
  "peak_gpu_2_memory_MB": 11,
  "peak_gpu_3_memory_MB": 11,
  "peak_gpu_4_memory_MB": 11,
  "peak_gpu_5_memory_MB": 11,
  "peak_gpu_6_memory_MB": 1634,
  "peak_gpu_7_memory_MB": 11,
  "peak_gpu_8_memory_MB": 11,
  "peak_gpu_9_memory_MB": 11,
  "peak_gpu_10_memory_MB": 11,
  "peak_gpu_11_memory_MB": 4806,
  "peak_gpu_12_memory_MB": 11,
  "peak_gpu_13_memory_MB": 11,
  "peak_gpu_14_memory_MB": 11,
  "peak_gpu_15_memory_MB": 11,
  "training_duration": "00:00:31",
  "training_start_epoch": 0,
  "training_epochs": 0,
  "epoch": 0,
  "training_1_P": 0.7905308464849354,
  "training_1_R": 0.8412213740458016,
  "training_1_F1": 0.8150887573963999,
  "training_0_P": 0.8303425774877651,
  "training_0_R": 0.7770992366412214,
  "training_0_F1": 0.802839116719193,
  "training_accuracy": 0.8091603053435115,
  "training_average_F1": 0.8089639370577963,
  "training_loss": 0.4466332398900172,
  "training_cpu_memory_MB": 5769.064,
  "training_gpu_0_memory_MB": 11,
  "training_gpu_1_memory_MB": 3960,
  "training_gpu_2_memory_MB": 11,
  "training_gpu_3_memory_MB": 11,
  "training_gpu_4_memory_MB": 11,
  "training_gpu_5_memory_MB": 11,
  "training_gpu_6_memory_MB": 1634,
  "training_gpu_7_memory_MB": 11,
  "training_gpu_8_memory_MB": 11,
  "training_gpu_9_memory_MB": 11,
  "training_gpu_10_memory_MB": 11,
  "training_gpu_11_memory_MB": 4806,
  "training_gpu_12_memory_MB": 11,
  "training_gpu_13_memory_MB": 11,
  "training_gpu_14_memory_MB": 11,
  "training_gpu_15_memory_MB": 11,
  "validation_1_P": 0.8072289156626506,
  "validation_1_R": 0.8271604938271605,
  "validation_1_F1": 0.8170731707316575,
  "validation_0_P": 0.8227848101265823,
  "validation_0_R": 0.8024691358024691,
  "validation_0_F1": 0.8124999999999502,
  "validation_accuracy": 0.8148148148148148,
  "validation_average_F1": 0.8147865853658038,
  "validation_loss": 0.3756362877108834,
  "best_epoch": 0,
  "best_validation_1_P": 0.8072289156626506,
  "best_validation_1_R": 0.8271604938271605,
  "best_validation_1_F1": 0.8170731707316575,
  "best_validation_0_P": 0.8227848101265823,
  "best_validation_0_R": 0.8024691358024691,
  "best_validation_0_F1": 0.8124999999999502,
  "best_validation_accuracy": 0.8148148148148148,
  "best_validation_average_F1": 0.8147865853658038,
  "best_validation_loss": 0.3756362877108834
}