{
  "peak_cpu_memory_MB": 3068.936,
  "peak_gpu_0_memory_MB": 2510,
  "training_duration": "00:04:14",
  "training_start_epoch": 0,
  "training_epochs": 9,
  "epoch": 9,
  "training_1_P": 0.8488372093023255,
  "training_1_R": 0.8916030534351145,
  "training_1_F1": 0.8696947133283194,
  "training_0_P": 0.8858520900321544,
  "training_0_R": 0.8412213740458016,
  "training_0_F1": 0.8629600626467786,
  "training_accuracy": 0.8664122137404581,
  "training_average_F1": 0.866327387987549,
  "training_loss": 0.33016308914960885,
  "training_cpu_memory_MB": 3068.936,
  "training_gpu_0_memory_MB": 2510,
  "validation_1_P": 0.8295454545454546,
  "validation_1_R": 0.9012345679012346,
  "validation_1_F1": 0.8639053254437372,
  "validation_0_P": 0.8918918918918919,
  "validation_0_R": 0.8148148148148148,
  "validation_0_F1": 0.8516129032257566,
  "validation_accuracy": 0.8580246913580247,
  "validation_average_F1": 0.8577591143347469,
  "validation_loss": 0.3166734061457894,
  "best_epoch": 6,
  "best_validation_1_P": 0.8488372093023255,
  "best_validation_1_R": 0.9012345679012346,
  "best_validation_1_F1": 0.8742514970059381,
  "best_validation_0_P": 0.8947368421052632,
  "best_validation_0_R": 0.8395061728395061,
  "best_validation_0_F1": 0.8662420382165106,
  "best_validation_accuracy": 0.8703703703703703,
  "best_validation_average_F1": 0.8702467676112243,
  "best_validation_loss": 0.4082892902872779,
  "test_1_P": 0.8023255813953488,
  "test_1_R": 0.8518518518518519,
  "test_1_F1": 0.8263473053891718,
  "test_0_P": 0.8421052631578947,
  "test_0_R": 0.7901234567901234,
  "test_0_F1": 0.8152866242037717,
  "test_accuracy": 0.8209876543209876,
  "test_average_F1": 0.8208169647964718,
  "test_loss": 0.4061871509660374
}