{
  "peak_cpu_memory_MB": 3084.664,
  "peak_gpu_0_memory_MB": 11,
  "peak_gpu_1_memory_MB": 11,
  "peak_gpu_2_memory_MB": 2958,
  "peak_gpu_3_memory_MB": 2946,
  "peak_gpu_4_memory_MB": 11,
  "peak_gpu_5_memory_MB": 11,
  "peak_gpu_6_memory_MB": 11,
  "peak_gpu_7_memory_MB": 11,
  "peak_gpu_8_memory_MB": 11,
  "peak_gpu_9_memory_MB": 11,
  "peak_gpu_10_memory_MB": 11,
  "peak_gpu_11_memory_MB": 11,
  "peak_gpu_12_memory_MB": 11,
  "peak_gpu_13_memory_MB": 11,
  "peak_gpu_14_memory_MB": 11,
  "peak_gpu_15_memory_MB": 11,
  "training_duration": "00:02:41",
  "training_start_epoch": 0,
  "training_epochs": 5,
  "epoch": 5,
  "training_1_F1": 0.9713423831070391,
  "training_0_F1": 0.9706336939721294,
  "training_accuracy": 0.9709923664122138,
  "training_average_F1": 0.9709880385395843,
  "training_loss": 0.11559850904272824,
  "training_cpu_memory_MB": 3084.664,
  "training_gpu_0_memory_MB": 11,
  "training_gpu_1_memory_MB": 11,
  "training_gpu_2_memory_MB": 2958,
  "training_gpu_3_memory_MB": 2942,
  "training_gpu_4_memory_MB": 11,
  "training_gpu_5_memory_MB": 11,
  "training_gpu_6_memory_MB": 11,
  "training_gpu_7_memory_MB": 11,
  "training_gpu_8_memory_MB": 11,
  "training_gpu_9_memory_MB": 11,
  "training_gpu_10_memory_MB": 11,
  "training_gpu_11_memory_MB": 11,
  "training_gpu_12_memory_MB": 11,
  "training_gpu_13_memory_MB": 11,
  "training_gpu_14_memory_MB": 11,
  "training_gpu_15_memory_MB": 11,
  "validation_1_F1": 0.8834355828220359,
  "validation_0_F1": 0.8819875776397015,
  "validation_accuracy": 0.8827160493827161,
  "validation_average_F1": 0.8827115802308687,
  "validation_loss": 0.29658639193935826,
  "best_epoch": 4,
  "best_validation_1_F1": 0.8987341772151399,
  "best_validation_0_F1": 0.9036144578312753,
  "best_validation_accuracy": 0.9012345679012346,
  "best_validation_average_F1": 0.9011743175232076,
  "best_validation_loss": 0.4554933092810891,
  "test_1_F1": 0.8121212121211623,
  "test_0_F1": 0.8050314465408306,
  "test_accuracy": 0.808641975308642,
  "test_average_F1": 0.8085763293309964,
  "test_loss": 0.4690447984771295
}