{
  "peak_cpu_memory_MB": 5770.44,
  "peak_gpu_0_memory_MB": 11,
  "peak_gpu_1_memory_MB": 2330,
  "peak_gpu_2_memory_MB": 11,
  "peak_gpu_3_memory_MB": 11,
  "peak_gpu_4_memory_MB": 11,
  "peak_gpu_5_memory_MB": 11,
  "peak_gpu_6_memory_MB": 1924,
  "peak_gpu_7_memory_MB": 11,
  "peak_gpu_8_memory_MB": 11,
  "peak_gpu_9_memory_MB": 11,
  "peak_gpu_10_memory_MB": 11,
  "peak_gpu_11_memory_MB": 2856,
  "peak_gpu_12_memory_MB": 11,
  "peak_gpu_13_memory_MB": 11,
  "peak_gpu_14_memory_MB": 11,
  "peak_gpu_15_memory_MB": 11,
  "training_duration": "00:01:48",
  "training_start_epoch": 0,
  "training_epochs": 2,
  "epoch": 2,
  "training_1_P": 0.9127218934911243,
  "training_1_R": 0.9419847328244275,
  "training_1_F1": 0.9271224643124971,
  "training_0_P": 0.9400630914826499,
  "training_0_R": 0.9099236641221374,
  "training_0_F1": 0.9247478665631774,
  "training_accuracy": 0.9259541984732824,
  "training_average_F1": 0.9259351654378373,
  "training_loss": 0.19245816821732173,
  "training_cpu_memory_MB": 5770.44,
  "training_gpu_0_memory_MB": 11,
  "training_gpu_1_memory_MB": 2330,
  "training_gpu_2_memory_MB": 11,
  "training_gpu_3_memory_MB": 11,
  "training_gpu_4_memory_MB": 11,
  "training_gpu_5_memory_MB": 11,
  "training_gpu_6_memory_MB": 1924,
  "training_gpu_7_memory_MB": 11,
  "training_gpu_8_memory_MB": 11,
  "training_gpu_9_memory_MB": 11,
  "training_gpu_10_memory_MB": 11,
  "training_gpu_11_memory_MB": 2856,
  "training_gpu_12_memory_MB": 11,
  "training_gpu_13_memory_MB": 11,
  "training_gpu_14_memory_MB": 11,
  "training_gpu_15_memory_MB": 11,
  "validation_1_P": 0.8840579710144928,
  "validation_1_R": 0.7530864197530864,
  "validation_1_F1": 0.8133333333332836,
  "validation_0_P": 0.7849462365591398,
  "validation_0_R": 0.9012345679012346,
  "validation_0_F1": 0.8390804597700652,
  "validation_accuracy": 0.8271604938271605,
  "validation_average_F1": 0.8262068965516745,
  "validation_loss": 0.44569563594731415,
  "best_epoch": 1,
  "best_validation_1_P": 0.8970588235294118,
  "best_validation_1_R": 0.7530864197530864,
  "best_validation_1_F1": 0.8187919463086752,
  "best_validation_0_P": 0.7872340425531915,
  "best_validation_0_R": 0.9135802469135802,
  "best_validation_0_F1": 0.845714285714236,
  "best_validation_accuracy": 0.8333333333333334,
  "best_validation_average_F1": 0.8322531160114557,
  "best_validation_loss": 0.4604436457157135
}