{
  "peak_cpu_memory_MB": 5770.44,
  "peak_gpu_0_memory_MB": 11,
  "peak_gpu_1_memory_MB": 2694,
  "peak_gpu_2_memory_MB": 11,
  "peak_gpu_3_memory_MB": 11,
  "peak_gpu_4_memory_MB": 11,
  "peak_gpu_5_memory_MB": 11,
  "peak_gpu_6_memory_MB": 1924,
  "peak_gpu_7_memory_MB": 11,
  "peak_gpu_8_memory_MB": 11,
  "peak_gpu_9_memory_MB": 11,
  "peak_gpu_10_memory_MB": 11,
  "peak_gpu_11_memory_MB": 2856,
  "peak_gpu_12_memory_MB": 11,
  "peak_gpu_13_memory_MB": 11,
  "peak_gpu_14_memory_MB": 11,
  "peak_gpu_15_memory_MB": 11,
  "training_duration": "00:03:08",
  "training_start_epoch": 0,
  "training_epochs": 4,
  "epoch": 4,
  "training_1_P": 0.9879154078549849,
  "training_1_R": 0.9984732824427481,
  "training_1_F1": 0.9931662870158954,
  "training_0_P": 0.9984567901234568,
  "training_0_R": 0.9877862595419847,
  "training_0_F1": 0.9930928626246622,
  "training_accuracy": 0.9931297709923664,
  "training_average_F1": 0.9931295748202789,
  "training_loss": 0.02991412369897816,
  "training_cpu_memory_MB": 5770.44,
  "training_gpu_0_memory_MB": 11,
  "training_gpu_1_memory_MB": 2694,
  "training_gpu_2_memory_MB": 11,
  "training_gpu_3_memory_MB": 11,
  "training_gpu_4_memory_MB": 11,
  "training_gpu_5_memory_MB": 11,
  "training_gpu_6_memory_MB": 1924,
  "training_gpu_7_memory_MB": 11,
  "training_gpu_8_memory_MB": 11,
  "training_gpu_9_memory_MB": 11,
  "training_gpu_10_memory_MB": 11,
  "training_gpu_11_memory_MB": 2856,
  "training_gpu_12_memory_MB": 11,
  "training_gpu_13_memory_MB": 11,
  "training_gpu_14_memory_MB": 11,
  "training_gpu_15_memory_MB": 11,
  "validation_1_P": 0.8765432098765432,
  "validation_1_R": 0.8765432098765432,
  "validation_1_F1": 0.8765432098764933,
  "validation_0_P": 0.8765432098765432,
  "validation_0_R": 0.8765432098765432,
  "validation_0_F1": 0.8765432098764933,
  "validation_accuracy": 0.8765432098765432,
  "validation_average_F1": 0.8765432098764933,
  "validation_loss": 0.6455233320593834,
  "best_epoch": 4,
  "best_validation_1_P": 0.8765432098765432,
  "best_validation_1_R": 0.8765432098765432,
  "best_validation_1_F1": 0.8765432098764933,
  "best_validation_0_P": 0.8765432098765432,
  "best_validation_0_R": 0.8765432098765432,
  "best_validation_0_F1": 0.8765432098764933,
  "best_validation_accuracy": 0.8765432098765432,
  "best_validation_average_F1": 0.8765432098764933,
  "best_validation_loss": 0.6455233320593834
}