{
  "training_duration": "00:27:54",
  "training_start_epoch": 0,
  "training_epochs": 10,
  "epoch": 10,
  "training_1_F1": 0.8898876404493883,
  "training_0_F1": 0.8856031128404169,
  "training_accuracy": 0.8877862595419848,
  "training_average_F1": 0.8877453766449026,
  "training_loss": 0.43867314116256995,
  "validation_1_F1": 0.7972972972972477,
  "validation_0_F1": 0.8295454545454048,
  "validation_accuracy": 0.8148148148148148,
  "validation_average_F1": 0.8134213759213262,
  "validation_loss": 0.4435808170925487,
  "best_epoch": 9,
  "best_validation_1_F1": 0.8187919463086752,
  "best_validation_0_F1": 0.845714285714236,
  "best_validation_accuracy": 0.8333333333333334,
  "best_validation_average_F1": 0.8322531160114557,
  "best_validation_loss": 0.4413093761964278
}