{
  "training_duration": "00:25:17",
  "training_start_epoch": 0,
  "training_epochs": 9,
  "epoch": 9,
  "training_1_F1": 0.8763040238449575,
  "training_0_F1": 0.8701095461658342,
  "training_accuracy": 0.8732824427480916,
  "training_average_F1": 0.873206785005396,
  "training_loss": 0.4494130749528001,
  "validation_1_F1": 0.8187919463086752,
  "validation_0_F1": 0.845714285714236,
  "validation_accuracy": 0.8333333333333334,
  "validation_average_F1": 0.8322531160114557,
  "validation_loss": 0.4413093761964278,
  "best_epoch": 9,
  "best_validation_1_F1": 0.8187919463086752,
  "best_validation_0_F1": 0.845714285714236,
  "best_validation_accuracy": 0.8333333333333334,
  "best_validation_average_F1": 0.8322531160114557,
  "best_validation_loss": 0.4413093761964278
}