{
  "training_duration": "00:22:50",
  "training_start_epoch": 0,
  "training_epochs": 8,
  "epoch": 8,
  "training_1_F1": 0.8678966789667397,
  "training_0_F1": 0.8584980237153651,
  "training_accuracy": 0.8633587786259542,
  "training_average_F1": 0.8631973513410525,
  "training_loss": 0.4684644421426261,
  "validation_1_F1": 0.8051948051947554,
  "validation_0_F1": 0.823529411764656,
  "validation_accuracy": 0.8148148148148148,
  "validation_average_F1": 0.8143621084797057,
  "validation_loss": 0.44246000051498413,
  "best_epoch": 7,
  "best_validation_1_F1": 0.8053691275167288,
  "best_validation_0_F1": 0.8342857142856646,
  "best_validation_accuracy": 0.8209876543209876,
  "best_validation_average_F1": 0.8198274209011966,
  "best_validation_loss": 0.4897703934799541
}