{
  "peak_cpu_memory_MB": 3070.016,
  "peak_gpu_0_memory_MB": 2510,
  "training_duration": "00:01:16",
  "training_start_epoch": 0,
  "training_epochs": 2,
  "epoch": 2,
  "training_1_F1": 0.9463340891911821,
  "training_0_F1": 0.9452582883576988,
  "training_accuracy": 0.9458015267175572,
  "training_average_F1": 0.9457961887744404,
  "training_loss": 0.16006077630672513,
  "training_cpu_memory_MB": 3070.016,
  "training_gpu_0_memory_MB": 2510,
  "validation_1_F1": 0.826666666666617,
  "validation_0_F1": 0.8505747126436284,
  "validation_accuracy": 0.8395061728395061,
  "validation_average_F1": 0.8386206896551227,
  "validation_loss": 0.484642970291051,
  "best_epoch": 1,
  "best_validation_1_F1": 0.8734177215189374,
  "best_validation_0_F1": 0.8795180722891066,
  "best_validation_accuracy": 0.8765432098765432,
  "best_validation_average_F1": 0.876467896904022,
  "best_validation_loss": 0.3260672146623785,
  "test_1_F1": 0.8354430379746336,
  "test_0_F1": 0.8433734939758536,
  "test_accuracy": 0.8395061728395061,
  "test_average_F1": 0.8394082659752435,
  "test_loss": 0.38856334306977014
}