{
  "peak_cpu_memory_MB": 2191.376,
  "peak_gpu_0_memory_MB": 704,
  "training_duration": "00:00:21",
  "training_start_epoch": 0,
  "training_epochs": 0,
  "epoch": 0,
  "training_1_P": 0.7529761904761905,
  "training_1_R": 0.7725190839694657,
  "training_1_F1": 0.7626224566691286,
  "training_0_P": 0.7664576802507836,
  "training_0_R": 0.7465648854961832,
  "training_0_F1": 0.7563805104407852,
  "training_accuracy": 0.7595419847328244,
  "training_average_F1": 0.759501483554957,
  "training_loss": 0.49512879096153306,
  "training_cpu_memory_MB": 2191.376,
  "training_gpu_0_memory_MB": 704,
  "validation_1_P": 0.8170731707317073,
  "validation_1_R": 0.8271604938271605,
  "validation_1_F1": 0.8220858895705022,
  "validation_0_P": 0.825,
  "validation_0_R": 0.8148148148148148,
  "validation_0_F1": 0.8198757763974656,
  "validation_accuracy": 0.8209876543209876,
  "validation_average_F1": 0.8209808329839838,
  "validation_loss": 0.3793832768093456,
  "best_epoch": 0,
  "best_validation_1_P": 0.8170731707317073,
  "best_validation_1_R": 0.8271604938271605,
  "best_validation_1_F1": 0.8220858895705022,
  "best_validation_0_P": 0.825,
  "best_validation_0_R": 0.8148148148148148,
  "best_validation_0_F1": 0.8198757763974656,
  "best_validation_accuracy": 0.8209876543209876,
  "best_validation_average_F1": 0.8209808329839838,
  "best_validation_loss": 0.3793832768093456
}