{
  "peak_cpu_memory_MB": 2191.376,
  "peak_gpu_0_memory_MB": 1066,
  "training_duration": "00:01:04",
  "training_start_epoch": 0,
  "training_epochs": 2,
  "epoch": 2,
  "training_1_P": 0.8705882352941177,
  "training_1_R": 0.9038167938931297,
  "training_1_F1": 0.8868913857677403,
  "training_0_P": 0.9,
  "training_0_R": 0.8656488549618321,
  "training_0_F1": 0.8824902723734909,
  "training_accuracy": 0.8847328244274809,
  "training_average_F1": 0.8846908290706156,
  "training_loss": 0.28665614318920346,
  "training_cpu_memory_MB": 2191.376,
  "training_gpu_0_memory_MB": 1066,
  "validation_1_P": 0.7640449438202247,
  "validation_1_R": 0.8395061728395061,
  "validation_1_F1": 0.7999999999999502,
  "validation_0_P": 0.821917808219178,
  "validation_0_R": 0.7407407407407407,
  "validation_0_F1": 0.7792207792207294,
  "validation_accuracy": 0.7901234567901234,
  "validation_average_F1": 0.7896103896103398,
  "validation_loss": 0.4714368635957891,
  "best_epoch": 0,
  "best_validation_1_P": 0.8170731707317073,
  "best_validation_1_R": 0.8271604938271605,
  "best_validation_1_F1": 0.8220858895705022,
  "best_validation_0_P": 0.825,
  "best_validation_0_R": 0.8148148148148148,
  "best_validation_0_F1": 0.8198757763974656,
  "best_validation_accuracy": 0.8209876543209876,
  "best_validation_average_F1": 0.8209808329839838,
  "best_validation_loss": 0.3793832768093456
}