{
  "peak_cpu_memory_MB": 2203.128,
  "peak_gpu_0_memory_MB": 1116,
  "training_duration": "00:01:28",
  "training_start_epoch": 0,
  "training_epochs": 3,
  "epoch": 3,
  "training_1_P": 0.9034175334323923,
  "training_1_R": 0.9282442748091603,
  "training_1_F1": 0.9156626506023596,
  "training_0_P": 0.9262166405023547,
  "training_0_R": 0.9007633587786259,
  "training_0_F1": 0.9133126934984019,
  "training_accuracy": 0.9145038167938931,
  "training_average_F1": 0.9144876720503807,
  "training_loss": 0.24131103018980202,
  "training_cpu_memory_MB": 2203.128,
  "training_gpu_0_memory_MB": 1116,
  "validation_1_P": 0.8108108108108109,
  "validation_1_R": 0.7407407407407407,
  "validation_1_F1": 0.774193548387047,
  "validation_0_P": 0.7613636363636364,
  "validation_0_R": 0.8271604938271605,
  "validation_0_F1": 0.7928994082839738,
  "validation_accuracy": 0.7839506172839507,
  "validation_average_F1": 0.7835464783355104,
  "validation_loss": 0.4741083166816018,
  "best_epoch": 1,
  "best_validation_1_P": 0.8,
  "best_validation_1_R": 0.8395061728395061,
  "best_validation_1_F1": 0.8192771084336851,
  "best_validation_0_P": 0.8311688311688312,
  "best_validation_0_R": 0.7901234567901234,
  "best_validation_0_F1": 0.8101265822784312,
  "best_validation_accuracy": 0.8148148148148148,
  "best_validation_average_F1": 0.8147018453560582,
  "best_validation_loss": 0.39559201354330237,
  "test_1_P": 0.8,
  "test_1_R": 0.8395061728395061,
  "test_1_F1": 0.8192771084336851,
  "test_0_P": 0.8311688311688312,
  "test_0_R": 0.7901234567901234,
  "test_0_F1": 0.8101265822784312,
  "test_accuracy": 0.8148148148148148,
  "test_average_F1": 0.8147018453560582,
  "test_loss": 0.4044154259291562
}