{
  "peak_cpu_memory_MB": 1854.064,
  "peak_gpu_0_memory_MB": 352,
  "training_duration": "00:00:03",
  "training_start_epoch": 0,
  "training_epochs": 2,
  "epoch": 2,
  "training_1_P": 0.8520625889046942,
  "training_1_R": 0.9145038167938931,
  "training_1_F1": 0.8821796759940592,
  "training_0_P": 0.9077429983525536,
  "training_0_R": 0.8412213740458016,
  "training_0_F1": 0.873217115689332,
  "training_accuracy": 0.8778625954198473,
  "training_average_F1": 0.8776983958416956,
  "training_loss": 0.31180480713161024,
  "training_cpu_memory_MB": 1854.064,
  "training_gpu_0_memory_MB": 352,
  "validation_1_P": 0.7978723404255319,
  "validation_1_R": 0.9259259259259259,
  "validation_1_F1": 0.8571428571428076,
  "validation_0_P": 0.9117647058823529,
  "validation_0_R": 0.7654320987654321,
  "validation_0_F1": 0.8322147651006215,
  "validation_accuracy": 0.845679012345679,
  "validation_average_F1": 0.8446788111217145,
  "validation_loss": 0.3684718676588752,
  "best_epoch": 2,
  "best_validation_1_P": 0.7978723404255319,
  "best_validation_1_R": 0.9259259259259259,
  "best_validation_1_F1": 0.8571428571428076,
  "best_validation_0_P": 0.9117647058823529,
  "best_validation_0_R": 0.7654320987654321,
  "best_validation_0_F1": 0.8322147651006215,
  "best_validation_accuracy": 0.845679012345679,
  "best_validation_average_F1": 0.8446788111217145,
  "best_validation_loss": 0.3684718676588752
}