{
  "peak_cpu_memory_MB": 1854.064,
  "peak_gpu_0_memory_MB": 352,
  "training_duration": "00:00:05",
  "training_start_epoch": 0,
  "training_epochs": 4,
  "epoch": 4,
  "training_1_P": 0.9279411764705883,
  "training_1_R": 0.9633587786259542,
  "training_1_F1": 0.9453183520598752,
  "training_0_P": 0.9619047619047619,
  "training_0_R": 0.9251908396946565,
  "training_0_F1": 0.9431906614785494,
  "training_accuracy": 0.9442748091603054,
  "training_average_F1": 0.9442545067692123,
  "training_loss": 0.17190294699152794,
  "training_cpu_memory_MB": 1854.064,
  "training_gpu_0_memory_MB": 352,
  "validation_1_P": 0.8095238095238095,
  "validation_1_R": 0.8395061728395061,
  "validation_1_F1": 0.8242424242423743,
  "validation_0_P": 0.8333333333333334,
  "validation_0_R": 0.8024691358024691,
  "validation_0_F1": 0.8176100628930317,
  "validation_accuracy": 0.8209876543209876,
  "validation_average_F1": 0.8209262435677029,
  "validation_loss": 0.5214663188565861,
  "best_epoch": 2,
  "best_validation_1_P": 0.7978723404255319,
  "best_validation_1_R": 0.9259259259259259,
  "best_validation_1_F1": 0.8571428571428076,
  "best_validation_0_P": 0.9117647058823529,
  "best_validation_0_R": 0.7654320987654321,
  "best_validation_0_F1": 0.8322147651006215,
  "best_validation_accuracy": 0.845679012345679,
  "best_validation_average_F1": 0.8446788111217145,
  "best_validation_loss": 0.3684718676588752
}