{
  "peak_cpu_memory_MB": 1856.968,
  "peak_gpu_0_memory_MB": 11,
  "peak_gpu_1_memory_MB": 11082,
  "peak_gpu_2_memory_MB": 11,
  "peak_gpu_3_memory_MB": 352,
  "peak_gpu_4_memory_MB": 11,
  "peak_gpu_5_memory_MB": 11,
  "peak_gpu_6_memory_MB": 11,
  "peak_gpu_7_memory_MB": 11,
  "peak_gpu_8_memory_MB": 11,
  "peak_gpu_9_memory_MB": 11,
  "peak_gpu_10_memory_MB": 11,
  "peak_gpu_11_memory_MB": 11,
  "peak_gpu_12_memory_MB": 11,
  "peak_gpu_13_memory_MB": 11,
  "peak_gpu_14_memory_MB": 11,
  "peak_gpu_15_memory_MB": 11,
  "training_duration": "00:00:05",
  "training_start_epoch": 0,
  "training_epochs": 3,
  "epoch": 3,
  "training_1_P": 0.8801169590643275,
  "training_1_R": 0.9190839694656489,
  "training_1_F1": 0.8991784914114512,
  "training_0_P": 0.9153354632587859,
  "training_0_R": 0.8748091603053435,
  "training_0_F1": 0.8946135831381233,
  "training_accuracy": 0.8969465648854962,
  "training_average_F1": 0.8968960372747873,
  "training_loss": 0.26261789633370025,
  "training_cpu_memory_MB": 1856.968,
  "training_gpu_0_memory_MB": 11,
  "training_gpu_1_memory_MB": 11082,
  "training_gpu_2_memory_MB": 11,
  "training_gpu_3_memory_MB": 352,
  "training_gpu_4_memory_MB": 11,
  "training_gpu_5_memory_MB": 11,
  "training_gpu_6_memory_MB": 11,
  "training_gpu_7_memory_MB": 11,
  "training_gpu_8_memory_MB": 11,
  "training_gpu_9_memory_MB": 11,
  "training_gpu_10_memory_MB": 11,
  "training_gpu_11_memory_MB": 11,
  "training_gpu_12_memory_MB": 11,
  "training_gpu_13_memory_MB": 11,
  "training_gpu_14_memory_MB": 11,
  "training_gpu_15_memory_MB": 11,
  "validation_1_P": 0.8888888888888888,
  "validation_1_R": 0.7901234567901234,
  "validation_1_F1": 0.8366013071894927,
  "validation_0_P": 0.8111111111111111,
  "validation_0_R": 0.9012345679012346,
  "validation_0_F1": 0.8538011695905934,
  "validation_accuracy": 0.845679012345679,
  "validation_average_F1": 0.845201238390043,
  "validation_loss": 0.41636251590468665,
  "best_epoch": 2,
  "best_validation_1_P": 0.8518518518518519,
  "best_validation_1_R": 0.8518518518518519,
  "best_validation_1_F1": 0.8518518518518019,
  "best_validation_0_P": 0.8518518518518519,
  "best_validation_0_R": 0.8518518518518519,
  "best_validation_0_F1": 0.8518518518518019,
  "best_validation_accuracy": 0.8518518518518519,
  "best_validation_average_F1": 0.8518518518518019,
  "best_validation_loss": 0.37578593465414917
}