{
  "peak_cpu_memory_MB": 4456.276,
  "peak_gpu_0_memory_MB": 11,
  "peak_gpu_1_memory_MB": 2402,
  "peak_gpu_2_memory_MB": 11,
  "peak_gpu_3_memory_MB": 11,
  "peak_gpu_4_memory_MB": 11,
  "peak_gpu_5_memory_MB": 11,
  "peak_gpu_6_memory_MB": 1894,
  "peak_gpu_7_memory_MB": 11,
  "peak_gpu_8_memory_MB": 11,
  "peak_gpu_9_memory_MB": 11,
  "peak_gpu_10_memory_MB": 11,
  "peak_gpu_11_memory_MB": 2842,
  "peak_gpu_12_memory_MB": 11,
  "peak_gpu_13_memory_MB": 11,
  "peak_gpu_14_memory_MB": 11,
  "peak_gpu_15_memory_MB": 1242,
  "training_duration": "00:02:27",
  "training_start_epoch": 0,
  "training_epochs": 3,
  "epoch": 3,
  "training_1_P": 0.9640179910044977,
  "training_1_R": 0.981679389312977,
  "training_1_F1": 0.972768532526425,
  "training_0_P": 0.9813374805598756,
  "training_0_R": 0.9633587786259542,
  "training_0_F1": 0.9722650231124309,
  "training_accuracy": 0.9725190839694656,
  "training_average_F1": 0.9725167778194279,
  "training_loss": 0.09436949544654387,
  "training_cpu_memory_MB": 4456.276,
  "training_gpu_0_memory_MB": 11,
  "training_gpu_1_memory_MB": 2402,
  "training_gpu_2_memory_MB": 11,
  "training_gpu_3_memory_MB": 11,
  "training_gpu_4_memory_MB": 11,
  "training_gpu_5_memory_MB": 11,
  "training_gpu_6_memory_MB": 1894,
  "training_gpu_7_memory_MB": 11,
  "training_gpu_8_memory_MB": 11,
  "training_gpu_9_memory_MB": 11,
  "training_gpu_10_memory_MB": 11,
  "training_gpu_11_memory_MB": 2842,
  "training_gpu_12_memory_MB": 11,
  "training_gpu_13_memory_MB": 11,
  "training_gpu_14_memory_MB": 11,
  "training_gpu_15_memory_MB": 1242,
  "validation_1_P": 0.8275862068965517,
  "validation_1_R": 0.8888888888888888,
  "validation_1_F1": 0.8571428571428074,
  "validation_0_P": 0.88,
  "validation_0_R": 0.8148148148148148,
  "validation_0_F1": 0.8461538461537963,
  "validation_accuracy": 0.8518518518518519,
  "validation_average_F1": 0.8516483516483018,
  "validation_loss": 0.35463557595556433,
  "best_epoch": 2,
  "best_validation_1_P": 0.8705882352941177,
  "best_validation_1_R": 0.9135802469135802,
  "best_validation_1_F1": 0.8915662650601909,
  "best_validation_0_P": 0.9090909090909091,
  "best_validation_0_R": 0.8641975308641975,
  "best_validation_0_F1": 0.8860759493670387,
  "best_validation_accuracy": 0.8888888888888888,
  "best_validation_average_F1": 0.8888211072136147,
  "best_validation_loss": 0.31952844018285925
}