{
  "peak_cpu_memory_MB": 2191.56,
  "peak_gpu_0_memory_MB": 3205,
  "training_duration": "00:01:54",
  "training_start_epoch": 0,
  "training_epochs": 4,
  "epoch": 4,
  "training_1_P": 0.9081481481481481,
  "training_1_R": 0.9358778625954198,
  "training_1_F1": 0.9218045112781456,
  "training_0_P": 0.9338582677165355,
  "training_0_R": 0.9053435114503817,
  "training_0_F1": 0.9193798449611904,
  "training_accuracy": 0.9206106870229007,
  "training_average_F1": 0.920592178119668,
  "training_loss": 0.20619389323926554,
  "training_cpu_memory_MB": 2191.56,
  "training_gpu_0_memory_MB": 1316,
  "validation_1_P": 0.7931034482758621,
  "validation_1_R": 0.8518518518518519,
  "validation_1_F1": 0.8214285714285217,
  "validation_0_P": 0.84,
  "validation_0_R": 0.7777777777777778,
  "validation_0_F1": 0.8076923076922577,
  "validation_accuracy": 0.8148148148148148,
  "validation_average_F1": 0.8145604395603897,
  "validation_loss": 0.5780155699361454,
  "best_epoch": 2,
  "best_validation_1_P": 0.8023255813953488,
  "best_validation_1_R": 0.8518518518518519,
  "best_validation_1_F1": 0.8263473053891718,
  "best_validation_0_P": 0.8421052631578947,
  "best_validation_0_R": 0.7901234567901234,
  "best_validation_0_F1": 0.8152866242037717,
  "best_validation_accuracy": 0.8209876543209876,
  "best_validation_average_F1": 0.8208169647964718,
  "best_validation_loss": 0.46821334145285864
}