{
  "peak_cpu_memory_MB": 2191.56,
  "peak_gpu_0_memory_MB": 3205,
  "training_duration": "00:03:02",
  "training_start_epoch": 0,
  "training_epochs": 7,
  "epoch": 7,
  "training_1_P": 0.9698795180722891,
  "training_1_R": 0.983206106870229,
  "training_1_F1": 0.976497346474552,
  "training_0_P": 0.9829721362229102,
  "training_0_R": 0.9694656488549618,
  "training_0_F1": 0.9761721752497579,
  "training_accuracy": 0.9763358778625955,
  "training_average_F1": 0.9763347608621549,
  "training_loss": 0.07430459739549494,
  "training_cpu_memory_MB": 2191.56,
  "training_gpu_0_memory_MB": 1316,
  "validation_1_P": 0.8024691358024691,
  "validation_1_R": 0.8024691358024691,
  "validation_1_F1": 0.8024691358024192,
  "validation_0_P": 0.8024691358024691,
  "validation_0_R": 0.8024691358024691,
  "validation_0_F1": 0.8024691358024192,
  "validation_accuracy": 0.8024691358024691,
  "validation_average_F1": 0.8024691358024192,
  "validation_loss": 0.6241861541162838,
  "best_epoch": 5,
  "best_validation_1_P": 0.8648648648648649,
  "best_validation_1_R": 0.7901234567901234,
  "best_validation_1_F1": 0.8258064516128534,
  "best_validation_0_P": 0.8068181818181818,
  "best_validation_0_R": 0.8765432098765432,
  "best_validation_0_F1": 0.8402366863904827,
  "best_validation_accuracy": 0.8333333333333334,
  "best_validation_average_F1": 0.833021569001668,
  "best_validation_loss": 0.5624134757302024
}