{
  "peak_cpu_memory_MB": 2191.56,
  "peak_gpu_0_memory_MB": 3205,
  "training_duration": "00:02:40",
  "training_start_epoch": 0,
  "training_epochs": 6,
  "epoch": 6,
  "training_1_P": 0.9582089552238806,
  "training_1_R": 0.9801526717557252,
  "training_1_F1": 0.9690566037735349,
  "training_0_P": 0.9796875,
  "training_0_R": 0.9572519083969465,
  "training_0_F1": 0.9683397683397182,
  "training_accuracy": 0.9687022900763359,
  "training_average_F1": 0.9686981860566266,
  "training_loss": 0.10304323801907098,
  "training_cpu_memory_MB": 2191.56,
  "training_gpu_0_memory_MB": 1316,
  "validation_1_P": 0.7666666666666667,
  "validation_1_R": 0.8518518518518519,
  "validation_1_F1": 0.8070175438595992,
  "validation_0_P": 0.8333333333333334,
  "validation_0_R": 0.7407407407407407,
  "validation_0_F1": 0.7843137254901463,
  "validation_accuracy": 0.7962962962962963,
  "validation_average_F1": 0.7956656346748727,
  "validation_loss": 0.6857512200420554,
  "best_epoch": 5,
  "best_validation_1_P": 0.8648648648648649,
  "best_validation_1_R": 0.7901234567901234,
  "best_validation_1_F1": 0.8258064516128534,
  "best_validation_0_P": 0.8068181818181818,
  "best_validation_0_R": 0.8765432098765432,
  "best_validation_0_F1": 0.8402366863904827,
  "best_validation_accuracy": 0.8333333333333334,
  "best_validation_average_F1": 0.833021569001668,
  "best_validation_loss": 0.5624134757302024
}