{
  "peak_cpu_memory_MB": 2655.956,
  "peak_gpu_0_memory_MB": 11,
  "peak_gpu_1_memory_MB": 11,
  "peak_gpu_2_memory_MB": 3370,
  "peak_gpu_3_memory_MB": 11,
  "peak_gpu_4_memory_MB": 11,
  "peak_gpu_5_memory_MB": 11,
  "peak_gpu_6_memory_MB": 11,
  "peak_gpu_7_memory_MB": 11,
  "peak_gpu_8_memory_MB": 11,
  "peak_gpu_9_memory_MB": 11,
  "peak_gpu_10_memory_MB": 11,
  "peak_gpu_11_memory_MB": 11,
  "peak_gpu_12_memory_MB": 11,
  "peak_gpu_13_memory_MB": 11,
  "peak_gpu_14_memory_MB": 11,
  "peak_gpu_15_memory_MB": 11,
  "training_duration": "00:01:57",
  "training_start_epoch": 0,
  "training_epochs": 3,
  "epoch": 3,
  "training_neg_F1": 0.9784758580569599,
  "training_pos_F1": 0.9589345172030577,
  "training_accuracy": 0.9717557251908397,
  "training_average_F1": 0.9687051876300088,
  "training_loss": 0.08752314024036978,
  "training_cpu_memory_MB": 2655.956,
  "training_gpu_0_memory_MB": 11,
  "training_gpu_1_memory_MB": 11,
  "training_gpu_2_memory_MB": 3370,
  "training_gpu_3_memory_MB": 11,
  "training_gpu_4_memory_MB": 11,
  "training_gpu_5_memory_MB": 11,
  "training_gpu_6_memory_MB": 11,
  "training_gpu_7_memory_MB": 11,
  "training_gpu_8_memory_MB": 11,
  "training_gpu_9_memory_MB": 11,
  "training_gpu_10_memory_MB": 11,
  "training_gpu_11_memory_MB": 11,
  "training_gpu_12_memory_MB": 11,
  "training_gpu_13_memory_MB": 11,
  "training_gpu_14_memory_MB": 11,
  "training_gpu_15_memory_MB": 11,
  "validation_neg_F1": 0.7513227513227014,
  "validation_pos_F1": 0.6518518518518019,
  "validation_accuracy": 0.7098765432098766,
  "validation_average_F1": 0.7015873015872517,
  "validation_loss": 0.9848850247534838,
  "best_epoch": 1,
  "best_validation_neg_F1": 0.7941176470587737,
  "best_validation_pos_F1": 0.6499999999999503,
  "best_validation_accuracy": 0.7407407407407407,
  "best_validation_average_F1": 0.722058823529362,
  "best_validation_loss": 0.6543003699996255,
  "test_neg_F1": 0.8362068965516741,
  "test_pos_F1": 0.5869565217390807,
  "test_accuracy": 0.7654320987654321,
  "test_average_F1": 0.7115817091453774,
  "test_loss": 0.5098650347102772
}