{
  "peak_cpu_memory_MB": 3071.272,
  "peak_gpu_0_memory_MB": 2486,
  "training_duration": "00:00:45",
  "training_start_epoch": 0,
  "training_epochs": 1,
  "epoch": 1,
  "training_1_F1": 0.8867362146050171,
  "training_0_F1": 0.8810641627542536,
  "training_accuracy": 0.8839694656488549,
  "training_average_F1": 0.8839001886796354,
  "training_loss": 0.30247264791552614,
  "training_cpu_memory_MB": 3071.272,
  "training_gpu_0_memory_MB": 2486,
  "validation_1_F1": 0.774193548387047,
  "validation_0_F1": 0.7928994082839738,
  "validation_accuracy": 0.7839506172839507,
  "validation_average_F1": 0.7835464783355104,
  "validation_loss": 0.5007403506474062,
  "best_epoch": 1,
  "best_validation_1_F1": 0.774193548387047,
  "best_validation_0_F1": 0.7928994082839738,
  "best_validation_accuracy": 0.7839506172839507,
  "best_validation_average_F1": 0.7835464783355104,
  "best_validation_loss": 0.5007403506474062
}