{
  "peak_cpu_memory_MB": 3117.14,
  "peak_gpu_0_memory_MB": 11,
  "peak_gpu_1_memory_MB": 3970,
  "peak_gpu_2_memory_MB": 11,
  "peak_gpu_3_memory_MB": 11,
  "peak_gpu_4_memory_MB": 11,
  "peak_gpu_5_memory_MB": 11,
  "peak_gpu_6_memory_MB": 11,
  "peak_gpu_7_memory_MB": 11,
  "peak_gpu_8_memory_MB": 11,
  "peak_gpu_9_memory_MB": 11,
  "peak_gpu_10_memory_MB": 11,
  "peak_gpu_11_memory_MB": 9142,
  "peak_gpu_12_memory_MB": 11,
  "peak_gpu_13_memory_MB": 11,
  "peak_gpu_14_memory_MB": 11,
  "peak_gpu_15_memory_MB": 938,
  "training_duration": "00:01:46",
  "training_start_epoch": 0,
  "training_epochs": 8,
  "epoch": 8,
  "training_1_F1": 0.7942073170731206,
  "training_0_F1": 0.7935779816513262,
  "training_accuracy": 0.7938931297709924,
  "training_average_F1": 0.7938926493622234,
  "training_loss": 0.4384886566095236,
  "training_cpu_memory_MB": 3117.14,
  "training_gpu_0_memory_MB": 11,
  "training_gpu_1_memory_MB": 3970,
  "training_gpu_2_memory_MB": 11,
  "training_gpu_3_memory_MB": 11,
  "training_gpu_4_memory_MB": 11,
  "training_gpu_5_memory_MB": 11,
  "training_gpu_6_memory_MB": 11,
  "training_gpu_7_memory_MB": 11,
  "training_gpu_8_memory_MB": 11,
  "training_gpu_9_memory_MB": 11,
  "training_gpu_10_memory_MB": 11,
  "training_gpu_11_memory_MB": 9142,
  "training_gpu_12_memory_MB": 11,
  "training_gpu_13_memory_MB": 11,
  "training_gpu_14_memory_MB": 11,
  "training_gpu_15_memory_MB": 938,
  "validation_1_F1": 0.7515923566878482,
  "validation_0_F1": 0.7664670658682134,
  "validation_accuracy": 0.7592592592592593,
  "validation_average_F1": 0.7590297112780309,
  "validation_loss": 0.5524590774015947,
  "best_epoch": 6,
  "best_validation_1_F1": 0.7928994082839738,
  "best_validation_0_F1": 0.774193548387047,
  "best_validation_accuracy": 0.7839506172839507,
  "best_validation_average_F1": 0.7835464783355104,
  "best_validation_loss": 0.5389393649318002,
  "test_1_F1": 0.7435897435896937,
  "test_0_F1": 0.761904761904712,
  "test_accuracy": 0.7530864197530864,
  "test_average_F1": 0.7527472527472028,
  "test_loss": 0.48770052736455743
}