{
  "peak_cpu_memory_MB": 3083.372,
  "peak_gpu_0_memory_MB": 11,
  "peak_gpu_1_memory_MB": 3034,
  "peak_gpu_2_memory_MB": 2958,
  "peak_gpu_3_memory_MB": 11,
  "peak_gpu_4_memory_MB": 11,
  "peak_gpu_5_memory_MB": 11,
  "peak_gpu_6_memory_MB": 11,
  "peak_gpu_7_memory_MB": 11,
  "peak_gpu_8_memory_MB": 11,
  "peak_gpu_9_memory_MB": 11,
  "peak_gpu_10_memory_MB": 11,
  "peak_gpu_11_memory_MB": 11,
  "peak_gpu_12_memory_MB": 11,
  "peak_gpu_13_memory_MB": 11,
  "peak_gpu_14_memory_MB": 11,
  "peak_gpu_15_memory_MB": 11,
  "training_duration": "00:01:44",
  "training_start_epoch": 0,
  "training_epochs": 3,
  "epoch": 3,
  "training_1_F1": 0.9825625473843321,
  "training_0_F1": 0.9823212913143236,
  "training_accuracy": 0.982442748091603,
  "training_average_F1": 0.9824419193493279,
  "training_loss": 0.07663091013162601,
  "training_cpu_memory_MB": 3083.372,
  "training_gpu_0_memory_MB": 11,
  "training_gpu_1_memory_MB": 3034,
  "training_gpu_2_memory_MB": 2958,
  "training_gpu_3_memory_MB": 11,
  "training_gpu_4_memory_MB": 11,
  "training_gpu_5_memory_MB": 11,
  "training_gpu_6_memory_MB": 11,
  "training_gpu_7_memory_MB": 11,
  "training_gpu_8_memory_MB": 11,
  "training_gpu_9_memory_MB": 11,
  "training_gpu_10_memory_MB": 11,
  "training_gpu_11_memory_MB": 11,
  "training_gpu_12_memory_MB": 11,
  "training_gpu_13_memory_MB": 11,
  "training_gpu_14_memory_MB": 11,
  "training_gpu_15_memory_MB": 11,
  "validation_1_F1": 0.86249999999995,
  "validation_0_F1": 0.8658536585365354,
  "validation_accuracy": 0.8641975308641975,
  "validation_average_F1": 0.8641768292682427,
  "validation_loss": 0.33168969269503246,
  "best_epoch": 1,
  "best_validation_1_F1": 0.89171974522288,
  "best_validation_0_F1": 0.8982035928143214,
  "best_validation_accuracy": 0.8950617283950617,
  "best_validation_average_F1": 0.8949616690186006,
  "best_validation_loss": 0.30675196376713837,
  "test_1_F1": 0.8280254777069566,
  "test_0_F1": 0.8383233532933633,
  "test_accuracy": 0.8333333333333334,
  "test_average_F1": 0.8331744155001599,
  "test_loss": 0.3558595437895168
}