{
  "peak_cpu_memory_MB": 2642.216,
  "peak_gpu_0_memory_MB": 2486,
  "training_duration": "00:01:19",
  "training_start_epoch": 0,
  "training_epochs": 2,
  "epoch": 2,
  "training_1_P": 0.9404761904761905,
  "training_1_R": 0.9648854961832061,
  "training_1_F1": 0.9525244913337857,
  "training_0_P": 0.9639498432601881,
  "training_0_R": 0.9389312977099237,
  "training_0_F1": 0.9512761020881171,
  "training_accuracy": 0.9519083969465649,
  "training_average_F1": 0.9519002967109513,
  "training_loss": 0.15446264428518167,
  "training_cpu_memory_MB": 2642.216,
  "training_gpu_0_memory_MB": 2486,
  "validation_1_P": 0.8117647058823529,
  "validation_1_R": 0.8518518518518519,
  "validation_1_F1": 0.8313253012047693,
  "validation_0_P": 0.8441558441558441,
  "validation_0_R": 0.8024691358024691,
  "validation_0_F1": 0.8227848101265324,
  "validation_accuracy": 0.8271604938271605,
  "validation_average_F1": 0.8270550556656509,
  "validation_loss": 0.5688394497741353,
  "best_epoch": 2,
  "best_validation_1_P": 0.8117647058823529,
  "best_validation_1_R": 0.8518518518518519,
  "best_validation_1_F1": 0.8313253012047693,
  "best_validation_0_P": 0.8441558441558441,
  "best_validation_0_R": 0.8024691358024691,
  "best_validation_0_F1": 0.8227848101265324,
  "best_validation_accuracy": 0.8271604938271605,
  "best_validation_average_F1": 0.8270550556656509,
  "best_validation_loss": 0.5688394497741353
}