{
  "peak_cpu_memory_MB": 2642.216,
  "peak_gpu_0_memory_MB": 2582,
  "training_duration": "00:02:37",
  "training_start_epoch": 0,
  "training_epochs": 5,
  "epoch": 5,
  "training_1_P": 0.9864253393665159,
  "training_1_R": 0.9984732824427481,
  "training_1_F1": 0.9924127465856861,
  "training_0_P": 0.9984544049459042,
  "training_0_R": 0.9862595419847329,
  "training_0_F1": 0.9923195084484907,
  "training_accuracy": 0.9923664122137404,
  "training_average_F1": 0.9923661275170884,
  "training_loss": 0.021684531128834707,
  "training_cpu_memory_MB": 2642.216,
  "training_gpu_0_memory_MB": 2582,
  "validation_1_P": 0.8125,
  "validation_1_R": 0.8024691358024691,
  "validation_1_F1": 0.8074534161490183,
  "validation_0_P": 0.8048780487804879,
  "validation_0_R": 0.8148148148148148,
  "validation_0_F1": 0.8098159509201955,
  "validation_accuracy": 0.808641975308642,
  "validation_average_F1": 0.808634683534607,
  "validation_loss": 0.7818928713148291,
  "best_epoch": 2,
  "best_validation_1_P": 0.8117647058823529,
  "best_validation_1_R": 0.8518518518518519,
  "best_validation_1_F1": 0.8313253012047693,
  "best_validation_0_P": 0.8441558441558441,
  "best_validation_0_R": 0.8024691358024691,
  "best_validation_0_F1": 0.8227848101265324,
  "best_validation_accuracy": 0.8271604938271605,
  "best_validation_average_F1": 0.8270550556656509,
  "best_validation_loss": 0.5688394497741353,
  "test_1_P": 0.8111111111111111,
  "test_1_R": 0.9012345679012346,
  "test_1_F1": 0.8538011695905934,
  "test_0_P": 0.8888888888888888,
  "test_0_R": 0.7901234567901234,
  "test_0_F1": 0.8366013071894927,
  "test_accuracy": 0.845679012345679,
  "test_average_F1": 0.845201238390043,
  "test_loss": 0.5248772732236169
}