{
  "peak_cpu_memory_MB": 2642.216,
  "peak_gpu_0_memory_MB": 2486,
  "training_duration": "00:00:45",
  "training_start_epoch": 0,
  "training_epochs": 1,
  "epoch": 1,
  "training_1_P": 0.8604992657856094,
  "training_1_R": 0.8946564885496183,
  "training_1_F1": 0.8772455089819859,
  "training_0_P": 0.890302066772655,
  "training_0_R": 0.8549618320610687,
  "training_0_F1": 0.8722741433021307,
  "training_accuracy": 0.8748091603053435,
  "training_average_F1": 0.8747598261420584,
  "training_loss": 0.3275684030476685,
  "training_cpu_memory_MB": 2642.216,
  "training_gpu_0_memory_MB": 2486,
  "validation_1_P": 0.8205128205128205,
  "validation_1_R": 0.7901234567901234,
  "validation_1_F1": 0.8050314465408306,
  "validation_0_P": 0.7976190476190477,
  "validation_0_R": 0.8271604938271605,
  "validation_0_F1": 0.8121212121211623,
  "validation_accuracy": 0.808641975308642,
  "validation_average_F1": 0.8085763293309964,
  "validation_loss": 0.47971986437385733,
  "best_epoch": 1,
  "best_validation_1_P": 0.8205128205128205,
  "best_validation_1_R": 0.7901234567901234,
  "best_validation_1_F1": 0.8050314465408306,
  "best_validation_0_P": 0.7976190476190477,
  "best_validation_0_R": 0.8271604938271605,
  "best_validation_0_F1": 0.8121212121211623,
  "best_validation_accuracy": 0.808641975308642,
  "best_validation_average_F1": 0.8085763293309964,
  "best_validation_loss": 0.47971986437385733
}