{
  "peak_cpu_memory_MB": 2642.216,
  "peak_gpu_0_memory_MB": 2486,
  "training_duration": "00:01:51",
  "training_start_epoch": 0,
  "training_epochs": 3,
  "epoch": 3,
  "training_1_P": 0.9700149925037481,
  "training_1_R": 0.9877862595419847,
  "training_1_F1": 0.9788199697427639,
  "training_0_P": 0.9875583203732504,
  "training_0_R": 0.9694656488549618,
  "training_0_F1": 0.9784283513096572,
  "training_accuracy": 0.9786259541984733,
  "training_average_F1": 0.9786241605262105,
  "training_loss": 0.07392248636247908,
  "training_cpu_memory_MB": 2642.216,
  "training_gpu_0_memory_MB": 2486,
  "validation_1_P": 0.8266666666666667,
  "validation_1_R": 0.7654320987654321,
  "validation_1_F1": 0.794871794871745,
  "validation_0_P": 0.7816091954022989,
  "validation_0_R": 0.8395061728395061,
  "validation_0_F1": 0.8095238095237596,
  "validation_accuracy": 0.8024691358024691,
  "validation_average_F1": 0.8021978021977523,
  "validation_loss": 0.648516986857761,
  "best_epoch": 2,
  "best_validation_1_P": 0.8117647058823529,
  "best_validation_1_R": 0.8518518518518519,
  "best_validation_1_F1": 0.8313253012047693,
  "best_validation_0_P": 0.8441558441558441,
  "best_validation_0_R": 0.8024691358024691,
  "best_validation_0_F1": 0.8227848101265324,
  "best_validation_accuracy": 0.8271604938271605,
  "best_validation_average_F1": 0.8270550556656509,
  "best_validation_loss": 0.5688394497741353
}