{
  "peak_cpu_memory_MB": 4455.484,
  "peak_gpu_0_memory_MB": 11,
  "peak_gpu_1_memory_MB": 1854,
  "peak_gpu_2_memory_MB": 11,
  "peak_gpu_3_memory_MB": 11,
  "peak_gpu_4_memory_MB": 11,
  "peak_gpu_5_memory_MB": 11,
  "peak_gpu_6_memory_MB": 1634,
  "peak_gpu_7_memory_MB": 11,
  "peak_gpu_8_memory_MB": 11,
  "peak_gpu_9_memory_MB": 11,
  "peak_gpu_10_memory_MB": 11,
  "peak_gpu_11_memory_MB": 2840,
  "peak_gpu_12_memory_MB": 11,
  "peak_gpu_13_memory_MB": 11,
  "peak_gpu_14_memory_MB": 11,
  "peak_gpu_15_memory_MB": 1242,
  "training_duration": "00:00:31",
  "training_start_epoch": 0,
  "training_epochs": 0,
  "epoch": 0,
  "training_1_P": 0.7346938775510204,
  "training_1_R": 0.8244274809160306,
  "training_1_F1": 0.7769784172661374,
  "training_0_P": 0.8,
  "training_0_R": 0.7022900763358778,
  "training_0_F1": 0.747967479674747,
  "training_accuracy": 0.7633587786259542,
  "training_average_F1": 0.7624729484704422,
  "training_loss": 0.5235636058013614,
  "training_cpu_memory_MB": 4455.484,
  "training_gpu_0_memory_MB": 11,
  "training_gpu_1_memory_MB": 1854,
  "training_gpu_2_memory_MB": 11,
  "training_gpu_3_memory_MB": 11,
  "training_gpu_4_memory_MB": 11,
  "training_gpu_5_memory_MB": 11,
  "training_gpu_6_memory_MB": 1634,
  "training_gpu_7_memory_MB": 11,
  "training_gpu_8_memory_MB": 11,
  "training_gpu_9_memory_MB": 11,
  "training_gpu_10_memory_MB": 11,
  "training_gpu_11_memory_MB": 2840,
  "training_gpu_12_memory_MB": 11,
  "training_gpu_13_memory_MB": 11,
  "training_gpu_14_memory_MB": 11,
  "training_gpu_15_memory_MB": 1242,
  "validation_1_P": 0.835820895522388,
  "validation_1_R": 0.691358024691358,
  "validation_1_F1": 0.7567567567567072,
  "validation_0_P": 0.7368421052631579,
  "validation_0_R": 0.8641975308641975,
  "validation_0_F1": 0.7954545454544958,
  "validation_accuracy": 0.7777777777777778,
  "validation_average_F1": 0.7761056511056015,
  "validation_loss": 0.44230256432836706,
  "best_epoch": 0,
  "best_validation_1_P": 0.835820895522388,
  "best_validation_1_R": 0.691358024691358,
  "best_validation_1_F1": 0.7567567567567072,
  "best_validation_0_P": 0.7368421052631579,
  "best_validation_0_R": 0.8641975308641975,
  "best_validation_0_F1": 0.7954545454544958,
  "best_validation_accuracy": 0.7777777777777778,
  "best_validation_average_F1": 0.7761056511056015,
  "best_validation_loss": 0.44230256432836706
}