{
  "peak_cpu_memory_MB": 4455.484,
  "peak_gpu_0_memory_MB": 11,
  "peak_gpu_1_memory_MB": 1854,
  "peak_gpu_2_memory_MB": 11,
  "peak_gpu_3_memory_MB": 11,
  "peak_gpu_4_memory_MB": 11,
  "peak_gpu_5_memory_MB": 11,
  "peak_gpu_6_memory_MB": 1896,
  "peak_gpu_7_memory_MB": 11,
  "peak_gpu_8_memory_MB": 11,
  "peak_gpu_9_memory_MB": 11,
  "peak_gpu_10_memory_MB": 11,
  "peak_gpu_11_memory_MB": 2840,
  "peak_gpu_12_memory_MB": 11,
  "peak_gpu_13_memory_MB": 11,
  "peak_gpu_14_memory_MB": 11,
  "peak_gpu_15_memory_MB": 1242,
  "training_duration": "00:02:18",
  "training_start_epoch": 0,
  "training_epochs": 3,
  "epoch": 3,
  "training_1_P": 0.9455882352941176,
  "training_1_R": 0.981679389312977,
  "training_1_F1": 0.9632958801497628,
  "training_0_P": 0.9809523809523809,
  "training_0_R": 0.9435114503816794,
  "training_0_F1": 0.9618677042801057,
  "training_accuracy": 0.9625954198473282,
  "training_average_F1": 0.9625817922149342,
  "training_loss": 0.09956776858420997,
  "training_cpu_memory_MB": 4455.484,
  "training_gpu_0_memory_MB": 11,
  "training_gpu_1_memory_MB": 1854,
  "training_gpu_2_memory_MB": 11,
  "training_gpu_3_memory_MB": 11,
  "training_gpu_4_memory_MB": 11,
  "training_gpu_5_memory_MB": 11,
  "training_gpu_6_memory_MB": 1894,
  "training_gpu_7_memory_MB": 11,
  "training_gpu_8_memory_MB": 11,
  "training_gpu_9_memory_MB": 11,
  "training_gpu_10_memory_MB": 11,
  "training_gpu_11_memory_MB": 2840,
  "training_gpu_12_memory_MB": 11,
  "training_gpu_13_memory_MB": 11,
  "training_gpu_14_memory_MB": 11,
  "training_gpu_15_memory_MB": 1242,
  "validation_1_P": 0.828125,
  "validation_1_R": 0.654320987654321,
  "validation_1_F1": 0.7310344827585714,
  "validation_0_P": 0.7142857142857143,
  "validation_0_R": 0.8641975308641975,
  "validation_0_F1": 0.7821229050278834,
  "validation_accuracy": 0.7592592592592593,
  "validation_average_F1": 0.7565786938932274,
  "validation_loss": 0.6190374317494306,
  "best_epoch": 1,
  "best_validation_1_P": 0.8636363636363636,
  "best_validation_1_R": 0.7037037037037037,
  "best_validation_1_F1": 0.7755102040815832,
  "best_validation_0_P": 0.75,
  "best_validation_0_R": 0.8888888888888888,
  "best_validation_0_F1": 0.8135593220338487,
  "best_validation_accuracy": 0.7962962962962963,
  "best_validation_average_F1": 0.794534763057716,
  "best_validation_loss": 0.4389658285812898,
  "test_1_P": 0.8333333333333334,
  "test_1_R": 0.7407407407407407,
  "test_1_F1": 0.7843137254901463,
  "test_0_P": 0.7666666666666667,
  "test_0_R": 0.8518518518518519,
  "test_0_F1": 0.8070175438595992,
  "test_accuracy": 0.7962962962962963,
  "test_average_F1": 0.7956656346748727,
  "test_loss": 0.4292812835086476
}