{
  "peak_cpu_memory_MB": 5776.704,
  "peak_gpu_0_memory_MB": 11,
  "peak_gpu_1_memory_MB": 11,
  "peak_gpu_2_memory_MB": 11,
  "peak_gpu_3_memory_MB": 11,
  "peak_gpu_4_memory_MB": 11,
  "peak_gpu_5_memory_MB": 11,
  "peak_gpu_6_memory_MB": 1906,
  "peak_gpu_7_memory_MB": 11,
  "peak_gpu_8_memory_MB": 11,
  "peak_gpu_9_memory_MB": 11,
  "peak_gpu_10_memory_MB": 11,
  "peak_gpu_11_memory_MB": 4036,
  "peak_gpu_12_memory_MB": 11,
  "peak_gpu_13_memory_MB": 11,
  "peak_gpu_14_memory_MB": 11,
  "peak_gpu_15_memory_MB": 11,
  "training_duration": "00:01:04",
  "training_start_epoch": 0,
  "training_epochs": 1,
  "epoch": 1,
  "training_1_P": 0.8968609865470852,
  "training_1_R": 0.916030534351145,
  "training_1_F1": 0.9063444108760829,
  "training_0_P": 0.9141965678627145,
  "training_0_R": 0.8946564885496183,
  "training_0_F1": 0.904320987654271,
  "training_accuracy": 0.9053435114503817,
  "training_average_F1": 0.9053326992651769,
  "training_loss": 0.25727662339624835,
  "training_cpu_memory_MB": 5776.704,
  "training_gpu_0_memory_MB": 11,
  "training_gpu_1_memory_MB": 11,
  "training_gpu_2_memory_MB": 11,
  "training_gpu_3_memory_MB": 11,
  "training_gpu_4_memory_MB": 11,
  "training_gpu_5_memory_MB": 11,
  "training_gpu_6_memory_MB": 1906,
  "training_gpu_7_memory_MB": 11,
  "training_gpu_8_memory_MB": 11,
  "training_gpu_9_memory_MB": 11,
  "training_gpu_10_memory_MB": 11,
  "training_gpu_11_memory_MB": 4036,
  "training_gpu_12_memory_MB": 11,
  "training_gpu_13_memory_MB": 11,
  "training_gpu_14_memory_MB": 11,
  "training_gpu_15_memory_MB": 11,
  "validation_1_P": 0.7951807228915663,
  "validation_1_R": 0.8148148148148148,
  "validation_1_F1": 0.8048780487804378,
  "validation_0_P": 0.810126582278481,
  "validation_0_R": 0.7901234567901234,
  "validation_0_F1": 0.7999999999999501,
  "validation_accuracy": 0.8024691358024691,
  "validation_average_F1": 0.802439024390194,
  "validation_loss": 0.3867104405706579,
  "best_epoch": 0,
  "best_validation_1_P": 0.84,
  "best_validation_1_R": 0.7777777777777778,
  "best_validation_1_F1": 0.8076923076922577,
  "best_validation_0_P": 0.7931034482758621,
  "best_validation_0_R": 0.8518518518518519,
  "best_validation_0_F1": 0.8214285714285217,
  "best_validation_accuracy": 0.8148148148148148,
  "best_validation_average_F1": 0.8145604395603897,
  "best_validation_loss": 0.43651796877384186
}