{
  "peak_cpu_memory_MB": 2642.084,
  "peak_gpu_0_memory_MB": 2510,
  "training_duration": "00:04:32",
  "training_start_epoch": 0,
  "training_epochs": 10,
  "epoch": 10,
  "training_1_P": 0.9984732824427481,
  "training_1_R": 0.9984732824427481,
  "training_1_F1": 0.9984732824426982,
  "training_0_P": 0.9984732824427481,
  "training_0_R": 0.9984732824427481,
  "training_0_F1": 0.9984732824426982,
  "training_accuracy": 0.9984732824427481,
  "training_average_F1": 0.9984732824426982,
  "training_loss": 0.013694092177036331,
  "training_cpu_memory_MB": 2642.084,
  "training_gpu_0_memory_MB": 2510,
  "validation_1_P": 0.8372093023255814,
  "validation_1_R": 0.8888888888888888,
  "validation_1_F1": 0.8622754491017465,
  "validation_0_P": 0.881578947368421,
  "validation_0_R": 0.8271604938271605,
  "validation_0_F1": 0.853503184713326,
  "validation_accuracy": 0.8580246913580247,
  "validation_average_F1": 0.8578893169075362,
  "validation_loss": 0.8538966849446297,
  "best_epoch": 7,
  "best_validation_1_P": 0.8390804597701149,
  "best_validation_1_R": 0.9012345679012346,
  "best_validation_1_F1": 0.8690476190475692,
  "best_validation_0_P": 0.8933333333333333,
  "best_validation_0_R": 0.8271604938271605,
  "best_validation_0_F1": 0.8589743589743091,
  "best_validation_accuracy": 0.8641975308641975,
  "best_validation_average_F1": 0.8640109890109391,
  "best_validation_loss": 0.8072088076309725,
  "test_1_P": 0.8352941176470589,
  "test_1_R": 0.8765432098765432,
  "test_1_F1": 0.855421686746938,
  "test_0_P": 0.8701298701298701,
  "test_0_R": 0.8271604938271605,
  "test_0_F1": 0.8481012658227349,
  "test_accuracy": 0.8518518518518519,
  "test_average_F1": 0.8517614762848364,
  "test_loss": 0.4889478622512384
}