{
  "peak_cpu_memory_MB": 2642.084,
  "peak_gpu_0_memory_MB": 2510,
  "training_duration": "00:04:08",
  "training_start_epoch": 0,
  "training_epochs": 9,
  "epoch": 9,
  "training_1_P": 0.9954128440366973,
  "training_1_R": 0.9938931297709923,
  "training_1_F1": 0.9946524064170623,
  "training_0_P": 0.9939024390243902,
  "training_0_R": 0.9954198473282443,
  "training_0_F1": 0.9946605644545649,
  "training_accuracy": 0.9946564885496183,
  "training_average_F1": 0.9946564854358135,
  "training_loss": 0.023033554268228573,
  "training_cpu_memory_MB": 2642.084,
  "training_gpu_0_memory_MB": 2510,
  "validation_1_P": 0.8313253012048193,
  "validation_1_R": 0.8518518518518519,
  "validation_1_F1": 0.8414634146340965,
  "validation_0_P": 0.8481012658227848,
  "validation_0_R": 0.8271604938271605,
  "validation_0_F1": 0.83749999999995,
  "validation_accuracy": 0.8395061728395061,
  "validation_average_F1": 0.8394817073170232,
  "validation_loss": 0.614547727460211,
  "best_epoch": 7,
  "best_validation_1_P": 0.8390804597701149,
  "best_validation_1_R": 0.9012345679012346,
  "best_validation_1_F1": 0.8690476190475692,
  "best_validation_0_P": 0.8933333333333333,
  "best_validation_0_R": 0.8271604938271605,
  "best_validation_0_F1": 0.8589743589743091,
  "best_validation_accuracy": 0.8641975308641975,
  "best_validation_average_F1": 0.8640109890109391,
  "best_validation_loss": 0.8072088076309725
}