{
  "peak_cpu_memory_MB": 2642.084,
  "peak_gpu_0_memory_MB": 2510,
  "training_duration": "00:03:17",
  "training_start_epoch": 0,
  "training_epochs": 7,
  "epoch": 7,
  "training_1_P": 0.9863429438543247,
  "training_1_R": 0.9923664122137404,
  "training_1_F1": 0.9893455098934052,
  "training_0_P": 0.9923195084485407,
  "training_0_R": 0.9862595419847329,
  "training_0_F1": 0.989280245022921,
  "training_accuracy": 0.9893129770992366,
  "training_average_F1": 0.9893128774581631,
  "training_loss": 0.04273215124792442,
  "training_cpu_memory_MB": 2642.084,
  "training_gpu_0_memory_MB": 2510,
  "validation_1_P": 0.8390804597701149,
  "validation_1_R": 0.9012345679012346,
  "validation_1_F1": 0.8690476190475692,
  "validation_0_P": 0.8933333333333333,
  "validation_0_R": 0.8271604938271605,
  "validation_0_F1": 0.8589743589743091,
  "validation_accuracy": 0.8641975308641975,
  "validation_average_F1": 0.8640109890109391,
  "validation_loss": 0.8072088076309725,
  "best_epoch": 7,
  "best_validation_1_P": 0.8390804597701149,
  "best_validation_1_R": 0.9012345679012346,
  "best_validation_1_F1": 0.8690476190475692,
  "best_validation_0_P": 0.8933333333333333,
  "best_validation_0_R": 0.8271604938271605,
  "best_validation_0_F1": 0.8589743589743091,
  "best_validation_accuracy": 0.8641975308641975,
  "best_validation_average_F1": 0.8640109890109391,
  "best_validation_loss": 0.8072088076309725
}