{
  "peak_cpu_memory_MB": 2642.084,
  "peak_gpu_0_memory_MB": 2510,
  "training_duration": "00:03:45",
  "training_start_epoch": 0,
  "training_epochs": 8,
  "epoch": 8,
  "training_1_P": 0.9908814589665653,
  "training_1_R": 0.9954198473282443,
  "training_1_F1": 0.9931454683929433,
  "training_0_P": 0.995398773006135,
  "training_0_R": 0.9908396946564886,
  "training_0_F1": 0.9931140015301719,
  "training_accuracy": 0.9931297709923664,
  "training_average_F1": 0.9931297349615575,
  "training_loss": 0.028224785607762454,
  "training_cpu_memory_MB": 2642.084,
  "training_gpu_0_memory_MB": 2510,
  "validation_1_P": 0.8352941176470589,
  "validation_1_R": 0.8765432098765432,
  "validation_1_F1": 0.855421686746938,
  "validation_0_P": 0.8701298701298701,
  "validation_0_R": 0.8271604938271605,
  "validation_0_F1": 0.8481012658227349,
  "validation_accuracy": 0.8518518518518519,
  "validation_average_F1": 0.8517614762848364,
  "validation_loss": 0.8646646751598879,
  "best_epoch": 7,
  "best_validation_1_P": 0.8390804597701149,
  "best_validation_1_R": 0.9012345679012346,
  "best_validation_1_F1": 0.8690476190475692,
  "best_validation_0_P": 0.8933333333333333,
  "best_validation_0_R": 0.8271604938271605,
  "best_validation_0_F1": 0.8589743589743091,
  "best_validation_accuracy": 0.8641975308641975,
  "best_validation_average_F1": 0.8640109890109391,
  "best_validation_loss": 0.8072088076309725
}