{
  "peak_cpu_memory_MB": 2642.084,
  "peak_gpu_0_memory_MB": 2510,
  "training_duration": "00:02:54",
  "training_start_epoch": 0,
  "training_epochs": 6,
  "epoch": 6,
  "training_1_P": 0.9758308157099698,
  "training_1_R": 0.9862595419847329,
  "training_1_F1": 0.9810174639331315,
  "training_0_P": 0.9861111111111112,
  "training_0_R": 0.9755725190839695,
  "training_0_F1": 0.9808135072908173,
  "training_accuracy": 0.9809160305343512,
  "training_average_F1": 0.9809154856119744,
  "training_loss": 0.057822987346387494,
  "training_cpu_memory_MB": 2642.084,
  "training_gpu_0_memory_MB": 2510,
  "validation_1_P": 0.8481012658227848,
  "validation_1_R": 0.8271604938271605,
  "validation_1_F1": 0.83749999999995,
  "validation_0_P": 0.8313253012048193,
  "validation_0_R": 0.8518518518518519,
  "validation_0_F1": 0.8414634146340965,
  "validation_accuracy": 0.8395061728395061,
  "validation_average_F1": 0.8394817073170232,
  "validation_loss": 0.6610669639300216,
  "best_epoch": 4,
  "best_validation_1_P": 0.8181818181818182,
  "best_validation_1_R": 0.8888888888888888,
  "best_validation_1_F1": 0.8520710059171098,
  "best_validation_0_P": 0.8783783783783784,
  "best_validation_0_R": 0.8024691358024691,
  "best_validation_0_F1": 0.8387096774193049,
  "best_validation_accuracy": 0.845679012345679,
  "best_validation_average_F1": 0.8453903416682074,
  "best_validation_loss": 0.5824793902310458
}