{
  "peak_cpu_memory_MB": 2642.084,
  "peak_gpu_0_memory_MB": 2510,
  "training_duration": "00:02:30",
  "training_start_epoch": 0,
  "training_epochs": 5,
  "epoch": 5,
  "training_1_P": 0.9699248120300752,
  "training_1_R": 0.9847328244274809,
  "training_1_F1": 0.9772727272726773,
  "training_0_P": 0.9844961240310077,
  "training_0_R": 0.9694656488549618,
  "training_0_F1": 0.9769230769230269,
  "training_accuracy": 0.9770992366412213,
  "training_average_F1": 0.9770979020978521,
  "training_loss": 0.08259653608973433,
  "training_cpu_memory_MB": 2642.084,
  "training_gpu_0_memory_MB": 2510,
  "validation_1_P": 0.8021978021978022,
  "validation_1_R": 0.9012345679012346,
  "validation_1_F1": 0.8488372093022759,
  "validation_0_P": 0.8873239436619719,
  "validation_0_R": 0.7777777777777778,
  "validation_0_F1": 0.8289473684210029,
  "validation_accuracy": 0.8395061728395061,
  "validation_average_F1": 0.8388922888616395,
  "validation_loss": 0.679600365459919,
  "best_epoch": 4,
  "best_validation_1_P": 0.8181818181818182,
  "best_validation_1_R": 0.8888888888888888,
  "best_validation_1_F1": 0.8520710059171098,
  "best_validation_0_P": 0.8783783783783784,
  "best_validation_0_R": 0.8024691358024691,
  "best_validation_0_F1": 0.8387096774193049,
  "best_validation_accuracy": 0.845679012345679,
  "best_validation_average_F1": 0.8453903416682074,
  "best_validation_loss": 0.5824793902310458
}