{
  "peak_cpu_memory_MB": 2642.084,
  "peak_gpu_0_memory_MB": 2510,
  "training_duration": "00:02:03",
  "training_start_epoch": 0,
  "training_epochs": 4,
  "epoch": 4,
  "training_1_P": 0.9681335356600911,
  "training_1_R": 0.9740458015267176,
  "training_1_F1": 0.9710806697107569,
  "training_0_P": 0.9738863287250384,
  "training_0_R": 0.9679389312977099,
  "training_0_F1": 0.9709035222051569,
  "training_accuracy": 0.9709923664122138,
  "training_average_F1": 0.9709920959579569,
  "training_loss": 0.10952578984746118,
  "training_cpu_memory_MB": 2642.084,
  "training_gpu_0_memory_MB": 2510,
  "validation_1_P": 0.8181818181818182,
  "validation_1_R": 0.8888888888888888,
  "validation_1_F1": 0.8520710059171098,
  "validation_0_P": 0.8783783783783784,
  "validation_0_R": 0.8024691358024691,
  "validation_0_F1": 0.8387096774193049,
  "validation_accuracy": 0.845679012345679,
  "validation_average_F1": 0.8453903416682074,
  "validation_loss": 0.5824793902310458,
  "best_epoch": 4,
  "best_validation_1_P": 0.8181818181818182,
  "best_validation_1_R": 0.8888888888888888,
  "best_validation_1_F1": 0.8520710059171098,
  "best_validation_0_P": 0.8783783783783784,
  "best_validation_0_R": 0.8024691358024691,
  "best_validation_0_F1": 0.8387096774193049,
  "best_validation_accuracy": 0.845679012345679,
  "best_validation_average_F1": 0.8453903416682074,
  "best_validation_loss": 0.5824793902310458
}