{
  "peak_cpu_memory_MB": 2642.084,
  "peak_gpu_0_memory_MB": 1241,
  "training_duration": "00:00:22",
  "training_start_epoch": 0,
  "training_epochs": 0,
  "epoch": 0,
  "training_1_P": 0.7425149700598802,
  "training_1_R": 0.7572519083969466,
  "training_1_F1": 0.7498110355252713,
  "training_0_P": 0.7523364485981309,
  "training_0_R": 0.7374045801526717,
  "training_0_F1": 0.7447956823438205,
  "training_accuracy": 0.7473282442748092,
  "training_average_F1": 0.7473033589345459,
  "training_loss": 0.5053446172941022,
  "training_cpu_memory_MB": 2642.084,
  "training_gpu_0_memory_MB": 1241,
  "validation_1_P": 0.797752808988764,
  "validation_1_R": 0.8765432098765432,
  "validation_1_F1": 0.8352941176470089,
  "validation_0_P": 0.863013698630137,
  "validation_0_R": 0.7777777777777778,
  "validation_0_F1": 0.8181818181817684,
  "validation_accuracy": 0.8271604938271605,
  "validation_average_F1": 0.8267379679143887,
  "validation_loss": 0.4959530830383301,
  "best_epoch": 0,
  "best_validation_1_P": 0.797752808988764,
  "best_validation_1_R": 0.8765432098765432,
  "best_validation_1_F1": 0.8352941176470089,
  "best_validation_0_P": 0.863013698630137,
  "best_validation_0_R": 0.7777777777777778,
  "best_validation_0_F1": 0.8181818181817684,
  "best_validation_accuracy": 0.8271604938271605,
  "best_validation_average_F1": 0.8267379679143887,
  "best_validation_loss": 0.4959530830383301
}