{
  "peak_cpu_memory_MB": 2642.084,
  "peak_gpu_0_memory_MB": 2510,
  "training_duration": "00:01:13",
  "training_start_epoch": 0,
  "training_epochs": 2,
  "epoch": 2,
  "training_1_P": 0.9032738095238095,
  "training_1_R": 0.9267175572519084,
  "training_1_F1": 0.9148455162019093,
  "training_0_P": 0.9247648902821317,
  "training_0_R": 0.9007633587786259,
  "training_0_F1": 0.9126063418406307,
  "training_accuracy": 0.9137404580152672,
  "training_average_F1": 0.91372592902127,
  "training_loss": 0.22541384026408195,
  "training_cpu_memory_MB": 2642.084,
  "training_gpu_0_memory_MB": 2510,
  "validation_1_P": 0.863013698630137,
  "validation_1_R": 0.7777777777777778,
  "validation_1_F1": 0.8181818181817684,
  "validation_0_P": 0.797752808988764,
  "validation_0_R": 0.8765432098765432,
  "validation_0_F1": 0.8352941176470089,
  "validation_accuracy": 0.8271604938271605,
  "validation_average_F1": 0.8267379679143887,
  "validation_loss": 0.4892194704575972,
  "best_epoch": 1,
  "best_validation_1_P": 0.8354430379746836,
  "best_validation_1_R": 0.8148148148148148,
  "best_validation_1_F1": 0.82499999999995,
  "best_validation_0_P": 0.8192771084337349,
  "best_validation_0_R": 0.8395061728395061,
  "best_validation_0_F1": 0.8292682926828769,
  "best_validation_accuracy": 0.8271604938271605,
  "best_validation_average_F1": 0.8271341463414135,
  "best_validation_loss": 0.3824379227378152
}