{
  "peak_cpu_memory_MB": 2642.084,
  "peak_gpu_0_memory_MB": 2510,
  "training_duration": "00:00:45",
  "training_start_epoch": 0,
  "training_epochs": 1,
  "epoch": 1,
  "training_1_P": 0.8645833333333334,
  "training_1_R": 0.8870229007633588,
  "training_1_F1": 0.875659382064758,
  "training_0_P": 0.8840125391849529,
  "training_0_R": 0.8610687022900764,
  "training_0_F1": 0.8723897911832448,
  "training_accuracy": 0.8740458015267175,
  "training_average_F1": 0.8740245866240014,
  "training_loss": 0.31618278146516987,
  "training_cpu_memory_MB": 2642.084,
  "training_gpu_0_memory_MB": 2510,
  "validation_1_P": 0.8354430379746836,
  "validation_1_R": 0.8148148148148148,
  "validation_1_F1": 0.82499999999995,
  "validation_0_P": 0.8192771084337349,
  "validation_0_R": 0.8395061728395061,
  "validation_0_F1": 0.8292682926828769,
  "validation_accuracy": 0.8271604938271605,
  "validation_average_F1": 0.8271341463414135,
  "validation_loss": 0.3824379227378152,
  "best_epoch": 1,
  "best_validation_1_P": 0.8354430379746836,
  "best_validation_1_R": 0.8148148148148148,
  "best_validation_1_F1": 0.82499999999995,
  "best_validation_0_P": 0.8192771084337349,
  "best_validation_0_R": 0.8395061728395061,
  "best_validation_0_F1": 0.8292682926828769,
  "best_validation_accuracy": 0.8271604938271605,
  "best_validation_average_F1": 0.8271341463414135,
  "best_validation_loss": 0.3824379227378152
}