{
  "peak_cpu_memory_MB": 3085.172,
  "peak_gpu_0_memory_MB": 11,
  "peak_gpu_1_memory_MB": 11,
  "peak_gpu_2_memory_MB": 11,
  "peak_gpu_3_memory_MB": 11,
  "peak_gpu_4_memory_MB": 11,
  "peak_gpu_5_memory_MB": 11,
  "peak_gpu_6_memory_MB": 3428,
  "peak_gpu_7_memory_MB": 11,
  "peak_gpu_8_memory_MB": 11,
  "peak_gpu_9_memory_MB": 11,
  "peak_gpu_10_memory_MB": 11,
  "peak_gpu_11_memory_MB": 11,
  "peak_gpu_12_memory_MB": 11,
  "peak_gpu_13_memory_MB": 11,
  "peak_gpu_14_memory_MB": 7789,
  "peak_gpu_15_memory_MB": 4911,
  "training_duration": "00:02:28",
  "training_start_epoch": 0,
  "training_epochs": 4,
  "epoch": 4,
  "training_1_F1": 0.9992360580595376,
  "training_0_F1": 0.9992372234934664,
  "training_accuracy": 0.999236641221374,
  "training_average_F1": 0.9992366407765021,
  "training_loss": 0.004908194538296723,
  "training_cpu_memory_MB": 3085.172,
  "training_gpu_0_memory_MB": 11,
  "training_gpu_1_memory_MB": 11,
  "training_gpu_2_memory_MB": 11,
  "training_gpu_3_memory_MB": 11,
  "training_gpu_4_memory_MB": 11,
  "training_gpu_5_memory_MB": 11,
  "training_gpu_6_memory_MB": 3428,
  "training_gpu_7_memory_MB": 11,
  "training_gpu_8_memory_MB": 11,
  "training_gpu_9_memory_MB": 11,
  "training_gpu_10_memory_MB": 11,
  "training_gpu_11_memory_MB": 11,
  "training_gpu_12_memory_MB": 11,
  "training_gpu_13_memory_MB": 11,
  "training_gpu_14_memory_MB": 7789,
  "training_gpu_15_memory_MB": 4911,
  "validation_1_F1": 0.8205128205127706,
  "validation_0_F1": 0.8333333333332835,
  "validation_accuracy": 0.8271604938271605,
  "validation_average_F1": 0.8269230769230271,
  "validation_loss": 0.7328522936864332,
  "best_epoch": 2,
  "best_validation_1_F1": 0.8333333333332835,
  "best_validation_0_F1": 0.8205128205127706,
  "best_validation_accuracy": 0.8271604938271605,
  "best_validation_average_F1": 0.8269230769230271,
  "best_validation_loss": 0.4332413537935777,
  "test_1_F1": 0.8095238095237596,
  "test_0_F1": 0.794871794871745,
  "test_accuracy": 0.8024691358024691,
  "test_average_F1": 0.8021978021977523,
  "test_loss": 0.4456565854224292
}