{
  "peak_cpu_memory_MB": 1847.628,
  "peak_gpu_0_memory_MB": 350,
  "training_duration": "00:00:02",
  "training_start_epoch": 0,
  "training_epochs": 1,
  "epoch": 1,
  "training_1_P": 0.8189781021897811,
  "training_1_R": 0.8564885496183207,
  "training_1_F1": 0.837313432835771,
  "training_0_P": 0.8496,
  "training_0_R": 0.8106870229007633,
  "training_0_F1": 0.8296874999999501,
  "training_accuracy": 0.833587786259542,
  "training_average_F1": 0.8335004664178605,
  "training_loss": 0.4043366501970989,
  "training_cpu_memory_MB": 1847.628,
  "training_gpu_0_memory_MB": 350,
  "validation_1_P": 0.7901234567901234,
  "validation_1_R": 0.7901234567901234,
  "validation_1_F1": 0.7901234567900735,
  "validation_0_P": 0.7901234567901234,
  "validation_0_R": 0.7901234567901234,
  "validation_0_F1": 0.7901234567900735,
  "validation_accuracy": 0.7901234567901234,
  "validation_average_F1": 0.7901234567900735,
  "validation_loss": 0.39678955349055206,
  "best_epoch": 0,
  "best_validation_1_P": 0.8292682926829268,
  "best_validation_1_R": 0.8395061728395061,
  "best_validation_1_F1": 0.8343558282208088,
  "best_validation_0_P": 0.8375,
  "best_validation_0_R": 0.8271604938271605,
  "best_validation_0_F1": 0.8322981366459128,
  "best_validation_accuracy": 0.8333333333333334,
  "best_validation_average_F1": 0.8333269824333608,
  "best_validation_loss": 0.39177413284778595
}