{
  "peak_cpu_memory_MB": 2642.604,
  "peak_gpu_0_memory_MB": 2506,
  "training_duration": "00:00:45",
  "training_start_epoch": 0,
  "training_epochs": 1,
  "epoch": 1,
  "training_1_P": 0.8739130434782608,
  "training_1_R": 0.9206106870229007,
  "training_1_F1": 0.8966542750928868,
  "training_0_P": 0.9161290322580645,
  "training_0_R": 0.867175572519084,
  "training_0_F1": 0.8909803921568128,
  "training_accuracy": 0.8938931297709923,
  "training_average_F1": 0.8938173336248498,
  "training_loss": 0.27183628313970276,
  "training_cpu_memory_MB": 2642.604,
  "training_gpu_0_memory_MB": 2506,
  "validation_1_P": 0.859375,
  "validation_1_R": 0.6790123456790124,
  "validation_1_F1": 0.7586206896551232,
  "validation_0_P": 0.7346938775510204,
  "validation_0_R": 0.8888888888888888,
  "validation_0_F1": 0.8044692737429673,
  "validation_accuracy": 0.7839506172839507,
  "validation_average_F1": 0.7815449816990452,
  "validation_loss": 0.5327632908116687,
  "best_epoch": 0,
  "best_validation_1_P": 0.8571428571428571,
  "best_validation_1_R": 0.8148148148148148,
  "best_validation_1_F1": 0.8354430379746336,
  "best_validation_0_P": 0.8235294117647058,
  "best_validation_0_R": 0.8641975308641975,
  "best_validation_0_F1": 0.8433734939758536,
  "best_validation_accuracy": 0.8395061728395061,
  "best_validation_average_F1": 0.8394082659752435,
  "best_validation_loss": 0.3707155097614635
}