{
  "peak_cpu_memory_MB": 2642.604,
  "peak_gpu_0_memory_MB": 2506,
  "training_duration": "00:01:08",
  "training_start_epoch": 0,
  "training_epochs": 2,
  "epoch": 2,
  "training_1_P": 0.9652042360060514,
  "training_1_R": 0.9740458015267176,
  "training_1_F1": 0.9696048632218345,
  "training_0_P": 0.9738058551617874,
  "training_0_R": 0.9648854961832061,
  "training_0_F1": 0.9693251533741832,
  "training_accuracy": 0.9694656488549618,
  "training_average_F1": 0.9694650082980089,
  "training_loss": 0.09735291678367591,
  "training_cpu_memory_MB": 2642.604,
  "training_gpu_0_memory_MB": 2506,
  "validation_1_P": 0.8192771084337349,
  "validation_1_R": 0.8395061728395061,
  "validation_1_F1": 0.8292682926828769,
  "validation_0_P": 0.8354430379746836,
  "validation_0_R": 0.8148148148148148,
  "validation_0_F1": 0.82499999999995,
  "validation_accuracy": 0.8271604938271605,
  "validation_average_F1": 0.8271341463414135,
  "validation_loss": 0.6205073276704008,
  "best_epoch": 0,
  "best_validation_1_P": 0.8571428571428571,
  "best_validation_1_R": 0.8148148148148148,
  "best_validation_1_F1": 0.8354430379746336,
  "best_validation_0_P": 0.8235294117647058,
  "best_validation_0_R": 0.8641975308641975,
  "best_validation_0_F1": 0.8433734939758536,
  "best_validation_accuracy": 0.8395061728395061,
  "best_validation_average_F1": 0.8394082659752435,
  "best_validation_loss": 0.3707155097614635
}