{
  "peak_cpu_memory_MB": 2642.604,
  "peak_gpu_0_memory_MB": 1241,
  "training_duration": "00:00:22",
  "training_start_epoch": 0,
  "training_epochs": 0,
  "epoch": 0,
  "training_1_P": 0.7,
  "training_1_R": 0.7694656488549618,
  "training_1_F1": 0.7330909090908593,
  "training_0_P": 0.7440677966101695,
  "training_0_R": 0.6702290076335878,
  "training_0_F1": 0.7052208835340869,
  "training_accuracy": 0.7198473282442748,
  "training_average_F1": 0.7191558963124731,
  "training_loss": 0.5725131625445877,
  "training_cpu_memory_MB": 2642.604,
  "training_gpu_0_memory_MB": 1241,
  "validation_1_P": 0.8571428571428571,
  "validation_1_R": 0.8148148148148148,
  "validation_1_F1": 0.8354430379746336,
  "validation_0_P": 0.8235294117647058,
  "validation_0_R": 0.8641975308641975,
  "validation_0_F1": 0.8433734939758536,
  "validation_accuracy": 0.8395061728395061,
  "validation_average_F1": 0.8394082659752435,
  "validation_loss": 0.3707155097614635,
  "best_epoch": 0,
  "best_validation_1_P": 0.8571428571428571,
  "best_validation_1_R": 0.8148148148148148,
  "best_validation_1_F1": 0.8354430379746336,
  "best_validation_0_P": 0.8235294117647058,
  "best_validation_0_R": 0.8641975308641975,
  "best_validation_0_F1": 0.8433734939758536,
  "best_validation_accuracy": 0.8395061728395061,
  "best_validation_average_F1": 0.8394082659752435,
  "best_validation_loss": 0.3707155097614635
}