{
  "peak_cpu_memory_MB": 3069.444,
  "peak_gpu_0_memory_MB": 2510,
  "training_duration": "00:02:46",
  "training_start_epoch": 0,
  "training_epochs": 6,
  "epoch": 6,
  "training_1_P": 0.8421052631578947,
  "training_1_R": 0.8793893129770992,
  "training_1_F1": 0.8603435399551405,
  "training_0_P": 0.8738019169329073,
  "training_0_R": 0.8351145038167939,
  "training_0_F1": 0.8540202966431976,
  "training_accuracy": 0.8572519083969465,
  "training_average_F1": 0.857181918299169,
  "training_loss": 0.35194221229814904,
  "training_cpu_memory_MB": 3069.444,
  "training_gpu_0_memory_MB": 2510,
  "validation_1_P": 0.8372093023255814,
  "validation_1_R": 0.8888888888888888,
  "validation_1_F1": 0.8622754491017465,
  "validation_0_P": 0.881578947368421,
  "validation_0_R": 0.8271604938271605,
  "validation_0_F1": 0.853503184713326,
  "validation_accuracy": 0.8580246913580247,
  "validation_average_F1": 0.8578893169075362,
  "validation_loss": 0.40885093130848627,
  "best_epoch": 3,
  "best_validation_1_P": 0.8372093023255814,
  "best_validation_1_R": 0.8888888888888888,
  "best_validation_1_F1": 0.8622754491017465,
  "best_validation_0_P": 0.881578947368421,
  "best_validation_0_R": 0.8271604938271605,
  "best_validation_0_F1": 0.853503184713326,
  "best_validation_accuracy": 0.8580246913580247,
  "best_validation_average_F1": 0.8578893169075362,
  "best_validation_loss": 0.44204687530344183,
  "test_1_P": 0.7701149425287356,
  "test_1_R": 0.8271604938271605,
  "test_1_F1": 0.7976190476189976,
  "test_0_P": 0.8133333333333334,
  "test_0_R": 0.7530864197530864,
  "test_0_F1": 0.7820512820512322,
  "test_accuracy": 0.7901234567901234,
  "test_average_F1": 0.789835164835115,
  "test_loss": 0.5422088734128259
}