{
  "peak_cpu_memory_MB": 5770.44,
  "peak_gpu_0_memory_MB": 11,
  "peak_gpu_1_memory_MB": 2330,
  "peak_gpu_2_memory_MB": 11,
  "peak_gpu_3_memory_MB": 11,
  "peak_gpu_4_memory_MB": 11,
  "peak_gpu_5_memory_MB": 11,
  "peak_gpu_6_memory_MB": 1634,
  "peak_gpu_7_memory_MB": 11,
  "peak_gpu_8_memory_MB": 11,
  "peak_gpu_9_memory_MB": 11,
  "peak_gpu_10_memory_MB": 11,
  "peak_gpu_11_memory_MB": 2856,
  "peak_gpu_12_memory_MB": 11,
  "peak_gpu_13_memory_MB": 11,
  "peak_gpu_14_memory_MB": 11,
  "peak_gpu_15_memory_MB": 11,
  "training_duration": "00:00:31",
  "training_start_epoch": 0,
  "training_epochs": 0,
  "epoch": 0,
  "training_1_P": 0.7320359281437125,
  "training_1_R": 0.7465648854961832,
  "training_1_F1": 0.7392290249432607,
  "training_0_P": 0.7414330218068536,
  "training_0_R": 0.7267175572519083,
  "training_0_F1": 0.7340015420199962,
  "training_accuracy": 0.7366412213740458,
  "training_average_F1": 0.7366152834816284,
  "training_loss": 0.5381020069485758,
  "training_cpu_memory_MB": 5770.44,
  "training_gpu_0_memory_MB": 11,
  "training_gpu_1_memory_MB": 2330,
  "training_gpu_2_memory_MB": 11,
  "training_gpu_3_memory_MB": 11,
  "training_gpu_4_memory_MB": 11,
  "training_gpu_5_memory_MB": 11,
  "training_gpu_6_memory_MB": 1634,
  "training_gpu_7_memory_MB": 11,
  "training_gpu_8_memory_MB": 11,
  "training_gpu_9_memory_MB": 11,
  "training_gpu_10_memory_MB": 11,
  "training_gpu_11_memory_MB": 2856,
  "training_gpu_12_memory_MB": 11,
  "training_gpu_13_memory_MB": 11,
  "training_gpu_14_memory_MB": 11,
  "training_gpu_15_memory_MB": 11,
  "validation_1_P": 0.7888888888888889,
  "validation_1_R": 0.8765432098765432,
  "validation_1_F1": 0.8304093567250963,
  "validation_0_P": 0.8611111111111112,
  "validation_0_R": 0.7654320987654321,
  "validation_0_F1": 0.8104575163398196,
  "validation_accuracy": 0.8209876543209876,
  "validation_average_F1": 0.8204334365324579,
  "validation_loss": 0.3945577015930956,
  "best_epoch": 0,
  "best_validation_1_P": 0.7888888888888889,
  "best_validation_1_R": 0.8765432098765432,
  "best_validation_1_F1": 0.8304093567250963,
  "best_validation_0_P": 0.8611111111111112,
  "best_validation_0_R": 0.7654320987654321,
  "best_validation_0_F1": 0.8104575163398196,
  "best_validation_accuracy": 0.8209876543209876,
  "best_validation_average_F1": 0.8204334365324579,
  "best_validation_loss": 0.3945577015930956
}