{
  "peak_cpu_memory_MB": 2203.128,
  "peak_gpu_0_memory_MB": 1116,
  "training_duration": "00:01:06",
  "training_start_epoch": 0,
  "training_epochs": 2,
  "epoch": 2,
  "training_1_P": 0.8777614138438881,
  "training_1_R": 0.9099236641221374,
  "training_1_F1": 0.893553223388256,
  "training_0_P": 0.9064976228209192,
  "training_0_R": 0.8732824427480916,
  "training_0_F1": 0.8895800933125473,
  "training_accuracy": 0.8916030534351145,
  "training_average_F1": 0.8915666583504016,
  "training_loss": 0.2848349127282457,
  "training_cpu_memory_MB": 2203.128,
  "training_gpu_0_memory_MB": 1116,
  "validation_1_P": 0.7816091954022989,
  "validation_1_R": 0.8395061728395061,
  "validation_1_F1": 0.8095238095237596,
  "validation_0_P": 0.8266666666666667,
  "validation_0_R": 0.7654320987654321,
  "validation_0_F1": 0.794871794871745,
  "validation_accuracy": 0.8024691358024691,
  "validation_average_F1": 0.8021978021977523,
  "validation_loss": 0.4299225482073697,
  "best_epoch": 1,
  "best_validation_1_P": 0.8,
  "best_validation_1_R": 0.8395061728395061,
  "best_validation_1_F1": 0.8192771084336851,
  "best_validation_0_P": 0.8311688311688312,
  "best_validation_0_R": 0.7901234567901234,
  "best_validation_0_F1": 0.8101265822784312,
  "best_validation_accuracy": 0.8148148148148148,
  "best_validation_average_F1": 0.8147018453560582,
  "best_validation_loss": 0.39559201354330237
}