{
  "peak_cpu_memory_MB": 3084.916,
  "peak_gpu_0_memory_MB": 11,
  "peak_gpu_1_memory_MB": 3034,
  "peak_gpu_2_memory_MB": 2958,
  "peak_gpu_3_memory_MB": 11,
  "peak_gpu_4_memory_MB": 11,
  "peak_gpu_5_memory_MB": 3034,
  "peak_gpu_6_memory_MB": 11,
  "peak_gpu_7_memory_MB": 11,
  "peak_gpu_8_memory_MB": 11,
  "peak_gpu_9_memory_MB": 11,
  "peak_gpu_10_memory_MB": 11,
  "peak_gpu_11_memory_MB": 11,
  "peak_gpu_12_memory_MB": 11,
  "peak_gpu_13_memory_MB": 11,
  "peak_gpu_14_memory_MB": 11,
  "peak_gpu_15_memory_MB": 11,
  "training_duration": "00:01:45",
  "training_start_epoch": 0,
  "training_epochs": 3,
  "epoch": 3,
  "training_1_F1": 0.9916094584286305,
  "training_0_F1": 0.9915966386554123,
  "training_accuracy": 0.9916030534351145,
  "training_average_F1": 0.9916030485420213,
  "training_loss": 0.0258903645998344,
  "training_cpu_memory_MB": 3084.916,
  "training_gpu_0_memory_MB": 11,
  "training_gpu_1_memory_MB": 3034,
  "training_gpu_2_memory_MB": 2958,
  "training_gpu_3_memory_MB": 11,
  "training_gpu_4_memory_MB": 11,
  "training_gpu_5_memory_MB": 3034,
  "training_gpu_6_memory_MB": 11,
  "training_gpu_7_memory_MB": 11,
  "training_gpu_8_memory_MB": 11,
  "training_gpu_9_memory_MB": 11,
  "training_gpu_10_memory_MB": 11,
  "training_gpu_11_memory_MB": 11,
  "training_gpu_12_memory_MB": 11,
  "training_gpu_13_memory_MB": 11,
  "training_gpu_14_memory_MB": 11,
  "training_gpu_15_memory_MB": 11,
  "validation_1_F1": 0.8079470198675,
  "validation_0_F1": 0.8323699421964821,
  "validation_accuracy": 0.8209876543209876,
  "validation_average_F1": 0.8201584810319911,
  "validation_loss": 0.5725567977536808,
  "best_epoch": 2,
  "best_validation_1_F1": 0.8536585365853159,
  "best_validation_0_F1": 0.8499999999999501,
  "best_validation_accuracy": 0.8518518518518519,
  "best_validation_average_F1": 0.851829268292633,
  "best_validation_loss": 0.4402830343354832,
  "test_1_F1": 0.8170731707316575,
  "test_0_F1": 0.8124999999999502,
  "test_accuracy": 0.8148148148148148,
  "test_average_F1": 0.8147865853658038,
  "test_loss": 0.5281110053712671
}