{
  "peak_cpu_memory_MB": 5739.372,
  "peak_gpu_0_memory_MB": 11,
  "peak_gpu_1_memory_MB": 11,
  "peak_gpu_2_memory_MB": 11,
  "peak_gpu_3_memory_MB": 11,
  "peak_gpu_4_memory_MB": 11,
  "peak_gpu_5_memory_MB": 11,
  "peak_gpu_6_memory_MB": 11,
  "peak_gpu_7_memory_MB": 8436,
  "peak_gpu_8_memory_MB": 11,
  "peak_gpu_9_memory_MB": 11,
  "peak_gpu_10_memory_MB": 8372,
  "peak_gpu_11_memory_MB": 11,
  "peak_gpu_12_memory_MB": 11,
  "peak_gpu_13_memory_MB": 11,
  "peak_gpu_14_memory_MB": 11,
  "peak_gpu_15_memory_MB": 11,
  "training_duration": "00:06:44",
  "training_start_epoch": 0,
  "training_epochs": 3,
  "epoch": 3,
  "training_1_F1": 0.9528158295281083,
  "training_0_F1": 0.9525267993873926,
  "training_accuracy": 0.9526717557251908,
  "training_average_F1": 0.9526713144577504,
  "training_loss": 0.22900190531480602,
  "training_cpu_memory_MB": 5739.372,
  "training_gpu_0_memory_MB": 11,
  "training_gpu_1_memory_MB": 11,
  "training_gpu_2_memory_MB": 11,
  "training_gpu_3_memory_MB": 11,
  "training_gpu_4_memory_MB": 11,
  "training_gpu_5_memory_MB": 11,
  "training_gpu_6_memory_MB": 11,
  "training_gpu_7_memory_MB": 8436,
  "training_gpu_8_memory_MB": 11,
  "training_gpu_9_memory_MB": 11,
  "training_gpu_10_memory_MB": 8372,
  "training_gpu_11_memory_MB": 11,
  "training_gpu_12_memory_MB": 11,
  "training_gpu_13_memory_MB": 11,
  "training_gpu_14_memory_MB": 11,
  "training_gpu_15_memory_MB": 11,
  "validation_1_F1": 0.8536585365853159,
  "validation_0_F1": 0.8499999999999501,
  "validation_accuracy": 0.8518518518518519,
  "validation_average_F1": 0.851829268292633,
  "validation_loss": 0.3715831230987202,
  "best_epoch": 1,
  "best_validation_1_F1": 0.8606060606060106,
  "best_validation_0_F1": 0.8553459119496356,
  "best_validation_accuracy": 0.8580246913580247,
  "best_validation_average_F1": 0.8579759862778231,
  "best_validation_loss": 0.3650411746718667,
  "test_1_F1": 0.8051948051947554,
  "test_0_F1": 0.823529411764656,
  "test_accuracy": 0.8148148148148148,
  "test_average_F1": 0.8143621084797057,
  "test_loss": 0.4278956570408561
}