{
  "peak_cpu_memory_MB": 5774.416,
  "peak_gpu_0_memory_MB": 11,
  "peak_gpu_1_memory_MB": 11,
  "peak_gpu_2_memory_MB": 11,
  "peak_gpu_3_memory_MB": 11,
  "peak_gpu_4_memory_MB": 11,
  "peak_gpu_5_memory_MB": 11,
  "peak_gpu_6_memory_MB": 1894,
  "peak_gpu_7_memory_MB": 11,
  "peak_gpu_8_memory_MB": 11,
  "peak_gpu_9_memory_MB": 11,
  "peak_gpu_10_memory_MB": 11,
  "peak_gpu_11_memory_MB": 4036,
  "peak_gpu_12_memory_MB": 11,
  "peak_gpu_13_memory_MB": 11,
  "peak_gpu_14_memory_MB": 11,
  "peak_gpu_15_memory_MB": 11,
  "training_duration": "00:04:25",
  "training_start_epoch": 0,
  "training_epochs": 6,
  "epoch": 6,
  "training_1_P": 0.9984756097560976,
  "training_1_R": 1.0,
  "training_1_F1": 0.9992372234934664,
  "training_0_P": 1.0,
  "training_0_R": 0.9984732824427481,
  "training_0_F1": 0.9992360580595376,
  "training_accuracy": 0.999236641221374,
  "training_average_F1": 0.9992366407765021,
  "training_loss": 0.00559542293762561,
  "training_cpu_memory_MB": 5774.416,
  "training_gpu_0_memory_MB": 11,
  "training_gpu_1_memory_MB": 11,
  "training_gpu_2_memory_MB": 11,
  "training_gpu_3_memory_MB": 11,
  "training_gpu_4_memory_MB": 11,
  "training_gpu_5_memory_MB": 11,
  "training_gpu_6_memory_MB": 1894,
  "training_gpu_7_memory_MB": 11,
  "training_gpu_8_memory_MB": 11,
  "training_gpu_9_memory_MB": 11,
  "training_gpu_10_memory_MB": 11,
  "training_gpu_11_memory_MB": 3574,
  "training_gpu_12_memory_MB": 11,
  "training_gpu_13_memory_MB": 11,
  "training_gpu_14_memory_MB": 11,
  "training_gpu_15_memory_MB": 11,
  "validation_1_P": 0.881578947368421,
  "validation_1_R": 0.8271604938271605,
  "validation_1_F1": 0.853503184713326,
  "validation_0_P": 0.8372093023255814,
  "validation_0_R": 0.8888888888888888,
  "validation_0_F1": 0.8622754491017465,
  "validation_accuracy": 0.8580246913580247,
  "validation_average_F1": 0.8578893169075362,
  "validation_loss": 0.5497397130185907,
  "best_epoch": 4,
  "best_validation_1_P": 0.8690476190476191,
  "best_validation_1_R": 0.9012345679012346,
  "best_validation_1_F1": 0.8848484848484349,
  "best_validation_0_P": 0.8974358974358975,
  "best_validation_0_R": 0.8641975308641975,
  "best_validation_0_F1": 0.8805031446540381,
  "best_validation_accuracy": 0.8827160493827161,
  "best_validation_average_F1": 0.8826758147512366,
  "best_validation_loss": 0.41858381032943726,
  "test_1_P": 0.8170731707317073,
  "test_1_R": 0.8271604938271605,
  "test_1_F1": 0.8220858895705022,
  "test_0_P": 0.825,
  "test_0_R": 0.8148148148148148,
  "test_0_F1": 0.8198757763974656,
  "test_accuracy": 0.8209876543209876,
  "test_average_F1": 0.8209808329839838,
  "test_loss": 0.6720823862335898
}