{
  "peak_cpu_memory_MB": 4455.232,
  "peak_gpu_0_memory_MB": 11,
  "peak_gpu_1_memory_MB": 11,
  "peak_gpu_2_memory_MB": 11,
  "peak_gpu_3_memory_MB": 11,
  "peak_gpu_4_memory_MB": 11,
  "peak_gpu_5_memory_MB": 11,
  "peak_gpu_6_memory_MB": 1906,
  "peak_gpu_7_memory_MB": 11,
  "peak_gpu_8_memory_MB": 11,
  "peak_gpu_9_memory_MB": 11,
  "peak_gpu_10_memory_MB": 11,
  "peak_gpu_11_memory_MB": 2288,
  "peak_gpu_12_memory_MB": 11,
  "peak_gpu_13_memory_MB": 11,
  "peak_gpu_14_memory_MB": 11,
  "peak_gpu_15_memory_MB": 1242,
  "training_duration": "00:01:03",
  "training_start_epoch": 0,
  "training_epochs": 1,
  "epoch": 1,
  "training_1_P": 0.8505747126436781,
  "training_1_R": 0.9038167938931297,
  "training_1_F1": 0.8763878608437695,
  "training_0_P": 0.8973941368078175,
  "training_0_R": 0.8412213740458016,
  "training_0_F1": 0.8684003152087759,
  "training_accuracy": 0.8725190839694656,
  "training_average_F1": 0.8723940880262727,
  "training_loss": 0.33308403021315247,
  "training_cpu_memory_MB": 4455.232,
  "training_gpu_0_memory_MB": 11,
  "training_gpu_1_memory_MB": 11,
  "training_gpu_2_memory_MB": 11,
  "training_gpu_3_memory_MB": 11,
  "training_gpu_4_memory_MB": 11,
  "training_gpu_5_memory_MB": 11,
  "training_gpu_6_memory_MB": 1906,
  "training_gpu_7_memory_MB": 11,
  "training_gpu_8_memory_MB": 11,
  "training_gpu_9_memory_MB": 11,
  "training_gpu_10_memory_MB": 11,
  "training_gpu_11_memory_MB": 2288,
  "training_gpu_12_memory_MB": 11,
  "training_gpu_13_memory_MB": 11,
  "training_gpu_14_memory_MB": 11,
  "training_gpu_15_memory_MB": 1242,
  "validation_1_P": 0.8472222222222222,
  "validation_1_R": 0.7530864197530864,
  "validation_1_F1": 0.797385620914983,
  "validation_0_P": 0.7777777777777778,
  "validation_0_R": 0.8641975308641975,
  "validation_0_F1": 0.8187134502923479,
  "validation_accuracy": 0.808641975308642,
  "validation_average_F1": 0.8080495356036654,
  "validation_loss": 0.4675899229266427,
  "best_epoch": 1,
  "best_validation_1_P": 0.8472222222222222,
  "best_validation_1_R": 0.7530864197530864,
  "best_validation_1_F1": 0.797385620914983,
  "best_validation_0_P": 0.7777777777777778,
  "best_validation_0_R": 0.8641975308641975,
  "best_validation_0_F1": 0.8187134502923479,
  "best_validation_accuracy": 0.808641975308642,
  "best_validation_average_F1": 0.8080495356036654,
  "best_validation_loss": 0.4675899229266427
}