{
  "peak_cpu_memory_MB": 4455.232,
  "peak_gpu_0_memory_MB": 11,
  "peak_gpu_1_memory_MB": 11,
  "peak_gpu_2_memory_MB": 11,
  "peak_gpu_3_memory_MB": 11,
  "peak_gpu_4_memory_MB": 11,
  "peak_gpu_5_memory_MB": 11,
  "peak_gpu_6_memory_MB": 1924,
  "peak_gpu_7_memory_MB": 11,
  "peak_gpu_8_memory_MB": 11,
  "peak_gpu_9_memory_MB": 11,
  "peak_gpu_10_memory_MB": 11,
  "peak_gpu_11_memory_MB": 2288,
  "peak_gpu_12_memory_MB": 11,
  "peak_gpu_13_memory_MB": 11,
  "peak_gpu_14_memory_MB": 11,
  "peak_gpu_15_memory_MB": 1242,
  "training_duration": "00:03:52",
  "training_start_epoch": 0,
  "training_epochs": 5,
  "epoch": 5,
  "training_1_P": 0.9984756097560976,
  "training_1_R": 1.0,
  "training_1_F1": 0.9992372234934664,
  "training_0_P": 1.0,
  "training_0_R": 0.9984732824427481,
  "training_0_F1": 0.9992360580595376,
  "training_accuracy": 0.999236641221374,
  "training_average_F1": 0.9992366407765021,
  "training_loss": 0.008642654502537192,
  "training_cpu_memory_MB": 4455.232,
  "training_gpu_0_memory_MB": 11,
  "training_gpu_1_memory_MB": 11,
  "training_gpu_2_memory_MB": 11,
  "training_gpu_3_memory_MB": 11,
  "training_gpu_4_memory_MB": 11,
  "training_gpu_5_memory_MB": 11,
  "training_gpu_6_memory_MB": 1924,
  "training_gpu_7_memory_MB": 11,
  "training_gpu_8_memory_MB": 11,
  "training_gpu_9_memory_MB": 11,
  "training_gpu_10_memory_MB": 11,
  "training_gpu_11_memory_MB": 2288,
  "training_gpu_12_memory_MB": 11,
  "training_gpu_13_memory_MB": 11,
  "training_gpu_14_memory_MB": 11,
  "training_gpu_15_memory_MB": 1242,
  "validation_1_P": 0.8441558441558441,
  "validation_1_R": 0.8024691358024691,
  "validation_1_F1": 0.8227848101265324,
  "validation_0_P": 0.8117647058823529,
  "validation_0_R": 0.8518518518518519,
  "validation_0_F1": 0.8313253012047693,
  "validation_accuracy": 0.8271604938271605,
  "validation_average_F1": 0.8270550556656509,
  "validation_loss": 0.6650561690330505,
  "best_epoch": 4,
  "best_validation_1_P": 0.8375,
  "best_validation_1_R": 0.8271604938271605,
  "best_validation_1_F1": 0.8322981366459128,
  "best_validation_0_P": 0.8292682926829268,
  "best_validation_0_R": 0.8395061728395061,
  "best_validation_0_F1": 0.8343558282208088,
  "best_validation_accuracy": 0.8333333333333334,
  "best_validation_average_F1": 0.8333269824333608,
  "best_validation_loss": 0.6933747250586748
}