{
  "peak_cpu_memory_MB": 4455.232,
  "peak_gpu_0_memory_MB": 11,
  "peak_gpu_1_memory_MB": 11,
  "peak_gpu_2_memory_MB": 11,
  "peak_gpu_3_memory_MB": 11,
  "peak_gpu_4_memory_MB": 11,
  "peak_gpu_5_memory_MB": 11,
  "peak_gpu_6_memory_MB": 1924,
  "peak_gpu_7_memory_MB": 11,
  "peak_gpu_8_memory_MB": 11,
  "peak_gpu_9_memory_MB": 11,
  "peak_gpu_10_memory_MB": 11,
  "peak_gpu_11_memory_MB": 2288,
  "peak_gpu_12_memory_MB": 11,
  "peak_gpu_13_memory_MB": 11,
  "peak_gpu_14_memory_MB": 11,
  "peak_gpu_15_memory_MB": 1242,
  "training_duration": "00:06:36",
  "training_start_epoch": 0,
  "training_epochs": 9,
  "epoch": 9,
  "training_1_P": 1.0,
  "training_1_R": 1.0,
  "training_1_F1": 0.99999999999995,
  "training_0_P": 1.0,
  "training_0_R": 1.0,
  "training_0_F1": 0.99999999999995,
  "training_accuracy": 1.0,
  "training_average_F1": 0.99999999999995,
  "training_loss": 0.0017044808397569308,
  "training_cpu_memory_MB": 4455.232,
  "training_gpu_0_memory_MB": 11,
  "training_gpu_1_memory_MB": 11,
  "training_gpu_2_memory_MB": 11,
  "training_gpu_3_memory_MB": 11,
  "training_gpu_4_memory_MB": 11,
  "training_gpu_5_memory_MB": 11,
  "training_gpu_6_memory_MB": 1924,
  "training_gpu_7_memory_MB": 11,
  "training_gpu_8_memory_MB": 11,
  "training_gpu_9_memory_MB": 11,
  "training_gpu_10_memory_MB": 11,
  "training_gpu_11_memory_MB": 2288,
  "training_gpu_12_memory_MB": 11,
  "training_gpu_13_memory_MB": 11,
  "training_gpu_14_memory_MB": 11,
  "training_gpu_15_memory_MB": 1242,
  "validation_1_P": 0.8414634146341463,
  "validation_1_R": 0.8518518518518519,
  "validation_1_F1": 0.8466257668711156,
  "validation_0_P": 0.85,
  "validation_0_R": 0.8395061728395061,
  "validation_0_F1": 0.84472049689436,
  "validation_accuracy": 0.845679012345679,
  "validation_average_F1": 0.8456731318827377,
  "validation_loss": 0.7821566597981886,
  "best_epoch": 9,
  "best_validation_1_P": 0.8414634146341463,
  "best_validation_1_R": 0.8518518518518519,
  "best_validation_1_F1": 0.8466257668711156,
  "best_validation_0_P": 0.85,
  "best_validation_0_R": 0.8395061728395061,
  "best_validation_0_F1": 0.84472049689436,
  "best_validation_accuracy": 0.845679012345679,
  "best_validation_average_F1": 0.8456731318827377,
  "best_validation_loss": 0.7821566597981886
}