{
  "peak_cpu_memory_MB": 4455.232,
  "peak_gpu_0_memory_MB": 11,
  "peak_gpu_1_memory_MB": 11,
  "peak_gpu_2_memory_MB": 11,
  "peak_gpu_3_memory_MB": 11,
  "peak_gpu_4_memory_MB": 11,
  "peak_gpu_5_memory_MB": 11,
  "peak_gpu_6_memory_MB": 1634,
  "peak_gpu_7_memory_MB": 11,
  "peak_gpu_8_memory_MB": 11,
  "peak_gpu_9_memory_MB": 11,
  "peak_gpu_10_memory_MB": 11,
  "peak_gpu_11_memory_MB": 2288,
  "peak_gpu_12_memory_MB": 11,
  "peak_gpu_13_memory_MB": 11,
  "peak_gpu_14_memory_MB": 11,
  "peak_gpu_15_memory_MB": 1242,
  "training_duration": "00:00:30",
  "training_start_epoch": 0,
  "training_epochs": 0,
  "epoch": 0,
  "training_1_P": 0.7296511627906976,
  "training_1_R": 0.766412213740458,
  "training_1_F1": 0.7475800446760483,
  "training_0_P": 0.7540192926045016,
  "training_0_R": 0.716030534351145,
  "training_0_F1": 0.7345340642129494,
  "training_accuracy": 0.7412213740458016,
  "training_average_F1": 0.7410570544444989,
  "training_loss": 0.5287625050035919,
  "training_cpu_memory_MB": 4455.232,
  "training_gpu_0_memory_MB": 11,
  "training_gpu_1_memory_MB": 11,
  "training_gpu_2_memory_MB": 11,
  "training_gpu_3_memory_MB": 11,
  "training_gpu_4_memory_MB": 11,
  "training_gpu_5_memory_MB": 11,
  "training_gpu_6_memory_MB": 1634,
  "training_gpu_7_memory_MB": 11,
  "training_gpu_8_memory_MB": 11,
  "training_gpu_9_memory_MB": 11,
  "training_gpu_10_memory_MB": 11,
  "training_gpu_11_memory_MB": 2288,
  "training_gpu_12_memory_MB": 11,
  "training_gpu_13_memory_MB": 11,
  "training_gpu_14_memory_MB": 11,
  "training_gpu_15_memory_MB": 1242,
  "validation_1_P": 0.7403846153846154,
  "validation_1_R": 0.9506172839506173,
  "validation_1_F1": 0.8324324324323832,
  "validation_0_P": 0.9310344827586207,
  "validation_0_R": 0.6666666666666666,
  "validation_0_F1": 0.7769784172661384,
  "validation_accuracy": 0.808641975308642,
  "validation_average_F1": 0.8047054248492608,
  "validation_loss": 0.4045137830755927,
  "best_epoch": 0,
  "best_validation_1_P": 0.7403846153846154,
  "best_validation_1_R": 0.9506172839506173,
  "best_validation_1_F1": 0.8324324324323832,
  "best_validation_0_P": 0.9310344827586207,
  "best_validation_0_R": 0.6666666666666666,
  "best_validation_0_F1": 0.7769784172661384,
  "best_validation_accuracy": 0.808641975308642,
  "best_validation_average_F1": 0.8047054248492608,
  "best_validation_loss": 0.4045137830755927
}