{
  "peak_cpu_memory_MB": 4455.232,
  "peak_gpu_0_memory_MB": 11,
  "peak_gpu_1_memory_MB": 11,
  "peak_gpu_2_memory_MB": 11,
  "peak_gpu_3_memory_MB": 11,
  "peak_gpu_4_memory_MB": 11,
  "peak_gpu_5_memory_MB": 11,
  "peak_gpu_6_memory_MB": 1924,
  "peak_gpu_7_memory_MB": 11,
  "peak_gpu_8_memory_MB": 11,
  "peak_gpu_9_memory_MB": 11,
  "peak_gpu_10_memory_MB": 11,
  "peak_gpu_11_memory_MB": 2288,
  "peak_gpu_12_memory_MB": 11,
  "peak_gpu_13_memory_MB": 11,
  "peak_gpu_14_memory_MB": 11,
  "peak_gpu_15_memory_MB": 1242,
  "training_duration": "00:08:31",
  "training_start_epoch": 0,
  "training_epochs": 12,
  "epoch": 12,
  "training_1_P": 1.0,
  "training_1_R": 1.0,
  "training_1_F1": 0.99999999999995,
  "training_0_P": 1.0,
  "training_0_R": 1.0,
  "training_0_F1": 0.99999999999995,
  "training_accuracy": 1.0,
  "training_average_F1": 0.99999999999995,
  "training_loss": 0.0011779523254783892,
  "training_cpu_memory_MB": 4455.232,
  "training_gpu_0_memory_MB": 11,
  "training_gpu_1_memory_MB": 11,
  "training_gpu_2_memory_MB": 11,
  "training_gpu_3_memory_MB": 11,
  "training_gpu_4_memory_MB": 11,
  "training_gpu_5_memory_MB": 11,
  "training_gpu_6_memory_MB": 1924,
  "training_gpu_7_memory_MB": 11,
  "training_gpu_8_memory_MB": 11,
  "training_gpu_9_memory_MB": 11,
  "training_gpu_10_memory_MB": 11,
  "training_gpu_11_memory_MB": 2288,
  "training_gpu_12_memory_MB": 11,
  "training_gpu_13_memory_MB": 11,
  "training_gpu_14_memory_MB": 11,
  "training_gpu_15_memory_MB": 1242,
  "validation_1_P": 0.8648648648648649,
  "validation_1_R": 0.7901234567901234,
  "validation_1_F1": 0.8258064516128534,
  "validation_0_P": 0.8068181818181818,
  "validation_0_R": 0.8765432098765432,
  "validation_0_F1": 0.8402366863904827,
  "validation_accuracy": 0.8333333333333334,
  "validation_average_F1": 0.833021569001668,
  "validation_loss": 0.8604520203715021,
  "best_epoch": 10,
  "best_validation_1_P": 0.8607594936708861,
  "best_validation_1_R": 0.8395061728395061,
  "best_validation_1_F1": 0.8499999999999501,
  "best_validation_0_P": 0.8433734939759037,
  "best_validation_0_R": 0.8641975308641975,
  "best_validation_0_F1": 0.8536585365853159,
  "best_validation_accuracy": 0.8518518518518519,
  "best_validation_average_F1": 0.851829268292633,
  "best_validation_loss": 0.7996365820819681,
  "test_1_P": 0.8,
  "test_1_R": 0.691358024691358,
  "test_1_F1": 0.741721854304586,
  "test_0_P": 0.7282608695652174,
  "test_0_R": 0.8271604938271605,
  "test_0_F1": 0.7745664739883895,
  "test_accuracy": 0.7592592592592593,
  "test_average_F1": 0.7581441641464878,
  "test_loss": 1.0154301808639006
}