{
  "peak_cpu_memory_MB": 4455.232,
  "peak_gpu_0_memory_MB": 11,
  "peak_gpu_1_memory_MB": 11,
  "peak_gpu_2_memory_MB": 11,
  "peak_gpu_3_memory_MB": 11,
  "peak_gpu_4_memory_MB": 11,
  "peak_gpu_5_memory_MB": 11,
  "peak_gpu_6_memory_MB": 1924,
  "peak_gpu_7_memory_MB": 11,
  "peak_gpu_8_memory_MB": 11,
  "peak_gpu_9_memory_MB": 11,
  "peak_gpu_10_memory_MB": 11,
  "peak_gpu_11_memory_MB": 2288,
  "peak_gpu_12_memory_MB": 11,
  "peak_gpu_13_memory_MB": 11,
  "peak_gpu_14_memory_MB": 11,
  "peak_gpu_15_memory_MB": 1242,
  "training_duration": "00:01:49",
  "training_start_epoch": 0,
  "training_epochs": 2,
  "epoch": 2,
  "training_1_P": 0.9188790560471977,
  "training_1_R": 0.9511450381679389,
  "training_1_F1": 0.9347336834208053,
  "training_0_P": 0.9493670886075949,
  "training_0_R": 0.916030534351145,
  "training_0_F1": 0.9324009324008825,
  "training_accuracy": 0.933587786259542,
  "training_average_F1": 0.933567307910844,
  "training_loss": 0.18755196480125916,
  "training_cpu_memory_MB": 4455.232,
  "training_gpu_0_memory_MB": 11,
  "training_gpu_1_memory_MB": 11,
  "training_gpu_2_memory_MB": 11,
  "training_gpu_3_memory_MB": 11,
  "training_gpu_4_memory_MB": 11,
  "training_gpu_5_memory_MB": 11,
  "training_gpu_6_memory_MB": 1924,
  "training_gpu_7_memory_MB": 11,
  "training_gpu_8_memory_MB": 11,
  "training_gpu_9_memory_MB": 11,
  "training_gpu_10_memory_MB": 11,
  "training_gpu_11_memory_MB": 2288,
  "training_gpu_12_memory_MB": 11,
  "training_gpu_13_memory_MB": 11,
  "training_gpu_14_memory_MB": 11,
  "training_gpu_15_memory_MB": 1242,
  "validation_1_P": 0.8769230769230769,
  "validation_1_R": 0.7037037037037037,
  "validation_1_F1": 0.7808219178081699,
  "validation_0_P": 0.7525773195876289,
  "validation_0_R": 0.9012345679012346,
  "validation_0_F1": 0.820224719101074,
  "validation_accuracy": 0.8024691358024691,
  "validation_average_F1": 0.8005233184546219,
  "validation_loss": 0.4994106617840854,
  "best_epoch": 1,
  "best_validation_1_P": 0.8472222222222222,
  "best_validation_1_R": 0.7530864197530864,
  "best_validation_1_F1": 0.797385620914983,
  "best_validation_0_P": 0.7777777777777778,
  "best_validation_0_R": 0.8641975308641975,
  "best_validation_0_F1": 0.8187134502923479,
  "best_validation_accuracy": 0.808641975308642,
  "best_validation_average_F1": 0.8080495356036654,
  "best_validation_loss": 0.4675899229266427
}