{
  "peak_cpu_memory_MB": 3085.824,
  "peak_gpu_0_memory_MB": 11,
  "peak_gpu_1_memory_MB": 11,
  "peak_gpu_2_memory_MB": 11,
  "peak_gpu_3_memory_MB": 11,
  "peak_gpu_4_memory_MB": 7059,
  "peak_gpu_5_memory_MB": 11,
  "peak_gpu_6_memory_MB": 11,
  "peak_gpu_7_memory_MB": 11,
  "peak_gpu_8_memory_MB": 11,
  "peak_gpu_9_memory_MB": 11,
  "peak_gpu_10_memory_MB": 11,
  "peak_gpu_11_memory_MB": 11,
  "peak_gpu_12_memory_MB": 11,
  "peak_gpu_13_memory_MB": 11,
  "peak_gpu_14_memory_MB": 11,
  "peak_gpu_15_memory_MB": 11,
  "training_duration": "00:05:24",
  "training_start_epoch": 0,
  "training_epochs": 6,
  "epoch": 6,
  "training_1_F1": 0.9680851063829288,
  "training_0_F1": 0.9677914110428949,
  "training_accuracy": 0.9679389312977099,
  "training_average_F1": 0.9679382587129118,
  "training_loss": 0.08853705766860669,
  "training_cpu_memory_MB": 3085.824,
  "training_gpu_0_memory_MB": 11,
  "training_gpu_1_memory_MB": 11,
  "training_gpu_2_memory_MB": 11,
  "training_gpu_3_memory_MB": 11,
  "training_gpu_4_memory_MB": 3036,
  "training_gpu_5_memory_MB": 11,
  "training_gpu_6_memory_MB": 11,
  "training_gpu_7_memory_MB": 11,
  "training_gpu_8_memory_MB": 11,
  "training_gpu_9_memory_MB": 11,
  "training_gpu_10_memory_MB": 11,
  "training_gpu_11_memory_MB": 11,
  "training_gpu_12_memory_MB": 11,
  "training_gpu_13_memory_MB": 11,
  "training_gpu_14_memory_MB": 11,
  "training_gpu_15_memory_MB": 11,
  "validation_1_F1": 0.8627450980391658,
  "validation_0_F1": 0.8771929824560905,
  "validation_accuracy": 0.8703703703703703,
  "validation_average_F1": 0.8699690402476281,
  "validation_loss": 0.33296955918723886,
  "best_epoch": 5,
  "best_validation_1_F1": 0.8860759493670387,
  "best_validation_0_F1": 0.8915662650601909,
  "best_validation_accuracy": 0.8888888888888888,
  "best_validation_average_F1": 0.8888211072136147,
  "best_validation_loss": 0.2991791042414578,
  "test_1_F1": 0.7770700636942176,
  "test_0_F1": 0.7904191616765968,
  "test_accuracy": 0.7839506172839507,
  "test_average_F1": 0.7837446126854072,
  "test_loss": 0.5184993994506922
}