{
  "training_duration": "00:12:52",
  "training_start_epoch": 0,
  "training_epochs": 4,
  "epoch": 4,
  "training_1_F1": 0.8489425981872613,
  "training_0_F1": 0.845679012345629,
  "training_accuracy": 0.8473282442748091,
  "training_average_F1": 0.8473108052664451,
  "training_loss": 0.523181570012395,
  "validation_1_F1": 0.8220858895705022,
  "validation_0_F1": 0.8198757763974656,
  "validation_accuracy": 0.8209876543209876,
  "validation_average_F1": 0.8209808329839838,
  "validation_loss": 0.4655889001759616,
  "best_epoch": 2,
  "best_validation_1_F1": 0.8313253012047693,
  "best_validation_0_F1": 0.8227848101265324,
  "best_validation_accuracy": 0.8271604938271605,
  "best_validation_average_F1": 0.8270550556656509,
  "best_validation_loss": 0.5274279876188799
}