{
  "training_duration": "00:02:26",
  "training_start_epoch": 0,
  "training_epochs": 0,
  "epoch": 0,
  "training_1_F1": 0.6850152905198298,
  "training_0_F1": 0.47715736040604684,
  "training_accuracy": 0.6068702290076335,
  "training_average_F1": 0.5810863254629384,
  "training_loss": 0.7173934913263088,
  "validation_1_F1": 0.7861271676300081,
  "validation_0_F1": 0.7549668874171688,
  "validation_accuracy": 0.7716049382716049,
  "validation_average_F1": 0.7705470275235884,
  "validation_loss": 0.643136051568118,
  "best_epoch": 0,
  "best_validation_1_F1": 0.7861271676300081,
  "best_validation_0_F1": 0.7549668874171688,
  "best_validation_accuracy": 0.7716049382716049,
  "best_validation_average_F1": 0.7705470275235884,
  "best_validation_loss": 0.643136051568118
}