{
  "peak_cpu_memory_MB": 5764.688,
  "peak_gpu_0_memory_MB": 11,
  "peak_gpu_1_memory_MB": 2332,
  "peak_gpu_2_memory_MB": 11,
  "peak_gpu_3_memory_MB": 11,
  "peak_gpu_4_memory_MB": 11,
  "peak_gpu_5_memory_MB": 11,
  "peak_gpu_6_memory_MB": 1894,
  "peak_gpu_7_memory_MB": 11,
  "peak_gpu_8_memory_MB": 11,
  "peak_gpu_9_memory_MB": 11,
  "peak_gpu_10_memory_MB": 11,
  "peak_gpu_11_memory_MB": 2322,
  "peak_gpu_12_memory_MB": 11,
  "peak_gpu_13_memory_MB": 11,
  "peak_gpu_14_memory_MB": 11,
  "peak_gpu_15_memory_MB": 11,
  "training_duration": "00:01:45",
  "training_start_epoch": 0,
  "training_epochs": 2,
  "epoch": 2,
  "training_1_P": 0.917910447761194,
  "training_1_R": 0.9389312977099237,
  "training_1_F1": 0.9283018867924029,
  "training_0_P": 0.9375,
  "training_0_R": 0.916030534351145,
  "training_0_F1": 0.9266409266408766,
  "training_accuracy": 0.9274809160305344,
  "training_average_F1": 0.9274714067166397,
  "training_loss": 0.20700009239882958,
  "training_cpu_memory_MB": 5764.688,
  "training_gpu_0_memory_MB": 11,
  "training_gpu_1_memory_MB": 2332,
  "training_gpu_2_memory_MB": 11,
  "training_gpu_3_memory_MB": 11,
  "training_gpu_4_memory_MB": 11,
  "training_gpu_5_memory_MB": 11,
  "training_gpu_6_memory_MB": 1894,
  "training_gpu_7_memory_MB": 11,
  "training_gpu_8_memory_MB": 11,
  "training_gpu_9_memory_MB": 11,
  "training_gpu_10_memory_MB": 11,
  "training_gpu_11_memory_MB": 2322,
  "training_gpu_12_memory_MB": 11,
  "training_gpu_13_memory_MB": 11,
  "training_gpu_14_memory_MB": 11,
  "training_gpu_15_memory_MB": 11,
  "validation_1_P": 0.8409090909090909,
  "validation_1_R": 0.9135802469135802,
  "validation_1_F1": 0.8757396449703644,
  "validation_0_P": 0.9054054054054054,
  "validation_0_R": 0.8271604938271605,
  "validation_0_F1": 0.8645161290322082,
  "validation_accuracy": 0.8703703703703703,
  "validation_average_F1": 0.8701278870012863,
  "validation_loss": 0.3192506297068162,
  "best_epoch": 1,
  "best_validation_1_P": 0.8674698795180723,
  "best_validation_1_R": 0.8888888888888888,
  "best_validation_1_F1": 0.8780487804877548,
  "best_validation_0_P": 0.8860759493670886,
  "best_validation_0_R": 0.8641975308641975,
  "best_validation_0_F1": 0.8749999999999499,
  "best_validation_accuracy": 0.8765432098765432,
  "best_validation_average_F1": 0.8765243902438524,
  "best_validation_loss": 0.3128619275309823
}