{
  "peak_cpu_memory_MB": 5764.688,
  "peak_gpu_0_memory_MB": 11,
  "peak_gpu_1_memory_MB": 2332,
  "peak_gpu_2_memory_MB": 11,
  "peak_gpu_3_memory_MB": 11,
  "peak_gpu_4_memory_MB": 11,
  "peak_gpu_5_memory_MB": 11,
  "peak_gpu_6_memory_MB": 1894,
  "peak_gpu_7_memory_MB": 11,
  "peak_gpu_8_memory_MB": 11,
  "peak_gpu_9_memory_MB": 11,
  "peak_gpu_10_memory_MB": 11,
  "peak_gpu_11_memory_MB": 2876,
  "peak_gpu_12_memory_MB": 11,
  "peak_gpu_13_memory_MB": 11,
  "peak_gpu_14_memory_MB": 11,
  "peak_gpu_15_memory_MB": 11,
  "training_duration": "00:04:54",
  "training_start_epoch": 0,
  "training_epochs": 7,
  "epoch": 7,
  "training_1_P": 1.0,
  "training_1_R": 1.0,
  "training_1_F1": 0.99999999999995,
  "training_0_P": 1.0,
  "training_0_R": 1.0,
  "training_0_F1": 0.99999999999995,
  "training_accuracy": 1.0,
  "training_average_F1": 0.99999999999995,
  "training_loss": 0.006293364045232898,
  "training_cpu_memory_MB": 5764.688,
  "training_gpu_0_memory_MB": 11,
  "training_gpu_1_memory_MB": 2332,
  "training_gpu_2_memory_MB": 11,
  "training_gpu_3_memory_MB": 11,
  "training_gpu_4_memory_MB": 11,
  "training_gpu_5_memory_MB": 11,
  "training_gpu_6_memory_MB": 1894,
  "training_gpu_7_memory_MB": 11,
  "training_gpu_8_memory_MB": 11,
  "training_gpu_9_memory_MB": 11,
  "training_gpu_10_memory_MB": 11,
  "training_gpu_11_memory_MB": 2876,
  "training_gpu_12_memory_MB": 11,
  "training_gpu_13_memory_MB": 11,
  "training_gpu_14_memory_MB": 11,
  "training_gpu_15_memory_MB": 11,
  "validation_1_P": 0.8809523809523809,
  "validation_1_R": 0.9135802469135802,
  "validation_1_F1": 0.8969696969696469,
  "validation_0_P": 0.9102564102564102,
  "validation_0_R": 0.8765432098765432,
  "validation_0_F1": 0.8930817610062394,
  "validation_accuracy": 0.8950617283950617,
  "validation_average_F1": 0.8950257289879431,
  "validation_loss": 0.4976379884914918,
  "best_epoch": 7,
  "best_validation_1_P": 0.8809523809523809,
  "best_validation_1_R": 0.9135802469135802,
  "best_validation_1_F1": 0.8969696969696469,
  "best_validation_0_P": 0.9102564102564102,
  "best_validation_0_R": 0.8765432098765432,
  "best_validation_0_F1": 0.8930817610062394,
  "best_validation_accuracy": 0.8950617283950617,
  "best_validation_average_F1": 0.8950257289879431,
  "best_validation_loss": 0.4976379884914918
}