{
  "peak_cpu_memory_MB": 5764.688,
  "peak_gpu_0_memory_MB": 11,
  "peak_gpu_1_memory_MB": 2332,
  "peak_gpu_2_memory_MB": 11,
  "peak_gpu_3_memory_MB": 11,
  "peak_gpu_4_memory_MB": 11,
  "peak_gpu_5_memory_MB": 11,
  "peak_gpu_6_memory_MB": 1894,
  "peak_gpu_7_memory_MB": 11,
  "peak_gpu_8_memory_MB": 11,
  "peak_gpu_9_memory_MB": 11,
  "peak_gpu_10_memory_MB": 11,
  "peak_gpu_11_memory_MB": 2876,
  "peak_gpu_12_memory_MB": 11,
  "peak_gpu_13_memory_MB": 11,
  "peak_gpu_14_memory_MB": 11,
  "peak_gpu_15_memory_MB": 11,
  "training_duration": "00:04:09",
  "training_start_epoch": 0,
  "training_epochs": 6,
  "epoch": 6,
  "training_1_P": 0.9984732824427481,
  "training_1_R": 0.9984732824427481,
  "training_1_F1": 0.9984732824426982,
  "training_0_P": 0.9984732824427481,
  "training_0_R": 0.9984732824427481,
  "training_0_F1": 0.9984732824426982,
  "training_accuracy": 0.9984732824427481,
  "training_average_F1": 0.9984732824426982,
  "training_loss": 0.010187396890392936,
  "training_cpu_memory_MB": 5764.688,
  "training_gpu_0_memory_MB": 11,
  "training_gpu_1_memory_MB": 2332,
  "training_gpu_2_memory_MB": 11,
  "training_gpu_3_memory_MB": 11,
  "training_gpu_4_memory_MB": 11,
  "training_gpu_5_memory_MB": 11,
  "training_gpu_6_memory_MB": 1894,
  "training_gpu_7_memory_MB": 11,
  "training_gpu_8_memory_MB": 11,
  "training_gpu_9_memory_MB": 11,
  "training_gpu_10_memory_MB": 11,
  "training_gpu_11_memory_MB": 2876,
  "training_gpu_12_memory_MB": 11,
  "training_gpu_13_memory_MB": 11,
  "training_gpu_14_memory_MB": 11,
  "training_gpu_15_memory_MB": 11,
  "validation_1_P": 0.872093023255814,
  "validation_1_R": 0.9259259259259259,
  "validation_1_F1": 0.8982035928143214,
  "validation_0_P": 0.9210526315789473,
  "validation_0_R": 0.8641975308641975,
  "validation_0_F1": 0.89171974522288,
  "validation_accuracy": 0.8950617283950617,
  "validation_average_F1": 0.8949616690186006,
  "validation_loss": 0.4412993148646571,
  "best_epoch": 6,
  "best_validation_1_P": 0.872093023255814,
  "best_validation_1_R": 0.9259259259259259,
  "best_validation_1_F1": 0.8982035928143214,
  "best_validation_0_P": 0.9210526315789473,
  "best_validation_0_R": 0.8641975308641975,
  "best_validation_0_F1": 0.89171974522288,
  "best_validation_accuracy": 0.8950617283950617,
  "best_validation_average_F1": 0.8949616690186006,
  "best_validation_loss": 0.4412993148646571
}