{
  "peak_cpu_memory_MB": 5767.684,
  "peak_gpu_0_memory_MB": 11,
  "peak_gpu_1_memory_MB": 11,
  "peak_gpu_2_memory_MB": 11,
  "peak_gpu_3_memory_MB": 11,
  "peak_gpu_4_memory_MB": 11,
  "peak_gpu_5_memory_MB": 11,
  "peak_gpu_6_memory_MB": 1890,
  "peak_gpu_7_memory_MB": 11,
  "peak_gpu_8_memory_MB": 11,
  "peak_gpu_9_memory_MB": 11,
  "peak_gpu_10_memory_MB": 11,
  "peak_gpu_11_memory_MB": 4806,
  "peak_gpu_12_memory_MB": 11,
  "peak_gpu_13_memory_MB": 11,
  "peak_gpu_14_memory_MB": 11,
  "peak_gpu_15_memory_MB": 11,
  "training_duration": "00:01:04",
  "training_start_epoch": 0,
  "training_epochs": 1,
  "epoch": 1,
  "training_1_P": 0.8739255014326648,
  "training_1_R": 0.9312977099236641,
  "training_1_F1": 0.9016999260901201,
  "training_0_P": 0.9264705882352942,
  "training_0_R": 0.8656488549618321,
  "training_0_F1": 0.8950276243093425,
  "training_accuracy": 0.898473282442748,
  "training_average_F1": 0.8983637751997313,
  "training_loss": 0.27163481212607243,
  "training_cpu_memory_MB": 5767.684,
  "training_gpu_0_memory_MB": 11,
  "training_gpu_1_memory_MB": 11,
  "training_gpu_2_memory_MB": 11,
  "training_gpu_3_memory_MB": 11,
  "training_gpu_4_memory_MB": 11,
  "training_gpu_5_memory_MB": 11,
  "training_gpu_6_memory_MB": 1890,
  "training_gpu_7_memory_MB": 11,
  "training_gpu_8_memory_MB": 11,
  "training_gpu_9_memory_MB": 11,
  "training_gpu_10_memory_MB": 11,
  "training_gpu_11_memory_MB": 4806,
  "training_gpu_12_memory_MB": 11,
  "training_gpu_13_memory_MB": 11,
  "training_gpu_14_memory_MB": 11,
  "training_gpu_15_memory_MB": 11,
  "validation_1_P": 0.8181818181818182,
  "validation_1_R": 0.8888888888888888,
  "validation_1_F1": 0.8520710059171098,
  "validation_0_P": 0.8783783783783784,
  "validation_0_R": 0.8024691358024691,
  "validation_0_F1": 0.8387096774193049,
  "validation_accuracy": 0.845679012345679,
  "validation_average_F1": 0.8453903416682074,
  "validation_loss": 0.37030293318358337,
  "best_epoch": 1,
  "best_validation_1_P": 0.8181818181818182,
  "best_validation_1_R": 0.8888888888888888,
  "best_validation_1_F1": 0.8520710059171098,
  "best_validation_0_P": 0.8783783783783784,
  "best_validation_0_R": 0.8024691358024691,
  "best_validation_0_F1": 0.8387096774193049,
  "best_validation_accuracy": 0.845679012345679,
  "best_validation_average_F1": 0.8453903416682074,
  "best_validation_loss": 0.37030293318358337
}