{
  "training_duration": "00:06:09",
  "training_start_epoch": 0,
  "training_epochs": 7,
  "epoch": 7,
  "training_1_F1": 0.8850746268656217,
  "training_0_F1": 0.87968749999995,
  "training_accuracy": 0.8824427480916031,
  "training_average_F1": 0.8823810634327858,
  "training_loss": 0.34462291183995036,
  "validation_1_F1": 0.8292682926828769,
  "validation_0_F1": 0.82499999999995,
  "validation_accuracy": 0.8271604938271605,
  "validation_average_F1": 0.8271341463414135,
  "validation_loss": 0.49016915261745453,
  "best_epoch": 7,
  "best_validation_1_F1": 0.8292682926828769,
  "best_validation_0_F1": 0.82499999999995,
  "best_validation_accuracy": 0.8271604938271605,
  "best_validation_average_F1": 0.8271341463414135,
  "best_validation_loss": 0.49016915261745453
}