{
  "training_duration": "00:06:56",
  "training_start_epoch": 0,
  "training_epochs": 8,
  "epoch": 8,
  "training_1_F1": 0.8736998514115399,
  "training_0_F1": 0.8665620094191023,
  "training_accuracy": 0.8702290076335878,
  "training_average_F1": 0.8701309304153211,
  "training_loss": 0.3474787946154432,
  "validation_1_F1": 0.8343558282208088,
  "validation_0_F1": 0.8322981366459128,
  "validation_accuracy": 0.8333333333333334,
  "validation_average_F1": 0.8333269824333608,
  "validation_loss": 0.493204883553765,
  "best_epoch": 8,
  "best_validation_1_F1": 0.8343558282208088,
  "best_validation_0_F1": 0.8322981366459128,
  "best_validation_accuracy": 0.8333333333333334,
  "best_validation_average_F1": 0.8333269824333608,
  "best_validation_loss": 0.493204883553765
}