{
  "training_duration": "00:08:27",
  "training_start_epoch": 0,
  "training_epochs": 10,
  "epoch": 10,
  "training_1_F1": 0.8937452901280585,
  "training_0_F1": 0.8909512761020382,
  "training_accuracy": 0.8923664122137405,
  "training_average_F1": 0.8923482831150483,
  "training_loss": 0.3137010007006366,
  "validation_1_F1": 0.823529411764656,
  "validation_0_F1": 0.8051948051947554,
  "validation_accuracy": 0.8148148148148148,
  "validation_average_F1": 0.8143621084797057,
  "validation_loss": 0.5150556401772932,
  "best_epoch": 8,
  "best_validation_1_F1": 0.8343558282208088,
  "best_validation_0_F1": 0.8322981366459128,
  "best_validation_accuracy": 0.8333333333333334,
  "best_validation_average_F1": 0.8333269824333608,
  "best_validation_loss": 0.493204883553765,
  "test_1_F1": 0.8026315789473186,
  "test_0_F1": 0.8255813953487874,
  "test_accuracy": 0.8148148148148148,
  "test_average_F1": 0.814106487148053,
  "test_loss": 0.38448418134992773
}