{
  "training_duration": "00:00:43",
  "training_start_epoch": 0,
  "training_epochs": 0,
  "epoch": 0,
  "training_1_F1": 0.6629482071712649,
  "training_0_F1": 0.6901098901098403,
  "training_accuracy": 0.6770992366412214,
  "training_average_F1": 0.6765290486405526,
  "training_loss": 0.6483067157791882,
  "validation_1_F1": 0.7529411764705383,
  "validation_0_F1": 0.7272727272726774,
  "validation_accuracy": 0.7407407407407407,
  "validation_average_F1": 0.7401069518716079,
  "validation_loss": 0.4912198104641654,
  "best_epoch": 0,
  "best_validation_1_F1": 0.7529411764705383,
  "best_validation_0_F1": 0.7272727272726774,
  "best_validation_accuracy": 0.7407407407407407,
  "best_validation_average_F1": 0.7401069518716079,
  "best_validation_loss": 0.4912198104641654
}