{
  "training_duration": "00:03:02",
  "training_start_epoch": 0,
  "training_epochs": 3,
  "epoch": 3,
  "training_1_F1": 0.8274336283185341,
  "training_0_F1": 0.8148734177214689,
  "training_accuracy": 0.8213740458015267,
  "training_average_F1": 0.8211535230200016,
  "training_loss": 0.4392735769109028,
  "validation_1_F1": 0.7953216374268507,
  "validation_0_F1": 0.7712418300653098,
  "validation_accuracy": 0.7839506172839507,
  "validation_average_F1": 0.7832817337460802,
  "validation_loss": 0.40367163582281634,
  "best_epoch": 2,
  "best_validation_1_F1": 0.7926829268292183,
  "best_validation_0_F1": 0.7874999999999501,
  "best_validation_accuracy": 0.7901234567901234,
  "best_validation_average_F1": 0.7900914634145841,
  "best_validation_loss": 0.4071253687143326
}