{
  "training_duration": "00:02:15",
  "training_start_epoch": 0,
  "training_epochs": 2,
  "epoch": 2,
  "training_1_F1": 0.8123620309050273,
  "training_0_F1": 0.7977795400475314,
  "training_accuracy": 0.8053435114503816,
  "training_average_F1": 0.8050707854762793,
  "training_loss": 0.4831572941890577,
  "validation_1_F1": 0.7926829268292183,
  "validation_0_F1": 0.7874999999999501,
  "validation_accuracy": 0.7901234567901234,
  "validation_average_F1": 0.7900914634145841,
  "validation_loss": 0.4071253687143326,
  "best_epoch": 2,
  "best_validation_1_F1": 0.7926829268292183,
  "best_validation_0_F1": 0.7874999999999501,
  "best_validation_accuracy": 0.7901234567901234,
  "best_validation_average_F1": 0.7900914634145841,
  "best_validation_loss": 0.4071253687143326
}