{
  "peak_cpu_memory_MB": 3086.336,
  "peak_gpu_0_memory_MB": 11,
  "peak_gpu_1_memory_MB": 11,
  "peak_gpu_2_memory_MB": 2958,
  "peak_gpu_3_memory_MB": 2942,
  "peak_gpu_4_memory_MB": 11,
  "peak_gpu_5_memory_MB": 11,
  "peak_gpu_6_memory_MB": 11,
  "peak_gpu_7_memory_MB": 11,
  "peak_gpu_8_memory_MB": 11,
  "peak_gpu_9_memory_MB": 11,
  "peak_gpu_10_memory_MB": 11,
  "peak_gpu_11_memory_MB": 11,
  "peak_gpu_12_memory_MB": 11,
  "peak_gpu_13_memory_MB": 11,
  "peak_gpu_14_memory_MB": 11,
  "peak_gpu_15_memory_MB": 11,
  "training_duration": "00:01:20",
  "training_start_epoch": 0,
  "training_epochs": 2,
  "epoch": 2,
  "training_1_F1": 0.9115646258502902,
  "training_0_F1": 0.9097918272937049,
  "training_accuracy": 0.9106870229007633,
  "training_average_F1": 0.9106782265719975,
  "training_loss": 0.23941451901706254,
  "training_cpu_memory_MB": 3086.336,
  "training_gpu_0_memory_MB": 11,
  "training_gpu_1_memory_MB": 11,
  "training_gpu_2_memory_MB": 2954,
  "training_gpu_3_memory_MB": 2942,
  "training_gpu_4_memory_MB": 11,
  "training_gpu_5_memory_MB": 11,
  "training_gpu_6_memory_MB": 11,
  "training_gpu_7_memory_MB": 11,
  "training_gpu_8_memory_MB": 11,
  "training_gpu_9_memory_MB": 11,
  "training_gpu_10_memory_MB": 11,
  "training_gpu_11_memory_MB": 11,
  "training_gpu_12_memory_MB": 11,
  "training_gpu_13_memory_MB": 11,
  "training_gpu_14_memory_MB": 11,
  "training_gpu_15_memory_MB": 11,
  "validation_1_F1": 0.8805031446540381,
  "validation_0_F1": 0.8848484848484349,
  "validation_accuracy": 0.8827160493827161,
  "validation_average_F1": 0.8826758147512366,
  "validation_loss": 0.303390542214567,
  "best_epoch": 1,
  "best_validation_1_F1": 0.8930817610062394,
  "best_validation_0_F1": 0.8969696969696469,
  "best_validation_accuracy": 0.8950617283950617,
  "best_validation_average_F1": 0.8950257289879431,
  "best_validation_loss": 0.31052403151988983,
  "test_1_F1": 0.8048780487804378,
  "test_0_F1": 0.7999999999999501,
  "test_accuracy": 0.8024691358024691,
  "test_average_F1": 0.802439024390194,
  "test_loss": 0.3897454101930965
}