{
  "training_duration": "00:07:31",
  "training_start_epoch": 1,
  "training_epochs": 2,
  "epoch": 3,
  "training_1_F1": 0.8545994065281399,
  "training_0_F1": 0.8459119496854847,
  "training_accuracy": 0.850381679389313,
  "training_average_F1": 0.8502556781068122,
  "training_loss": 0.3861296736612553,
  "validation_1_F1": 0.8072289156626007,
  "validation_0_F1": 0.7974683544303299,
  "validation_accuracy": 0.8024691358024691,
  "validation_average_F1": 0.8023486350464653,
  "validation_loss": 0.3926795423030853,
  "best_epoch": 1,
  "best_validation_1_F1": 0.8143712574849801,
  "best_validation_0_F1": 0.802547770700587,
  "best_validation_accuracy": 0.808641975308642,
  "best_validation_average_F1": 0.8084595140927835,
  "best_validation_loss": 0.4008069390600378
}