{
  "training_duration": "00:02:24",
  "training_start_epoch": 0,
  "training_epochs": 0,
  "epoch": 0,
  "training_1_F1": 0.7221801665404496,
  "training_0_F1": 0.7174749807543764,
  "training_accuracy": 0.7198473282442748,
  "training_average_F1": 0.719827573647413,
  "training_loss": 0.5984602454232006,
  "validation_1_F1": 0.8095238095237596,
  "validation_0_F1": 0.794871794871745,
  "validation_accuracy": 0.8024691358024691,
  "validation_average_F1": 0.8021978021977523,
  "validation_loss": 0.4254458384080367,
  "best_epoch": 0,
  "best_validation_1_F1": 0.8095238095237596,
  "best_validation_0_F1": 0.794871794871745,
  "best_validation_accuracy": 0.8024691358024691,
  "best_validation_average_F1": 0.8021978021977523,
  "best_validation_loss": 0.4254458384080367
}