{
  "training_duration": "00:02:24",
  "training_start_epoch": 1,
  "training_epochs": 0,
  "epoch": 1,
  "training_1_F1": 0.8776119402984576,
  "training_0_F1": 0.87187499999995,
  "training_accuracy": 0.8748091603053435,
  "training_average_F1": 0.8747434701492038,
  "training_loss": 0.37302168658593804,
  "validation_1_F1": 0.8143712574849801,
  "validation_0_F1": 0.802547770700587,
  "validation_accuracy": 0.808641975308642,
  "validation_average_F1": 0.8084595140927835,
  "validation_loss": 0.4008069390600378,
  "best_epoch": 1,
  "best_validation_1_F1": 0.8143712574849801,
  "best_validation_0_F1": 0.802547770700587,
  "best_validation_accuracy": 0.808641975308642,
  "best_validation_average_F1": 0.8084595140927835,
  "best_validation_loss": 0.4008069390600378
}