{
  "peak_cpu_memory_MB": 4995.832,
  "peak_gpu_0_memory_MB": 11,
  "peak_gpu_1_memory_MB": 11,
  "peak_gpu_2_memory_MB": 11,
  "peak_gpu_3_memory_MB": 11,
  "peak_gpu_4_memory_MB": 11,
  "peak_gpu_5_memory_MB": 11,
  "peak_gpu_6_memory_MB": 11,
  "peak_gpu_7_memory_MB": 11,
  "peak_gpu_8_memory_MB": 11,
  "peak_gpu_9_memory_MB": 11,
  "peak_gpu_10_memory_MB": 11,
  "peak_gpu_11_memory_MB": 11,
  "peak_gpu_12_memory_MB": 11,
  "peak_gpu_13_memory_MB": 11,
  "peak_gpu_14_memory_MB": 7667,
  "peak_gpu_15_memory_MB": 4911,
  "training_duration": "01:37:22",
  "training_start_epoch": 0,
  "training_epochs": 2,
  "epoch": 2,
  "training_joy_F1": 0.8509582583885876,
  "training_sadness_F1": 0.6182979959337297,
  "training_fear_F1": 0.4902363823226635,
  "training_anger_F1": 0.4399579390115182,
  "training_surprise_F1": 0.31436978911226615,
  "training_disgust_F1": 0.5051719990377185,
  "training_trust_F1": 0.5995467788927968,
  "training_anticipation_F1": 0.38053949903656237,
  "training_accuracy": 0.6591232380706065,
  "training_average_F1": 0.5248848302169803,
  "training_loss": 0.9811525824668488,
  "training_cpu_memory_MB": 4995.832,
  "training_gpu_0_memory_MB": 11,
  "training_gpu_1_memory_MB": 11,
  "training_gpu_2_memory_MB": 11,
  "training_gpu_3_memory_MB": 11,
  "training_gpu_4_memory_MB": 11,
  "training_gpu_5_memory_MB": 11,
  "training_gpu_6_memory_MB": 11,
  "training_gpu_7_memory_MB": 11,
  "training_gpu_8_memory_MB": 11,
  "training_gpu_9_memory_MB": 11,
  "training_gpu_10_memory_MB": 11,
  "training_gpu_11_memory_MB": 11,
  "training_gpu_12_memory_MB": 11,
  "training_gpu_13_memory_MB": 11,
  "training_gpu_14_memory_MB": 7667,
  "training_gpu_15_memory_MB": 4911,
  "validation_joy_F1": 0.8344270570418483,
  "validation_sadness_F1": 0.5929368029739286,
  "validation_fear_F1": 0.39409722222217286,
  "validation_anger_F1": 0.4176991150442003,
  "validation_surprise_F1": 0.2550091074680771,
  "validation_disgust_F1": 0.44253859348193986,
  "validation_trust_F1": 0.5972222222221726,
  "validation_anticipation_F1": 0.3099630996309464,
  "validation_accuracy": 0.6219739292364991,
  "validation_average_F1": 0.48048665251066075,
  "validation_loss": 1.1030121177139849,
  "best_epoch": 2,
  "best_validation_joy_F1": 0.8344270570418483,
  "best_validation_sadness_F1": 0.5929368029739286,
  "best_validation_fear_F1": 0.39409722222217286,
  "best_validation_anger_F1": 0.4176991150442003,
  "best_validation_surprise_F1": 0.2550091074680771,
  "best_validation_disgust_F1": 0.44253859348193986,
  "best_validation_trust_F1": 0.5972222222221726,
  "best_validation_anticipation_F1": 0.3099630996309464,
  "best_validation_accuracy": 0.6219739292364991,
  "best_validation_average_F1": 0.48048665251066075,
  "best_validation_loss": 1.1030121177139849
}