{
  "peak_cpu_memory_MB": 5369.264,
  "peak_gpu_0_memory_MB": 11,
  "peak_gpu_1_memory_MB": 11,
  "peak_gpu_2_memory_MB": 11,
  "peak_gpu_3_memory_MB": 11,
  "peak_gpu_4_memory_MB": 11,
  "peak_gpu_5_memory_MB": 11,
  "peak_gpu_6_memory_MB": 11,
  "peak_gpu_7_memory_MB": 11,
  "peak_gpu_8_memory_MB": 11,
  "peak_gpu_9_memory_MB": 11,
  "peak_gpu_10_memory_MB": 11,
  "peak_gpu_11_memory_MB": 11,
  "peak_gpu_12_memory_MB": 11,
  "peak_gpu_13_memory_MB": 11,
  "peak_gpu_14_memory_MB": 7667,
  "peak_gpu_15_memory_MB": 4911,
  "training_duration": "02:10:15",
  "training_start_epoch": 0,
  "training_epochs": 3,
  "epoch": 3,
  "training_joy_F1": 0.8612655381347494,
  "training_sadness_F1": 0.633182379580025,
  "training_fear_F1": 0.5225905150432953,
  "training_anger_F1": 0.4576697401508316,
  "training_surprise_F1": 0.3493346007604112,
  "training_disgust_F1": 0.520698731753959,
  "training_trust_F1": 0.6461059190030659,
  "training_anticipation_F1": 0.43607624360757674,
  "training_accuracy": 0.6764257080046554,
  "training_average_F1": 0.5533654585042392,
  "training_loss": 0.9275421658091746,
  "training_cpu_memory_MB": 5369.264,
  "training_gpu_0_memory_MB": 11,
  "training_gpu_1_memory_MB": 11,
  "training_gpu_2_memory_MB": 11,
  "training_gpu_3_memory_MB": 11,
  "training_gpu_4_memory_MB": 11,
  "training_gpu_5_memory_MB": 11,
  "training_gpu_6_memory_MB": 11,
  "training_gpu_7_memory_MB": 11,
  "training_gpu_8_memory_MB": 11,
  "training_gpu_9_memory_MB": 11,
  "training_gpu_10_memory_MB": 11,
  "training_gpu_11_memory_MB": 11,
  "training_gpu_12_memory_MB": 11,
  "training_gpu_13_memory_MB": 11,
  "training_gpu_14_memory_MB": 7667,
  "training_gpu_15_memory_MB": 4911,
  "validation_joy_F1": 0.8370445344129057,
  "validation_sadness_F1": 0.5992578849721216,
  "validation_fear_F1": 0.4144295302012926,
  "validation_anger_F1": 0.4455128205127711,
  "validation_surprise_F1": 0.24196597353492613,
  "validation_disgust_F1": 0.4277456647398362,
  "validation_trust_F1": 0.5775656324581846,
  "validation_anticipation_F1": 0.31501831501826505,
  "validation_accuracy": 0.6259052348437824,
  "validation_average_F1": 0.48231754448128783,
  "validation_loss": 1.1004075656826346,
  "best_epoch": 3,
  "best_validation_joy_F1": 0.8370445344129057,
  "best_validation_sadness_F1": 0.5992578849721216,
  "best_validation_fear_F1": 0.4144295302012926,
  "best_validation_anger_F1": 0.4455128205127711,
  "best_validation_surprise_F1": 0.24196597353492613,
  "best_validation_disgust_F1": 0.4277456647398362,
  "best_validation_trust_F1": 0.5775656324581846,
  "best_validation_anticipation_F1": 0.31501831501826505,
  "best_validation_accuracy": 0.6259052348437824,
  "best_validation_average_F1": 0.48231754448128783,
  "best_validation_loss": 1.1004075656826346
}