{
  "peak_cpu_memory_MB": 7320.868,
  "peak_gpu_0_memory_MB": 11,
  "peak_gpu_1_memory_MB": 11,
  "peak_gpu_2_memory_MB": 11,
  "peak_gpu_3_memory_MB": 11,
  "peak_gpu_4_memory_MB": 11,
  "peak_gpu_5_memory_MB": 11,
  "peak_gpu_6_memory_MB": 11,
  "peak_gpu_7_memory_MB": 11,
  "peak_gpu_8_memory_MB": 11,
  "peak_gpu_9_memory_MB": 11,
  "peak_gpu_10_memory_MB": 11,
  "peak_gpu_11_memory_MB": 11,
  "peak_gpu_12_memory_MB": 11,
  "peak_gpu_13_memory_MB": 11,
  "peak_gpu_14_memory_MB": 7789,
  "peak_gpu_15_memory_MB": 4911,
  "training_duration": "01:37:20",
  "training_start_epoch": 4,
  "training_epochs": 2,
  "epoch": 6,
  "training_joy_F1": 0.9093524260051921,
  "training_sadness_F1": 0.7107729762628843,
  "training_fear_F1": 0.6399363247437566,
  "training_anger_F1": 0.5867457962412959,
  "training_surprise_F1": 0.4984749455337211,
  "training_disgust_F1": 0.625175479644312,
  "training_trust_F1": 0.7490324501339187,
  "training_anticipation_F1": 0.5788787483702248,
  "training_accuracy": 0.7541954335065808,
  "training_average_F1": 0.6622961433669131,
  "training_loss": 0.7244121586307698,
  "training_cpu_memory_MB": 7320.868,
  "training_gpu_0_memory_MB": 11,
  "training_gpu_1_memory_MB": 11,
  "training_gpu_2_memory_MB": 11,
  "training_gpu_3_memory_MB": 11,
  "training_gpu_4_memory_MB": 11,
  "training_gpu_5_memory_MB": 11,
  "training_gpu_6_memory_MB": 11,
  "training_gpu_7_memory_MB": 11,
  "training_gpu_8_memory_MB": 11,
  "training_gpu_9_memory_MB": 11,
  "training_gpu_10_memory_MB": 11,
  "training_gpu_11_memory_MB": 11,
  "training_gpu_12_memory_MB": 11,
  "training_gpu_13_memory_MB": 11,
  "training_gpu_14_memory_MB": 7789,
  "training_gpu_15_memory_MB": 4911,
  "validation_joy_F1": 0.8340713727532713,
  "validation_sadness_F1": 0.6000969461948124,
  "validation_fear_F1": 0.4101307189541985,
  "validation_anger_F1": 0.4451939291736445,
  "validation_surprise_F1": 0.2909090909090419,
  "validation_disgust_F1": 0.4455782312924671,
  "validation_trust_F1": 0.6373626373625874,
  "validation_anticipation_F1": 0.33444816053506715,
  "validation_accuracy": 0.6242499482722946,
  "validation_average_F1": 0.4997238858968862,
  "validation_loss": 1.169569014666891,
  "best_epoch": 6,
  "best_validation_joy_F1": 0.8340713727532713,
  "best_validation_sadness_F1": 0.6000969461948124,
  "best_validation_fear_F1": 0.4101307189541985,
  "best_validation_anger_F1": 0.4451939291736445,
  "best_validation_surprise_F1": 0.2909090909090419,
  "best_validation_disgust_F1": 0.4455782312924671,
  "best_validation_trust_F1": 0.6373626373625874,
  "best_validation_anticipation_F1": 0.33444816053506715,
  "best_validation_accuracy": 0.6242499482722946,
  "best_validation_average_F1": 0.4997238858968862,
  "best_validation_loss": 1.169569014666891
}