{
  "peak_cpu_memory_MB": 4698.684,
  "peak_gpu_0_memory_MB": 11,
  "peak_gpu_1_memory_MB": 11,
  "peak_gpu_2_memory_MB": 11,
  "peak_gpu_3_memory_MB": 11,
  "peak_gpu_4_memory_MB": 11,
  "peak_gpu_5_memory_MB": 11,
  "peak_gpu_6_memory_MB": 11,
  "peak_gpu_7_memory_MB": 11,
  "peak_gpu_8_memory_MB": 11,
  "peak_gpu_9_memory_MB": 11,
  "peak_gpu_10_memory_MB": 11,
  "peak_gpu_11_memory_MB": 11,
  "peak_gpu_12_memory_MB": 11,
  "peak_gpu_13_memory_MB": 11,
  "peak_gpu_14_memory_MB": 7667,
  "peak_gpu_15_memory_MB": 4883,
  "training_duration": "01:04:46",
  "training_start_epoch": 0,
  "training_epochs": 1,
  "epoch": 1,
  "training_joy_F1": 0.8339666584946793,
  "training_sadness_F1": 0.5977063958463597,
  "training_fear_F1": 0.4495033112582284,
  "training_anger_F1": 0.38416358494665676,
  "training_surprise_F1": 0.24641085878356705,
  "training_disgust_F1": 0.45912104100166995,
  "training_trust_F1": 0.5594405594405112,
  "training_anticipation_F1": 0.3441074092490844,
  "training_accuracy": 0.6334393504512192,
  "training_average_F1": 0.4843024773775946,
  "training_loss": 1.0505651238661744,
  "training_cpu_memory_MB": 4698.684,
  "training_gpu_0_memory_MB": 11,
  "training_gpu_1_memory_MB": 11,
  "training_gpu_2_memory_MB": 11,
  "training_gpu_3_memory_MB": 11,
  "training_gpu_4_memory_MB": 11,
  "training_gpu_5_memory_MB": 11,
  "training_gpu_6_memory_MB": 11,
  "training_gpu_7_memory_MB": 11,
  "training_gpu_8_memory_MB": 11,
  "training_gpu_9_memory_MB": 11,
  "training_gpu_10_memory_MB": 11,
  "training_gpu_11_memory_MB": 11,
  "training_gpu_12_memory_MB": 11,
  "training_gpu_13_memory_MB": 11,
  "training_gpu_14_memory_MB": 7667,
  "training_gpu_15_memory_MB": 4883,
  "validation_joy_F1": 0.832251622566101,
  "validation_sadness_F1": 0.5860735009670686,
  "validation_fear_F1": 0.4181132075471199,
  "validation_anger_F1": 0.41426146010181913,
  "validation_surprise_F1": 0.2120582120581713,
  "validation_disgust_F1": 0.43760683760678776,
  "validation_trust_F1": 0.5639810426539791,
  "validation_anticipation_F1": 0.21052631578943592,
  "validation_accuracy": 0.6186633560935237,
  "validation_average_F1": 0.4593590249113103,
  "validation_loss": 1.106808342949392,
  "best_epoch": 1,
  "best_validation_joy_F1": 0.832251622566101,
  "best_validation_sadness_F1": 0.5860735009670686,
  "best_validation_fear_F1": 0.4181132075471199,
  "best_validation_anger_F1": 0.41426146010181913,
  "best_validation_surprise_F1": 0.2120582120581713,
  "best_validation_disgust_F1": 0.43760683760678776,
  "best_validation_trust_F1": 0.5639810426539791,
  "best_validation_anticipation_F1": 0.21052631578943592,
  "best_validation_accuracy": 0.6186633560935237,
  "best_validation_average_F1": 0.4593590249113103,
  "best_validation_loss": 1.106808342949392
}