{
  "peak_cpu_memory_MB": 2050.82,
  "peak_gpu_0_memory_MB": 11,
  "peak_gpu_1_memory_MB": 3970,
  "peak_gpu_2_memory_MB": 11,
  "peak_gpu_3_memory_MB": 11,
  "peak_gpu_4_memory_MB": 11,
  "peak_gpu_5_memory_MB": 11,
  "peak_gpu_6_memory_MB": 11,
  "peak_gpu_7_memory_MB": 11,
  "peak_gpu_8_memory_MB": 11,
  "peak_gpu_9_memory_MB": 11,
  "peak_gpu_10_memory_MB": 11,
  "peak_gpu_11_memory_MB": 9142,
  "peak_gpu_12_memory_MB": 11,
  "peak_gpu_13_memory_MB": 11,
  "peak_gpu_14_memory_MB": 11,
  "peak_gpu_15_memory_MB": 11,
  "training_duration": "00:07:05",
  "training_start_epoch": 0,
  "training_epochs": 12,
  "epoch": 12,
  "training_1_F1": 0.7936267071319683,
  "training_0_F1": 0.7910906298002572,
  "training_accuracy": 0.7923664122137405,
  "training_average_F1": 0.7923586684661128,
  "training_loss": 0.4458450246147993,
  "training_cpu_memory_MB": 2050.82,
  "training_gpu_0_memory_MB": 11,
  "training_gpu_1_memory_MB": 3970,
  "training_gpu_2_memory_MB": 11,
  "training_gpu_3_memory_MB": 11,
  "training_gpu_4_memory_MB": 11,
  "training_gpu_5_memory_MB": 11,
  "training_gpu_6_memory_MB": 11,
  "training_gpu_7_memory_MB": 11,
  "training_gpu_8_memory_MB": 11,
  "training_gpu_9_memory_MB": 11,
  "training_gpu_10_memory_MB": 11,
  "training_gpu_11_memory_MB": 9142,
  "training_gpu_12_memory_MB": 11,
  "training_gpu_13_memory_MB": 11,
  "training_gpu_14_memory_MB": 11,
  "training_gpu_15_memory_MB": 11,
  "validation_1_F1": 0.8292682926828769,
  "validation_0_F1": 0.82499999999995,
  "validation_accuracy": 0.8271604938271605,
  "validation_average_F1": 0.8271341463414135,
  "validation_loss": 0.462223237211054,
  "best_epoch": 10,
  "best_validation_1_F1": 0.8518518518518019,
  "best_validation_0_F1": 0.8518518518518019,
  "best_validation_accuracy": 0.8518518518518519,
  "best_validation_average_F1": 0.8518518518518019,
  "best_validation_loss": 0.43844570354981854,
  "test_1_F1": 0.7820512820512322,
  "test_0_F1": 0.7976190476189976,
  "test_accuracy": 0.7901234567901234,
  "test_average_F1": 0.789835164835115,
  "test_loss": 0.475348792292855
}