{
  "peak_cpu_memory_MB": 3071.084,
  "peak_gpu_0_memory_MB": 2510,
  "training_duration": "00:02:04",
  "training_start_epoch": 0,
  "training_epochs": 4,
  "epoch": 4,
  "training_1_P": 0.9726027397260274,
  "training_1_R": 0.9755725190839695,
  "training_1_F1": 0.9740853658536085,
  "training_0_P": 0.9754977029096478,
  "training_0_R": 0.9725190839694656,
  "training_0_F1": 0.9740061162079011,
  "training_accuracy": 0.9740458015267176,
  "training_average_F1": 0.9740457410307548,
  "training_loss": 0.10066860900601236,
  "training_cpu_memory_MB": 3071.084,
  "training_gpu_0_memory_MB": 2510,
  "validation_1_P": 0.8295454545454546,
  "validation_1_R": 0.9012345679012346,
  "validation_1_F1": 0.8639053254437372,
  "validation_0_P": 0.8918918918918919,
  "validation_0_R": 0.8148148148148148,
  "validation_0_F1": 0.8516129032257566,
  "validation_accuracy": 0.8580246913580247,
  "validation_average_F1": 0.8577591143347469,
  "validation_loss": 0.5327778946269642,
  "best_epoch": 1,
  "best_validation_1_P": 0.8780487804878049,
  "best_validation_1_R": 0.8888888888888888,
  "best_validation_1_F1": 0.8834355828220359,
  "best_validation_0_P": 0.8875,
  "best_validation_0_R": 0.8765432098765432,
  "best_validation_0_F1": 0.8819875776397015,
  "best_validation_accuracy": 0.8827160493827161,
  "best_validation_average_F1": 0.8827115802308687,
  "best_validation_loss": 0.31042916395447473,
  "test_1_P": 0.8589743589743589,
  "test_1_R": 0.8271604938271605,
  "test_1_F1": 0.8427672955974342,
  "test_0_P": 0.8333333333333334,
  "test_0_R": 0.8641975308641975,
  "test_0_F1": 0.8484848484847984,
  "test_accuracy": 0.845679012345679,
  "test_average_F1": 0.8456260720411164,
  "test_loss": 0.3630788448182019
}