{
  "peak_cpu_memory_MB": 2658.06,
  "peak_gpu_0_memory_MB": 11,
  "peak_gpu_1_memory_MB": 11,
  "peak_gpu_2_memory_MB": 5907,
  "peak_gpu_3_memory_MB": 11,
  "peak_gpu_4_memory_MB": 11,
  "peak_gpu_5_memory_MB": 11,
  "peak_gpu_6_memory_MB": 11,
  "peak_gpu_7_memory_MB": 11,
  "peak_gpu_8_memory_MB": 11,
  "peak_gpu_9_memory_MB": 11,
  "peak_gpu_10_memory_MB": 11,
  "peak_gpu_11_memory_MB": 11,
  "peak_gpu_12_memory_MB": 11,
  "peak_gpu_13_memory_MB": 11,
  "peak_gpu_14_memory_MB": 11,
  "peak_gpu_15_memory_MB": 11,
  "training_duration": "00:04:34",
  "training_start_epoch": 0,
  "training_epochs": 5,
  "epoch": 5,
  "training_neg_F1": 0.9593495934958849,
  "training_pos_F1": 0.9220489977727786,
  "training_accuracy": 0.9465648854961832,
  "training_average_F1": 0.9406992956343317,
  "training_loss": 0.15450161059455172,
  "training_cpu_memory_MB": 2658.06,
  "training_gpu_0_memory_MB": 11,
  "training_gpu_1_memory_MB": 11,
  "training_gpu_2_memory_MB": 5907,
  "training_gpu_3_memory_MB": 11,
  "training_gpu_4_memory_MB": 11,
  "training_gpu_5_memory_MB": 11,
  "training_gpu_6_memory_MB": 11,
  "training_gpu_7_memory_MB": 11,
  "training_gpu_8_memory_MB": 11,
  "training_gpu_9_memory_MB": 11,
  "training_gpu_10_memory_MB": 11,
  "training_gpu_11_memory_MB": 11,
  "training_gpu_12_memory_MB": 11,
  "training_gpu_13_memory_MB": 11,
  "training_gpu_14_memory_MB": 11,
  "training_gpu_15_memory_MB": 11,
  "validation_neg_F1": 0.7864077669902415,
  "validation_pos_F1": 0.6271186440677471,
  "validation_accuracy": 0.7283950617283951,
  "validation_average_F1": 0.7067632055289943,
  "validation_loss": 0.9529422968626022,
  "best_epoch": 3,
  "best_validation_neg_F1": 0.7708333333332834,
  "best_validation_pos_F1": 0.6666666666666168,
  "best_validation_accuracy": 0.7283950617283951,
  "best_validation_average_F1": 0.71874999999995,
  "best_validation_loss": 0.6870864765210585,
  "test_neg_F1": 0.8181818181817683,
  "test_pos_F1": 0.6153846153845655,
  "test_accuracy": 0.7530864197530864,
  "test_average_F1": 0.7167832167831669,
  "test_loss": 0.5830551060763273
}