{
  "peak_cpu_memory_MB": 2659.7,
  "peak_gpu_0_memory_MB": 11,
  "peak_gpu_1_memory_MB": 11,
  "peak_gpu_2_memory_MB": 11,
  "peak_gpu_3_memory_MB": 11,
  "peak_gpu_4_memory_MB": 11,
  "peak_gpu_5_memory_MB": 11,
  "peak_gpu_6_memory_MB": 11,
  "peak_gpu_7_memory_MB": 11,
  "peak_gpu_8_memory_MB": 11,
  "peak_gpu_9_memory_MB": 11,
  "peak_gpu_10_memory_MB": 11,
  "peak_gpu_11_memory_MB": 3448,
  "peak_gpu_12_memory_MB": 11,
  "peak_gpu_13_memory_MB": 11,
  "peak_gpu_14_memory_MB": 11,
  "peak_gpu_15_memory_MB": 11,
  "training_duration": "00:03:31",
  "training_start_epoch": 0,
  "training_epochs": 6,
  "epoch": 6,
  "training_1_F1": 0.9701606732975783,
  "training_0_F1": 0.9702970297029203,
  "training_accuracy": 0.9702290076335878,
  "training_average_F1": 0.9702288515002493,
  "training_loss": 0.15143263703439294,
  "training_cpu_memory_MB": 2659.7,
  "training_gpu_0_memory_MB": 11,
  "training_gpu_1_memory_MB": 11,
  "training_gpu_2_memory_MB": 11,
  "training_gpu_3_memory_MB": 11,
  "training_gpu_4_memory_MB": 11,
  "training_gpu_5_memory_MB": 11,
  "training_gpu_6_memory_MB": 11,
  "training_gpu_7_memory_MB": 11,
  "training_gpu_8_memory_MB": 11,
  "training_gpu_9_memory_MB": 11,
  "training_gpu_10_memory_MB": 11,
  "training_gpu_11_memory_MB": 3448,
  "training_gpu_12_memory_MB": 11,
  "training_gpu_13_memory_MB": 11,
  "training_gpu_14_memory_MB": 11,
  "training_gpu_15_memory_MB": 11,
  "validation_1_F1": 0.8466257668711156,
  "validation_0_F1": 0.84472049689436,
  "validation_accuracy": 0.845679012345679,
  "validation_average_F1": 0.8456731318827377,
  "validation_loss": 0.4519733447920192,
  "best_epoch": 4,
  "best_validation_1_F1": 0.860759493670836,
  "best_validation_0_F1": 0.8674698795180223,
  "best_validation_accuracy": 0.8641975308641975,
  "best_validation_average_F1": 0.8641146865944291,
  "best_validation_loss": 0.37328509850935504,
  "test_1_F1": 0.7272727272726774,
  "test_0_F1": 0.7529411764705383,
  "test_accuracy": 0.7407407407407407,
  "test_average_F1": 0.7401069518716079,
  "test_loss": 0.54981413890015
}