{
  "peak_cpu_memory_MB": 2663.456,
  "peak_gpu_0_memory_MB": 11,
  "peak_gpu_1_memory_MB": 3036,
  "peak_gpu_2_memory_MB": 11,
  "peak_gpu_3_memory_MB": 8374,
  "peak_gpu_4_memory_MB": 11,
  "peak_gpu_5_memory_MB": 11,
  "peak_gpu_6_memory_MB": 11,
  "peak_gpu_7_memory_MB": 11,
  "peak_gpu_8_memory_MB": 11,
  "peak_gpu_9_memory_MB": 11,
  "peak_gpu_10_memory_MB": 11,
  "peak_gpu_11_memory_MB": 11,
  "peak_gpu_12_memory_MB": 11,
  "peak_gpu_13_memory_MB": 11,
  "peak_gpu_14_memory_MB": 11,
  "peak_gpu_15_memory_MB": 11,
  "training_duration": "00:03:14",
  "training_start_epoch": 0,
  "training_epochs": 6,
  "epoch": 6,
  "training_neg_F1": 0.9091995221026979,
  "training_pos_F1": 0.8393234672303942,
  "training_accuracy": 0.8839694656488549,
  "training_average_F1": 0.8742614946665461,
  "training_loss": 0.3587447412130309,
  "training_cpu_memory_MB": 2663.456,
  "training_gpu_0_memory_MB": 11,
  "training_gpu_1_memory_MB": 3036,
  "training_gpu_2_memory_MB": 11,
  "training_gpu_3_memory_MB": 11,
  "training_gpu_4_memory_MB": 11,
  "training_gpu_5_memory_MB": 11,
  "training_gpu_6_memory_MB": 11,
  "training_gpu_7_memory_MB": 11,
  "training_gpu_8_memory_MB": 11,
  "training_gpu_9_memory_MB": 11,
  "training_gpu_10_memory_MB": 11,
  "training_gpu_11_memory_MB": 11,
  "training_gpu_12_memory_MB": 11,
  "training_gpu_13_memory_MB": 11,
  "training_gpu_14_memory_MB": 11,
  "training_gpu_15_memory_MB": 11,
  "validation_neg_F1": 0.8405797101448779,
  "validation_pos_F1": 0.7179487179486687,
  "validation_accuracy": 0.7962962962962963,
  "validation_average_F1": 0.7792642140467733,
  "validation_loss": 0.4298473217270591,
  "best_epoch": 4,
  "best_validation_neg_F1": 0.8738738738738239,
  "best_validation_pos_F1": 0.7254901960783814,
  "best_validation_accuracy": 0.8271604938271605,
  "best_validation_average_F1": 0.7996820349761027,
  "best_validation_loss": 0.4335449012843045,
  "test_neg_F1": 0.7417840375586355,
  "test_pos_F1": 0.5045045045044545,
  "test_accuracy": 0.6604938271604939,
  "test_average_F1": 0.623144271031545,
  "test_loss": 0.63986536860466
}