{
  "peak_cpu_memory_MB": 3092.708,
  "peak_gpu_0_memory_MB": 11,
  "peak_gpu_1_memory_MB": 11,
  "peak_gpu_2_memory_MB": 2958,
  "peak_gpu_3_memory_MB": 2930,
  "peak_gpu_4_memory_MB": 11,
  "peak_gpu_5_memory_MB": 11,
  "peak_gpu_6_memory_MB": 11,
  "peak_gpu_7_memory_MB": 11,
  "peak_gpu_8_memory_MB": 11,
  "peak_gpu_9_memory_MB": 11,
  "peak_gpu_10_memory_MB": 11,
  "peak_gpu_11_memory_MB": 11,
  "peak_gpu_12_memory_MB": 11,
  "peak_gpu_13_memory_MB": 11,
  "peak_gpu_14_memory_MB": 11,
  "peak_gpu_15_memory_MB": 11,
  "training_duration": "00:04:30",
  "training_start_epoch": 0,
  "training_epochs": 9,
  "epoch": 9,
  "training_1_F1": 0.9848024316108923,
  "training_0_F1": 0.9846625766870666,
  "training_accuracy": 0.9847328244274809,
  "training_average_F1": 0.9847325041489794,
  "training_loss": 0.06207506458570317,
  "training_cpu_memory_MB": 3092.708,
  "training_gpu_0_memory_MB": 11,
  "training_gpu_1_memory_MB": 11,
  "training_gpu_2_memory_MB": 2958,
  "training_gpu_3_memory_MB": 11,
  "training_gpu_4_memory_MB": 11,
  "training_gpu_5_memory_MB": 11,
  "training_gpu_6_memory_MB": 11,
  "training_gpu_7_memory_MB": 11,
  "training_gpu_8_memory_MB": 11,
  "training_gpu_9_memory_MB": 11,
  "training_gpu_10_memory_MB": 11,
  "training_gpu_11_memory_MB": 11,
  "training_gpu_12_memory_MB": 11,
  "training_gpu_13_memory_MB": 11,
  "training_gpu_14_memory_MB": 11,
  "training_gpu_15_memory_MB": 11,
  "validation_1_F1": 0.8846153846153347,
  "validation_0_F1": 0.8928571428570931,
  "validation_accuracy": 0.8888888888888888,
  "validation_average_F1": 0.888736263736214,
  "validation_loss": 0.35867904363708064,
  "best_epoch": 7,
  "best_validation_1_F1": 0.89171974522288,
  "best_validation_0_F1": 0.8982035928143214,
  "best_validation_accuracy": 0.8950617283950617,
  "best_validation_average_F1": 0.8949616690186006,
  "best_validation_loss": 0.3451522554863583,
  "test_1_F1": 0.7692307692307193,
  "test_0_F1": 0.7857142857142358,
  "test_accuracy": 0.7777777777777778,
  "test_average_F1": 0.7774725274724776,
  "test_loss": 0.5404014214873314
}