{
  "peak_cpu_memory_MB": 2190.82,
  "peak_gpu_0_memory_MB": 704,
  "training_duration": "00:00:20",
  "training_start_epoch": 0,
  "training_epochs": 0,
  "epoch": 0,
  "training_1_P": 0.7592592592592593,
  "training_1_R": 0.751145038167939,
  "training_1_F1": 0.755180353031416,
  "training_0_P": 0.7537764350453172,
  "training_0_R": 0.7618320610687023,
  "training_0_F1": 0.7577828397873456,
  "training_accuracy": 0.7564885496183206,
  "training_average_F1": 0.7564815964093807,
  "training_loss": 0.5105764980359775,
  "training_cpu_memory_MB": 2190.82,
  "training_gpu_0_memory_MB": 704,
  "validation_1_P": 0.7526881720430108,
  "validation_1_R": 0.8641975308641975,
  "validation_1_F1": 0.8045977011493756,
  "validation_0_P": 0.8405797101449275,
  "validation_0_R": 0.7160493827160493,
  "validation_0_F1": 0.7733333333332837,
  "validation_accuracy": 0.7901234567901234,
  "validation_average_F1": 0.7889655172413297,
  "validation_loss": 0.41207267208532855,
  "best_epoch": 0,
  "best_validation_1_P": 0.7526881720430108,
  "best_validation_1_R": 0.8641975308641975,
  "best_validation_1_F1": 0.8045977011493756,
  "best_validation_0_P": 0.8405797101449275,
  "best_validation_0_R": 0.7160493827160493,
  "best_validation_0_F1": 0.7733333333332837,
  "best_validation_accuracy": 0.7901234567901234,
  "best_validation_average_F1": 0.7889655172413297,
  "best_validation_loss": 0.41207267208532855
}