{
  "peak_cpu_memory_MB": 2190.82,
  "peak_gpu_0_memory_MB": 1066,
  "training_duration": "00:00:42",
  "training_start_epoch": 0,
  "training_epochs": 1,
  "epoch": 1,
  "training_1_P": 0.826783114992722,
  "training_1_R": 0.867175572519084,
  "training_1_F1": 0.8464977645305014,
  "training_0_P": 0.8603531300160514,
  "training_0_R": 0.8183206106870229,
  "training_0_F1": 0.8388106416274931,
  "training_accuracy": 0.8427480916030534,
  "training_average_F1": 0.8426542030789972,
  "training_loss": 0.36813974498612123,
  "training_cpu_memory_MB": 2190.82,
  "training_gpu_0_memory_MB": 1066,
  "validation_1_P": 0.8148148148148148,
  "validation_1_R": 0.8148148148148148,
  "validation_1_F1": 0.8148148148147648,
  "validation_0_P": 0.8148148148148148,
  "validation_0_R": 0.8148148148148148,
  "validation_0_F1": 0.8148148148147648,
  "validation_accuracy": 0.8148148148148148,
  "validation_average_F1": 0.8148148148147648,
  "validation_loss": 0.41544455967166205,
  "best_epoch": 1,
  "best_validation_1_P": 0.8148148148148148,
  "best_validation_1_R": 0.8148148148148148,
  "best_validation_1_F1": 0.8148148148147648,
  "best_validation_0_P": 0.8148148148148148,
  "best_validation_0_R": 0.8148148148148148,
  "best_validation_0_F1": 0.8148148148147648,
  "best_validation_accuracy": 0.8148148148148148,
  "best_validation_average_F1": 0.8148148148147648,
  "best_validation_loss": 0.41544455967166205
}