{
  "peak_cpu_memory_MB": 2190.82,
  "peak_gpu_0_memory_MB": 1066,
  "training_duration": "00:01:31",
  "training_start_epoch": 0,
  "training_epochs": 3,
  "epoch": 3,
  "training_1_P": 0.9034175334323923,
  "training_1_R": 0.9282442748091603,
  "training_1_F1": 0.9156626506023596,
  "training_0_P": 0.9262166405023547,
  "training_0_R": 0.9007633587786259,
  "training_0_F1": 0.9133126934984019,
  "training_accuracy": 0.9145038167938931,
  "training_average_F1": 0.9144876720503807,
  "training_loss": 0.22397157254560693,
  "training_cpu_memory_MB": 2190.82,
  "training_gpu_0_memory_MB": 1066,
  "validation_1_P": 0.7840909090909091,
  "validation_1_R": 0.8518518518518519,
  "validation_1_F1": 0.8165680473372283,
  "validation_0_P": 0.8378378378378378,
  "validation_0_R": 0.7654320987654321,
  "validation_0_F1": 0.7999999999999502,
  "validation_accuracy": 0.808641975308642,
  "validation_average_F1": 0.8082840236685893,
  "validation_loss": 0.5046444596214728,
  "best_epoch": 2,
  "best_validation_1_P": 0.8552631578947368,
  "best_validation_1_R": 0.8024691358024691,
  "best_validation_1_F1": 0.8280254777069566,
  "best_validation_0_P": 0.813953488372093,
  "best_validation_0_R": 0.8641975308641975,
  "best_validation_0_F1": 0.8383233532933633,
  "best_validation_accuracy": 0.8333333333333334,
  "best_validation_average_F1": 0.8331744155001599,
  "best_validation_loss": 0.39975542507388373
}