{
  "peak_cpu_memory_MB": 2190.82,
  "peak_gpu_0_memory_MB": 1172,
  "training_duration": "00:01:52",
  "training_start_epoch": 0,
  "training_epochs": 4,
  "epoch": 4,
  "training_1_P": 0.9285714285714286,
  "training_1_R": 0.9526717557251908,
  "training_1_F1": 0.9404672192915854,
  "training_0_P": 0.95141065830721,
  "training_0_R": 0.9267175572519084,
  "training_0_F1": 0.9389017788089216,
  "training_accuracy": 0.9396946564885497,
  "training_average_F1": 0.9396844990502535,
  "training_loss": 0.17182683692563597,
  "training_cpu_memory_MB": 2190.82,
  "training_gpu_0_memory_MB": 1172,
  "validation_1_P": 0.7444444444444445,
  "validation_1_R": 0.8271604938271605,
  "validation_1_F1": 0.7836257309941022,
  "validation_0_P": 0.8055555555555556,
  "validation_0_R": 0.7160493827160493,
  "validation_0_F1": 0.7581699346404732,
  "validation_accuracy": 0.7716049382716049,
  "validation_average_F1": 0.7708978328172877,
  "validation_loss": 0.6311424239115282,
  "best_epoch": 2,
  "best_validation_1_P": 0.8552631578947368,
  "best_validation_1_R": 0.8024691358024691,
  "best_validation_1_F1": 0.8280254777069566,
  "best_validation_0_P": 0.813953488372093,
  "best_validation_0_R": 0.8641975308641975,
  "best_validation_0_F1": 0.8383233532933633,
  "best_validation_accuracy": 0.8333333333333334,
  "best_validation_average_F1": 0.8331744155001599,
  "best_validation_loss": 0.39975542507388373
}