{
  "peak_cpu_memory_MB": 2642.216,
  "peak_gpu_0_memory_MB": 2582,
  "training_duration": "00:02:14",
  "training_start_epoch": 0,
  "training_epochs": 4,
  "epoch": 4,
  "training_1_P": 0.9834087481146304,
  "training_1_R": 0.9954198473282443,
  "training_1_F1": 0.9893778452199804,
  "training_0_P": 0.9953632148377125,
  "training_0_R": 0.983206106870229,
  "training_0_F1": 0.9892473118279071,
  "training_accuracy": 0.9893129770992366,
  "training_average_F1": 0.9893125785239438,
  "training_loss": 0.042108824022296,
  "training_cpu_memory_MB": 2642.216,
  "training_gpu_0_memory_MB": 2582,
  "validation_1_P": 0.8170731707317073,
  "validation_1_R": 0.8271604938271605,
  "validation_1_F1": 0.8220858895705022,
  "validation_0_P": 0.825,
  "validation_0_R": 0.8148148148148148,
  "validation_0_F1": 0.8198757763974656,
  "validation_accuracy": 0.8209876543209876,
  "validation_average_F1": 0.8209808329839838,
  "validation_loss": 0.6600955562158064,
  "best_epoch": 2,
  "best_validation_1_P": 0.8117647058823529,
  "best_validation_1_R": 0.8518518518518519,
  "best_validation_1_F1": 0.8313253012047693,
  "best_validation_0_P": 0.8441558441558441,
  "best_validation_0_R": 0.8024691358024691,
  "best_validation_0_F1": 0.8227848101265324,
  "best_validation_accuracy": 0.8271604938271605,
  "best_validation_average_F1": 0.8270550556656509,
  "best_validation_loss": 0.5688394497741353
}