{
  "peak_cpu_memory_MB": 2658.504,
  "peak_gpu_0_memory_MB": 2510,
  "training_duration": "00:02:23",
  "training_start_epoch": 0,
  "training_epochs": 5,
  "epoch": 5,
  "training_1_P": 0.9969512195121951,
  "training_1_R": 0.9984732824427481,
  "training_1_F1": 0.9977116704804992,
  "training_0_P": 0.9984709480122325,
  "training_0_R": 0.9969465648854962,
  "training_0_F1": 0.9977081741787125,
  "training_accuracy": 0.9977099236641221,
  "training_average_F1": 0.9977099223296059,
  "training_loss": 0.007623781475647375,
  "training_cpu_memory_MB": 2658.504,
  "training_gpu_0_memory_MB": 2510,
  "validation_1_P": 0.8571428571428571,
  "validation_1_R": 0.8148148148148148,
  "validation_1_F1": 0.8354430379746336,
  "validation_0_P": 0.8235294117647058,
  "validation_0_R": 0.8641975308641975,
  "validation_0_F1": 0.8433734939758536,
  "validation_accuracy": 0.8395061728395061,
  "validation_average_F1": 0.8394082659752435,
  "validation_loss": 0.9888503578576174,
  "best_epoch": 4,
  "best_validation_1_P": 0.8131868131868132,
  "best_validation_1_R": 0.9135802469135802,
  "best_validation_1_F1": 0.86046511627902,
  "best_validation_0_P": 0.9014084507042254,
  "best_validation_0_R": 0.7901234567901234,
  "best_validation_0_F1": 0.842105263157845,
  "best_validation_accuracy": 0.8518518518518519,
  "best_validation_average_F1": 0.8512851897184325,
  "best_validation_loss": 0.9298701611432162
}