{
  "peak_cpu_memory_MB": 2658.504,
  "peak_gpu_0_memory_MB": 2510,
  "training_duration": "00:01:55",
  "training_start_epoch": 0,
  "training_epochs": 4,
  "epoch": 4,
  "training_1_P": 0.9969465648854962,
  "training_1_R": 0.9969465648854962,
  "training_1_F1": 0.9969465648854462,
  "training_0_P": 0.9969465648854962,
  "training_0_R": 0.9969465648854962,
  "training_0_F1": 0.9969465648854462,
  "training_accuracy": 0.9969465648854962,
  "training_average_F1": 0.9969465648854462,
  "training_loss": 0.014802879739053003,
  "training_cpu_memory_MB": 2658.504,
  "training_gpu_0_memory_MB": 2510,
  "validation_1_P": 0.8131868131868132,
  "validation_1_R": 0.9135802469135802,
  "validation_1_F1": 0.86046511627902,
  "validation_0_P": 0.9014084507042254,
  "validation_0_R": 0.7901234567901234,
  "validation_0_F1": 0.842105263157845,
  "validation_accuracy": 0.8518518518518519,
  "validation_average_F1": 0.8512851897184325,
  "validation_loss": 0.9298701611432162,
  "best_epoch": 4,
  "best_validation_1_P": 0.8131868131868132,
  "best_validation_1_R": 0.9135802469135802,
  "best_validation_1_F1": 0.86046511627902,
  "best_validation_0_P": 0.9014084507042254,
  "best_validation_0_R": 0.7901234567901234,
  "best_validation_0_F1": 0.842105263157845,
  "best_validation_accuracy": 0.8518518518518519,
  "best_validation_average_F1": 0.8512851897184325,
  "best_validation_loss": 0.9298701611432162
}