{
  "peak_cpu_memory_MB": 3070.068,
  "peak_gpu_0_memory_MB": 2510,
  "training_duration": "00:00:45",
  "training_start_epoch": 0,
  "training_epochs": 1,
  "epoch": 1,
  "training_1_F1": 0.9484848484847985,
  "training_0_F1": 0.9476923076922577,
  "training_accuracy": 0.9480916030534351,
  "training_average_F1": 0.9480885780885281,
  "training_loss": 0.15210160853840957,
  "training_cpu_memory_MB": 3070.068,
  "training_gpu_0_memory_MB": 2510,
  "validation_1_F1": 0.794871794871745,
  "validation_0_F1": 0.8095238095237596,
  "validation_accuracy": 0.8024691358024691,
  "validation_average_F1": 0.8021978021977523,
  "validation_loss": 0.4888000407002189,
  "best_epoch": 0,
  "best_validation_1_F1": 0.8148148148147648,
  "best_validation_0_F1": 0.8148148148147648,
  "best_validation_accuracy": 0.8148148148148148,
  "best_validation_average_F1": 0.8148148148147648,
  "best_validation_loss": 0.5029299801046198,
  "test_1_F1": 0.8518518518518019,
  "test_0_F1": 0.8518518518518019,
  "test_accuracy": 0.8518518518518519,
  "test_average_F1": 0.8518518518518019,
  "test_loss": 0.3530709052627737
}