{
  "peak_cpu_memory_MB": 2190.368,
  "peak_gpu_0_memory_MB": 6113,
  "training_duration": "00:01:12",
  "training_start_epoch": 0,
  "training_epochs": 0,
  "epoch": 0,
  "training_1_P": 0.7450980392156863,
  "training_1_R": 0.8122137404580153,
  "training_1_F1": 0.7772096420744572,
  "training_0_P": 0.7936241610738255,
  "training_0_R": 0.7221374045801526,
  "training_0_F1": 0.7561950439647782,
  "training_accuracy": 0.767175572519084,
  "training_average_F1": 0.7667023430196177,
  "training_loss": 0.49034756113116335,
  "training_cpu_memory_MB": 2190.368,
  "training_gpu_0_memory_MB": 6113,
  "validation_1_P": 0.7604166666666666,
  "validation_1_R": 0.9012345679012346,
  "validation_1_F1": 0.8248587570620973,
  "validation_0_P": 0.8787878787878788,
  "validation_0_R": 0.7160493827160493,
  "validation_0_F1": 0.7891156462584539,
  "validation_accuracy": 0.808641975308642,
  "validation_average_F1": 0.8069872016602756,
  "validation_loss": 0.5223876163363457,
  "best_epoch": 0,
  "best_validation_1_P": 0.7604166666666666,
  "best_validation_1_R": 0.9012345679012346,
  "best_validation_1_F1": 0.8248587570620973,
  "best_validation_0_P": 0.8787878787878788,
  "best_validation_0_R": 0.7160493827160493,
  "best_validation_0_F1": 0.7891156462584539,
  "best_validation_accuracy": 0.808641975308642,
  "best_validation_average_F1": 0.8069872016602756,
  "best_validation_loss": 0.5223876163363457
}