{
  "peak_cpu_memory_MB": 2190.368,
  "peak_gpu_0_memory_MB": 6529,
  "training_duration": "00:03:21",
  "training_start_epoch": 0,
  "training_epochs": 2,
  "epoch": 2,
  "training_1_P": 0.8622668579626973,
  "training_1_R": 0.917557251908397,
  "training_1_F1": 0.88905325443782,
  "training_0_P": 0.9119086460032626,
  "training_0_R": 0.8534351145038168,
  "training_0_F1": 0.8817034700314959,
  "training_accuracy": 0.8854961832061069,
  "training_average_F1": 0.8853783622346579,
  "training_loss": 0.30093754255553573,
  "training_cpu_memory_MB": 2190.368,
  "training_gpu_0_memory_MB": 6529,
  "validation_1_P": 0.8045977011494253,
  "validation_1_R": 0.8641975308641975,
  "validation_1_F1": 0.8333333333332835,
  "validation_0_P": 0.8533333333333334,
  "validation_0_R": 0.7901234567901234,
  "validation_0_F1": 0.8205128205127706,
  "validation_accuracy": 0.8271604938271605,
  "validation_average_F1": 0.8269230769230271,
  "validation_loss": 0.4334484094923193,
  "best_epoch": 1,
  "best_validation_1_P": 0.8117647058823529,
  "best_validation_1_R": 0.8518518518518519,
  "best_validation_1_F1": 0.8313253012047693,
  "best_validation_0_P": 0.8441558441558441,
  "best_validation_0_R": 0.8024691358024691,
  "best_validation_0_F1": 0.8227848101265324,
  "best_validation_accuracy": 0.8271604938271605,
  "best_validation_average_F1": 0.8270550556656509,
  "best_validation_loss": 0.43943245031616907
}