{
  "peak_cpu_memory_MB": 2190.368,
  "peak_gpu_0_memory_MB": 6529,
  "training_duration": "00:02:23",
  "training_start_epoch": 0,
  "training_epochs": 1,
  "epoch": 1,
  "training_1_P": 0.8307254623044097,
  "training_1_R": 0.8916030534351145,
  "training_1_F1": 0.8600883652429546,
  "training_0_P": 0.8830313014827018,
  "training_0_R": 0.8183206106870229,
  "training_0_F1": 0.8494453248810911,
  "training_accuracy": 0.8549618320610687,
  "training_average_F1": 0.8547668450620229,
  "training_loss": 0.3677417963016324,
  "training_cpu_memory_MB": 2190.368,
  "training_gpu_0_memory_MB": 6529,
  "validation_1_P": 0.8117647058823529,
  "validation_1_R": 0.8518518518518519,
  "validation_1_F1": 0.8313253012047693,
  "validation_0_P": 0.8441558441558441,
  "validation_0_R": 0.8024691358024691,
  "validation_0_F1": 0.8227848101265324,
  "validation_accuracy": 0.8271604938271605,
  "validation_average_F1": 0.8270550556656509,
  "validation_loss": 0.43943245031616907,
  "best_epoch": 1,
  "best_validation_1_P": 0.8117647058823529,
  "best_validation_1_R": 0.8518518518518519,
  "best_validation_1_F1": 0.8313253012047693,
  "best_validation_0_P": 0.8441558441558441,
  "best_validation_0_R": 0.8024691358024691,
  "best_validation_0_F1": 0.8227848101265324,
  "best_validation_accuracy": 0.8271604938271605,
  "best_validation_average_F1": 0.8270550556656509,
  "best_validation_loss": 0.43943245031616907
}