{
  "peak_cpu_memory_MB": 2190.368,
  "peak_gpu_0_memory_MB": 6529,
  "training_duration": "00:04:36",
  "training_start_epoch": 0,
  "training_epochs": 3,
  "epoch": 3,
  "training_1_P": 0.9027982326951399,
  "training_1_R": 0.9358778625954198,
  "training_1_F1": 0.91904047976007,
  "training_0_P": 0.9334389857369255,
  "training_0_R": 0.899236641221374,
  "training_0_F1": 0.9160186625193902,
  "training_accuracy": 0.917557251908397,
  "training_average_F1": 0.9175295711397301,
  "training_loss": 0.23004928476563313,
  "training_cpu_memory_MB": 2190.368,
  "training_gpu_0_memory_MB": 6529,
  "validation_1_P": 0.7395833333333334,
  "validation_1_R": 0.8765432098765432,
  "validation_1_F1": 0.8022598870056001,
  "validation_0_P": 0.8484848484848485,
  "validation_0_R": 0.691358024691358,
  "validation_0_F1": 0.7619047619047125,
  "validation_accuracy": 0.7839506172839507,
  "validation_average_F1": 0.7820823244551562,
  "validation_loss": 0.5904030420563438,
  "best_epoch": 1,
  "best_validation_1_P": 0.8117647058823529,
  "best_validation_1_R": 0.8518518518518519,
  "best_validation_1_F1": 0.8313253012047693,
  "best_validation_0_P": 0.8441558441558441,
  "best_validation_0_R": 0.8024691358024691,
  "best_validation_0_F1": 0.8227848101265324,
  "best_validation_accuracy": 0.8271604938271605,
  "best_validation_average_F1": 0.8270550556656509,
  "best_validation_loss": 0.43943245031616907
}