{
  "peak_cpu_memory_MB": 5767.684,
  "peak_gpu_0_memory_MB": 11,
  "peak_gpu_1_memory_MB": 11,
  "peak_gpu_2_memory_MB": 11,
  "peak_gpu_3_memory_MB": 11,
  "peak_gpu_4_memory_MB": 11,
  "peak_gpu_5_memory_MB": 11,
  "peak_gpu_6_memory_MB": 1946,
  "peak_gpu_7_memory_MB": 11,
  "peak_gpu_8_memory_MB": 11,
  "peak_gpu_9_memory_MB": 11,
  "peak_gpu_10_memory_MB": 11,
  "peak_gpu_11_memory_MB": 4806,
  "peak_gpu_12_memory_MB": 11,
  "peak_gpu_13_memory_MB": 11,
  "peak_gpu_14_memory_MB": 11,
  "peak_gpu_15_memory_MB": 11,
  "training_duration": "00:07:04",
  "training_start_epoch": 0,
  "training_epochs": 10,
  "epoch": 10,
  "training_1_P": 1.0,
  "training_1_R": 1.0,
  "training_1_F1": 0.99999999999995,
  "training_0_P": 1.0,
  "training_0_R": 1.0,
  "training_0_F1": 0.99999999999995,
  "training_accuracy": 1.0,
  "training_average_F1": 0.99999999999995,
  "training_loss": 0.001477862403212717,
  "training_cpu_memory_MB": 5767.684,
  "training_gpu_0_memory_MB": 11,
  "training_gpu_1_memory_MB": 11,
  "training_gpu_2_memory_MB": 11,
  "training_gpu_3_memory_MB": 11,
  "training_gpu_4_memory_MB": 11,
  "training_gpu_5_memory_MB": 11,
  "training_gpu_6_memory_MB": 1946,
  "training_gpu_7_memory_MB": 11,
  "training_gpu_8_memory_MB": 11,
  "training_gpu_9_memory_MB": 11,
  "training_gpu_10_memory_MB": 11,
  "training_gpu_11_memory_MB": 4806,
  "training_gpu_12_memory_MB": 11,
  "training_gpu_13_memory_MB": 11,
  "training_gpu_14_memory_MB": 11,
  "training_gpu_15_memory_MB": 11,
  "validation_1_P": 0.8554216867469879,
  "validation_1_R": 0.8765432098765432,
  "validation_1_F1": 0.8658536585365354,
  "validation_0_P": 0.8734177215189873,
  "validation_0_R": 0.8518518518518519,
  "validation_0_F1": 0.86249999999995,
  "validation_accuracy": 0.8641975308641975,
  "validation_average_F1": 0.8641768292682427,
  "validation_loss": 0.6433843455531381,
  "best_epoch": 8,
  "best_validation_1_P": 0.8641975308641975,
  "best_validation_1_R": 0.8641975308641975,
  "best_validation_1_F1": 0.8641975308641475,
  "best_validation_0_P": 0.8641975308641975,
  "best_validation_0_R": 0.8641975308641975,
  "best_validation_0_F1": 0.8641975308641475,
  "best_validation_accuracy": 0.8641975308641975,
  "best_validation_average_F1": 0.8641975308641475,
  "best_validation_loss": 0.6054105690934442
}