{
  "peak_cpu_memory_MB": 5767.684,
  "peak_gpu_0_memory_MB": 11,
  "peak_gpu_1_memory_MB": 11,
  "peak_gpu_2_memory_MB": 11,
  "peak_gpu_3_memory_MB": 11,
  "peak_gpu_4_memory_MB": 11,
  "peak_gpu_5_memory_MB": 11,
  "peak_gpu_6_memory_MB": 1634,
  "peak_gpu_7_memory_MB": 11,
  "peak_gpu_8_memory_MB": 11,
  "peak_gpu_9_memory_MB": 11,
  "peak_gpu_10_memory_MB": 11,
  "peak_gpu_11_memory_MB": 4806,
  "peak_gpu_12_memory_MB": 11,
  "peak_gpu_13_memory_MB": 11,
  "peak_gpu_14_memory_MB": 11,
  "peak_gpu_15_memory_MB": 11,
  "training_duration": "00:00:31",
  "training_start_epoch": 0,
  "training_epochs": 0,
  "epoch": 0,
  "training_1_P": 0.7893217893217893,
  "training_1_R": 0.8351145038167939,
  "training_1_F1": 0.8115727002966859,
  "training_0_P": 0.8249594813614263,
  "training_0_R": 0.7770992366412214,
  "training_0_F1": 0.8003144654087553,
  "training_accuracy": 0.8061068702290076,
  "training_average_F1": 0.8059435828527206,
  "training_loss": 0.4569097123131519,
  "training_cpu_memory_MB": 5767.684,
  "training_gpu_0_memory_MB": 11,
  "training_gpu_1_memory_MB": 11,
  "training_gpu_2_memory_MB": 11,
  "training_gpu_3_memory_MB": 11,
  "training_gpu_4_memory_MB": 11,
  "training_gpu_5_memory_MB": 11,
  "training_gpu_6_memory_MB": 1634,
  "training_gpu_7_memory_MB": 11,
  "training_gpu_8_memory_MB": 11,
  "training_gpu_9_memory_MB": 11,
  "training_gpu_10_memory_MB": 11,
  "training_gpu_11_memory_MB": 4806,
  "training_gpu_12_memory_MB": 11,
  "training_gpu_13_memory_MB": 11,
  "training_gpu_14_memory_MB": 11,
  "training_gpu_15_memory_MB": 11,
  "validation_1_P": 0.8021978021978022,
  "validation_1_R": 0.9012345679012346,
  "validation_1_F1": 0.8488372093022759,
  "validation_0_P": 0.8873239436619719,
  "validation_0_R": 0.7777777777777778,
  "validation_0_F1": 0.8289473684210029,
  "validation_accuracy": 0.8395061728395061,
  "validation_average_F1": 0.8388922888616395,
  "validation_loss": 0.3822285668416457,
  "best_epoch": 0,
  "best_validation_1_P": 0.8021978021978022,
  "best_validation_1_R": 0.9012345679012346,
  "best_validation_1_F1": 0.8488372093022759,
  "best_validation_0_P": 0.8873239436619719,
  "best_validation_0_R": 0.7777777777777778,
  "best_validation_0_F1": 0.8289473684210029,
  "best_validation_accuracy": 0.8395061728395061,
  "best_validation_average_F1": 0.8388922888616395,
  "best_validation_loss": 0.3822285668416457
}