{
  "training_duration": "00:06:13",
  "training_start_epoch": 0,
  "training_epochs": 5,
  "epoch": 5,
  "training_1_P": 0.9984756097560976,
  "training_1_R": 1.0,
  "training_1_F1": 0.9992372234934664,
  "training_0_P": 1.0,
  "training_0_R": 0.9984732824427481,
  "training_0_F1": 0.9992360580595376,
  "training_accuracy": 0.999236641221374,
  "training_average_F1": 0.9992366407765021,
  "training_loss": 0.0358368819693058,
  "validation_1_P": 0.8414634146341463,
  "validation_1_R": 0.8518518518518519,
  "validation_1_F1": 0.8466257668711156,
  "validation_0_P": 0.85,
  "validation_0_R": 0.8395061728395061,
  "validation_0_F1": 0.84472049689436,
  "validation_accuracy": 0.845679012345679,
  "validation_average_F1": 0.8456731318827377,
  "validation_loss": 0.518257203427228,
  "best_epoch": 3,
  "best_validation_1_P": 0.8904109589041096,
  "best_validation_1_R": 0.8024691358024691,
  "best_validation_1_F1": 0.8441558441557944,
  "best_validation_0_P": 0.8202247191011236,
  "best_validation_0_R": 0.9012345679012346,
  "best_validation_0_F1": 0.8588235294117148,
  "best_validation_accuracy": 0.8518518518518519,
  "best_validation_average_F1": 0.8514896867837546,
  "best_validation_loss": 0.44176584346727893
}