{
  "training_duration": "00:04:05",
  "training_start_epoch": 0,
  "training_epochs": 3,
  "epoch": 3,
  "training_1_P": 0.9673105497771174,
  "training_1_R": 0.9938931297709923,
  "training_1_F1": 0.980421686746938,
  "training_0_P": 0.9937205651491365,
  "training_0_R": 0.966412213740458,
  "training_0_F1": 0.9798761609906621,
  "training_accuracy": 0.9801526717557252,
  "training_average_F1": 0.9801489238688,
  "training_loss": 0.11247587317555416,
  "validation_1_P": 0.8904109589041096,
  "validation_1_R": 0.8024691358024691,
  "validation_1_F1": 0.8441558441557944,
  "validation_0_P": 0.8202247191011236,
  "validation_0_R": 0.9012345679012346,
  "validation_0_F1": 0.8588235294117148,
  "validation_accuracy": 0.8518518518518519,
  "validation_average_F1": 0.8514896867837546,
  "validation_loss": 0.44176584346727893,
  "best_epoch": 3,
  "best_validation_1_P": 0.8904109589041096,
  "best_validation_1_R": 0.8024691358024691,
  "best_validation_1_F1": 0.8441558441557944,
  "best_validation_0_P": 0.8202247191011236,
  "best_validation_0_R": 0.9012345679012346,
  "best_validation_0_F1": 0.8588235294117148,
  "best_validation_accuracy": 0.8518518518518519,
  "best_validation_average_F1": 0.8514896867837546,
  "best_validation_loss": 0.44176584346727893
}