{
  "peak_cpu_memory_MB": 3071.172,
  "peak_gpu_0_memory_MB": 2510,
  "training_duration": "00:01:13",
  "training_start_epoch": 0,
  "training_epochs": 2,
  "epoch": 2,
  "training_1_F1": 0.9432248296744391,
  "training_0_F1": 0.9422632794456776,
  "training_accuracy": 0.9427480916030534,
  "training_average_F1": 0.9427440545600583,
  "training_loss": 0.17854453000898768,
  "training_cpu_memory_MB": 3071.172,
  "training_gpu_0_memory_MB": 2510,
  "validation_1_F1": 0.8366013071894927,
  "validation_0_F1": 0.8538011695905934,
  "validation_accuracy": 0.845679012345679,
  "validation_average_F1": 0.845201238390043,
  "validation_loss": 0.44298559562726453,
  "best_epoch": 1,
  "best_validation_1_F1": 0.8765432098764933,
  "best_validation_0_F1": 0.8765432098764933,
  "best_validation_accuracy": 0.8765432098765432,
  "best_validation_average_F1": 0.8765432098764933,
  "best_validation_loss": 0.31127020852132276
}