{
  "peak_cpu_memory_MB": 2191.376,
  "peak_gpu_0_memory_MB": 1066,
  "training_duration": "00:01:25",
  "training_start_epoch": 0,
  "training_epochs": 3,
  "epoch": 3,
  "training_1_P": 0.8970588235294118,
  "training_1_R": 0.9312977099236641,
  "training_1_F1": 0.9138576779025719,
  "training_0_P": 0.9285714285714286,
  "training_0_R": 0.8931297709923665,
  "training_0_F1": 0.9105058365758256,
  "training_accuracy": 0.9122137404580153,
  "training_average_F1": 0.9121817572391988,
  "training_loss": 0.22754798229874634,
  "training_cpu_memory_MB": 2191.376,
  "training_gpu_0_memory_MB": 1066,
  "validation_1_P": 0.813953488372093,
  "validation_1_R": 0.8641975308641975,
  "validation_1_F1": 0.8383233532933633,
  "validation_0_P": 0.8552631578947368,
  "validation_0_R": 0.8024691358024691,
  "validation_0_F1": 0.8280254777069566,
  "validation_accuracy": 0.8333333333333334,
  "validation_average_F1": 0.8331744155001599,
  "validation_loss": 0.4505608230829239,
  "best_epoch": 3,
  "best_validation_1_P": 0.813953488372093,
  "best_validation_1_R": 0.8641975308641975,
  "best_validation_1_F1": 0.8383233532933633,
  "best_validation_0_P": 0.8552631578947368,
  "best_validation_0_R": 0.8024691358024691,
  "best_validation_0_F1": 0.8280254777069566,
  "best_validation_accuracy": 0.8333333333333334,
  "best_validation_average_F1": 0.8331744155001599,
  "best_validation_loss": 0.4505608230829239
}