{
  "peak_cpu_memory_MB": 2191.376,
  "peak_gpu_0_memory_MB": 1066,
  "training_duration": "00:02:11",
  "training_start_epoch": 0,
  "training_epochs": 5,
  "epoch": 5,
  "training_1_P": 0.9479166666666666,
  "training_1_R": 0.9725190839694656,
  "training_1_F1": 0.960060286360161,
  "training_0_P": 0.9717868338557993,
  "training_0_R": 0.9465648854961832,
  "training_0_F1": 0.9590100541376144,
  "training_accuracy": 0.9595419847328245,
  "training_average_F1": 0.9595351702488877,
  "training_loss": 0.11701219397165426,
  "training_cpu_memory_MB": 2191.376,
  "training_gpu_0_memory_MB": 1066,
  "validation_1_P": 0.7473684210526316,
  "validation_1_R": 0.8765432098765432,
  "validation_1_F1": 0.8068181818181321,
  "validation_0_P": 0.8507462686567164,
  "validation_0_R": 0.7037037037037037,
  "validation_0_F1": 0.7702702702702208,
  "validation_accuracy": 0.7901234567901234,
  "validation_average_F1": 0.7885442260441764,
  "validation_loss": 0.6287067830562592,
  "best_epoch": 3,
  "best_validation_1_P": 0.813953488372093,
  "best_validation_1_R": 0.8641975308641975,
  "best_validation_1_F1": 0.8383233532933633,
  "best_validation_0_P": 0.8552631578947368,
  "best_validation_0_R": 0.8024691358024691,
  "best_validation_0_F1": 0.8280254777069566,
  "best_validation_accuracy": 0.8333333333333334,
  "best_validation_average_F1": 0.8331744155001599,
  "best_validation_loss": 0.4505608230829239
}