{
  "peak_cpu_memory_MB": 2191.376,
  "peak_gpu_0_memory_MB": 1066,
  "training_duration": "00:01:50",
  "training_start_epoch": 0,
  "training_epochs": 4,
  "epoch": 4,
  "training_1_P": 0.9251101321585903,
  "training_1_R": 0.9618320610687023,
  "training_1_F1": 0.9431137724550398,
  "training_0_P": 0.9602543720190779,
  "training_0_R": 0.9221374045801527,
  "training_0_F1": 0.9408099688473022,
  "training_accuracy": 0.9419847328244275,
  "training_average_F1": 0.941961870651171,
  "training_loss": 0.17039585090810205,
  "training_cpu_memory_MB": 2191.376,
  "training_gpu_0_memory_MB": 1066,
  "validation_1_P": 0.7816091954022989,
  "validation_1_R": 0.8395061728395061,
  "validation_1_F1": 0.8095238095237596,
  "validation_0_P": 0.8266666666666667,
  "validation_0_R": 0.7654320987654321,
  "validation_0_F1": 0.794871794871745,
  "validation_accuracy": 0.8024691358024691,
  "validation_average_F1": 0.8021978021977523,
  "validation_loss": 0.4999063285914334,
  "best_epoch": 3,
  "best_validation_1_P": 0.813953488372093,
  "best_validation_1_R": 0.8641975308641975,
  "best_validation_1_F1": 0.8383233532933633,
  "best_validation_0_P": 0.8552631578947368,
  "best_validation_0_R": 0.8024691358024691,
  "best_validation_0_F1": 0.8280254777069566,
  "best_validation_accuracy": 0.8333333333333334,
  "best_validation_average_F1": 0.8331744155001599,
  "best_validation_loss": 0.4505608230829239
}