{
  "peak_cpu_memory_MB": 2642.892,
  "peak_gpu_0_memory_MB": 2510,
  "training_duration": "00:01:15",
  "training_start_epoch": 0,
  "training_epochs": 2,
  "epoch": 2,
  "training_1_P": 0.9149253731343283,
  "training_1_R": 0.9358778625954198,
  "training_1_F1": 0.9252830188678746,
  "training_0_P": 0.934375,
  "training_0_R": 0.9129770992366413,
  "training_0_F1": 0.9235521235520736,
  "training_accuracy": 0.9244274809160306,
  "training_average_F1": 0.924417571209974,
  "training_loss": 0.20655023983520707,
  "training_cpu_memory_MB": 2642.892,
  "training_gpu_0_memory_MB": 2510,
  "validation_1_P": 0.8493150684931506,
  "validation_1_R": 0.7654320987654321,
  "validation_1_F1": 0.8051948051947554,
  "validation_0_P": 0.7865168539325843,
  "validation_0_R": 0.8641975308641975,
  "validation_0_F1": 0.823529411764656,
  "validation_accuracy": 0.8148148148148148,
  "validation_average_F1": 0.8143621084797057,
  "validation_loss": 0.5060040883042596,
  "best_epoch": 1,
  "best_validation_1_P": 0.8333333333333334,
  "best_validation_1_R": 0.8024691358024691,
  "best_validation_1_F1": 0.8176100628930317,
  "best_validation_0_P": 0.8095238095238095,
  "best_validation_0_R": 0.8395061728395061,
  "best_validation_0_F1": 0.8242424242423743,
  "best_validation_accuracy": 0.8209876543209876,
  "best_validation_average_F1": 0.8209262435677029,
  "best_validation_loss": 0.38858903538097034
}