{
  "peak_cpu_memory_MB": 2642.892,
  "peak_gpu_0_memory_MB": 2510,
  "training_duration": "00:02:33",
  "training_start_epoch": 0,
  "training_epochs": 5,
  "epoch": 5,
  "training_1_P": 0.9803030303030303,
  "training_1_R": 0.9877862595419847,
  "training_1_F1": 0.9840304182509007,
  "training_0_P": 0.9876923076923076,
  "training_0_R": 0.9801526717557252,
  "training_0_F1": 0.9839080459769616,
  "training_accuracy": 0.983969465648855,
  "training_average_F1": 0.9839692321139311,
  "training_loss": 0.06399847020781259,
  "training_cpu_memory_MB": 2642.892,
  "training_gpu_0_memory_MB": 2510,
  "validation_1_P": 0.8181818181818182,
  "validation_1_R": 0.8888888888888888,
  "validation_1_F1": 0.8520710059171098,
  "validation_0_P": 0.8783783783783784,
  "validation_0_R": 0.8024691358024691,
  "validation_0_F1": 0.8387096774193049,
  "validation_accuracy": 0.845679012345679,
  "validation_average_F1": 0.8453903416682074,
  "validation_loss": 0.6991635916585272,
  "best_epoch": 4,
  "best_validation_1_P": 0.8295454545454546,
  "best_validation_1_R": 0.9012345679012346,
  "best_validation_1_F1": 0.8639053254437372,
  "best_validation_0_P": 0.8918918918918919,
  "best_validation_0_R": 0.8148148148148148,
  "best_validation_0_F1": 0.8516129032257566,
  "best_validation_accuracy": 0.8580246913580247,
  "best_validation_average_F1": 0.8577591143347469,
  "best_validation_loss": 0.6092067117040808
}