{
  "peak_cpu_memory_MB": 2642.892,
  "peak_gpu_0_memory_MB": 2510,
  "training_duration": "00:02:57",
  "training_start_epoch": 0,
  "training_epochs": 6,
  "epoch": 6,
  "training_1_P": 0.9818456883509834,
  "training_1_R": 0.9908396946564886,
  "training_1_F1": 0.9863221884497981,
  "training_0_P": 0.9907550077041603,
  "training_0_R": 0.981679389312977,
  "training_0_F1": 0.986196319018355,
  "training_accuracy": 0.9862595419847329,
  "training_average_F1": 0.9862592537340766,
  "training_loss": 0.044971847327471504,
  "training_cpu_memory_MB": 2642.892,
  "training_gpu_0_memory_MB": 2510,
  "validation_1_P": 0.85,
  "validation_1_R": 0.8395061728395061,
  "validation_1_F1": 0.84472049689436,
  "validation_0_P": 0.8414634146341463,
  "validation_0_R": 0.8518518518518519,
  "validation_0_F1": 0.8466257668711156,
  "validation_accuracy": 0.845679012345679,
  "validation_average_F1": 0.8456731318827377,
  "validation_loss": 0.6779528104446151,
  "best_epoch": 4,
  "best_validation_1_P": 0.8295454545454546,
  "best_validation_1_R": 0.9012345679012346,
  "best_validation_1_F1": 0.8639053254437372,
  "best_validation_0_P": 0.8918918918918919,
  "best_validation_0_R": 0.8148148148148148,
  "best_validation_0_F1": 0.8516129032257566,
  "best_validation_accuracy": 0.8580246913580247,
  "best_validation_average_F1": 0.8577591143347469,
  "best_validation_loss": 0.6092067117040808
}