{
  "peak_cpu_memory_MB": 2642.892,
  "peak_gpu_0_memory_MB": 2510,
  "training_duration": "00:02:06",
  "training_start_epoch": 0,
  "training_epochs": 4,
  "epoch": 4,
  "training_1_P": 0.9726858877086495,
  "training_1_R": 0.9786259541984733,
  "training_1_F1": 0.975646879756419,
  "training_0_P": 0.978494623655914,
  "training_0_R": 0.9725190839694656,
  "training_0_F1": 0.9754977029095978,
  "training_accuracy": 0.9755725190839695,
  "training_average_F1": 0.9755722913330084,
  "training_loss": 0.09168010477612658,
  "training_cpu_memory_MB": 2642.892,
  "training_gpu_0_memory_MB": 2510,
  "validation_1_P": 0.8295454545454546,
  "validation_1_R": 0.9012345679012346,
  "validation_1_F1": 0.8639053254437372,
  "validation_0_P": 0.8918918918918919,
  "validation_0_R": 0.8148148148148148,
  "validation_0_F1": 0.8516129032257566,
  "validation_accuracy": 0.8580246913580247,
  "validation_average_F1": 0.8577591143347469,
  "validation_loss": 0.6092067117040808,
  "best_epoch": 4,
  "best_validation_1_P": 0.8295454545454546,
  "best_validation_1_R": 0.9012345679012346,
  "best_validation_1_F1": 0.8639053254437372,
  "best_validation_0_P": 0.8918918918918919,
  "best_validation_0_R": 0.8148148148148148,
  "best_validation_0_F1": 0.8516129032257566,
  "best_validation_accuracy": 0.8580246913580247,
  "best_validation_average_F1": 0.8577591143347469,
  "best_validation_loss": 0.6092067117040808
}