{
  "peak_cpu_memory_MB": 2642.892,
  "peak_gpu_0_memory_MB": 2510,
  "training_duration": "00:00:45",
  "training_start_epoch": 0,
  "training_epochs": 1,
  "epoch": 1,
  "training_1_P": 0.8655834564254062,
  "training_1_R": 0.8946564885496183,
  "training_1_F1": 0.87987987987983,
  "training_0_P": 0.8909952606635071,
  "training_0_R": 0.8610687022900764,
  "training_0_F1": 0.8757763975154781,
  "training_accuracy": 0.8778625954198473,
  "training_average_F1": 0.8778281386976541,
  "training_loss": 0.30416036306357963,
  "training_cpu_memory_MB": 2642.892,
  "training_gpu_0_memory_MB": 2510,
  "validation_1_P": 0.8333333333333334,
  "validation_1_R": 0.8024691358024691,
  "validation_1_F1": 0.8176100628930317,
  "validation_0_P": 0.8095238095238095,
  "validation_0_R": 0.8395061728395061,
  "validation_0_F1": 0.8242424242423743,
  "validation_accuracy": 0.8209876543209876,
  "validation_average_F1": 0.8209262435677029,
  "validation_loss": 0.38858903538097034,
  "best_epoch": 1,
  "best_validation_1_P": 0.8333333333333334,
  "best_validation_1_R": 0.8024691358024691,
  "best_validation_1_F1": 0.8176100628930317,
  "best_validation_0_P": 0.8095238095238095,
  "best_validation_0_R": 0.8395061728395061,
  "best_validation_0_F1": 0.8242424242423743,
  "best_validation_accuracy": 0.8209876543209876,
  "best_validation_average_F1": 0.8209262435677029,
  "best_validation_loss": 0.38858903538097034
}