{
  "peak_cpu_memory_MB": 2642.892,
  "peak_gpu_0_memory_MB": 2510,
  "training_duration": "00:01:38",
  "training_start_epoch": 0,
  "training_epochs": 3,
  "epoch": 3,
  "training_1_P": 0.9546142208774584,
  "training_1_R": 0.9633587786259542,
  "training_1_F1": 0.958966565349494,
  "training_0_P": 0.963020030816641,
  "training_0_R": 0.9541984732824428,
  "training_0_F1": 0.9585889570551648,
  "training_accuracy": 0.9587786259541985,
  "training_average_F1": 0.9587777612023294,
  "training_loss": 0.1441409790933859,
  "training_cpu_memory_MB": 2642.892,
  "training_gpu_0_memory_MB": 2510,
  "validation_1_P": 0.8313253012048193,
  "validation_1_R": 0.8518518518518519,
  "validation_1_F1": 0.8414634146340965,
  "validation_0_P": 0.8481012658227848,
  "validation_0_R": 0.8271604938271605,
  "validation_0_F1": 0.83749999999995,
  "validation_accuracy": 0.8395061728395061,
  "validation_average_F1": 0.8394817073170232,
  "validation_loss": 0.5936856906522404,
  "best_epoch": 3,
  "best_validation_1_P": 0.8313253012048193,
  "best_validation_1_R": 0.8518518518518519,
  "best_validation_1_F1": 0.8414634146340965,
  "best_validation_0_P": 0.8481012658227848,
  "best_validation_0_R": 0.8271604938271605,
  "best_validation_0_F1": 0.83749999999995,
  "best_validation_accuracy": 0.8395061728395061,
  "best_validation_average_F1": 0.8394817073170232,
  "best_validation_loss": 0.5936856906522404
}