{
  "peak_cpu_memory_MB": 2642.892,
  "peak_gpu_0_memory_MB": 1241,
  "training_duration": "00:00:22",
  "training_start_epoch": 0,
  "training_epochs": 0,
  "epoch": 0,
  "training_1_P": 0.7466863033873343,
  "training_1_R": 0.7740458015267175,
  "training_1_F1": 0.7601199400299351,
  "training_0_P": 0.7654516640253566,
  "training_0_R": 0.7374045801526717,
  "training_0_F1": 0.7511664074649577,
  "training_accuracy": 0.7557251908396947,
  "training_average_F1": 0.7556431737474464,
  "training_loss": 0.4971134217410553,
  "training_cpu_memory_MB": 2642.892,
  "training_gpu_0_memory_MB": 1241,
  "validation_1_P": 0.7888888888888889,
  "validation_1_R": 0.8765432098765432,
  "validation_1_F1": 0.8304093567250963,
  "validation_0_P": 0.8611111111111112,
  "validation_0_R": 0.7654320987654321,
  "validation_0_F1": 0.8104575163398196,
  "validation_accuracy": 0.8209876543209876,
  "validation_average_F1": 0.8204334365324579,
  "validation_loss": 0.4950719719583338,
  "best_epoch": 0,
  "best_validation_1_P": 0.7888888888888889,
  "best_validation_1_R": 0.8765432098765432,
  "best_validation_1_F1": 0.8304093567250963,
  "best_validation_0_P": 0.8611111111111112,
  "best_validation_0_R": 0.7654320987654321,
  "best_validation_0_F1": 0.8104575163398196,
  "best_validation_accuracy": 0.8209876543209876,
  "best_validation_average_F1": 0.8204334365324579,
  "best_validation_loss": 0.4950719719583338
}