{
  "peak_cpu_memory_MB": 2211.432,
  "peak_gpu_0_memory_MB": 1102,
  "peak_gpu_1_memory_MB": 11082,
  "peak_gpu_2_memory_MB": 11,
  "peak_gpu_3_memory_MB": 11,
  "peak_gpu_4_memory_MB": 11,
  "peak_gpu_5_memory_MB": 11,
  "peak_gpu_6_memory_MB": 11,
  "peak_gpu_7_memory_MB": 11,
  "peak_gpu_8_memory_MB": 11,
  "peak_gpu_9_memory_MB": 11,
  "peak_gpu_10_memory_MB": 11,
  "peak_gpu_11_memory_MB": 11,
  "peak_gpu_12_memory_MB": 11,
  "peak_gpu_13_memory_MB": 11,
  "peak_gpu_14_memory_MB": 11,
  "peak_gpu_15_memory_MB": 11,
  "training_duration": "00:00:43",
  "training_start_epoch": 0,
  "training_epochs": 1,
  "epoch": 1,
  "training_1_P": 0.8297567954220315,
  "training_1_R": 0.8854961832061069,
  "training_1_F1": 0.8567208271786798,
  "training_0_P": 0.8772504091653028,
  "training_0_R": 0.8183206106870229,
  "training_0_F1": 0.8467614533964747,
  "training_accuracy": 0.8519083969465648,
  "training_average_F1": 0.8517411402875772,
  "training_loss": 0.3471232289221229,
  "training_cpu_memory_MB": 2211.432,
  "training_gpu_0_memory_MB": 1102,
  "training_gpu_1_memory_MB": 11082,
  "training_gpu_2_memory_MB": 11,
  "training_gpu_3_memory_MB": 11,
  "training_gpu_4_memory_MB": 11,
  "training_gpu_5_memory_MB": 11,
  "training_gpu_6_memory_MB": 11,
  "training_gpu_7_memory_MB": 11,
  "training_gpu_8_memory_MB": 11,
  "training_gpu_9_memory_MB": 11,
  "training_gpu_10_memory_MB": 11,
  "training_gpu_11_memory_MB": 11,
  "training_gpu_12_memory_MB": 11,
  "training_gpu_13_memory_MB": 11,
  "training_gpu_14_memory_MB": 11,
  "training_gpu_15_memory_MB": 11,
  "validation_1_P": 0.8205128205128205,
  "validation_1_R": 0.7901234567901234,
  "validation_1_F1": 0.8050314465408306,
  "validation_0_P": 0.7976190476190477,
  "validation_0_R": 0.8271604938271605,
  "validation_0_F1": 0.8121212121211623,
  "validation_accuracy": 0.808641975308642,
  "validation_average_F1": 0.8085763293309964,
  "validation_loss": 0.42461740428751166,
  "best_epoch": 0,
  "best_validation_1_P": 0.7741935483870968,
  "best_validation_1_R": 0.8888888888888888,
  "best_validation_1_F1": 0.827586206896502,
  "best_validation_0_P": 0.8695652173913043,
  "best_validation_0_R": 0.7407407407407407,
  "best_validation_0_F1": 0.7999999999999503,
  "best_validation_accuracy": 0.8148148148148148,
  "best_validation_average_F1": 0.8137931034482262,
  "best_validation_loss": 0.43781018121676013
}