{
  "peak_cpu_memory_MB": 2211.432,
  "peak_gpu_0_memory_MB": 1102,
  "peak_gpu_1_memory_MB": 11082,
  "peak_gpu_2_memory_MB": 11,
  "peak_gpu_3_memory_MB": 11,
  "peak_gpu_4_memory_MB": 11,
  "peak_gpu_5_memory_MB": 11,
  "peak_gpu_6_memory_MB": 11,
  "peak_gpu_7_memory_MB": 11,
  "peak_gpu_8_memory_MB": 11,
  "peak_gpu_9_memory_MB": 11,
  "peak_gpu_10_memory_MB": 11,
  "peak_gpu_11_memory_MB": 11,
  "peak_gpu_12_memory_MB": 11,
  "peak_gpu_13_memory_MB": 11,
  "peak_gpu_14_memory_MB": 11,
  "peak_gpu_15_memory_MB": 11,
  "training_duration": "00:01:05",
  "training_start_epoch": 0,
  "training_epochs": 2,
  "epoch": 2,
  "training_1_P": 0.8624641833810889,
  "training_1_R": 0.9190839694656489,
  "training_1_F1": 0.8898743532889375,
  "training_0_P": 0.9133986928104575,
  "training_0_R": 0.8534351145038168,
  "training_0_F1": 0.8823993685871641,
  "training_accuracy": 0.8862595419847328,
  "training_average_F1": 0.8861368609380508,
  "training_loss": 0.2946166948574345,
  "training_cpu_memory_MB": 2211.432,
  "training_gpu_0_memory_MB": 1102,
  "training_gpu_1_memory_MB": 11082,
  "training_gpu_2_memory_MB": 11,
  "training_gpu_3_memory_MB": 11,
  "training_gpu_4_memory_MB": 11,
  "training_gpu_5_memory_MB": 11,
  "training_gpu_6_memory_MB": 11,
  "training_gpu_7_memory_MB": 11,
  "training_gpu_8_memory_MB": 11,
  "training_gpu_9_memory_MB": 11,
  "training_gpu_10_memory_MB": 11,
  "training_gpu_11_memory_MB": 11,
  "training_gpu_12_memory_MB": 11,
  "training_gpu_13_memory_MB": 11,
  "training_gpu_14_memory_MB": 11,
  "training_gpu_15_memory_MB": 11,
  "validation_1_P": 0.7931034482758621,
  "validation_1_R": 0.8518518518518519,
  "validation_1_F1": 0.8214285714285217,
  "validation_0_P": 0.84,
  "validation_0_R": 0.7777777777777778,
  "validation_0_F1": 0.8076923076922577,
  "validation_accuracy": 0.8148148148148148,
  "validation_average_F1": 0.8145604395603897,
  "validation_loss": 0.429439359090545,
  "best_epoch": 0,
  "best_validation_1_P": 0.7741935483870968,
  "best_validation_1_R": 0.8888888888888888,
  "best_validation_1_F1": 0.827586206896502,
  "best_validation_0_P": 0.8695652173913043,
  "best_validation_0_R": 0.7407407407407407,
  "best_validation_0_F1": 0.7999999999999503,
  "best_validation_accuracy": 0.8148148148148148,
  "best_validation_average_F1": 0.8137931034482262,
  "best_validation_loss": 0.43781018121676013
}