{
  "peak_cpu_memory_MB": 2211.432,
  "peak_gpu_0_memory_MB": 706,
  "peak_gpu_1_memory_MB": 11082,
  "peak_gpu_2_memory_MB": 11,
  "peak_gpu_3_memory_MB": 11,
  "peak_gpu_4_memory_MB": 11,
  "peak_gpu_5_memory_MB": 11,
  "peak_gpu_6_memory_MB": 11,
  "peak_gpu_7_memory_MB": 11,
  "peak_gpu_8_memory_MB": 11,
  "peak_gpu_9_memory_MB": 11,
  "peak_gpu_10_memory_MB": 11,
  "peak_gpu_11_memory_MB": 11,
  "peak_gpu_12_memory_MB": 11,
  "peak_gpu_13_memory_MB": 11,
  "peak_gpu_14_memory_MB": 11,
  "peak_gpu_15_memory_MB": 11,
  "training_duration": "00:00:21",
  "training_start_epoch": 0,
  "training_epochs": 0,
  "epoch": 0,
  "training_1_P": 0.7776096822995462,
  "training_1_R": 0.7847328244274809,
  "training_1_F1": 0.7811550151975185,
  "training_0_P": 0.7827426810477658,
  "training_0_R": 0.7755725190839695,
  "training_0_F1": 0.7791411042944285,
  "training_accuracy": 0.7801526717557252,
  "training_average_F1": 0.7801480597459736,
  "training_loss": 0.48354259896569135,
  "training_cpu_memory_MB": 2211.432,
  "training_gpu_0_memory_MB": 706,
  "training_gpu_1_memory_MB": 11082,
  "training_gpu_2_memory_MB": 11,
  "training_gpu_3_memory_MB": 11,
  "training_gpu_4_memory_MB": 11,
  "training_gpu_5_memory_MB": 11,
  "training_gpu_6_memory_MB": 11,
  "training_gpu_7_memory_MB": 11,
  "training_gpu_8_memory_MB": 11,
  "training_gpu_9_memory_MB": 11,
  "training_gpu_10_memory_MB": 11,
  "training_gpu_11_memory_MB": 11,
  "training_gpu_12_memory_MB": 11,
  "training_gpu_13_memory_MB": 11,
  "training_gpu_14_memory_MB": 11,
  "training_gpu_15_memory_MB": 11,
  "validation_1_P": 0.7741935483870968,
  "validation_1_R": 0.8888888888888888,
  "validation_1_F1": 0.827586206896502,
  "validation_0_P": 0.8695652173913043,
  "validation_0_R": 0.7407407407407407,
  "validation_0_F1": 0.7999999999999503,
  "validation_accuracy": 0.8148148148148148,
  "validation_average_F1": 0.8137931034482262,
  "validation_loss": 0.43781018121676013,
  "best_epoch": 0,
  "best_validation_1_P": 0.7741935483870968,
  "best_validation_1_R": 0.8888888888888888,
  "best_validation_1_F1": 0.827586206896502,
  "best_validation_0_P": 0.8695652173913043,
  "best_validation_0_R": 0.7407407407407407,
  "best_validation_0_F1": 0.7999999999999503,
  "best_validation_accuracy": 0.8148148148148148,
  "best_validation_average_F1": 0.8137931034482262,
  "best_validation_loss": 0.43781018121676013
}