{
  "peak_cpu_memory_MB": 3071.02,
  "peak_gpu_0_memory_MB": 2510,
  "training_duration": "00:01:32",
  "training_start_epoch": 0,
  "training_epochs": 3,
  "epoch": 3,
  "training_1_F1": 0.5519568151146607,
  "training_0_F1": 0.4165202108962604,
  "training_accuracy": 0.49312977099236643,
  "training_average_F1": 0.4842385130054605,
  "training_loss": 0.6966136613997017,
  "training_cpu_memory_MB": 3071.02,
  "training_gpu_0_memory_MB": 2510,
  "validation_1_F1": 0.0,
  "validation_0_F1": 0.6666666666666222,
  "validation_accuracy": 0.5,
  "validation_average_F1": 0.3333333333333111,
  "validation_loss": 0.6955115036530928,
  "best_epoch": 0,
  "best_validation_1_F1": 0.0,
  "best_validation_0_F1": 0.6666666666666222,
  "best_validation_accuracy": 0.5,
  "best_validation_average_F1": 0.3333333333333111,
  "best_validation_loss": 0.782670492475683,
  "test_1_F1": 0.0,
  "test_0_F1": 0.6666666666666222,
  "test_accuracy": 0.5,
  "test_average_F1": 0.3333333333333111,
  "test_loss": 0.7811248790134083
}