{
  "peak_cpu_memory_MB": 3086.348,
  "peak_gpu_0_memory_MB": 11,
  "peak_gpu_1_memory_MB": 4080,
  "peak_gpu_2_memory_MB": 2958,
  "peak_gpu_3_memory_MB": 11,
  "peak_gpu_4_memory_MB": 11,
  "peak_gpu_5_memory_MB": 11,
  "peak_gpu_6_memory_MB": 11,
  "peak_gpu_7_memory_MB": 11,
  "peak_gpu_8_memory_MB": 11,
  "peak_gpu_9_memory_MB": 11,
  "peak_gpu_10_memory_MB": 11,
  "peak_gpu_11_memory_MB": 11,
  "peak_gpu_12_memory_MB": 11,
  "peak_gpu_13_memory_MB": 11,
  "peak_gpu_14_memory_MB": 11,
  "peak_gpu_15_memory_MB": 11,
  "training_duration": "00:01:55",
  "training_start_epoch": 0,
  "training_epochs": 3,
  "epoch": 3,
  "training_1_F1": 0.9401061410158713,
  "training_0_F1": 0.9392774788623637,
  "training_accuracy": 0.9396946564885497,
  "training_average_F1": 0.9396918099391175,
  "training_loss": 0.17578506969460628,
  "training_cpu_memory_MB": 3086.348,
  "training_gpu_0_memory_MB": 11,
  "training_gpu_1_memory_MB": 4080,
  "training_gpu_2_memory_MB": 2958,
  "training_gpu_3_memory_MB": 11,
  "training_gpu_4_memory_MB": 11,
  "training_gpu_5_memory_MB": 11,
  "training_gpu_6_memory_MB": 11,
  "training_gpu_7_memory_MB": 11,
  "training_gpu_8_memory_MB": 11,
  "training_gpu_9_memory_MB": 11,
  "training_gpu_10_memory_MB": 11,
  "training_gpu_11_memory_MB": 11,
  "training_gpu_12_memory_MB": 11,
  "training_gpu_13_memory_MB": 11,
  "training_gpu_14_memory_MB": 11,
  "training_gpu_15_memory_MB": 11,
  "validation_1_F1": 0.8717948717948218,
  "validation_0_F1": 0.8809523809523311,
  "validation_accuracy": 0.8765432098765432,
  "validation_average_F1": 0.8763736263735764,
  "validation_loss": 0.3047583496028727,
  "best_epoch": 2,
  "best_validation_1_F1": 0.8930817610062394,
  "best_validation_0_F1": 0.8969696969696469,
  "best_validation_accuracy": 0.8950617283950617,
  "best_validation_average_F1": 0.8950257289879431,
  "best_validation_loss": 0.3020084568045356,
  "test_1_F1": 0.8121212121211623,
  "test_0_F1": 0.8050314465408306,
  "test_accuracy": 0.808641975308642,
  "test_average_F1": 0.8085763293309964,
  "test_loss": 0.4187173464081504
}