{
  "peak_cpu_memory_MB": 2202.988,
  "peak_gpu_0_memory_MB": 2879,
  "training_duration": "00:04:56",
  "training_start_epoch": 0,
  "training_epochs": 7,
  "epoch": 7,
  "training_1_P": 1.0,
  "training_1_R": 1.0,
  "training_1_F1": 0.99999999999995,
  "training_0_P": 1.0,
  "training_0_R": 1.0,
  "training_0_F1": 0.99999999999995,
  "training_accuracy": 1.0,
  "training_average_F1": 0.99999999999995,
  "training_loss": 0.0016271946078632027,
  "training_cpu_memory_MB": 2202.988,
  "training_gpu_0_memory_MB": 2777,
  "validation_1_P": 0.8588235294117647,
  "validation_1_R": 0.9012345679012346,
  "validation_1_F1": 0.8795180722891066,
  "validation_0_P": 0.8961038961038961,
  "validation_0_R": 0.8518518518518519,
  "validation_0_F1": 0.8734177215189374,
  "validation_accuracy": 0.8765432098765432,
  "validation_average_F1": 0.876467896904022,
  "validation_loss": 0.6435645437714729,
  "best_epoch": 5,
  "best_validation_1_P": 0.8588235294117647,
  "best_validation_1_R": 0.9012345679012346,
  "best_validation_1_F1": 0.8795180722891066,
  "best_validation_0_P": 0.8961038961038961,
  "best_validation_0_R": 0.8518518518518519,
  "best_validation_0_F1": 0.8734177215189374,
  "best_validation_accuracy": 0.8765432098765432,
  "best_validation_average_F1": 0.876467896904022,
  "best_validation_loss": 0.548348646949638,
  "test_1_P": 0.8,
  "test_1_R": 0.8395061728395061,
  "test_1_F1": 0.8192771084336851,
  "test_0_P": 0.8311688311688312,
  "test_0_R": 0.7901234567901234,
  "test_0_F1": 0.8101265822784312,
  "test_accuracy": 0.8148148148148148,
  "test_average_F1": 0.8147018453560582,
  "test_loss": 0.7154742709615014
}