{
  "peak_cpu_memory_MB": 2202.988,
  "peak_gpu_0_memory_MB": 2675,
  "training_duration": "00:02:17",
  "training_start_epoch": 0,
  "training_epochs": 3,
  "epoch": 3,
  "training_1_P": 0.970193740685544,
  "training_1_R": 0.9938931297709923,
  "training_1_F1": 0.9819004524886379,
  "training_0_P": 0.9937402190923318,
  "training_0_R": 0.9694656488549618,
  "training_0_F1": 0.9814528593508002,
  "training_accuracy": 0.981679389312977,
  "training_average_F1": 0.981676655919719,
  "training_loss": 0.062424708157777786,
  "training_cpu_memory_MB": 2202.988,
  "training_gpu_0_memory_MB": 2675,
  "validation_1_P": 0.8641975308641975,
  "validation_1_R": 0.8641975308641975,
  "validation_1_F1": 0.8641975308641475,
  "validation_0_P": 0.8641975308641975,
  "validation_0_R": 0.8641975308641975,
  "validation_0_F1": 0.8641975308641475,
  "validation_accuracy": 0.8641975308641975,
  "validation_average_F1": 0.8641975308641475,
  "validation_loss": 0.4253440587358041,
  "best_epoch": 3,
  "best_validation_1_P": 0.8641975308641975,
  "best_validation_1_R": 0.8641975308641975,
  "best_validation_1_F1": 0.8641975308641475,
  "best_validation_0_P": 0.8641975308641975,
  "best_validation_0_R": 0.8641975308641975,
  "best_validation_0_F1": 0.8641975308641475,
  "best_validation_accuracy": 0.8641975308641975,
  "best_validation_average_F1": 0.8641975308641475,
  "best_validation_loss": 0.4253440587358041
}