{
  "peak_cpu_memory_MB": 2202.988,
  "peak_gpu_0_memory_MB": 2777,
  "training_duration": "00:04:28",
  "training_start_epoch": 0,
  "training_epochs": 6,
  "epoch": 6,
  "training_1_P": 1.0,
  "training_1_R": 1.0,
  "training_1_F1": 0.99999999999995,
  "training_0_P": 1.0,
  "training_0_R": 1.0,
  "training_0_F1": 0.99999999999995,
  "training_accuracy": 1.0,
  "training_average_F1": 0.99999999999995,
  "training_loss": 0.0033336812346355946,
  "training_cpu_memory_MB": 2202.988,
  "training_gpu_0_memory_MB": 2777,
  "validation_1_P": 0.8488372093023255,
  "validation_1_R": 0.9012345679012346,
  "validation_1_F1": 0.8742514970059381,
  "validation_0_P": 0.8947368421052632,
  "validation_0_R": 0.8395061728395061,
  "validation_0_F1": 0.8662420382165106,
  "validation_accuracy": 0.8703703703703703,
  "validation_average_F1": 0.8702467676112243,
  "validation_loss": 0.6174780006774447,
  "best_epoch": 5,
  "best_validation_1_P": 0.8588235294117647,
  "best_validation_1_R": 0.9012345679012346,
  "best_validation_1_F1": 0.8795180722891066,
  "best_validation_0_P": 0.8961038961038961,
  "best_validation_0_R": 0.8518518518518519,
  "best_validation_0_F1": 0.8734177215189374,
  "best_validation_accuracy": 0.8765432098765432,
  "best_validation_average_F1": 0.876467896904022,
  "best_validation_loss": 0.548348646949638
}