{
  "peak_cpu_memory_MB": 2202.988,
  "peak_gpu_0_memory_MB": 724,
  "training_duration": "00:00:21",
  "training_start_epoch": 0,
  "training_epochs": 0,
  "epoch": 0,
  "training_1_P": 0.7733333333333333,
  "training_1_R": 0.7969465648854962,
  "training_1_F1": 0.7849624060149877,
  "training_0_P": 0.7905511811023622,
  "training_0_R": 0.766412213740458,
  "training_0_F1": 0.7782945736433609,
  "training_accuracy": 0.7816793893129771,
  "training_average_F1": 0.7816284898291743,
  "training_loss": 0.48436750017288255,
  "training_cpu_memory_MB": 2202.988,
  "training_gpu_0_memory_MB": 724,
  "validation_1_P": 0.7931034482758621,
  "validation_1_R": 0.8518518518518519,
  "validation_1_F1": 0.8214285714285217,
  "validation_0_P": 0.84,
  "validation_0_R": 0.7777777777777778,
  "validation_0_F1": 0.8076923076922577,
  "validation_accuracy": 0.8148148148148148,
  "validation_average_F1": 0.8145604395603897,
  "validation_loss": 0.3804915357719768,
  "best_epoch": 0,
  "best_validation_1_P": 0.7931034482758621,
  "best_validation_1_R": 0.8518518518518519,
  "best_validation_1_F1": 0.8214285714285217,
  "best_validation_0_P": 0.84,
  "best_validation_0_R": 0.7777777777777778,
  "best_validation_0_F1": 0.8076923076922577,
  "best_validation_accuracy": 0.8148148148148148,
  "best_validation_average_F1": 0.8145604395603897,
  "best_validation_loss": 0.3804915357719768
}