{
  "peak_cpu_memory_MB": 2203.168,
  "peak_gpu_0_memory_MB": 2525,
  "training_duration": "00:02:08",
  "training_start_epoch": 0,
  "training_epochs": 2,
  "epoch": 2,
  "training_1_P": 0.9423076923076923,
  "training_1_R": 0.9725190839694656,
  "training_1_F1": 0.9571750563485601,
  "training_0_P": 0.9716088328075709,
  "training_0_R": 0.9404580152671755,
  "training_0_F1": 0.9557796741659702,
  "training_accuracy": 0.9564885496183206,
  "training_average_F1": 0.9564773652572651,
  "training_loss": 0.1461873596034399,
  "training_cpu_memory_MB": 2203.168,
  "training_gpu_0_memory_MB": 2525,
  "validation_1_P": 0.8275862068965517,
  "validation_1_R": 0.8888888888888888,
  "validation_1_F1": 0.8571428571428074,
  "validation_0_P": 0.88,
  "validation_0_R": 0.8148148148148148,
  "validation_0_F1": 0.8461538461537963,
  "validation_accuracy": 0.8518518518518519,
  "validation_average_F1": 0.8516483516483018,
  "validation_loss": 0.42931683971123263,
  "best_epoch": 2,
  "best_validation_1_P": 0.8275862068965517,
  "best_validation_1_R": 0.8888888888888888,
  "best_validation_1_F1": 0.8571428571428074,
  "best_validation_0_P": 0.88,
  "best_validation_0_R": 0.8148148148148148,
  "best_validation_0_F1": 0.8461538461537963,
  "best_validation_accuracy": 0.8518518518518519,
  "best_validation_average_F1": 0.8516483516483018,
  "best_validation_loss": 0.42931683971123263
}