{
  "peak_cpu_memory_MB": 2203.168,
  "peak_gpu_0_memory_MB": 1935,
  "training_duration": "00:00:38",
  "training_start_epoch": 0,
  "training_epochs": 0,
  "epoch": 0,
  "training_1_P": 0.7763157894736842,
  "training_1_R": 0.8106870229007633,
  "training_1_F1": 0.7931292008961413,
  "training_0_P": 0.8019169329073482,
  "training_0_R": 0.766412213740458,
  "training_0_F1": 0.7837626854019797,
  "training_accuracy": 0.7885496183206107,
  "training_average_F1": 0.7884459431490605,
  "training_loss": 0.4835268967762226,
  "training_cpu_memory_MB": 2203.168,
  "training_gpu_0_memory_MB": 1935,
  "validation_1_P": 0.7840909090909091,
  "validation_1_R": 0.8518518518518519,
  "validation_1_F1": 0.8165680473372283,
  "validation_0_P": 0.8378378378378378,
  "validation_0_R": 0.7654320987654321,
  "validation_0_F1": 0.7999999999999502,
  "validation_accuracy": 0.808641975308642,
  "validation_average_F1": 0.8082840236685893,
  "validation_loss": 0.40157903053543786,
  "best_epoch": 0,
  "best_validation_1_P": 0.7840909090909091,
  "best_validation_1_R": 0.8518518518518519,
  "best_validation_1_F1": 0.8165680473372283,
  "best_validation_0_P": 0.8378378378378378,
  "best_validation_0_R": 0.7654320987654321,
  "best_validation_0_F1": 0.7999999999999502,
  "best_validation_accuracy": 0.808641975308642,
  "best_validation_average_F1": 0.8082840236685893,
  "best_validation_loss": 0.40157903053543786
}