{
  "peak_cpu_memory_MB": 2203.168,
  "peak_gpu_0_memory_MB": 2525,
  "training_duration": "00:02:54",
  "training_start_epoch": 0,
  "training_epochs": 3,
  "epoch": 3,
  "training_1_P": 0.9744360902255639,
  "training_1_R": 0.9893129770992366,
  "training_1_F1": 0.9818181818181319,
  "training_0_P": 0.9891472868217054,
  "training_0_R": 0.9740458015267176,
  "training_0_F1": 0.9815384615384116,
  "training_accuracy": 0.981679389312977,
  "training_average_F1": 0.9816783216782717,
  "training_loss": 0.06880312653758176,
  "training_cpu_memory_MB": 2203.168,
  "training_gpu_0_memory_MB": 2525,
  "validation_1_P": 0.8023255813953488,
  "validation_1_R": 0.8518518518518519,
  "validation_1_F1": 0.8263473053891718,
  "validation_0_P": 0.8421052631578947,
  "validation_0_R": 0.7901234567901234,
  "validation_0_F1": 0.8152866242037717,
  "validation_accuracy": 0.8209876543209876,
  "validation_average_F1": 0.8208169647964718,
  "validation_loss": 0.4828013682907278,
  "best_epoch": 2,
  "best_validation_1_P": 0.8275862068965517,
  "best_validation_1_R": 0.8888888888888888,
  "best_validation_1_F1": 0.8571428571428074,
  "best_validation_0_P": 0.88,
  "best_validation_0_R": 0.8148148148148148,
  "best_validation_0_F1": 0.8461538461537963,
  "best_validation_accuracy": 0.8518518518518519,
  "best_validation_average_F1": 0.8516483516483018,
  "best_validation_loss": 0.42931683971123263
}