{
  "peak_cpu_memory_MB": 2189.812,
  "peak_gpu_0_memory_MB": 4049,
  "training_duration": "00:01:29",
  "training_start_epoch": 0,
  "training_epochs": 1,
  "epoch": 1,
  "training_1_P": 0.8411078717201166,
  "training_1_R": 0.8809160305343512,
  "training_1_F1": 0.8605518269947301,
  "training_0_P": 0.875,
  "training_0_R": 0.833587786259542,
  "training_0_F1": 0.8537920250194966,
  "training_accuracy": 0.8572519083969465,
  "training_average_F1": 0.8571719260071133,
  "training_loss": 0.3580742729146306,
  "training_cpu_memory_MB": 2189.812,
  "training_gpu_0_memory_MB": 4049,
  "validation_1_P": 0.7553191489361702,
  "validation_1_R": 0.8765432098765432,
  "validation_1_F1": 0.8114285714285218,
  "validation_0_P": 0.8529411764705882,
  "validation_0_R": 0.7160493827160493,
  "validation_0_F1": 0.7785234899328364,
  "validation_accuracy": 0.7962962962962963,
  "validation_average_F1": 0.794976030680679,
  "validation_loss": 0.4732060974294489,
  "best_epoch": 0,
  "best_validation_1_P": 0.8805970149253731,
  "best_validation_1_R": 0.7283950617283951,
  "best_validation_1_F1": 0.7972972972972477,
  "best_validation_0_P": 0.7684210526315789,
  "best_validation_0_R": 0.9012345679012346,
  "best_validation_0_F1": 0.8295454545454048,
  "best_validation_accuracy": 0.8148148148148148,
  "best_validation_average_F1": 0.8134213759213262,
  "best_validation_loss": 0.4079675335775722
}