{
  "peak_cpu_memory_MB": 2189.812,
  "peak_gpu_0_memory_MB": 3625,
  "training_duration": "00:00:42",
  "training_start_epoch": 0,
  "training_epochs": 0,
  "epoch": 0,
  "training_1_P": 0.7653213751868461,
  "training_1_R": 0.7816793893129771,
  "training_1_F1": 0.7734138972809168,
  "training_0_P": 0.7769110764430577,
  "training_0_R": 0.7603053435114504,
  "training_0_F1": 0.7685185185184686,
  "training_accuracy": 0.7709923664122137,
  "training_average_F1": 0.7709662078996927,
  "training_loss": 0.4956027988980456,
  "training_cpu_memory_MB": 2189.812,
  "training_gpu_0_memory_MB": 3625,
  "validation_1_P": 0.8805970149253731,
  "validation_1_R": 0.7283950617283951,
  "validation_1_F1": 0.7972972972972477,
  "validation_0_P": 0.7684210526315789,
  "validation_0_R": 0.9012345679012346,
  "validation_0_F1": 0.8295454545454048,
  "validation_accuracy": 0.8148148148148148,
  "validation_average_F1": 0.8134213759213262,
  "validation_loss": 0.4079675335775722,
  "best_epoch": 0,
  "best_validation_1_P": 0.8805970149253731,
  "best_validation_1_R": 0.7283950617283951,
  "best_validation_1_F1": 0.7972972972972477,
  "best_validation_0_P": 0.7684210526315789,
  "best_validation_0_R": 0.9012345679012346,
  "best_validation_0_F1": 0.8295454545454048,
  "best_validation_accuracy": 0.8148148148148148,
  "best_validation_average_F1": 0.8134213759213262,
  "best_validation_loss": 0.4079675335775722
}