{
  "peak_cpu_memory_MB": 7951.496,
  "peak_gpu_0_memory_MB": 11,
  "peak_gpu_1_memory_MB": 11,
  "peak_gpu_2_memory_MB": 11,
  "peak_gpu_3_memory_MB": 11,
  "peak_gpu_4_memory_MB": 11,
  "peak_gpu_5_memory_MB": 11,
  "peak_gpu_6_memory_MB": 11,
  "peak_gpu_7_memory_MB": 11,
  "peak_gpu_8_memory_MB": 11,
  "peak_gpu_9_memory_MB": 11,
  "peak_gpu_10_memory_MB": 11,
  "peak_gpu_11_memory_MB": 11,
  "peak_gpu_12_memory_MB": 11,
  "peak_gpu_13_memory_MB": 11,
  "peak_gpu_14_memory_MB": 7789,
  "peak_gpu_15_memory_MB": 4911,
  "training_duration": "02:42:36",
  "training_start_epoch": 4,
  "training_epochs": 4,
  "epoch": 8,
  "training_joy_F1": 0.9005383235067432,
  "training_sadness_F1": 0.7023481086382927,
  "training_fear_F1": 0.6308499060056886,
  "training_anger_F1": 0.5712586719523788,
  "training_surprise_F1": 0.48363479758823774,
  "training_disgust_F1": 0.6200974704107187,
  "training_trust_F1": 0.7431952662721395,
  "training_anticipation_F1": 0.5738684884713428,
  "training_accuracy": 0.7447562394930816,
  "training_average_F1": 0.6532238791056928,
  "training_loss": 0.7373774686537073,
  "training_cpu_memory_MB": 7951.496,
  "training_gpu_0_memory_MB": 11,
  "training_gpu_1_memory_MB": 11,
  "training_gpu_2_memory_MB": 11,
  "training_gpu_3_memory_MB": 11,
  "training_gpu_4_memory_MB": 11,
  "training_gpu_5_memory_MB": 11,
  "training_gpu_6_memory_MB": 11,
  "training_gpu_7_memory_MB": 11,
  "training_gpu_8_memory_MB": 11,
  "training_gpu_9_memory_MB": 11,
  "training_gpu_10_memory_MB": 11,
  "training_gpu_11_memory_MB": 11,
  "training_gpu_12_memory_MB": 11,
  "training_gpu_13_memory_MB": 11,
  "training_gpu_14_memory_MB": 7789,
  "training_gpu_15_memory_MB": 4911,
  "validation_joy_F1": 0.833587786259492,
  "validation_sadness_F1": 0.5846153846153348,
  "validation_fear_F1": 0.41127189642036127,
  "validation_anger_F1": 0.4581358609794132,
  "validation_surprise_F1": 0.28571428571423796,
  "validation_disgust_F1": 0.4242424242423757,
  "validation_trust_F1": 0.6359649122806519,
  "validation_anticipation_F1": 0.32638888888883894,
  "validation_accuracy": 0.622387750879371,
  "validation_average_F1": 0.4949901799250882,
  "validation_loss": 1.1878391064629696,
  "best_epoch": 6,
  "best_validation_joy_F1": 0.8340713727532713,
  "best_validation_sadness_F1": 0.6000969461948124,
  "best_validation_fear_F1": 0.4101307189541985,
  "best_validation_anger_F1": 0.4451939291736445,
  "best_validation_surprise_F1": 0.2909090909090419,
  "best_validation_disgust_F1": 0.4455782312924671,
  "best_validation_trust_F1": 0.6373626373625874,
  "best_validation_anticipation_F1": 0.33444816053506715,
  "best_validation_accuracy": 0.6242499482722946,
  "best_validation_average_F1": 0.4997238858968862,
  "best_validation_loss": 1.169569014666891
}