{
  "peak_cpu_memory_MB": 7580.028,
  "peak_gpu_0_memory_MB": 11,
  "peak_gpu_1_memory_MB": 11,
  "peak_gpu_2_memory_MB": 11,
  "peak_gpu_3_memory_MB": 11,
  "peak_gpu_4_memory_MB": 11,
  "peak_gpu_5_memory_MB": 11,
  "peak_gpu_6_memory_MB": 11,
  "peak_gpu_7_memory_MB": 11,
  "peak_gpu_8_memory_MB": 11,
  "peak_gpu_9_memory_MB": 11,
  "peak_gpu_10_memory_MB": 11,
  "peak_gpu_11_memory_MB": 11,
  "peak_gpu_12_memory_MB": 11,
  "peak_gpu_13_memory_MB": 11,
  "peak_gpu_14_memory_MB": 7789,
  "peak_gpu_15_memory_MB": 4911,
  "training_duration": "02:10:07",
  "training_start_epoch": 4,
  "training_epochs": 3,
  "epoch": 7,
  "training_joy_F1": 0.9138069403870966,
  "training_sadness_F1": 0.7220584622942271,
  "training_fear_F1": 0.6620662460567324,
  "training_anger_F1": 0.6090567530155724,
  "training_surprise_F1": 0.5267224726335641,
  "training_disgust_F1": 0.6323835997219798,
  "training_trust_F1": 0.765969973505985,
  "training_anticipation_F1": 0.6093281985450941,
  "training_accuracy": 0.7662552718052213,
  "training_average_F1": 0.6801740807700315,
  "training_loss": 0.6910642910351232,
  "training_cpu_memory_MB": 7580.028,
  "training_gpu_0_memory_MB": 11,
  "training_gpu_1_memory_MB": 11,
  "training_gpu_2_memory_MB": 11,
  "training_gpu_3_memory_MB": 11,
  "training_gpu_4_memory_MB": 11,
  "training_gpu_5_memory_MB": 11,
  "training_gpu_6_memory_MB": 11,
  "training_gpu_7_memory_MB": 11,
  "training_gpu_8_memory_MB": 11,
  "training_gpu_9_memory_MB": 11,
  "training_gpu_10_memory_MB": 11,
  "training_gpu_11_memory_MB": 11,
  "training_gpu_12_memory_MB": 11,
  "training_gpu_13_memory_MB": 11,
  "training_gpu_14_memory_MB": 7789,
  "training_gpu_15_memory_MB": 4911,
  "validation_joy_F1": 0.8351591027646866,
  "validation_sadness_F1": 0.5945428434657237,
  "validation_fear_F1": 0.41238793806025986,
  "validation_anger_F1": 0.4674922600618697,
  "validation_surprise_F1": 0.2639593908628955,
  "validation_disgust_F1": 0.43223443223438307,
  "validation_trust_F1": 0.6244343891402216,
  "validation_anticipation_F1": 0.32302405498276787,
  "validation_accuracy": 0.6221808400579351,
  "validation_average_F1": 0.49415430144660105,
  "validation_loss": 1.1849967608652492,
  "best_epoch": 6,
  "best_validation_joy_F1": 0.8340713727532713,
  "best_validation_sadness_F1": 0.6000969461948124,
  "best_validation_fear_F1": 0.4101307189541985,
  "best_validation_anger_F1": 0.4451939291736445,
  "best_validation_surprise_F1": 0.2909090909090419,
  "best_validation_disgust_F1": 0.4455782312924671,
  "best_validation_trust_F1": 0.6373626373625874,
  "best_validation_anticipation_F1": 0.33444816053506715,
  "best_validation_accuracy": 0.6242499482722946,
  "best_validation_average_F1": 0.4997238858968862,
  "best_validation_loss": 1.169569014666891
}