{
  "peak_cpu_memory_MB": 7320.868,
  "peak_gpu_0_memory_MB": 11,
  "peak_gpu_1_memory_MB": 11,
  "peak_gpu_2_memory_MB": 11,
  "peak_gpu_3_memory_MB": 11,
  "peak_gpu_4_memory_MB": 11,
  "peak_gpu_5_memory_MB": 11,
  "peak_gpu_6_memory_MB": 11,
  "peak_gpu_7_memory_MB": 11,
  "peak_gpu_8_memory_MB": 11,
  "peak_gpu_9_memory_MB": 11,
  "peak_gpu_10_memory_MB": 11,
  "peak_gpu_11_memory_MB": 11,
  "peak_gpu_12_memory_MB": 11,
  "peak_gpu_13_memory_MB": 11,
  "peak_gpu_14_memory_MB": 4177,
  "peak_gpu_15_memory_MB": 11,
  "training_duration": "00:32:25",
  "training_start_epoch": 4,
  "training_epochs": 0,
  "epoch": 4,
  "training_joy_F1": 0.8942383833264206,
  "training_sadness_F1": 0.6847299479633456,
  "training_fear_F1": 0.5968375465806732,
  "training_anger_F1": 0.5476433380942175,
  "training_surprise_F1": 0.4349392165690659,
  "training_disgust_F1": 0.5967894239848421,
  "training_trust_F1": 0.7095397744589567,
  "training_anticipation_F1": 0.5434494927216099,
  "training_accuracy": 0.7281779387042545,
  "training_average_F1": 0.6260208904623914,
  "training_loss": 0.7962188363395711,
  "training_cpu_memory_MB": 7320.868,
  "training_gpu_0_memory_MB": 11,
  "training_gpu_1_memory_MB": 11,
  "training_gpu_2_memory_MB": 11,
  "training_gpu_3_memory_MB": 11,
  "training_gpu_4_memory_MB": 11,
  "training_gpu_5_memory_MB": 11,
  "training_gpu_6_memory_MB": 11,
  "training_gpu_7_memory_MB": 11,
  "training_gpu_8_memory_MB": 11,
  "training_gpu_9_memory_MB": 11,
  "training_gpu_10_memory_MB": 11,
  "training_gpu_11_memory_MB": 11,
  "training_gpu_12_memory_MB": 11,
  "training_gpu_13_memory_MB": 11,
  "training_gpu_14_memory_MB": 4177,
  "training_gpu_15_memory_MB": 11,
  "validation_joy_F1": 0.8349263756134867,
  "validation_sadness_F1": 0.6061705989110221,
  "validation_fear_F1": 0.41477749790087387,
  "validation_anger_F1": 0.44368600682589016,
  "validation_surprise_F1": 0.2514285714285262,
  "validation_disgust_F1": 0.4476534296028387,
  "validation_trust_F1": 0.604026845637534,
  "validation_anticipation_F1": 0.32638888888883894,
  "validation_accuracy": 0.62756052141527,
  "validation_average_F1": 0.49113227685112637,
  "validation_loss": 1.131793717346569,
  "best_epoch": 4,
  "best_validation_joy_F1": 0.8349263756134867,
  "best_validation_sadness_F1": 0.6061705989110221,
  "best_validation_fear_F1": 0.41477749790087387,
  "best_validation_anger_F1": 0.44368600682589016,
  "best_validation_surprise_F1": 0.2514285714285262,
  "best_validation_disgust_F1": 0.4476534296028387,
  "best_validation_trust_F1": 0.604026845637534,
  "best_validation_anticipation_F1": 0.32638888888883894,
  "best_validation_accuracy": 0.62756052141527,
  "best_validation_average_F1": 0.49113227685112637,
  "best_validation_loss": 1.131793717346569
}