{
  "peak_cpu_memory_MB": 4698.684,
  "peak_gpu_0_memory_MB": 11,
  "peak_gpu_1_memory_MB": 11,
  "peak_gpu_2_memory_MB": 11,
  "peak_gpu_3_memory_MB": 11,
  "peak_gpu_4_memory_MB": 11,
  "peak_gpu_5_memory_MB": 11,
  "peak_gpu_6_memory_MB": 11,
  "peak_gpu_7_memory_MB": 11,
  "peak_gpu_8_memory_MB": 11,
  "peak_gpu_9_memory_MB": 11,
  "peak_gpu_10_memory_MB": 11,
  "peak_gpu_11_memory_MB": 11,
  "peak_gpu_12_memory_MB": 11,
  "peak_gpu_13_memory_MB": 11,
  "peak_gpu_14_memory_MB": 2885,
  "peak_gpu_15_memory_MB": 11,
  "training_duration": "00:32:20",
  "training_start_epoch": 0,
  "training_epochs": 0,
  "epoch": 0,
  "training_joy_F1": 0.7934141402282839,
  "training_sadness_F1": 0.5508386603288598,
  "training_fear_F1": 0.3594819416657396,
  "training_anger_F1": 0.29795427196144814,
  "training_surprise_F1": 0.10600924499227035,
  "training_disgust_F1": 0.34193194291982265,
  "training_trust_F1": 0.4682102168320018,
  "training_anticipation_F1": 0.1885245901638988,
  "training_accuracy": 0.5815674402959973,
  "training_average_F1": 0.38829562613654056,
  "training_loss": 1.206433249811578,
  "training_cpu_memory_MB": 4698.684,
  "training_gpu_0_memory_MB": 11,
  "training_gpu_1_memory_MB": 11,
  "training_gpu_2_memory_MB": 11,
  "training_gpu_3_memory_MB": 11,
  "training_gpu_4_memory_MB": 11,
  "training_gpu_5_memory_MB": 11,
  "training_gpu_6_memory_MB": 11,
  "training_gpu_7_memory_MB": 11,
  "training_gpu_8_memory_MB": 11,
  "training_gpu_9_memory_MB": 11,
  "training_gpu_10_memory_MB": 11,
  "training_gpu_11_memory_MB": 11,
  "training_gpu_12_memory_MB": 11,
  "training_gpu_13_memory_MB": 11,
  "training_gpu_14_memory_MB": 2885,
  "training_gpu_15_memory_MB": 11,
  "validation_joy_F1": 0.8258555133079349,
  "validation_sadness_F1": 0.5737634408601671,
  "validation_fear_F1": 0.3581081081080584,
  "validation_anger_F1": 0.3745454545454079,
  "validation_surprise_F1": 0.16152019002372306,
  "validation_disgust_F1": 0.41605839416053475,
  "validation_trust_F1": 0.533333333333284,
  "validation_anticipation_F1": 0.3037037037036538,
  "validation_accuracy": 0.6027312228429547,
  "validation_average_F1": 0.44336101725534544,
  "validation_loss": 1.1353545077759835,
  "best_epoch": 0,
  "best_validation_joy_F1": 0.8258555133079349,
  "best_validation_sadness_F1": 0.5737634408601671,
  "best_validation_fear_F1": 0.3581081081080584,
  "best_validation_anger_F1": 0.3745454545454079,
  "best_validation_surprise_F1": 0.16152019002372306,
  "best_validation_disgust_F1": 0.41605839416053475,
  "best_validation_trust_F1": 0.533333333333284,
  "best_validation_anticipation_F1": 0.3037037037036538,
  "best_validation_accuracy": 0.6027312228429547,
  "best_validation_average_F1": 0.44336101725534544,
  "best_validation_loss": 1.1353545077759835
}