{
  "peak_cpu_memory_MB": 7320.868,
  "peak_gpu_0_memory_MB": 11,
  "peak_gpu_1_memory_MB": 11,
  "peak_gpu_2_memory_MB": 11,
  "peak_gpu_3_memory_MB": 11,
  "peak_gpu_4_memory_MB": 11,
  "peak_gpu_5_memory_MB": 11,
  "peak_gpu_6_memory_MB": 11,
  "peak_gpu_7_memory_MB": 11,
  "peak_gpu_8_memory_MB": 11,
  "peak_gpu_9_memory_MB": 11,
  "peak_gpu_10_memory_MB": 11,
  "peak_gpu_11_memory_MB": 11,
  "peak_gpu_12_memory_MB": 11,
  "peak_gpu_13_memory_MB": 11,
  "peak_gpu_14_memory_MB": 7653,
  "peak_gpu_15_memory_MB": 4883,
  "training_duration": "01:04:57",
  "training_start_epoch": 4,
  "training_epochs": 1,
  "epoch": 5,
  "training_joy_F1": 0.901394072797985,
  "training_sadness_F1": 0.6942998910806719,
  "training_fear_F1": 0.61644245141998,
  "training_anger_F1": 0.5551999999999507,
  "training_surprise_F1": 0.47383656201286734,
  "training_disgust_F1": 0.6124157172750028,
  "training_trust_F1": 0.729948933613648,
  "training_anticipation_F1": 0.5688390159688763,
  "training_accuracy": 0.7397129186602871,
  "training_average_F1": 0.6440470805211228,
  "training_loss": 0.7599851483274236,
  "training_cpu_memory_MB": 7320.868,
  "training_gpu_0_memory_MB": 11,
  "training_gpu_1_memory_MB": 11,
  "training_gpu_2_memory_MB": 11,
  "training_gpu_3_memory_MB": 11,
  "training_gpu_4_memory_MB": 11,
  "training_gpu_5_memory_MB": 11,
  "training_gpu_6_memory_MB": 11,
  "training_gpu_7_memory_MB": 11,
  "training_gpu_8_memory_MB": 11,
  "training_gpu_9_memory_MB": 11,
  "training_gpu_10_memory_MB": 11,
  "training_gpu_11_memory_MB": 11,
  "training_gpu_12_memory_MB": 11,
  "training_gpu_13_memory_MB": 11,
  "training_gpu_14_memory_MB": 7653,
  "training_gpu_15_memory_MB": 4883,
  "validation_joy_F1": 0.8394623383210255,
  "validation_sadness_F1": 0.5945674044265097,
  "validation_fear_F1": 0.42666666666661673,
  "validation_anger_F1": 0.426621160409508,
  "validation_surprise_F1": 0.2563176895306388,
  "validation_disgust_F1": 0.44869565217386337,
  "validation_trust_F1": 0.6203904555314034,
  "validation_anticipation_F1": 0.22966507177029138,
  "validation_accuracy": 0.6261121456652183,
  "validation_average_F1": 0.4802983048537321,
  "validation_loss": 1.1508748030701879,
  "best_epoch": 4,
  "best_validation_joy_F1": 0.8349263756134867,
  "best_validation_sadness_F1": 0.6061705989110221,
  "best_validation_fear_F1": 0.41477749790087387,
  "best_validation_anger_F1": 0.44368600682589016,
  "best_validation_surprise_F1": 0.2514285714285262,
  "best_validation_disgust_F1": 0.4476534296028387,
  "best_validation_trust_F1": 0.604026845637534,
  "best_validation_anticipation_F1": 0.32638888888883894,
  "best_validation_accuracy": 0.62756052141527,
  "best_validation_average_F1": 0.49113227685112637,
  "best_validation_loss": 1.131793717346569
}