{
  "peak_cpu_memory_MB": 3068.784,
  "peak_gpu_0_memory_MB": 2498,
  "training_duration": "00:00:46",
  "training_start_epoch": 0,
  "training_epochs": 1,
  "epoch": 1,
  "training_1_F1": 0.8131539611359739,
  "training_0_F1": 0.8049921996879376,
  "training_accuracy": 0.8091603053435115,
  "training_average_F1": 0.8090730804119557,
  "training_loss": 0.434985282581027,
  "training_cpu_memory_MB": 3068.784,
  "training_gpu_0_memory_MB": 2498,
  "validation_1_F1": 0.8639053254437372,
  "validation_0_F1": 0.8516129032257566,
  "validation_accuracy": 0.8580246913580247,
  "validation_average_F1": 0.8577591143347469,
  "validation_loss": 0.4054944027553905,
  "best_epoch": 1,
  "best_validation_1_F1": 0.8639053254437372,
  "best_validation_0_F1": 0.8516129032257566,
  "best_validation_accuracy": 0.8580246913580247,
  "best_validation_average_F1": 0.8577591143347469,
  "best_validation_loss": 0.4054944027553905
}