{
  "peak_cpu_memory_MB": 3068.784,
  "peak_gpu_0_memory_MB": 2498,
  "training_duration": "00:01:14",
  "training_start_epoch": 0,
  "training_epochs": 2,
  "epoch": 2,
  "training_1_F1": 0.9244712990936056,
  "training_0_F1": 0.9228395061727895,
  "training_accuracy": 0.9236641221374046,
  "training_average_F1": 0.9236554026331976,
  "training_loss": 0.20137730318053468,
  "training_cpu_memory_MB": 3068.784,
  "training_gpu_0_memory_MB": 2498,
  "validation_1_F1": 0.8220858895705022,
  "validation_0_F1": 0.8198757763974656,
  "validation_accuracy": 0.8209876543209876,
  "validation_average_F1": 0.8209808329839838,
  "validation_loss": 0.5531044751405716,
  "best_epoch": 1,
  "best_validation_1_F1": 0.8639053254437372,
  "best_validation_0_F1": 0.8516129032257566,
  "best_validation_accuracy": 0.8580246913580247,
  "best_validation_average_F1": 0.8577591143347469,
  "best_validation_loss": 0.4054944027553905
}