{
  "peak_cpu_memory_MB": 3068.784,
  "peak_gpu_0_memory_MB": 1241,
  "training_duration": "00:00:22",
  "training_start_epoch": 0,
  "training_epochs": 0,
  "epoch": 0,
  "training_1_F1": 0.6381679389312478,
  "training_0_F1": 0.6381679389312478,
  "training_accuracy": 0.6381679389312978,
  "training_average_F1": 0.6381679389312478,
  "training_loss": 0.658138195552477,
  "training_cpu_memory_MB": 3068.784,
  "training_gpu_0_memory_MB": 1241,
  "validation_1_F1": 0.7891891891891399,
  "validation_0_F1": 0.7194244604316061,
  "validation_accuracy": 0.7592592592592593,
  "validation_average_F1": 0.754306824810373,
  "validation_loss": 0.5198013050989672,
  "best_epoch": 0,
  "best_validation_1_F1": 0.7891891891891399,
  "best_validation_0_F1": 0.7194244604316061,
  "best_validation_accuracy": 0.7592592592592593,
  "best_validation_average_F1": 0.754306824810373,
  "best_validation_loss": 0.5198013050989672
}