{
  "peak_cpu_memory_MB": 5767.952,
  "peak_gpu_0_memory_MB": 11,
  "peak_gpu_1_memory_MB": 11,
  "peak_gpu_2_memory_MB": 11,
  "peak_gpu_3_memory_MB": 11,
  "peak_gpu_4_memory_MB": 11,
  "peak_gpu_5_memory_MB": 11,
  "peak_gpu_6_memory_MB": 1894,
  "peak_gpu_7_memory_MB": 11,
  "peak_gpu_8_memory_MB": 11,
  "peak_gpu_9_memory_MB": 11,
  "peak_gpu_10_memory_MB": 11,
  "peak_gpu_11_memory_MB": 11,
  "peak_gpu_12_memory_MB": 11,
  "peak_gpu_13_memory_MB": 11,
  "peak_gpu_14_memory_MB": 11,
  "peak_gpu_15_memory_MB": 11,
  "training_duration": "00:01:55",
  "training_start_epoch": 0,
  "training_epochs": 2,
  "epoch": 2,
  "training_1_P": 0.9446107784431138,
  "training_1_R": 0.9633587786259542,
  "training_1_F1": 0.9538926681783325,
  "training_0_P": 0.9626168224299065,
  "training_0_R": 0.9435114503816794,
  "training_0_F1": 0.9529683885890017,
  "training_accuracy": 0.9534351145038168,
  "training_average_F1": 0.953430528383667,
  "training_loss": 0.1442474676068963,
  "training_cpu_memory_MB": 5767.952,
  "training_gpu_0_memory_MB": 11,
  "training_gpu_1_memory_MB": 11,
  "training_gpu_2_memory_MB": 11,
  "training_gpu_3_memory_MB": 11,
  "training_gpu_4_memory_MB": 11,
  "training_gpu_5_memory_MB": 11,
  "training_gpu_6_memory_MB": 1894,
  "training_gpu_7_memory_MB": 11,
  "training_gpu_8_memory_MB": 11,
  "training_gpu_9_memory_MB": 11,
  "training_gpu_10_memory_MB": 11,
  "training_gpu_11_memory_MB": 11,
  "training_gpu_12_memory_MB": 11,
  "training_gpu_13_memory_MB": 11,
  "training_gpu_14_memory_MB": 11,
  "training_gpu_15_memory_MB": 11,
  "validation_1_P": 0.8333333333333334,
  "validation_1_R": 0.7407407407407407,
  "validation_1_F1": 0.7843137254901463,
  "validation_0_P": 0.7666666666666667,
  "validation_0_R": 0.8518518518518519,
  "validation_0_F1": 0.8070175438595992,
  "validation_accuracy": 0.7962962962962963,
  "validation_average_F1": 0.7956656346748727,
  "validation_loss": 0.41568105667829514,
  "best_epoch": 2,
  "best_validation_1_P": 0.8333333333333334,
  "best_validation_1_R": 0.7407407407407407,
  "best_validation_1_F1": 0.7843137254901463,
  "best_validation_0_P": 0.7666666666666667,
  "best_validation_0_R": 0.8518518518518519,
  "best_validation_0_F1": 0.8070175438595992,
  "best_validation_accuracy": 0.7962962962962963,
  "best_validation_average_F1": 0.7956656346748727,
  "best_validation_loss": 0.41568105667829514
}