{
  "training_duration": "00:18:02",
  "training_start_epoch": 0,
  "training_epochs": 6,
  "epoch": 6,
  "training_1_F1": 0.8374164810689924,
  "training_0_F1": 0.8279654359779548,
  "training_accuracy": 0.832824427480916,
  "training_average_F1": 0.8326909585234736,
  "training_loss": 0.5265988380443759,
  "validation_1_F1": 0.8765432098764933,
  "validation_0_F1": 0.8765432098764933,
  "validation_accuracy": 0.8765432098765432,
  "validation_average_F1": 0.8765432098764933,
  "validation_loss": 0.43492464043877344,
  "best_epoch": 6,
  "best_validation_1_F1": 0.8765432098764933,
  "best_validation_0_F1": 0.8765432098764933,
  "best_validation_accuracy": 0.8765432098765432,
  "best_validation_average_F1": 0.8765432098764933,
  "best_validation_loss": 0.43492464043877344
}