{
  "training_duration": "00:15:27",
  "training_start_epoch": 0,
  "training_epochs": 5,
  "epoch": 5,
  "training_1_F1": 0.8210526315788974,
  "training_0_F1": 0.8155038759689421,
  "training_accuracy": 0.8183206106870229,
  "training_average_F1": 0.8182782537739197,
  "training_loss": 0.552157873787531,
  "validation_1_F1": 0.8771929824560905,
  "validation_0_F1": 0.8627450980391658,
  "validation_accuracy": 0.8703703703703703,
  "validation_average_F1": 0.8699690402476281,
  "validation_loss": 0.47235624356703326,
  "best_epoch": 5,
  "best_validation_1_F1": 0.8771929824560905,
  "best_validation_0_F1": 0.8627450980391658,
  "best_validation_accuracy": 0.8703703703703703,
  "best_validation_average_F1": 0.8699690402476281,
  "best_validation_loss": 0.47235624356703326
}