{
  "peak_cpu_memory_MB": 7041.204,
  "peak_gpu_0_memory_MB": 11,
  "peak_gpu_1_memory_MB": 11,
  "peak_gpu_2_memory_MB": 11,
  "peak_gpu_3_memory_MB": 11,
  "peak_gpu_4_memory_MB": 11,
  "peak_gpu_5_memory_MB": 11,
  "peak_gpu_6_memory_MB": 11,
  "peak_gpu_7_memory_MB": 11,
  "peak_gpu_8_memory_MB": 11,
  "peak_gpu_9_memory_MB": 11,
  "peak_gpu_10_memory_MB": 11,
  "peak_gpu_11_memory_MB": 11,
  "peak_gpu_12_memory_MB": 11,
  "peak_gpu_13_memory_MB": 11,
  "peak_gpu_14_memory_MB": 8390,
  "peak_gpu_15_memory_MB": 11,
  "training_duration": "00:04:08",
  "training_start_epoch": 3,
  "training_epochs": 2,
  "epoch": 5,
  "training_1_F1": 0.9992360580595376,
  "training_0_F1": 0.9992372234934664,
  "training_accuracy": 0.999236641221374,
  "training_average_F1": 0.9992366407765021,
  "training_loss": 0.006256838676962638,
  "training_cpu_memory_MB": 7041.204,
  "training_gpu_0_memory_MB": 11,
  "training_gpu_1_memory_MB": 11,
  "training_gpu_2_memory_MB": 11,
  "training_gpu_3_memory_MB": 11,
  "training_gpu_4_memory_MB": 11,
  "training_gpu_5_memory_MB": 11,
  "training_gpu_6_memory_MB": 11,
  "training_gpu_7_memory_MB": 11,
  "training_gpu_8_memory_MB": 11,
  "training_gpu_9_memory_MB": 11,
  "training_gpu_10_memory_MB": 11,
  "training_gpu_11_memory_MB": 11,
  "training_gpu_12_memory_MB": 11,
  "training_gpu_13_memory_MB": 11,
  "training_gpu_14_memory_MB": 8390,
  "training_gpu_15_memory_MB": 11,
  "validation_1_F1": 0.7974683544303299,
  "validation_0_F1": 0.8072289156626007,
  "validation_accuracy": 0.8024691358024691,
  "validation_average_F1": 0.8023486350464653,
  "validation_loss": 0.6027334820140492,
  "best_epoch": 3,
  "best_validation_1_F1": 0.8152866242037717,
  "best_validation_0_F1": 0.8263473053891718,
  "best_validation_accuracy": 0.8209876543209876,
  "best_validation_average_F1": 0.8208169647964718,
  "best_validation_loss": 0.49694799428636377,
  "test_1_F1": 0.8571428571428072,
  "test_0_F1": 0.8588957055214225,
  "test_accuracy": 0.8580246913580247,
  "test_average_F1": 0.8580192813321148,
  "test_loss": 0.5610539466142654
}