{
  "peak_cpu_memory_MB": 4423.328,
  "peak_gpu_0_memory_MB": 11,
  "peak_gpu_1_memory_MB": 11,
  "peak_gpu_2_memory_MB": 11,
  "peak_gpu_3_memory_MB": 11,
  "peak_gpu_4_memory_MB": 11,
  "peak_gpu_5_memory_MB": 11,
  "peak_gpu_6_memory_MB": 11,
  "peak_gpu_7_memory_MB": 11,
  "peak_gpu_8_memory_MB": 11,
  "peak_gpu_9_memory_MB": 11,
  "peak_gpu_10_memory_MB": 11,
  "peak_gpu_11_memory_MB": 11,
  "peak_gpu_12_memory_MB": 11,
  "peak_gpu_13_memory_MB": 11,
  "peak_gpu_14_memory_MB": 8318,
  "peak_gpu_15_memory_MB": 11,
  "training_duration": "00:08:22",
  "training_start_epoch": 0,
  "training_epochs": 5,
  "epoch": 5,
  "training_1_F1": 0.9863221884497981,
  "training_0_F1": 0.986196319018355,
  "training_accuracy": 0.9862595419847329,
  "training_average_F1": 0.9862592537340766,
  "training_loss": 0.045081309730005334,
  "training_cpu_memory_MB": 4423.328,
  "training_gpu_0_memory_MB": 11,
  "training_gpu_1_memory_MB": 11,
  "training_gpu_2_memory_MB": 11,
  "training_gpu_3_memory_MB": 11,
  "training_gpu_4_memory_MB": 11,
  "training_gpu_5_memory_MB": 11,
  "training_gpu_6_memory_MB": 11,
  "training_gpu_7_memory_MB": 11,
  "training_gpu_8_memory_MB": 11,
  "training_gpu_9_memory_MB": 11,
  "training_gpu_10_memory_MB": 11,
  "training_gpu_11_memory_MB": 11,
  "training_gpu_12_memory_MB": 11,
  "training_gpu_13_memory_MB": 11,
  "training_gpu_14_memory_MB": 8314,
  "training_gpu_15_memory_MB": 11,
  "validation_1_F1": 0.8433734939758536,
  "validation_0_F1": 0.8354430379746336,
  "validation_accuracy": 0.8395061728395061,
  "validation_average_F1": 0.8394082659752435,
  "validation_loss": 0.5545055111023512,
  "best_epoch": 3,
  "best_validation_1_F1": 0.8588957055214225,
  "best_validation_0_F1": 0.8571428571428072,
  "best_validation_accuracy": 0.8580246913580247,
  "best_validation_average_F1": 0.8580192813321148,
  "best_validation_loss": 0.46303821287371894,
  "test_1_F1": 0.7922077922077424,
  "test_0_F1": 0.8117647058823031,
  "test_accuracy": 0.8024691358024691,
  "test_average_F1": 0.8019862490450227,
  "test_loss": 0.5979700237512589
}