{
  "peak_cpu_memory_MB": 5770.952,
  "peak_gpu_0_memory_MB": 11,
  "peak_gpu_1_memory_MB": 11,
  "peak_gpu_2_memory_MB": 11,
  "peak_gpu_3_memory_MB": 11,
  "peak_gpu_4_memory_MB": 11,
  "peak_gpu_5_memory_MB": 11,
  "peak_gpu_6_memory_MB": 1894,
  "peak_gpu_7_memory_MB": 11,
  "peak_gpu_8_memory_MB": 11,
  "peak_gpu_9_memory_MB": 11,
  "peak_gpu_10_memory_MB": 11,
  "peak_gpu_11_memory_MB": 11,
  "peak_gpu_12_memory_MB": 11,
  "peak_gpu_13_memory_MB": 11,
  "peak_gpu_14_memory_MB": 11,
  "peak_gpu_15_memory_MB": 11,
  "training_duration": "00:02:35",
  "training_start_epoch": 0,
  "training_epochs": 3,
  "epoch": 3,
  "training_1_P": 0.9923430321592649,
  "training_1_R": 0.9893129770992366,
  "training_1_F1": 0.9908256880733444,
  "training_0_P": 0.989345509893455,
  "training_0_R": 0.9923664122137404,
  "training_0_F1": 0.9908536585365354,
  "training_accuracy": 0.9908396946564886,
  "training_average_F1": 0.9908396733049398,
  "training_loss": 0.03590877426833641,
  "training_cpu_memory_MB": 5770.952,
  "training_gpu_0_memory_MB": 11,
  "training_gpu_1_memory_MB": 11,
  "training_gpu_2_memory_MB": 11,
  "training_gpu_3_memory_MB": 11,
  "training_gpu_4_memory_MB": 11,
  "training_gpu_5_memory_MB": 11,
  "training_gpu_6_memory_MB": 1894,
  "training_gpu_7_memory_MB": 11,
  "training_gpu_8_memory_MB": 11,
  "training_gpu_9_memory_MB": 11,
  "training_gpu_10_memory_MB": 11,
  "training_gpu_11_memory_MB": 11,
  "training_gpu_12_memory_MB": 11,
  "training_gpu_13_memory_MB": 11,
  "training_gpu_14_memory_MB": 11,
  "training_gpu_15_memory_MB": 11,
  "validation_1_P": 0.8314606741573034,
  "validation_1_R": 0.9135802469135802,
  "validation_1_F1": 0.8705882352940678,
  "validation_0_P": 0.9041095890410958,
  "validation_0_R": 0.8148148148148148,
  "validation_0_F1": 0.8571428571428074,
  "validation_accuracy": 0.8641975308641975,
  "validation_average_F1": 0.8638655462184376,
  "validation_loss": 0.43567596646872436,
  "best_epoch": 2,
  "best_validation_1_P": 0.8522727272727273,
  "best_validation_1_R": 0.9259259259259259,
  "best_validation_1_F1": 0.8875739644969916,
  "best_validation_0_P": 0.918918918918919,
  "best_validation_0_R": 0.8395061728395061,
  "best_validation_0_F1": 0.8774193548386598,
  "best_validation_accuracy": 0.8827160493827161,
  "best_validation_average_F1": 0.8824966596678256,
  "best_validation_loss": 0.39710542491891165
}