{
  "peak_cpu_memory_MB": 5770.952,
  "peak_gpu_0_memory_MB": 11,
  "peak_gpu_1_memory_MB": 11,
  "peak_gpu_2_memory_MB": 11,
  "peak_gpu_3_memory_MB": 11,
  "peak_gpu_4_memory_MB": 11,
  "peak_gpu_5_memory_MB": 11,
  "peak_gpu_6_memory_MB": 1634,
  "peak_gpu_7_memory_MB": 11,
  "peak_gpu_8_memory_MB": 11,
  "peak_gpu_9_memory_MB": 11,
  "peak_gpu_10_memory_MB": 11,
  "peak_gpu_11_memory_MB": 11,
  "peak_gpu_12_memory_MB": 11,
  "peak_gpu_13_memory_MB": 11,
  "peak_gpu_14_memory_MB": 11,
  "peak_gpu_15_memory_MB": 11,
  "training_duration": "00:00:30",
  "training_start_epoch": 0,
  "training_epochs": 0,
  "epoch": 0,
  "training_1_P": 0.7511111111111111,
  "training_1_R": 0.7740458015267175,
  "training_1_F1": 0.7624060150375439,
  "training_0_P": 0.7669291338582677,
  "training_0_R": 0.7435114503816794,
  "training_0_F1": 0.7550387596898726,
  "training_accuracy": 0.7587786259541984,
  "training_average_F1": 0.7587223873637082,
  "training_loss": 0.5018104760021698,
  "training_cpu_memory_MB": 5770.952,
  "training_gpu_0_memory_MB": 11,
  "training_gpu_1_memory_MB": 11,
  "training_gpu_2_memory_MB": 11,
  "training_gpu_3_memory_MB": 11,
  "training_gpu_4_memory_MB": 11,
  "training_gpu_5_memory_MB": 11,
  "training_gpu_6_memory_MB": 1634,
  "training_gpu_7_memory_MB": 11,
  "training_gpu_8_memory_MB": 11,
  "training_gpu_9_memory_MB": 11,
  "training_gpu_10_memory_MB": 11,
  "training_gpu_11_memory_MB": 11,
  "training_gpu_12_memory_MB": 11,
  "training_gpu_13_memory_MB": 11,
  "training_gpu_14_memory_MB": 11,
  "training_gpu_15_memory_MB": 11,
  "validation_1_P": 0.7916666666666666,
  "validation_1_R": 0.9382716049382716,
  "validation_1_F1": 0.8587570621468429,
  "validation_0_P": 0.9242424242424242,
  "validation_0_R": 0.7530864197530864,
  "validation_0_F1": 0.8299319727890663,
  "validation_accuracy": 0.845679012345679,
  "validation_average_F1": 0.8443445174679546,
  "validation_loss": 0.36927460811354895,
  "best_epoch": 0,
  "best_validation_1_P": 0.7916666666666666,
  "best_validation_1_R": 0.9382716049382716,
  "best_validation_1_F1": 0.8587570621468429,
  "best_validation_0_P": 0.9242424242424242,
  "best_validation_0_R": 0.7530864197530864,
  "best_validation_0_F1": 0.8299319727890663,
  "best_validation_accuracy": 0.845679012345679,
  "best_validation_average_F1": 0.8443445174679546,
  "best_validation_loss": 0.36927460811354895
}