{
  "peak_cpu_memory_MB": 5770.952,
  "peak_gpu_0_memory_MB": 11,
  "peak_gpu_1_memory_MB": 11,
  "peak_gpu_2_memory_MB": 11,
  "peak_gpu_3_memory_MB": 11,
  "peak_gpu_4_memory_MB": 11,
  "peak_gpu_5_memory_MB": 11,
  "peak_gpu_6_memory_MB": 1894,
  "peak_gpu_7_memory_MB": 11,
  "peak_gpu_8_memory_MB": 11,
  "peak_gpu_9_memory_MB": 11,
  "peak_gpu_10_memory_MB": 11,
  "peak_gpu_11_memory_MB": 11,
  "peak_gpu_12_memory_MB": 11,
  "peak_gpu_13_memory_MB": 11,
  "peak_gpu_14_memory_MB": 11,
  "peak_gpu_15_memory_MB": 11,
  "training_duration": "00:01:04",
  "training_start_epoch": 0,
  "training_epochs": 1,
  "epoch": 1,
  "training_1_P": 0.8968609865470852,
  "training_1_R": 0.916030534351145,
  "training_1_F1": 0.9063444108760829,
  "training_0_P": 0.9141965678627145,
  "training_0_R": 0.8946564885496183,
  "training_0_F1": 0.904320987654271,
  "training_accuracy": 0.9053435114503817,
  "training_average_F1": 0.9053326992651769,
  "training_loss": 0.2554384901574472,
  "training_cpu_memory_MB": 5770.952,
  "training_gpu_0_memory_MB": 11,
  "training_gpu_1_memory_MB": 11,
  "training_gpu_2_memory_MB": 11,
  "training_gpu_3_memory_MB": 11,
  "training_gpu_4_memory_MB": 11,
  "training_gpu_5_memory_MB": 11,
  "training_gpu_6_memory_MB": 1894,
  "training_gpu_7_memory_MB": 11,
  "training_gpu_8_memory_MB": 11,
  "training_gpu_9_memory_MB": 11,
  "training_gpu_10_memory_MB": 11,
  "training_gpu_11_memory_MB": 11,
  "training_gpu_12_memory_MB": 11,
  "training_gpu_13_memory_MB": 11,
  "training_gpu_14_memory_MB": 11,
  "training_gpu_15_memory_MB": 11,
  "validation_1_P": 0.8488372093023255,
  "validation_1_R": 0.9012345679012346,
  "validation_1_F1": 0.8742514970059381,
  "validation_0_P": 0.8947368421052632,
  "validation_0_R": 0.8395061728395061,
  "validation_0_F1": 0.8662420382165106,
  "validation_accuracy": 0.8703703703703703,
  "validation_average_F1": 0.8702467676112243,
  "validation_loss": 0.3035390729253942,
  "best_epoch": 1,
  "best_validation_1_P": 0.8488372093023255,
  "best_validation_1_R": 0.9012345679012346,
  "best_validation_1_F1": 0.8742514970059381,
  "best_validation_0_P": 0.8947368421052632,
  "best_validation_0_R": 0.8395061728395061,
  "best_validation_0_F1": 0.8662420382165106,
  "best_validation_accuracy": 0.8703703703703703,
  "best_validation_average_F1": 0.8702467676112243,
  "best_validation_loss": 0.3035390729253942
}