{
  "peak_cpu_memory_MB": 4892.196,
  "peak_gpu_0_memory_MB": 11,
  "peak_gpu_1_memory_MB": 3572,
  "peak_gpu_2_memory_MB": 11,
  "peak_gpu_3_memory_MB": 11,
  "peak_gpu_4_memory_MB": 11,
  "peak_gpu_5_memory_MB": 11,
  "peak_gpu_6_memory_MB": 1924,
  "peak_gpu_7_memory_MB": 11,
  "peak_gpu_8_memory_MB": 11,
  "peak_gpu_9_memory_MB": 11,
  "peak_gpu_10_memory_MB": 11,
  "peak_gpu_11_memory_MB": 11,
  "peak_gpu_12_memory_MB": 2240,
  "peak_gpu_13_memory_MB": 11,
  "peak_gpu_14_memory_MB": 4278,
  "peak_gpu_15_memory_MB": 11,
  "training_duration": "00:34:08",
  "training_start_epoch": 0,
  "training_epochs": 2,
  "epoch": 2,
  "training_joy_F1": 0.9999004611964064,
  "training_sadness_F1": 0.9993918508006797,
  "training_fear_F1": 0.9991343656823585,
  "training_anger_F1": 0.9994630391980885,
  "training_surprise_F1": 0.9992748368382387,
  "training_disgust_F1": 0.9993650793650294,
  "training_trust_F1": 0.9985943210570206,
  "training_anticipation_F1": 0.9992383853769492,
  "training_accuracy": 0.9995087011610168,
  "training_average_F1": 0.9992952924393463,
  "training_loss": 0.003491966006083366,
  "training_cpu_memory_MB": 4892.196,
  "training_gpu_0_memory_MB": 11,
  "training_gpu_1_memory_MB": 3572,
  "training_gpu_2_memory_MB": 11,
  "training_gpu_3_memory_MB": 11,
  "training_gpu_4_memory_MB": 11,
  "training_gpu_5_memory_MB": 11,
  "training_gpu_6_memory_MB": 1924,
  "training_gpu_7_memory_MB": 11,
  "training_gpu_8_memory_MB": 11,
  "training_gpu_9_memory_MB": 11,
  "training_gpu_10_memory_MB": 11,
  "training_gpu_11_memory_MB": 11,
  "training_gpu_12_memory_MB": 2240,
  "training_gpu_13_memory_MB": 11,
  "training_gpu_14_memory_MB": 4278,
  "training_gpu_15_memory_MB": 11,
  "validation_joy_F1": 0.9992036102999234,
  "validation_sadness_F1": 0.9978540772531689,
  "validation_fear_F1": 0.9961149961149462,
  "validation_anger_F1": 0.9985569985569486,
  "validation_surprise_F1": 0.9985443959242586,
  "validation_disgust_F1": 0.9967532467531969,
  "validation_trust_F1": 0.993576017130571,
  "validation_anticipation_F1": 0.9964912280701256,
  "validation_accuracy": 0.9979308917856404,
  "validation_average_F1": 0.9971368212628923,
  "validation_loss": 0.010913295443892086,
  "best_epoch": 1,
  "best_validation_joy_F1": 0.9989384288746846,
  "best_validation_sadness_F1": 0.998389694041818,
  "best_validation_fear_F1": 0.9968895800932627,
  "best_validation_anger_F1": 0.9985569985569486,
  "best_validation_surprise_F1": 0.9985443959242586,
  "best_validation_disgust_F1": 0.9983792544570003,
  "best_validation_trust_F1": 0.993576017130571,
  "best_validation_anticipation_F1": 0.9964912280701256,
  "best_validation_accuracy": 0.9981378026070763,
  "best_validation_average_F1": 0.9974706996435836,
  "best_validation_loss": 0.011166246245206386
}