{
  "peak_cpu_memory_MB": 4892.196,
  "peak_gpu_0_memory_MB": 11,
  "peak_gpu_1_memory_MB": 3572,
  "peak_gpu_2_memory_MB": 11,
  "peak_gpu_3_memory_MB": 11,
  "peak_gpu_4_memory_MB": 11,
  "peak_gpu_5_memory_MB": 11,
  "peak_gpu_6_memory_MB": 11,
  "peak_gpu_7_memory_MB": 11,
  "peak_gpu_8_memory_MB": 11,
  "peak_gpu_9_memory_MB": 11,
  "peak_gpu_10_memory_MB": 11,
  "peak_gpu_11_memory_MB": 11,
  "peak_gpu_12_memory_MB": 1634,
  "peak_gpu_13_memory_MB": 11,
  "peak_gpu_14_memory_MB": 4230,
  "peak_gpu_15_memory_MB": 11,
  "training_duration": "00:11:24",
  "training_start_epoch": 0,
  "training_epochs": 0,
  "epoch": 0,
  "training_joy_F1": 0.9954910151846195,
  "training_sadness_F1": 0.9873929751229865,
  "training_fear_F1": 0.9860126461007356,
  "training_anger_F1": 0.9866762693553695,
  "training_surprise_F1": 0.9860177955329081,
  "training_disgust_F1": 0.9880546075084824,
  "training_trust_F1": 0.9881756756756258,
  "training_anticipation_F1": 0.9823889739662593,
  "training_accuracy": 0.9901223075530732,
  "training_average_F1": 0.9875262448058734,
  "training_loss": 0.04404728096117157,
  "training_cpu_memory_MB": 4892.196,
  "training_gpu_0_memory_MB": 11,
  "training_gpu_1_memory_MB": 3572,
  "training_gpu_2_memory_MB": 11,
  "training_gpu_3_memory_MB": 11,
  "training_gpu_4_memory_MB": 11,
  "training_gpu_5_memory_MB": 11,
  "training_gpu_6_memory_MB": 11,
  "training_gpu_7_memory_MB": 11,
  "training_gpu_8_memory_MB": 11,
  "training_gpu_9_memory_MB": 11,
  "training_gpu_10_memory_MB": 11,
  "training_gpu_11_memory_MB": 11,
  "training_gpu_12_memory_MB": 1634,
  "training_gpu_13_memory_MB": 11,
  "training_gpu_14_memory_MB": 4230,
  "training_gpu_15_memory_MB": 11,
  "validation_joy_F1": 0.9989384288746846,
  "validation_sadness_F1": 0.9973161567363966,
  "validation_fear_F1": 0.9953416149067823,
  "validation_anger_F1": 0.9985569985569486,
  "validation_surprise_F1": 0.9985443959242586,
  "validation_disgust_F1": 0.9967532467531969,
  "validation_trust_F1": 0.9957081545063878,
  "validation_anticipation_F1": 0.9964912280701256,
  "validation_accuracy": 0.9977239809642044,
  "validation_average_F1": 0.9972062780410975,
  "validation_loss": 0.012863374361307314,
  "best_epoch": 0,
  "best_validation_joy_F1": 0.9989384288746846,
  "best_validation_sadness_F1": 0.9973161567363966,
  "best_validation_fear_F1": 0.9953416149067823,
  "best_validation_anger_F1": 0.9985569985569486,
  "best_validation_surprise_F1": 0.9985443959242586,
  "best_validation_disgust_F1": 0.9967532467531969,
  "best_validation_trust_F1": 0.9957081545063878,
  "best_validation_anticipation_F1": 0.9964912280701256,
  "best_validation_accuracy": 0.9977239809642044,
  "best_validation_average_F1": 0.9972062780410975,
  "best_validation_loss": 0.012863374361307314
}