{
  "peak_cpu_memory_MB": 4892.196,
  "peak_gpu_0_memory_MB": 11,
  "peak_gpu_1_memory_MB": 3960,
  "peak_gpu_2_memory_MB": 11,
  "peak_gpu_3_memory_MB": 11,
  "peak_gpu_4_memory_MB": 11,
  "peak_gpu_5_memory_MB": 11,
  "peak_gpu_6_memory_MB": 1924,
  "peak_gpu_7_memory_MB": 11,
  "peak_gpu_8_memory_MB": 11,
  "peak_gpu_9_memory_MB": 11,
  "peak_gpu_10_memory_MB": 11,
  "peak_gpu_11_memory_MB": 11,
  "peak_gpu_12_memory_MB": 2240,
  "peak_gpu_13_memory_MB": 11,
  "peak_gpu_14_memory_MB": 4278,
  "peak_gpu_15_memory_MB": 11,
  "training_duration": "01:07:51",
  "training_start_epoch": 0,
  "training_epochs": 5,
  "epoch": 5,
  "training_joy_F1": 0.99999999999995,
  "training_sadness_F1": 0.9997972836001933,
  "training_fear_F1": 0.9999038184091066,
  "training_anger_F1": 0.99999999999995,
  "training_surprise_F1": 0.99999999999995,
  "training_disgust_F1": 0.99999999999995,
  "training_trust_F1": 0.9997188642113641,
  "training_anticipation_F1": 0.9996190476189977,
  "training_accuracy": 0.9999224264991079,
  "training_average_F1": 0.9998798767299328,
  "training_loss": 0.0008426576828148071,
  "training_cpu_memory_MB": 4892.196,
  "training_gpu_0_memory_MB": 11,
  "training_gpu_1_memory_MB": 3572,
  "training_gpu_2_memory_MB": 11,
  "training_gpu_3_memory_MB": 11,
  "training_gpu_4_memory_MB": 11,
  "training_gpu_5_memory_MB": 11,
  "training_gpu_6_memory_MB": 1924,
  "training_gpu_7_memory_MB": 11,
  "training_gpu_8_memory_MB": 11,
  "training_gpu_9_memory_MB": 11,
  "training_gpu_10_memory_MB": 11,
  "training_gpu_11_memory_MB": 11,
  "training_gpu_12_memory_MB": 2240,
  "training_gpu_13_memory_MB": 11,
  "training_gpu_14_memory_MB": 11,
  "training_gpu_15_memory_MB": 11,
  "validation_joy_F1": 0.9992036102999234,
  "validation_sadness_F1": 0.9983914209114783,
  "validation_fear_F1": 0.9961149961149462,
  "validation_anger_F1": 0.99999999999995,
  "validation_surprise_F1": 0.9985443959242586,
  "validation_disgust_F1": 0.9983792544570003,
  "validation_trust_F1": 0.9957081545063878,
  "validation_anticipation_F1": 0.9964912280701256,
  "validation_accuracy": 0.9983447134285123,
  "validation_average_F1": 0.9978541325355087,
  "validation_loss": 0.011005059081335665,
  "best_epoch": 3,
  "best_validation_joy_F1": 0.9992036102999234,
  "best_validation_sadness_F1": 0.9983914209114783,
  "best_validation_fear_F1": 0.9961149961149462,
  "best_validation_anger_F1": 0.99999999999995,
  "best_validation_surprise_F1": 0.9985443959242586,
  "best_validation_disgust_F1": 0.9983792544570003,
  "best_validation_trust_F1": 0.9957081545063878,
  "best_validation_anticipation_F1": 0.9964912280701256,
  "best_validation_accuracy": 0.9983447134285123,
  "best_validation_average_F1": 0.9978541325355087,
  "best_validation_loss": 0.010773187398713807,
  "test_joy_F1": 0.9994720168954094,
  "test_sadness_F1": 0.9988814317672879,
  "test_fear_F1": 0.9976580796252428,
  "test_anger_F1": 0.9974025974025474,
  "test_surprise_F1": 0.9985652797703948,
  "test_disgust_F1": 0.9968152866241539,
  "test_trust_F1": 0.9976470588234794,
  "test_anticipation_F1": 0.9965397923874932,
  "test_accuracy": 0.9985516242499483,
  "test_average_F1": 0.997872692912001,
  "test_loss": 0.008395450466340132
}