{
  "peak_cpu_memory_MB": 3071.524,
  "peak_gpu_0_memory_MB": 5063,
  "training_duration": "00:01:29",
  "training_start_epoch": 0,
  "training_epochs": 1,
  "epoch": 1,
  "training_1_F1": 0.8671222475322202,
  "training_0_F1": 0.8656945510360207,
  "training_accuracy": 0.8664122137404581,
  "training_average_F1": 0.8664083992841205,
  "training_loss": 0.33761578468923886,
  "training_cpu_memory_MB": 3071.524,
  "training_gpu_0_memory_MB": 5063,
  "validation_1_F1": 0.8414634146340965,
  "validation_0_F1": 0.83749999999995,
  "validation_accuracy": 0.8395061728395061,
  "validation_average_F1": 0.8394817073170232,
  "validation_loss": 0.445711612701416,
  "best_epoch": 1,
  "best_validation_1_F1": 0.8414634146340965,
  "best_validation_0_F1": 0.83749999999995,
  "best_validation_accuracy": 0.8395061728395061,
  "best_validation_average_F1": 0.8394817073170232,
  "best_validation_loss": 0.445711612701416
}