{
  "peak_cpu_memory_MB": 3071.524,
  "peak_gpu_0_memory_MB": 5063,
  "training_duration": "00:02:04",
  "training_start_epoch": 0,
  "training_epochs": 2,
  "epoch": 2,
  "training_1_F1": 0.9491268033408764,
  "training_0_F1": 0.9485801995394741,
  "training_accuracy": 0.9488549618320611,
  "training_average_F1": 0.9488535014401753,
  "training_loss": 0.15406009216406724,
  "training_cpu_memory_MB": 3071.524,
  "training_gpu_0_memory_MB": 5063,
  "validation_1_F1": 0.8263473053891718,
  "validation_0_F1": 0.8152866242037717,
  "validation_accuracy": 0.8209876543209876,
  "validation_average_F1": 0.8208169647964718,
  "validation_loss": 0.48441609062931756,
  "best_epoch": 1,
  "best_validation_1_F1": 0.8414634146340965,
  "best_validation_0_F1": 0.83749999999995,
  "best_validation_accuracy": 0.8395061728395061,
  "best_validation_average_F1": 0.8394817073170232,
  "best_validation_loss": 0.445711612701416,
  "test_1_F1": 0.8518518518518019,
  "test_0_F1": 0.8518518518518019,
  "test_accuracy": 0.8518518518518519,
  "test_average_F1": 0.8518518518518019,
  "test_loss": 0.35421732745387335
}