{
  "peak_cpu_memory_MB": 3071.524,
  "peak_gpu_0_memory_MB": 3818,
  "training_duration": "00:00:43",
  "training_start_epoch": 0,
  "training_epochs": 0,
  "epoch": 0,
  "training_1_F1": 0.7012791572610486,
  "training_0_F1": 0.6924864446165263,
  "training_accuracy": 0.6969465648854962,
  "training_average_F1": 0.6968828009387875,
  "training_loss": 0.5908467787794951,
  "training_cpu_memory_MB": 3071.524,
  "training_gpu_0_memory_MB": 3818,
  "validation_1_F1": 0.6564885496182735,
  "validation_0_F1": 0.7668393782382933,
  "validation_accuracy": 0.7222222222222222,
  "validation_average_F1": 0.7116639639282833,
  "validation_loss": 0.5586569011211395,
  "best_epoch": 0,
  "best_validation_1_F1": 0.6564885496182735,
  "best_validation_0_F1": 0.7668393782382933,
  "best_validation_accuracy": 0.7222222222222222,
  "best_validation_average_F1": 0.7116639639282833,
  "best_validation_loss": 0.5586569011211395
}