{
  "peak_cpu_memory_MB": 3069.08,
  "peak_gpu_0_memory_MB": 2510,
  "training_duration": "00:00:45",
  "training_start_epoch": 0,
  "training_epochs": 1,
  "epoch": 1,
  "training_1_F1": 0.9495101733232357,
  "training_0_F1": 0.9481825212683181,
  "training_accuracy": 0.9488549618320611,
  "training_average_F1": 0.9488463472957769,
  "training_loss": 0.16147768640572704,
  "training_cpu_memory_MB": 3069.08,
  "training_gpu_0_memory_MB": 2510,
  "validation_1_F1": 0.7843137254901463,
  "validation_0_F1": 0.8070175438595992,
  "validation_accuracy": 0.7962962962962963,
  "validation_average_F1": 0.7956656346748727,
  "validation_loss": 0.5008925632996992,
  "best_epoch": 0,
  "best_validation_1_F1": 0.8220858895705022,
  "best_validation_0_F1": 0.8198757763974656,
  "best_validation_accuracy": 0.8209876543209876,
  "best_validation_average_F1": 0.8209808329839838,
  "best_validation_loss": 0.48820378157225525,
  "test_1_F1": 0.8322981366459128,
  "test_0_F1": 0.8343558282208088,
  "test_accuracy": 0.8333333333333334,
  "test_average_F1": 0.8333269824333608,
  "test_loss": 0.35873793878338556
}