{
  "peak_cpu_memory_MB": 3068.864,
  "peak_gpu_0_memory_MB": 2498,
  "training_duration": "00:00:46",
  "training_start_epoch": 0,
  "training_epochs": 1,
  "epoch": 1,
  "training_1_F1": 0.9410876132930013,
  "training_0_F1": 0.9398148148147649,
  "training_accuracy": 0.9404580152671755,
  "training_average_F1": 0.9404512140538831,
  "training_loss": 0.17068035838126047,
  "training_cpu_memory_MB": 3068.864,
  "training_gpu_0_memory_MB": 2498,
  "validation_1_F1": 0.8152866242037717,
  "validation_0_F1": 0.8263473053891718,
  "validation_accuracy": 0.8209876543209876,
  "validation_average_F1": 0.8208169647964718,
  "validation_loss": 0.5920120409943841,
  "best_epoch": 0,
  "best_validation_1_F1": 0.8263473053891718,
  "best_validation_0_F1": 0.8152866242037717,
  "best_validation_accuracy": 0.8209876543209876,
  "best_validation_average_F1": 0.8208169647964718,
  "best_validation_loss": 0.45912707393819635,
  "test_1_F1": 0.8333333333332835,
  "test_0_F1": 0.8205128205127706,
  "test_accuracy": 0.8271604938271605,
  "test_average_F1": 0.8269230769230271,
  "test_loss": 0.3741500147364356
}