{
  "peak_cpu_memory_MB": 3068.864,
  "peak_gpu_0_memory_MB": 1241,
  "training_duration": "00:00:22",
  "training_start_epoch": 0,
  "training_epochs": 0,
  "epoch": 0,
  "training_1_F1": 0.7657657657657158,
  "training_0_F1": 0.7577639751552295,
  "training_accuracy": 0.7618320610687023,
  "training_average_F1": 0.7617648704604727,
  "training_loss": 0.5294560759169299,
  "training_cpu_memory_MB": 3068.864,
  "training_gpu_0_memory_MB": 1241,
  "validation_1_F1": 0.8263473053891718,
  "validation_0_F1": 0.8152866242037717,
  "validation_accuracy": 0.8209876543209876,
  "validation_average_F1": 0.8208169647964718,
  "validation_loss": 0.45912707393819635,
  "best_epoch": 0,
  "best_validation_1_F1": 0.8263473053891718,
  "best_validation_0_F1": 0.8152866242037717,
  "best_validation_accuracy": 0.8209876543209876,
  "best_validation_average_F1": 0.8208169647964718,
  "best_validation_loss": 0.45912707393819635
}