{
  "peak_cpu_memory_MB": 2642.28,
  "peak_gpu_0_memory_MB": 2510,
  "training_duration": "00:04:09",
  "training_start_epoch": 0,
  "training_epochs": 9,
  "epoch": 9,
  "training_1_P": 0.8768328445747801,
  "training_1_R": 0.9129770992366413,
  "training_1_F1": 0.8945400149588132,
  "training_0_P": 0.9092356687898089,
  "training_0_R": 0.8717557251908397,
  "training_0_F1": 0.8901013250194355,
  "training_accuracy": 0.8923664122137405,
  "training_average_F1": 0.8923206699891244,
  "training_loss": 0.2836820055253622,
  "training_cpu_memory_MB": 2642.28,
  "training_gpu_0_memory_MB": 2510,
  "validation_1_P": 0.825,
  "validation_1_R": 0.8148148148148148,
  "validation_1_F1": 0.8198757763974656,
  "validation_0_P": 0.8170731707317073,
  "validation_0_R": 0.8271604938271605,
  "validation_0_F1": 0.8220858895705022,
  "validation_accuracy": 0.8209876543209876,
  "validation_average_F1": 0.8209808329839838,
  "validation_loss": 0.3813852911645716,
  "best_epoch": 6,
  "best_validation_1_P": 0.8375,
  "best_validation_1_R": 0.8271604938271605,
  "best_validation_1_F1": 0.8322981366459128,
  "best_validation_0_P": 0.8292682926829268,
  "best_validation_0_R": 0.8395061728395061,
  "best_validation_0_F1": 0.8343558282208088,
  "best_validation_accuracy": 0.8333333333333334,
  "best_validation_average_F1": 0.8333269824333608,
  "best_validation_loss": 0.46997601064768707,
  "test_1_P": 0.8611111111111112,
  "test_1_R": 0.7654320987654321,
  "test_1_F1": 0.8104575163398196,
  "test_0_P": 0.7888888888888889,
  "test_0_R": 0.8765432098765432,
  "test_0_F1": 0.8304093567250963,
  "test_accuracy": 0.8209876543209876,
  "test_average_F1": 0.8204334365324579,
  "test_loss": 0.45092836157842114
}