{
  "peak_cpu_memory_MB": 3071.208,
  "peak_gpu_0_memory_MB": 2510,
  "training_duration": "00:01:13",
  "training_start_epoch": 0,
  "training_epochs": 2,
  "epoch": 2,
  "training_1_F1": 0.8393393393392895,
  "training_0_F1": 0.8338509316769687,
  "training_accuracy": 0.8366412213740458,
  "training_average_F1": 0.8365951355081291,
  "training_loss": 0.40252564665747853,
  "training_cpu_memory_MB": 3071.208,
  "training_gpu_0_memory_MB": 2510,
  "validation_1_F1": 0.782608695652124,
  "validation_0_F1": 0.785276073619582,
  "validation_accuracy": 0.7839506172839507,
  "validation_average_F1": 0.783942384635853,
  "validation_loss": 0.44234831766648725,
  "best_epoch": 1,
  "best_validation_1_F1": 0.785276073619582,
  "best_validation_0_F1": 0.782608695652124,
  "best_validation_accuracy": 0.7839506172839507,
  "best_validation_average_F1": 0.783942384635853,
  "best_validation_loss": 0.45039876753633673,
  "test_1_F1": 0.7951807228915163,
  "test_0_F1": 0.7848101265822286,
  "test_accuracy": 0.7901234567901234,
  "test_average_F1": 0.7899954247368725,
  "test_loss": 0.45272253318266437
}