{
  "peak_cpu_memory_MB": 5770.44,
  "peak_gpu_0_memory_MB": 11,
  "peak_gpu_1_memory_MB": 2330,
  "peak_gpu_2_memory_MB": 11,
  "peak_gpu_3_memory_MB": 11,
  "peak_gpu_4_memory_MB": 11,
  "peak_gpu_5_memory_MB": 11,
  "peak_gpu_6_memory_MB": 1924,
  "peak_gpu_7_memory_MB": 11,
  "peak_gpu_8_memory_MB": 11,
  "peak_gpu_9_memory_MB": 11,
  "peak_gpu_10_memory_MB": 11,
  "peak_gpu_11_memory_MB": 2856,
  "peak_gpu_12_memory_MB": 11,
  "peak_gpu_13_memory_MB": 11,
  "peak_gpu_14_memory_MB": 11,
  "peak_gpu_15_memory_MB": 11,
  "training_duration": "00:02:20",
  "training_start_epoch": 0,
  "training_epochs": 3,
  "epoch": 3,
  "training_1_P": 0.9629080118694362,
  "training_1_R": 0.9908396946564886,
  "training_1_F1": 0.9766741911210938,
  "training_0_P": 0.9905660377358491,
  "training_0_R": 0.9618320610687023,
  "training_0_F1": 0.9759876065065343,
  "training_accuracy": 0.9763358778625955,
  "training_average_F1": 0.976330898813814,
  "training_loss": 0.08131386382823311,
  "training_cpu_memory_MB": 5770.44,
  "training_gpu_0_memory_MB": 11,
  "training_gpu_1_memory_MB": 2330,
  "training_gpu_2_memory_MB": 11,
  "training_gpu_3_memory_MB": 11,
  "training_gpu_4_memory_MB": 11,
  "training_gpu_5_memory_MB": 11,
  "training_gpu_6_memory_MB": 1924,
  "training_gpu_7_memory_MB": 11,
  "training_gpu_8_memory_MB": 11,
  "training_gpu_9_memory_MB": 11,
  "training_gpu_10_memory_MB": 11,
  "training_gpu_11_memory_MB": 2856,
  "training_gpu_12_memory_MB": 11,
  "training_gpu_13_memory_MB": 11,
  "training_gpu_14_memory_MB": 11,
  "training_gpu_15_memory_MB": 11,
  "validation_1_P": 0.8641975308641975,
  "validation_1_R": 0.8641975308641975,
  "validation_1_F1": 0.8641975308641475,
  "validation_0_P": 0.8641975308641975,
  "validation_0_R": 0.8641975308641975,
  "validation_0_F1": 0.8641975308641475,
  "validation_accuracy": 0.8641975308641975,
  "validation_average_F1": 0.8641975308641475,
  "validation_loss": 0.5626591891050339,
  "best_epoch": 3,
  "best_validation_1_P": 0.8641975308641975,
  "best_validation_1_R": 0.8641975308641975,
  "best_validation_1_F1": 0.8641975308641475,
  "best_validation_0_P": 0.8641975308641975,
  "best_validation_0_R": 0.8641975308641975,
  "best_validation_0_F1": 0.8641975308641475,
  "best_validation_accuracy": 0.8641975308641975,
  "best_validation_average_F1": 0.8641975308641475,
  "best_validation_loss": 0.5626591891050339
}