{
  "training_duration": "00:02:27",
  "training_start_epoch": 0,
  "training_epochs": 0,
  "epoch": 0,
  "training_1_F1": 0.7087608524072113,
  "training_0_F1": 0.7272727272726773,
  "training_accuracy": 0.7183206106870229,
  "training_average_F1": 0.7180167898399443,
  "training_loss": 0.6057277768850327,
  "validation_1_F1": 0.82608695652169,
  "validation_0_F1": 0.7714285714285226,
  "validation_accuracy": 0.8024691358024691,
  "validation_average_F1": 0.7987577639751062,
  "validation_loss": 0.4118802710012956,
  "best_epoch": 0,
  "best_validation_1_F1": 0.82608695652169,
  "best_validation_0_F1": 0.7714285714285226,
  "best_validation_accuracy": 0.8024691358024691,
  "best_validation_average_F1": 0.7987577639751062,
  "best_validation_loss": 0.4118802710012956
}