{
  "training_duration": "00:12:55",
  "training_start_epoch": 0,
  "training_epochs": 4,
  "epoch": 4,
  "training_1_F1": 0.8908819133033881,
  "training_0_F1": 0.8861154446177348,
  "training_accuracy": 0.8885496183206106,
  "training_average_F1": 0.8884986789605614,
  "training_loss": 0.33941641195518213,
  "validation_1_F1": 0.8771929824560905,
  "validation_0_F1": 0.8627450980391658,
  "validation_accuracy": 0.8703703703703703,
  "validation_average_F1": 0.8699690402476281,
  "validation_loss": 0.2852534678849307,
  "best_epoch": 3,
  "best_validation_1_F1": 0.8888888888888389,
  "best_validation_0_F1": 0.8888888888888389,
  "best_validation_accuracy": 0.8888888888888888,
  "best_validation_average_F1": 0.8888888888888389,
  "best_validation_loss": 0.2928450974551114
}