{
  "training_duration": "00:04:59",
  "training_start_epoch": 0,
  "training_epochs": 1,
  "epoch": 1,
  "training_1_F1": 0.8255382331105663,
  "training_0_F1": 0.8153967007069414,
  "training_accuracy": 0.8206106870229007,
  "training_average_F1": 0.8204674669087538,
  "training_loss": 0.45784385102551156,
  "validation_1_F1": 0.8588957055214225,
  "validation_0_F1": 0.8571428571428072,
  "validation_accuracy": 0.8580246913580247,
  "validation_average_F1": 0.8580192813321148,
  "validation_loss": 0.35330720381303266,
  "best_epoch": 1,
  "best_validation_1_F1": 0.8588957055214225,
  "best_validation_0_F1": 0.8571428571428072,
  "best_validation_accuracy": 0.8580246913580247,
  "best_validation_average_F1": 0.8580192813321148,
  "best_validation_loss": 0.35330720381303266
}