{
  "peak_cpu_memory_MB": 2221.14,
  "peak_gpu_0_memory_MB": 11,
  "peak_gpu_1_memory_MB": 11082,
  "peak_gpu_2_memory_MB": 11,
  "peak_gpu_3_memory_MB": 1234,
  "peak_gpu_4_memory_MB": 1316,
  "peak_gpu_5_memory_MB": 11,
  "peak_gpu_6_memory_MB": 11,
  "peak_gpu_7_memory_MB": 11,
  "peak_gpu_8_memory_MB": 11,
  "peak_gpu_9_memory_MB": 11,
  "peak_gpu_10_memory_MB": 11,
  "peak_gpu_11_memory_MB": 11,
  "peak_gpu_12_memory_MB": 11,
  "peak_gpu_13_memory_MB": 11,
  "peak_gpu_14_memory_MB": 11,
  "peak_gpu_15_memory_MB": 11,
  "training_duration": "00:00:41",
  "training_start_epoch": 0,
  "training_epochs": 1,
  "epoch": 1,
  "training_1_P": 0.8647482014388489,
  "training_1_R": 0.917557251908397,
  "training_1_F1": 0.8903703703703204,
  "training_0_P": 0.9121951219512195,
  "training_0_R": 0.8564885496183207,
  "training_0_F1": 0.8834645669290839,
  "training_accuracy": 0.8870229007633588,
  "training_average_F1": 0.8869174686497021,
  "training_loss": 0.3055977894947296,
  "training_cpu_memory_MB": 2221.14,
  "training_gpu_0_memory_MB": 11,
  "training_gpu_1_memory_MB": 11082,
  "training_gpu_2_memory_MB": 11,
  "training_gpu_3_memory_MB": 1234,
  "training_gpu_4_memory_MB": 1316,
  "training_gpu_5_memory_MB": 11,
  "training_gpu_6_memory_MB": 11,
  "training_gpu_7_memory_MB": 11,
  "training_gpu_8_memory_MB": 11,
  "training_gpu_9_memory_MB": 11,
  "training_gpu_10_memory_MB": 11,
  "training_gpu_11_memory_MB": 11,
  "training_gpu_12_memory_MB": 11,
  "training_gpu_13_memory_MB": 11,
  "training_gpu_14_memory_MB": 11,
  "training_gpu_15_memory_MB": 11,
  "validation_1_P": 0.8414634146341463,
  "validation_1_R": 0.8518518518518519,
  "validation_1_F1": 0.8466257668711156,
  "validation_0_P": 0.85,
  "validation_0_R": 0.8395061728395061,
  "validation_0_F1": 0.84472049689436,
  "validation_accuracy": 0.845679012345679,
  "validation_average_F1": 0.8456731318827377,
  "validation_loss": 0.3874616108157418,
  "best_epoch": 1,
  "best_validation_1_P": 0.8414634146341463,
  "best_validation_1_R": 0.8518518518518519,
  "best_validation_1_F1": 0.8466257668711156,
  "best_validation_0_P": 0.85,
  "best_validation_0_R": 0.8395061728395061,
  "best_validation_0_F1": 0.84472049689436,
  "best_validation_accuracy": 0.845679012345679,
  "best_validation_average_F1": 0.8456731318827377,
  "best_validation_loss": 0.3874616108157418
}