{
  "training_duration": "00:18:16",
  "training_start_epoch": 0,
  "training_epochs": 6,
  "epoch": 6,
  "training_1_F1": 0.8633962264150444,
  "training_0_F1": 0.8602316602316102,
  "training_accuracy": 0.8618320610687022,
  "training_average_F1": 0.8618139433233274,
  "training_loss": 0.488488066487196,
  "validation_1_F1": 0.8170731707316575,
  "validation_0_F1": 0.8124999999999502,
  "validation_accuracy": 0.8148148148148148,
  "validation_average_F1": 0.8147865853658038,
  "validation_loss": 0.45486964962699195,
  "best_epoch": 5,
  "best_validation_1_F1": 0.837988826815593,
  "best_validation_0_F1": 0.7999999999999506,
  "best_validation_accuracy": 0.8209876543209876,
  "best_validation_average_F1": 0.8189944134077718,
  "best_validation_loss": 0.47351772405884485
}