{
  "training_duration": "00:04:16",
  "training_start_epoch": 0,
  "training_epochs": 3,
  "epoch": 3,
  "training_1_P": 0.9591527987897126,
  "training_1_R": 0.9679389312977099,
  "training_1_F1": 0.9635258358662115,
  "training_0_P": 0.9676425269645609,
  "training_0_R": 0.9587786259541985,
  "training_0_F1": 0.9631901840490298,
  "training_accuracy": 0.9633587786259542,
  "training_average_F1": 0.9633580099576207,
  "training_loss": 0.11659637011769342,
  "validation_1_P": 0.8333333333333334,
  "validation_1_R": 0.9259259259259259,
  "validation_1_F1": 0.8771929824560905,
  "validation_0_P": 0.9166666666666666,
  "validation_0_R": 0.8148148148148148,
  "validation_0_F1": 0.8627450980391658,
  "validation_accuracy": 0.8703703703703703,
  "validation_average_F1": 0.8699690402476281,
  "validation_loss": 0.38408714532852173,
  "best_epoch": 2,
  "best_validation_1_P": 0.8333333333333334,
  "best_validation_1_R": 0.9259259259259259,
  "best_validation_1_F1": 0.8771929824560905,
  "best_validation_0_P": 0.9166666666666666,
  "best_validation_0_R": 0.8148148148148148,
  "best_validation_0_F1": 0.8627450980391658,
  "best_validation_accuracy": 0.8703703703703703,
  "best_validation_average_F1": 0.8699690402476281,
  "best_validation_loss": 0.34122844446789136
}