{
  "training_duration": "00:05:14",
  "training_start_epoch": 0,
  "training_epochs": 4,
  "epoch": 4,
  "training_1_P": 0.9938931297709923,
  "training_1_R": 0.9938931297709923,
  "training_1_F1": 0.9938931297709424,
  "training_0_P": 0.9938931297709923,
  "training_0_R": 0.9938931297709923,
  "training_0_F1": 0.9938931297709424,
  "training_accuracy": 0.9938931297709923,
  "training_average_F1": 0.9938931297709424,
  "training_loss": 0.054536593033046254,
  "validation_1_P": 0.8426966292134831,
  "validation_1_R": 0.9259259259259259,
  "validation_1_F1": 0.8823529411764207,
  "validation_0_P": 0.9178082191780822,
  "validation_0_R": 0.8271604938271605,
  "validation_0_F1": 0.8701298701298203,
  "validation_accuracy": 0.8765432098765432,
  "validation_average_F1": 0.8762414056531205,
  "validation_loss": 0.4198001745072278,
  "best_epoch": 4,
  "best_validation_1_P": 0.8426966292134831,
  "best_validation_1_R": 0.9259259259259259,
  "best_validation_1_F1": 0.8823529411764207,
  "best_validation_0_P": 0.9178082191780822,
  "best_validation_0_R": 0.8271604938271605,
  "best_validation_0_F1": 0.8701298701298203,
  "best_validation_accuracy": 0.8765432098765432,
  "best_validation_average_F1": 0.8762414056531205,
  "best_validation_loss": 0.4198001745072278
}