{
  "peak_cpu_memory_MB": 3071.56,
  "peak_gpu_0_memory_MB": 2510,
  "training_duration": "00:03:27",
  "training_start_epoch": 0,
  "training_epochs": 7,
  "epoch": 7,
  "training_1_P": 0.9832317073170732,
  "training_1_R": 0.9847328244274809,
  "training_1_F1": 0.9839816933637945,
  "training_0_P": 0.9847094801223242,
  "training_0_R": 0.983206106870229,
  "training_0_F1": 0.9839572192512869,
  "training_accuracy": 0.983969465648855,
  "training_average_F1": 0.9839694563075407,
  "training_loss": 0.05605349619304988,
  "training_cpu_memory_MB": 3071.56,
  "training_gpu_0_memory_MB": 2510,
  "validation_1_P": 0.8470588235294118,
  "validation_1_R": 0.8888888888888888,
  "validation_1_F1": 0.8674698795180223,
  "validation_0_P": 0.8831168831168831,
  "validation_0_R": 0.8395061728395061,
  "validation_0_F1": 0.860759493670836,
  "validation_accuracy": 0.8641975308641975,
  "validation_average_F1": 0.8641146865944291,
  "validation_loss": 0.6314644285223701,
  "best_epoch": 6,
  "best_validation_1_P": 0.8860759493670886,
  "best_validation_1_R": 0.8641975308641975,
  "best_validation_1_F1": 0.8749999999999499,
  "best_validation_0_P": 0.8674698795180723,
  "best_validation_0_R": 0.8888888888888888,
  "best_validation_0_F1": 0.8780487804877548,
  "best_validation_accuracy": 0.8765432098765432,
  "best_validation_average_F1": 0.8765243902438524,
  "best_validation_loss": 0.545763839374889
}