{
  "peak_cpu_memory_MB": 3071.56,
  "peak_gpu_0_memory_MB": 2510,
  "training_duration": "00:03:51",
  "training_start_epoch": 0,
  "training_epochs": 8,
  "epoch": 8,
  "training_1_P": 0.989329268292683,
  "training_1_R": 0.9908396946564886,
  "training_1_F1": 0.9900839054156633,
  "training_0_P": 0.9908256880733946,
  "training_0_R": 0.9893129770992366,
  "training_0_F1": 0.9900687547745872,
  "training_accuracy": 0.9900763358778626,
  "training_average_F1": 0.9900763300951252,
  "training_loss": 0.04229065416971358,
  "training_cpu_memory_MB": 3071.56,
  "training_gpu_0_memory_MB": 2510,
  "validation_1_P": 0.8658536585365854,
  "validation_1_R": 0.8765432098765432,
  "validation_1_F1": 0.8711656441717291,
  "validation_0_P": 0.875,
  "validation_0_R": 0.8641975308641975,
  "validation_0_F1": 0.8695652173912544,
  "validation_accuracy": 0.8703703703703703,
  "validation_average_F1": 0.8703654307814918,
  "validation_loss": 0.6636424924839627,
  "best_epoch": 6,
  "best_validation_1_P": 0.8860759493670886,
  "best_validation_1_R": 0.8641975308641975,
  "best_validation_1_F1": 0.8749999999999499,
  "best_validation_0_P": 0.8674698795180723,
  "best_validation_0_R": 0.8888888888888888,
  "best_validation_0_F1": 0.8780487804877548,
  "best_validation_accuracy": 0.8765432098765432,
  "best_validation_average_F1": 0.8765243902438524,
  "best_validation_loss": 0.545763839374889
}