{
  "peak_cpu_memory_MB": 3071.56,
  "peak_gpu_0_memory_MB": 2510,
  "training_duration": "00:02:36",
  "training_start_epoch": 0,
  "training_epochs": 5,
  "epoch": 5,
  "training_1_P": 0.9709480122324159,
  "training_1_R": 0.9694656488549618,
  "training_1_F1": 0.9702062643238614,
  "training_0_P": 0.9695121951219512,
  "training_0_R": 0.9709923664122138,
  "training_0_F1": 0.9702517162470896,
  "training_accuracy": 0.9702290076335878,
  "training_average_F1": 0.9702289902854755,
  "training_loss": 0.09942338781476748,
  "training_cpu_memory_MB": 3071.56,
  "training_gpu_0_memory_MB": 2510,
  "validation_1_P": 0.8152173913043478,
  "validation_1_R": 0.9259259259259259,
  "validation_1_F1": 0.8670520231213374,
  "validation_0_P": 0.9142857142857143,
  "validation_0_R": 0.7901234567901234,
  "validation_0_F1": 0.8476821192052484,
  "validation_accuracy": 0.8580246913580247,
  "validation_average_F1": 0.8573670711632929,
  "validation_loss": 0.5865812748670578,
  "best_epoch": 3,
  "best_validation_1_P": 0.8961038961038961,
  "best_validation_1_R": 0.8518518518518519,
  "best_validation_1_F1": 0.8734177215189374,
  "best_validation_0_P": 0.8588235294117647,
  "best_validation_0_R": 0.9012345679012346,
  "best_validation_0_F1": 0.8795180722891066,
  "best_validation_accuracy": 0.8765432098765432,
  "best_validation_average_F1": 0.876467896904022,
  "best_validation_loss": 0.4956873763691295
}