{
  "peak_cpu_memory_MB": 5782.784,
  "peak_gpu_0_memory_MB": 11,
  "peak_gpu_1_memory_MB": 11,
  "peak_gpu_2_memory_MB": 11,
  "peak_gpu_3_memory_MB": 11,
  "peak_gpu_4_memory_MB": 11,
  "peak_gpu_5_memory_MB": 11,
  "peak_gpu_6_memory_MB": 1906,
  "peak_gpu_7_memory_MB": 11,
  "peak_gpu_8_memory_MB": 11,
  "peak_gpu_9_memory_MB": 11,
  "peak_gpu_10_memory_MB": 11,
  "peak_gpu_11_memory_MB": 11,
  "peak_gpu_12_memory_MB": 11,
  "peak_gpu_13_memory_MB": 11,
  "peak_gpu_14_memory_MB": 11,
  "peak_gpu_15_memory_MB": 11,
  "training_duration": "00:00:31",
  "training_start_epoch": 5,
  "training_epochs": 0,
  "epoch": 5,
  "training_1_P": 0.9969558599695586,
  "training_1_R": 1.0,
  "training_1_F1": 0.9984756097560477,
  "training_0_P": 1.0,
  "training_0_R": 0.9969465648854962,
  "training_0_F1": 0.9984709480121825,
  "training_accuracy": 0.9984732824427481,
  "training_average_F1": 0.9984732788841151,
  "training_loss": 0.009748903926598227,
  "training_cpu_memory_MB": 5782.784,
  "training_gpu_0_memory_MB": 11,
  "training_gpu_1_memory_MB": 11,
  "training_gpu_2_memory_MB": 11,
  "training_gpu_3_memory_MB": 11,
  "training_gpu_4_memory_MB": 11,
  "training_gpu_5_memory_MB": 11,
  "training_gpu_6_memory_MB": 1636,
  "training_gpu_7_memory_MB": 11,
  "training_gpu_8_memory_MB": 11,
  "training_gpu_9_memory_MB": 11,
  "training_gpu_10_memory_MB": 11,
  "training_gpu_11_memory_MB": 11,
  "training_gpu_12_memory_MB": 11,
  "training_gpu_13_memory_MB": 11,
  "training_gpu_14_memory_MB": 11,
  "training_gpu_15_memory_MB": 11,
  "validation_1_P": 0.8354430379746836,
  "validation_1_R": 0.8148148148148148,
  "validation_1_F1": 0.82499999999995,
  "validation_0_P": 0.8192771084337349,
  "validation_0_R": 0.8395061728395061,
  "validation_0_F1": 0.8292682926828769,
  "validation_accuracy": 0.8271604938271605,
  "validation_average_F1": 0.8271341463414135,
  "validation_loss": 0.78868604214354,
  "best_epoch": 3,
  "best_validation_1_P": 0.8354430379746836,
  "best_validation_1_R": 0.8148148148148148,
  "best_validation_1_F1": 0.82499999999995,
  "best_validation_0_P": 0.8192771084337349,
  "best_validation_0_R": 0.8395061728395061,
  "best_validation_0_F1": 0.8292682926828769,
  "best_validation_accuracy": 0.8271604938271605,
  "best_validation_average_F1": 0.8271341463414135,
  "best_validation_loss": 0.5878690603104505,
  "test_1_P": 0.8918918918918919,
  "test_1_R": 0.8148148148148148,
  "test_1_F1": 0.8516129032257566,
  "test_0_P": 0.8295454545454546,
  "test_0_R": 0.9012345679012346,
  "test_0_F1": 0.8639053254437372,
  "test_accuracy": 0.8580246913580247,
  "test_average_F1": 0.8577591143347469,
  "test_loss": 0.4534530077468265
}