{
  "peak_cpu_memory_MB": 5774.06,
  "peak_gpu_0_memory_MB": 11,
  "peak_gpu_1_memory_MB": 11,
  "peak_gpu_2_memory_MB": 11,
  "peak_gpu_3_memory_MB": 11,
  "peak_gpu_4_memory_MB": 11,
  "peak_gpu_5_memory_MB": 11,
  "peak_gpu_6_memory_MB": 1634,
  "peak_gpu_7_memory_MB": 11,
  "peak_gpu_8_memory_MB": 11,
  "peak_gpu_9_memory_MB": 11,
  "peak_gpu_10_memory_MB": 11,
  "peak_gpu_11_memory_MB": 9990,
  "peak_gpu_12_memory_MB": 11,
  "peak_gpu_13_memory_MB": 11,
  "peak_gpu_14_memory_MB": 11,
  "peak_gpu_15_memory_MB": 11,
  "training_duration": "00:00:31",
  "training_start_epoch": 0,
  "training_epochs": 0,
  "epoch": 0,
  "training_1_P": 0.757396449704142,
  "training_1_R": 0.7816793893129771,
  "training_1_F1": 0.7693463561231656,
  "training_0_P": 0.7744479495268138,
  "training_0_R": 0.749618320610687,
  "training_0_F1": 0.7618308766485149,
  "training_accuracy": 0.7656488549618321,
  "training_average_F1": 0.7655886163858403,
  "training_loss": 0.487731298295463,
  "training_cpu_memory_MB": 5774.06,
  "training_gpu_0_memory_MB": 11,
  "training_gpu_1_memory_MB": 11,
  "training_gpu_2_memory_MB": 11,
  "training_gpu_3_memory_MB": 11,
  "training_gpu_4_memory_MB": 11,
  "training_gpu_5_memory_MB": 11,
  "training_gpu_6_memory_MB": 1634,
  "training_gpu_7_memory_MB": 11,
  "training_gpu_8_memory_MB": 11,
  "training_gpu_9_memory_MB": 11,
  "training_gpu_10_memory_MB": 11,
  "training_gpu_11_memory_MB": 9990,
  "training_gpu_12_memory_MB": 11,
  "training_gpu_13_memory_MB": 11,
  "training_gpu_14_memory_MB": 11,
  "training_gpu_15_memory_MB": 11,
  "validation_1_P": 0.7906976744186046,
  "validation_1_R": 0.8395061728395061,
  "validation_1_F1": 0.8143712574849801,
  "validation_0_P": 0.8289473684210527,
  "validation_0_R": 0.7777777777777778,
  "validation_0_F1": 0.802547770700587,
  "validation_accuracy": 0.808641975308642,
  "validation_average_F1": 0.8084595140927835,
  "validation_loss": 0.4444216232408177,
  "best_epoch": 0,
  "best_validation_1_P": 0.7906976744186046,
  "best_validation_1_R": 0.8395061728395061,
  "best_validation_1_F1": 0.8143712574849801,
  "best_validation_0_P": 0.8289473684210527,
  "best_validation_0_R": 0.7777777777777778,
  "best_validation_0_F1": 0.802547770700587,
  "best_validation_accuracy": 0.808641975308642,
  "best_validation_average_F1": 0.8084595140927835,
  "best_validation_loss": 0.4444216232408177
}