{
  "peak_cpu_memory_MB": 5776.704,
  "peak_gpu_0_memory_MB": 11,
  "peak_gpu_1_memory_MB": 11,
  "peak_gpu_2_memory_MB": 11,
  "peak_gpu_3_memory_MB": 11,
  "peak_gpu_4_memory_MB": 11,
  "peak_gpu_5_memory_MB": 11,
  "peak_gpu_6_memory_MB": 1906,
  "peak_gpu_7_memory_MB": 11,
  "peak_gpu_8_memory_MB": 11,
  "peak_gpu_9_memory_MB": 11,
  "peak_gpu_10_memory_MB": 11,
  "peak_gpu_11_memory_MB": 4036,
  "peak_gpu_12_memory_MB": 11,
  "peak_gpu_13_memory_MB": 11,
  "peak_gpu_14_memory_MB": 11,
  "peak_gpu_15_memory_MB": 11,
  "training_duration": "00:03:00",
  "training_start_epoch": 0,
  "training_epochs": 4,
  "epoch": 4,
  "training_1_P": 0.9924012158054711,
  "training_1_R": 0.9969465648854962,
  "training_1_F1": 0.9946686976389447,
  "training_0_P": 0.9969325153374233,
  "training_0_R": 0.9923664122137404,
  "training_0_F1": 0.9946442234123449,
  "training_accuracy": 0.9946564885496183,
  "training_average_F1": 0.9946564605256448,
  "training_loss": 0.019299686883530783,
  "training_cpu_memory_MB": 5776.704,
  "training_gpu_0_memory_MB": 11,
  "training_gpu_1_memory_MB": 11,
  "training_gpu_2_memory_MB": 11,
  "training_gpu_3_memory_MB": 11,
  "training_gpu_4_memory_MB": 11,
  "training_gpu_5_memory_MB": 11,
  "training_gpu_6_memory_MB": 1906,
  "training_gpu_7_memory_MB": 11,
  "training_gpu_8_memory_MB": 11,
  "training_gpu_9_memory_MB": 11,
  "training_gpu_10_memory_MB": 11,
  "training_gpu_11_memory_MB": 4036,
  "training_gpu_12_memory_MB": 11,
  "training_gpu_13_memory_MB": 11,
  "training_gpu_14_memory_MB": 11,
  "training_gpu_15_memory_MB": 11,
  "validation_1_P": 0.8125,
  "validation_1_R": 0.8024691358024691,
  "validation_1_F1": 0.8074534161490183,
  "validation_0_P": 0.8048780487804879,
  "validation_0_R": 0.8148148148148148,
  "validation_0_F1": 0.8098159509201955,
  "validation_accuracy": 0.808641975308642,
  "validation_average_F1": 0.808634683534607,
  "validation_loss": 0.5968570160594854,
  "best_epoch": 3,
  "best_validation_1_P": 0.8311688311688312,
  "best_validation_1_R": 0.7901234567901234,
  "best_validation_1_F1": 0.8101265822784312,
  "best_validation_0_P": 0.8,
  "best_validation_0_R": 0.8395061728395061,
  "best_validation_0_F1": 0.8192771084336851,
  "best_validation_accuracy": 0.8148148148148148,
  "best_validation_average_F1": 0.8147018453560582,
  "best_validation_loss": 0.5541246723045002
}