{
  "peak_cpu_memory_MB": 2657.228,
  "peak_gpu_0_memory_MB": 11,
  "peak_gpu_1_memory_MB": 11,
  "peak_gpu_2_memory_MB": 5907,
  "peak_gpu_3_memory_MB": 11,
  "peak_gpu_4_memory_MB": 11,
  "peak_gpu_5_memory_MB": 11,
  "peak_gpu_6_memory_MB": 11,
  "peak_gpu_7_memory_MB": 11,
  "peak_gpu_8_memory_MB": 11,
  "peak_gpu_9_memory_MB": 11,
  "peak_gpu_10_memory_MB": 11,
  "peak_gpu_11_memory_MB": 11,
  "peak_gpu_12_memory_MB": 11,
  "peak_gpu_13_memory_MB": 11,
  "peak_gpu_14_memory_MB": 11,
  "peak_gpu_15_memory_MB": 11,
  "training_duration": "00:05:58",
  "training_start_epoch": 0,
  "training_epochs": 7,
  "epoch": 7,
  "training_neg_F1": 0.9842381786339255,
  "training_pos_F1": 0.970231532524757,
  "training_accuracy": 0.9793893129770992,
  "training_average_F1": 0.9772348555793413,
  "training_loss": 0.05091721301035183,
  "training_cpu_memory_MB": 2657.228,
  "training_gpu_0_memory_MB": 11,
  "training_gpu_1_memory_MB": 11,
  "training_gpu_2_memory_MB": 5907,
  "training_gpu_3_memory_MB": 11,
  "training_gpu_4_memory_MB": 11,
  "training_gpu_5_memory_MB": 11,
  "training_gpu_6_memory_MB": 11,
  "training_gpu_7_memory_MB": 11,
  "training_gpu_8_memory_MB": 11,
  "training_gpu_9_memory_MB": 11,
  "training_gpu_10_memory_MB": 11,
  "training_gpu_11_memory_MB": 11,
  "training_gpu_12_memory_MB": 11,
  "training_gpu_13_memory_MB": 11,
  "training_gpu_14_memory_MB": 11,
  "training_gpu_15_memory_MB": 11,
  "validation_neg_F1": 0.7475728155339307,
  "validation_pos_F1": 0.5593220338982555,
  "validation_accuracy": 0.6790123456790124,
  "validation_average_F1": 0.6534474247160931,
  "validation_loss": 2.0671714598482307,
  "best_epoch": 5,
  "best_validation_neg_F1": 0.7473684210525816,
  "best_validation_pos_F1": 0.6417910447760695,
  "best_validation_accuracy": 0.7037037037037037,
  "best_validation_average_F1": 0.6945797329143255,
  "best_validation_loss": 1.3523050512779842,
  "test_neg_F1": 0.8115942028985011,
  "test_pos_F1": 0.666666666666618,
  "test_accuracy": 0.7592592592592593,
  "test_average_F1": 0.7391304347825596,
  "test_loss": 1.0012229084968567
}