{
  "peak_cpu_memory_MB": 2204.036,
  "peak_gpu_0_memory_MB": 2675,
  "training_duration": "00:01:19",
  "training_start_epoch": 0,
  "training_epochs": 1,
  "epoch": 1,
  "training_1_P": 0.865606936416185,
  "training_1_R": 0.9145038167938931,
  "training_1_F1": 0.8893838158871068,
  "training_0_P": 0.9093851132686084,
  "training_0_R": 0.8580152671755725,
  "training_0_F1": 0.8829536527886382,
  "training_accuracy": 0.8862595419847328,
  "training_average_F1": 0.8861687343378726,
  "training_loss": 0.29948954002522843,
  "training_cpu_memory_MB": 2204.036,
  "training_gpu_0_memory_MB": 2675,
  "validation_1_P": 0.8333333333333334,
  "validation_1_R": 0.7407407407407407,
  "validation_1_F1": 0.7843137254901463,
  "validation_0_P": 0.7666666666666667,
  "validation_0_R": 0.8518518518518519,
  "validation_0_F1": 0.8070175438595992,
  "validation_accuracy": 0.7962962962962963,
  "validation_average_F1": 0.7956656346748727,
  "validation_loss": 0.4132068441672759,
  "best_epoch": 0,
  "best_validation_1_P": 0.7906976744186046,
  "best_validation_1_R": 0.8395061728395061,
  "best_validation_1_F1": 0.8143712574849801,
  "best_validation_0_P": 0.8289473684210527,
  "best_validation_0_R": 0.7777777777777778,
  "best_validation_0_F1": 0.802547770700587,
  "best_validation_accuracy": 0.808641975308642,
  "best_validation_average_F1": 0.8084595140927835,
  "best_validation_loss": 0.3892839483239434
}