{
  "peak_cpu_memory_MB": 2204.036,
  "peak_gpu_0_memory_MB": 2777,
  "training_duration": "00:03:23",
  "training_start_epoch": 0,
  "training_epochs": 4,
  "epoch": 4,
  "training_1_P": 0.9984709480122325,
  "training_1_R": 0.9969465648854962,
  "training_1_F1": 0.9977081741787125,
  "training_0_P": 0.9969512195121951,
  "training_0_R": 0.9984732824427481,
  "training_0_F1": 0.9977116704804992,
  "training_accuracy": 0.9977099236641221,
  "training_average_F1": 0.9977099223296059,
  "training_loss": 0.014568953757833054,
  "training_cpu_memory_MB": 2204.036,
  "training_gpu_0_memory_MB": 2777,
  "validation_1_P": 0.8214285714285714,
  "validation_1_R": 0.8518518518518519,
  "validation_1_F1": 0.8363636363635865,
  "validation_0_P": 0.8461538461538461,
  "validation_0_R": 0.8148148148148148,
  "validation_0_F1": 0.830188679245233,
  "validation_accuracy": 0.8333333333333334,
  "validation_average_F1": 0.8332761578044097,
  "validation_loss": 0.5963981612162157,
  "best_epoch": 2,
  "best_validation_1_P": 0.8181818181818182,
  "best_validation_1_R": 0.8888888888888888,
  "best_validation_1_F1": 0.8520710059171098,
  "best_validation_0_P": 0.8783783783783784,
  "best_validation_0_R": 0.8024691358024691,
  "best_validation_0_F1": 0.8387096774193049,
  "best_validation_accuracy": 0.845679012345679,
  "best_validation_average_F1": 0.8453903416682074,
  "best_validation_loss": 0.413804140957919,
  "test_1_P": 0.7752808988764045,
  "test_1_R": 0.8518518518518519,
  "test_1_F1": 0.8117647058823031,
  "test_0_P": 0.8356164383561644,
  "test_0_R": 0.7530864197530864,
  "test_0_F1": 0.7922077922077424,
  "test_accuracy": 0.8024691358024691,
  "test_average_F1": 0.8019862490450227,
  "test_loss": 0.6404258595271544
}