{
  "peak_cpu_memory_MB": 2204.036,
  "peak_gpu_0_memory_MB": 2777,
  "training_duration": "00:01:58",
  "training_start_epoch": 0,
  "training_epochs": 2,
  "epoch": 2,
  "training_1_P": 0.9398496240601504,
  "training_1_R": 0.9541984732824428,
  "training_1_F1": 0.946969696969647,
  "training_0_P": 0.9534883720930233,
  "training_0_R": 0.9389312977099237,
  "training_0_F1": 0.9461538461537963,
  "training_accuracy": 0.9465648854961832,
  "training_average_F1": 0.9465617715617216,
  "training_loss": 0.16091076152898917,
  "training_cpu_memory_MB": 2204.036,
  "training_gpu_0_memory_MB": 2777,
  "validation_1_P": 0.8181818181818182,
  "validation_1_R": 0.8888888888888888,
  "validation_1_F1": 0.8520710059171098,
  "validation_0_P": 0.8783783783783784,
  "validation_0_R": 0.8024691358024691,
  "validation_0_F1": 0.8387096774193049,
  "validation_accuracy": 0.845679012345679,
  "validation_average_F1": 0.8453903416682074,
  "validation_loss": 0.413804140957919,
  "best_epoch": 2,
  "best_validation_1_P": 0.8181818181818182,
  "best_validation_1_R": 0.8888888888888888,
  "best_validation_1_F1": 0.8520710059171098,
  "best_validation_0_P": 0.8783783783783784,
  "best_validation_0_R": 0.8024691358024691,
  "best_validation_0_F1": 0.8387096774193049,
  "best_validation_accuracy": 0.845679012345679,
  "best_validation_average_F1": 0.8453903416682074,
  "best_validation_loss": 0.413804140957919
}