{
  "peak_cpu_memory_MB": 2204.036,
  "peak_gpu_0_memory_MB": 2061,
  "training_duration": "00:00:36",
  "training_start_epoch": 0,
  "training_epochs": 0,
  "epoch": 0,
  "training_1_P": 0.762043795620438,
  "training_1_R": 0.7969465648854962,
  "training_1_F1": 0.7791044776118905,
  "training_0_P": 0.7872,
  "training_0_R": 0.751145038167939,
  "training_0_F1": 0.7687499999999501,
  "training_accuracy": 0.7740458015267175,
  "training_average_F1": 0.7739272388059203,
  "training_loss": 0.4921872872041493,
  "training_cpu_memory_MB": 2204.036,
  "training_gpu_0_memory_MB": 2061,
  "validation_1_P": 0.7906976744186046,
  "validation_1_R": 0.8395061728395061,
  "validation_1_F1": 0.8143712574849801,
  "validation_0_P": 0.8289473684210527,
  "validation_0_R": 0.7777777777777778,
  "validation_0_F1": 0.802547770700587,
  "validation_accuracy": 0.808641975308642,
  "validation_average_F1": 0.8084595140927835,
  "validation_loss": 0.3892839483239434,
  "best_epoch": 0,
  "best_validation_1_P": 0.7906976744186046,
  "best_validation_1_R": 0.8395061728395061,
  "best_validation_1_F1": 0.8143712574849801,
  "best_validation_0_P": 0.8289473684210527,
  "best_validation_0_R": 0.7777777777777778,
  "best_validation_0_F1": 0.802547770700587,
  "best_validation_accuracy": 0.808641975308642,
  "best_validation_average_F1": 0.8084595140927835,
  "best_validation_loss": 0.3892839483239434
}