{
  "peak_cpu_memory_MB": 3071.204,
  "peak_gpu_0_memory_MB": 2510,
  "training_duration": "00:01:12",
  "training_start_epoch": 0,
  "training_epochs": 2,
  "epoch": 2,
  "training_1_F1": 0.9546142208774085,
  "training_0_F1": 0.9537750385207512,
  "training_accuracy": 0.9541984732824428,
  "training_average_F1": 0.9541946296990799,
  "training_loss": 0.14610218038646186,
  "training_cpu_memory_MB": 3071.204,
  "training_gpu_0_memory_MB": 2510,
  "validation_1_F1": 0.794520547945156,
  "validation_0_F1": 0.8314606741572537,
  "validation_accuracy": 0.8148148148148148,
  "validation_average_F1": 0.8129906110512048,
  "validation_loss": 0.49990262497555127,
  "best_epoch": 1,
  "best_validation_1_F1": 0.8734177215189374,
  "best_validation_0_F1": 0.8795180722891066,
  "best_validation_accuracy": 0.8765432098765432,
  "best_validation_average_F1": 0.876467896904022,
  "best_validation_loss": 0.3264963396570899,
  "test_1_F1": 0.82499999999995,
  "test_0_F1": 0.8292682926828769,
  "test_accuracy": 0.8271604938271605,
  "test_average_F1": 0.8271341463414135,
  "test_loss": 0.37986153635111725
}