{
  "peak_cpu_memory_MB": 3071.164,
  "peak_gpu_0_memory_MB": 2510,
  "training_duration": "00:05:31",
  "training_start_epoch": 0,
  "training_epochs": 12,
  "epoch": 12,
  "training_1_P": 0.9984709480122325,
  "training_1_R": 0.9969465648854962,
  "training_1_F1": 0.9977081741787125,
  "training_0_P": 0.9969512195121951,
  "training_0_R": 0.9984732824427481,
  "training_0_F1": 0.9977116704804992,
  "training_accuracy": 0.9977099236641221,
  "training_average_F1": 0.9977099223296059,
  "training_loss": 0.005845727671573802,
  "training_cpu_memory_MB": 3071.164,
  "training_gpu_0_memory_MB": 2510,
  "validation_1_P": 0.8352941176470589,
  "validation_1_R": 0.8765432098765432,
  "validation_1_F1": 0.855421686746938,
  "validation_0_P": 0.8701298701298701,
  "validation_0_R": 0.8271604938271605,
  "validation_0_F1": 0.8481012658227349,
  "validation_accuracy": 0.8518518518518519,
  "validation_average_F1": 0.8517614762848364,
  "validation_loss": 0.6454760899597948,
  "best_epoch": 9,
  "best_validation_1_P": 0.8625,
  "best_validation_1_R": 0.8518518518518519,
  "best_validation_1_F1": 0.8571428571428072,
  "best_validation_0_P": 0.8536585365853658,
  "best_validation_0_R": 0.8641975308641975,
  "best_validation_0_F1": 0.8588957055214225,
  "best_validation_accuracy": 0.8580246913580247,
  "best_validation_average_F1": 0.8580192813321148,
  "best_validation_loss": 0.6978685960850932,
  "test_1_P": 0.8783783783783784,
  "test_1_R": 0.8024691358024691,
  "test_1_F1": 0.8387096774193049,
  "test_0_P": 0.8181818181818182,
  "test_0_R": 0.8888888888888888,
  "test_0_F1": 0.8520710059171098,
  "test_accuracy": 0.845679012345679,
  "test_average_F1": 0.8453903416682074,
  "test_loss": 0.8003120310604572
}