{
  "peak_cpu_memory_MB": 1857.524,
  "peak_gpu_0_memory_MB": 11,
  "peak_gpu_1_memory_MB": 11082,
  "peak_gpu_2_memory_MB": 11,
  "peak_gpu_3_memory_MB": 11,
  "peak_gpu_4_memory_MB": 354,
  "peak_gpu_5_memory_MB": 11,
  "peak_gpu_6_memory_MB": 11,
  "peak_gpu_7_memory_MB": 11,
  "peak_gpu_8_memory_MB": 11,
  "peak_gpu_9_memory_MB": 11,
  "peak_gpu_10_memory_MB": 11,
  "peak_gpu_11_memory_MB": 11,
  "peak_gpu_12_memory_MB": 11,
  "peak_gpu_13_memory_MB": 11,
  "peak_gpu_14_memory_MB": 11,
  "peak_gpu_15_memory_MB": 11,
  "training_duration": "00:00:02",
  "training_start_epoch": 0,
  "training_epochs": 1,
  "epoch": 1,
  "training_1_P": 0.834061135371179,
  "training_1_R": 0.8748091603053435,
  "training_1_F1": 0.8539493293591155,
  "training_0_P": 0.8683788121990369,
  "training_0_R": 0.8259541984732824,
  "training_0_F1": 0.8466353677620784,
  "training_accuracy": 0.850381679389313,
  "training_average_F1": 0.8502923485605969,
  "training_loss": 0.36785311697096357,
  "training_cpu_memory_MB": 1857.524,
  "training_gpu_0_memory_MB": 11,
  "training_gpu_1_memory_MB": 11082,
  "training_gpu_2_memory_MB": 11,
  "training_gpu_3_memory_MB": 11,
  "training_gpu_4_memory_MB": 354,
  "training_gpu_5_memory_MB": 11,
  "training_gpu_6_memory_MB": 11,
  "training_gpu_7_memory_MB": 11,
  "training_gpu_8_memory_MB": 11,
  "training_gpu_9_memory_MB": 11,
  "training_gpu_10_memory_MB": 11,
  "training_gpu_11_memory_MB": 11,
  "training_gpu_12_memory_MB": 11,
  "training_gpu_13_memory_MB": 11,
  "training_gpu_14_memory_MB": 11,
  "training_gpu_15_memory_MB": 11,
  "validation_1_P": 0.782608695652174,
  "validation_1_R": 0.8888888888888888,
  "validation_1_F1": 0.8323699421964821,
  "validation_0_P": 0.8714285714285714,
  "validation_0_R": 0.7530864197530864,
  "validation_0_F1": 0.8079470198675,
  "validation_accuracy": 0.8209876543209876,
  "validation_average_F1": 0.8201584810319911,
  "validation_loss": 0.3615833033214916,
  "best_epoch": 1,
  "best_validation_1_P": 0.782608695652174,
  "best_validation_1_R": 0.8888888888888888,
  "best_validation_1_F1": 0.8323699421964821,
  "best_validation_0_P": 0.8714285714285714,
  "best_validation_0_R": 0.7530864197530864,
  "best_validation_0_F1": 0.8079470198675,
  "best_validation_accuracy": 0.8209876543209876,
  "best_validation_average_F1": 0.8201584810319911,
  "best_validation_loss": 0.3615833033214916
}