{
  "peak_cpu_memory_MB": 1857.988,
  "peak_gpu_0_memory_MB": 11,
  "peak_gpu_1_memory_MB": 11082,
  "peak_gpu_2_memory_MB": 11,
  "peak_gpu_3_memory_MB": 11,
  "peak_gpu_4_memory_MB": 354,
  "peak_gpu_5_memory_MB": 11,
  "peak_gpu_6_memory_MB": 11,
  "peak_gpu_7_memory_MB": 11,
  "peak_gpu_8_memory_MB": 11,
  "peak_gpu_9_memory_MB": 11,
  "peak_gpu_10_memory_MB": 11,
  "peak_gpu_11_memory_MB": 11,
  "peak_gpu_12_memory_MB": 11,
  "peak_gpu_13_memory_MB": 11,
  "peak_gpu_14_memory_MB": 11,
  "peak_gpu_15_memory_MB": 11,
  "training_duration": "00:00:04",
  "training_start_epoch": 0,
  "training_epochs": 2,
  "epoch": 2,
  "training_1_P": 0.8656934306569343,
  "training_1_R": 0.9053435114503817,
  "training_1_F1": 0.8850746268656217,
  "training_0_P": 0.9008,
  "training_0_R": 0.8595419847328244,
  "training_0_F1": 0.87968749999995,
  "training_accuracy": 0.8824427480916031,
  "training_average_F1": 0.8823810634327858,
  "training_loss": 0.2923251679394303,
  "training_cpu_memory_MB": 1857.988,
  "training_gpu_0_memory_MB": 11,
  "training_gpu_1_memory_MB": 11082,
  "training_gpu_2_memory_MB": 11,
  "training_gpu_3_memory_MB": 11,
  "training_gpu_4_memory_MB": 354,
  "training_gpu_5_memory_MB": 11,
  "training_gpu_6_memory_MB": 11,
  "training_gpu_7_memory_MB": 11,
  "training_gpu_8_memory_MB": 11,
  "training_gpu_9_memory_MB": 11,
  "training_gpu_10_memory_MB": 11,
  "training_gpu_11_memory_MB": 11,
  "training_gpu_12_memory_MB": 11,
  "training_gpu_13_memory_MB": 11,
  "training_gpu_14_memory_MB": 11,
  "training_gpu_15_memory_MB": 11,
  "validation_1_P": 0.7731958762886598,
  "validation_1_R": 0.9259259259259259,
  "validation_1_F1": 0.8426966292134336,
  "validation_0_P": 0.9076923076923077,
  "validation_0_R": 0.7283950617283951,
  "validation_0_F1": 0.8082191780821424,
  "validation_accuracy": 0.8271604938271605,
  "validation_average_F1": 0.825457903647788,
  "validation_loss": 0.38399386405944824,
  "best_epoch": 2,
  "best_validation_1_P": 0.7731958762886598,
  "best_validation_1_R": 0.9259259259259259,
  "best_validation_1_F1": 0.8426966292134336,
  "best_validation_0_P": 0.9076923076923077,
  "best_validation_0_R": 0.7283950617283951,
  "best_validation_0_F1": 0.8082191780821424,
  "best_validation_accuracy": 0.8271604938271605,
  "best_validation_average_F1": 0.825457903647788,
  "best_validation_loss": 0.38399386405944824
}