{
  "peak_cpu_memory_MB": 1840.444,
  "peak_gpu_0_memory_MB": 11,
  "peak_gpu_1_memory_MB": 11082,
  "peak_gpu_2_memory_MB": 11,
  "peak_gpu_3_memory_MB": 11,
  "peak_gpu_4_memory_MB": 346,
  "peak_gpu_5_memory_MB": 11,
  "peak_gpu_6_memory_MB": 11,
  "peak_gpu_7_memory_MB": 11,
  "peak_gpu_8_memory_MB": 11,
  "peak_gpu_9_memory_MB": 11,
  "peak_gpu_10_memory_MB": 11,
  "peak_gpu_11_memory_MB": 11,
  "peak_gpu_12_memory_MB": 11,
  "peak_gpu_13_memory_MB": 11,
  "peak_gpu_14_memory_MB": 11,
  "peak_gpu_15_memory_MB": 11,
  "training_duration": "00:00:01",
  "training_start_epoch": 0,
  "training_epochs": 0,
  "epoch": 0,
  "training_1_P": 0.7156726768377254,
  "training_1_R": 0.7877862595419848,
  "training_1_F1": 0.7499999999999502,
  "training_0_P": 0.7640067911714771,
  "training_0_R": 0.6870229007633588,
  "training_0_F1": 0.7234726688102396,
  "training_accuracy": 0.7374045801526717,
  "training_average_F1": 0.7367363344050949,
  "training_loss": 0.5266153583439385,
  "training_cpu_memory_MB": 1840.444,
  "training_gpu_0_memory_MB": 11,
  "training_gpu_1_memory_MB": 11082,
  "training_gpu_2_memory_MB": 11,
  "training_gpu_3_memory_MB": 11,
  "training_gpu_4_memory_MB": 346,
  "training_gpu_5_memory_MB": 11,
  "training_gpu_6_memory_MB": 11,
  "training_gpu_7_memory_MB": 11,
  "training_gpu_8_memory_MB": 11,
  "training_gpu_9_memory_MB": 11,
  "training_gpu_10_memory_MB": 11,
  "training_gpu_11_memory_MB": 11,
  "training_gpu_12_memory_MB": 11,
  "training_gpu_13_memory_MB": 11,
  "training_gpu_14_memory_MB": 11,
  "training_gpu_15_memory_MB": 11,
  "validation_1_P": 0.7752808988764045,
  "validation_1_R": 0.8518518518518519,
  "validation_1_F1": 0.8117647058823031,
  "validation_0_P": 0.8356164383561644,
  "validation_0_R": 0.7530864197530864,
  "validation_0_F1": 0.7922077922077424,
  "validation_accuracy": 0.8024691358024691,
  "validation_average_F1": 0.8019862490450227,
  "validation_loss": 0.43061864376068115,
  "best_epoch": 0,
  "best_validation_1_P": 0.7752808988764045,
  "best_validation_1_R": 0.8518518518518519,
  "best_validation_1_F1": 0.8117647058823031,
  "best_validation_0_P": 0.8356164383561644,
  "best_validation_0_R": 0.7530864197530864,
  "best_validation_0_F1": 0.7922077922077424,
  "best_validation_accuracy": 0.8024691358024691,
  "best_validation_average_F1": 0.8019862490450227,
  "best_validation_loss": 0.43061864376068115
}