{
  "peak_cpu_memory_MB": 3070.44,
  "peak_gpu_0_memory_MB": 1241,
  "training_duration": "00:00:22",
  "training_start_epoch": 0,
  "training_epochs": 0,
  "epoch": 0,
  "training_1_F1": 0.6899563318776794,
  "training_0_F1": 0.6581059390047655,
  "training_accuracy": 0.6748091603053435,
  "training_average_F1": 0.6740311354412225,
  "training_loss": 0.6117756324933796,
  "training_cpu_memory_MB": 3070.44,
  "training_gpu_0_memory_MB": 1241,
  "validation_1_F1": 0.8020304568527435,
  "validation_0_F1": 0.6929133858267255,
  "validation_accuracy": 0.7592592592592593,
  "validation_average_F1": 0.7474719213397345,
  "validation_loss": 0.5414659191261638,
  "best_epoch": 0,
  "best_validation_1_F1": 0.8020304568527435,
  "best_validation_0_F1": 0.6929133858267255,
  "best_validation_accuracy": 0.7592592592592593,
  "best_validation_average_F1": 0.7474719213397345,
  "best_validation_loss": 0.5414659191261638
}