{
  "peak_cpu_memory_MB": 3070.44,
  "peak_gpu_0_memory_MB": 2510,
  "training_duration": "00:02:33",
  "training_start_epoch": 0,
  "training_epochs": 5,
  "epoch": 5,
  "training_1_F1": 0.9923780487804379,
  "training_0_F1": 0.9923547400611121,
  "training_accuracy": 0.9923664122137404,
  "training_average_F1": 0.992366394420775,
  "training_loss": 0.024218815353290155,
  "training_cpu_memory_MB": 3070.44,
  "training_gpu_0_memory_MB": 2510,
  "validation_1_F1": 0.855421686746938,
  "validation_0_F1": 0.8481012658227349,
  "validation_accuracy": 0.8518518518518519,
  "validation_average_F1": 0.8517614762848364,
  "validation_loss": 0.7279050292616541,
  "best_epoch": 5,
  "best_validation_1_F1": 0.855421686746938,
  "best_validation_0_F1": 0.8481012658227349,
  "best_validation_accuracy": 0.8518518518518519,
  "best_validation_average_F1": 0.8517614762848364,
  "best_validation_loss": 0.7279050292616541
}