{
  "peak_cpu_memory_MB": 3070.44,
  "peak_gpu_0_memory_MB": 2510,
  "training_duration": "00:01:13",
  "training_start_epoch": 0,
  "training_epochs": 2,
  "epoch": 2,
  "training_1_F1": 0.9495101733232357,
  "training_0_F1": 0.9481825212683181,
  "training_accuracy": 0.9488549618320611,
  "training_average_F1": 0.9488463472957769,
  "training_loss": 0.1773493878043643,
  "training_cpu_memory_MB": 3070.44,
  "training_gpu_0_memory_MB": 2510,
  "validation_1_F1": 0.7313432835820417,
  "validation_0_F1": 0.8105263157894248,
  "validation_accuracy": 0.7777777777777778,
  "validation_average_F1": 0.7709347996857332,
  "validation_loss": 0.5363131314516068,
  "best_epoch": 1,
  "best_validation_1_F1": 0.8211920529800828,
  "best_validation_0_F1": 0.8439306358381005,
  "best_validation_accuracy": 0.8333333333333334,
  "best_validation_average_F1": 0.8325613444090916,
  "best_validation_loss": 0.335822194814682
}