{
  "peak_cpu_memory_MB": 3070.44,
  "peak_gpu_0_memory_MB": 2510,
  "training_duration": "00:00:45",
  "training_start_epoch": 0,
  "training_epochs": 1,
  "epoch": 1,
  "training_1_F1": 0.866914498141214,
  "training_0_F1": 0.8596078431372051,
  "training_accuracy": 0.8633587786259542,
  "training_average_F1": 0.8632611706392095,
  "training_loss": 0.35393803166907006,
  "training_cpu_memory_MB": 3070.44,
  "training_gpu_0_memory_MB": 2510,
  "validation_1_F1": 0.8211920529800828,
  "validation_0_F1": 0.8439306358381005,
  "validation_accuracy": 0.8333333333333334,
  "validation_average_F1": 0.8325613444090916,
  "validation_loss": 0.335822194814682,
  "best_epoch": 1,
  "best_validation_1_F1": 0.8211920529800828,
  "best_validation_0_F1": 0.8439306358381005,
  "best_validation_accuracy": 0.8333333333333334,
  "best_validation_average_F1": 0.8325613444090916,
  "best_validation_loss": 0.335822194814682
}