{
  "peak_cpu_memory_MB": 3070.44,
  "peak_gpu_0_memory_MB": 2510,
  "training_duration": "00:03:00",
  "training_start_epoch": 0,
  "training_epochs": 6,
  "epoch": 6,
  "training_1_F1": 0.9977116704804992,
  "training_0_F1": 0.9977081741787125,
  "training_accuracy": 0.9977099236641221,
  "training_average_F1": 0.9977099223296059,
  "training_loss": 0.011444074338835823,
  "training_cpu_memory_MB": 3070.44,
  "training_gpu_0_memory_MB": 2510,
  "validation_1_F1": 0.8258064516128534,
  "validation_0_F1": 0.8402366863904827,
  "validation_accuracy": 0.8333333333333334,
  "validation_average_F1": 0.833021569001668,
  "validation_loss": 0.7636255364526402,
  "best_epoch": 5,
  "best_validation_1_F1": 0.855421686746938,
  "best_validation_0_F1": 0.8481012658227349,
  "best_validation_accuracy": 0.8518518518518519,
  "best_validation_average_F1": 0.8517614762848364,
  "best_validation_loss": 0.7279050292616541,
  "test_1_F1": 0.8214285714285217,
  "test_0_F1": 0.8076923076922577,
  "test_accuracy": 0.8148148148148148,
  "test_average_F1": 0.8145604395603897,
  "test_loss": 0.8749735680493441
}