{
  "peak_cpu_memory_MB": 3070.44,
  "peak_gpu_0_memory_MB": 2510,
  "training_duration": "00:02:03",
  "training_start_epoch": 0,
  "training_epochs": 4,
  "epoch": 4,
  "training_1_F1": 0.9878234398781844,
  "training_0_F1": 0.9877488514547739,
  "training_accuracy": 0.9877862595419847,
  "training_average_F1": 0.9877861456664792,
  "training_loss": 0.03892603241724939,
  "training_cpu_memory_MB": 3070.44,
  "training_gpu_0_memory_MB": 2510,
  "validation_1_F1": 0.8402366863904827,
  "validation_0_F1": 0.8258064516128534,
  "validation_accuracy": 0.8333333333333334,
  "validation_average_F1": 0.833021569001668,
  "validation_loss": 0.73422187295827,
  "best_epoch": 4,
  "best_validation_1_F1": 0.8402366863904827,
  "best_validation_0_F1": 0.8258064516128534,
  "best_validation_accuracy": 0.8333333333333334,
  "best_validation_average_F1": 0.833021569001668,
  "best_validation_loss": 0.73422187295827
}