{
  "peak_cpu_memory_MB": 3070.44,
  "peak_gpu_0_memory_MB": 2510,
  "training_duration": "00:01:36",
  "training_start_epoch": 0,
  "training_epochs": 3,
  "epoch": 3,
  "training_1_F1": 0.9672006102211552,
  "training_0_F1": 0.9671504965622114,
  "training_accuracy": 0.9671755725190839,
  "training_average_F1": 0.9671755533916833,
  "training_loss": 0.10550747890729548,
  "training_cpu_memory_MB": 3070.44,
  "training_gpu_0_memory_MB": 2510,
  "validation_1_F1": 0.842105263157845,
  "validation_0_F1": 0.8235294117646562,
  "validation_accuracy": 0.8333333333333334,
  "validation_average_F1": 0.8328173374612506,
  "validation_loss": 0.6330879330635071,
  "best_epoch": 3,
  "best_validation_1_F1": 0.842105263157845,
  "best_validation_0_F1": 0.8235294117646562,
  "best_validation_accuracy": 0.8333333333333334,
  "best_validation_average_F1": 0.8328173374612506,
  "best_validation_loss": 0.6330879330635071
}