{
  "peak_cpu_memory_MB": 2224.66,
  "peak_gpu_0_memory_MB": 11,
  "peak_gpu_1_memory_MB": 11082,
  "peak_gpu_2_memory_MB": 11,
  "peak_gpu_3_memory_MB": 11,
  "peak_gpu_4_memory_MB": 726,
  "peak_gpu_5_memory_MB": 11,
  "peak_gpu_6_memory_MB": 11,
  "peak_gpu_7_memory_MB": 11,
  "peak_gpu_8_memory_MB": 11,
  "peak_gpu_9_memory_MB": 11,
  "peak_gpu_10_memory_MB": 11,
  "peak_gpu_11_memory_MB": 11,
  "peak_gpu_12_memory_MB": 11,
  "peak_gpu_13_memory_MB": 11,
  "peak_gpu_14_memory_MB": 11,
  "peak_gpu_15_memory_MB": 11,
  "training_duration": "00:00:21",
  "training_start_epoch": 0,
  "training_epochs": 0,
  "epoch": 0,
  "training_1_P": 0.7556497175141242,
  "training_1_R": 0.816793893129771,
  "training_1_F1": 0.7850330154071401,
  "training_0_P": 0.8006644518272426,
  "training_0_R": 0.7358778625954199,
  "training_0_F1": 0.7669053301511037,
  "training_accuracy": 0.7763358778625954,
  "training_average_F1": 0.7759691727791219,
  "training_loss": 0.493645834123216,
  "training_cpu_memory_MB": 2224.66,
  "training_gpu_0_memory_MB": 11,
  "training_gpu_1_memory_MB": 11082,
  "training_gpu_2_memory_MB": 11,
  "training_gpu_3_memory_MB": 11,
  "training_gpu_4_memory_MB": 726,
  "training_gpu_5_memory_MB": 11,
  "training_gpu_6_memory_MB": 11,
  "training_gpu_7_memory_MB": 11,
  "training_gpu_8_memory_MB": 11,
  "training_gpu_9_memory_MB": 11,
  "training_gpu_10_memory_MB": 11,
  "training_gpu_11_memory_MB": 11,
  "training_gpu_12_memory_MB": 11,
  "training_gpu_13_memory_MB": 11,
  "training_gpu_14_memory_MB": 11,
  "training_gpu_15_memory_MB": 11,
  "validation_1_P": 0.8313253012048193,
  "validation_1_R": 0.8518518518518519,
  "validation_1_F1": 0.8414634146340965,
  "validation_0_P": 0.8481012658227848,
  "validation_0_R": 0.8271604938271605,
  "validation_0_F1": 0.83749999999995,
  "validation_accuracy": 0.8395061728395061,
  "validation_average_F1": 0.8394817073170232,
  "validation_loss": 0.4024254219098525,
  "best_epoch": 0,
  "best_validation_1_P": 0.8313253012048193,
  "best_validation_1_R": 0.8518518518518519,
  "best_validation_1_F1": 0.8414634146340965,
  "best_validation_0_P": 0.8481012658227848,
  "best_validation_0_R": 0.8271604938271605,
  "best_validation_0_F1": 0.83749999999995,
  "best_validation_accuracy": 0.8395061728395061,
  "best_validation_average_F1": 0.8394817073170232,
  "best_validation_loss": 0.4024254219098525
}