{
  "peak_cpu_memory_MB": 3090.996,
  "peak_gpu_0_memory_MB": 11,
  "peak_gpu_1_memory_MB": 11,
  "peak_gpu_2_memory_MB": 11,
  "peak_gpu_3_memory_MB": 3036,
  "peak_gpu_4_memory_MB": 11,
  "peak_gpu_5_memory_MB": 11,
  "peak_gpu_6_memory_MB": 11,
  "peak_gpu_7_memory_MB": 11,
  "peak_gpu_8_memory_MB": 11,
  "peak_gpu_9_memory_MB": 11,
  "peak_gpu_10_memory_MB": 3006,
  "peak_gpu_11_memory_MB": 11,
  "peak_gpu_12_memory_MB": 11,
  "peak_gpu_13_memory_MB": 11,
  "peak_gpu_14_memory_MB": 11,
  "peak_gpu_15_memory_MB": 11,
  "training_duration": "00:01:47",
  "training_start_epoch": 0,
  "training_epochs": 3,
  "epoch": 3,
  "training_1_F1": 0.926829268292633,
  "training_0_F1": 0.9266055045871059,
  "training_accuracy": 0.9267175572519084,
  "training_average_F1": 0.9267173864398695,
  "training_loss": 0.2990965559715178,
  "training_cpu_memory_MB": 3090.996,
  "training_gpu_0_memory_MB": 11,
  "training_gpu_1_memory_MB": 11,
  "training_gpu_2_memory_MB": 11,
  "training_gpu_3_memory_MB": 3036,
  "training_gpu_4_memory_MB": 11,
  "training_gpu_5_memory_MB": 11,
  "training_gpu_6_memory_MB": 11,
  "training_gpu_7_memory_MB": 11,
  "training_gpu_8_memory_MB": 11,
  "training_gpu_9_memory_MB": 11,
  "training_gpu_10_memory_MB": 11,
  "training_gpu_11_memory_MB": 11,
  "training_gpu_12_memory_MB": 11,
  "training_gpu_13_memory_MB": 11,
  "training_gpu_14_memory_MB": 11,
  "training_gpu_15_memory_MB": 11,
  "validation_1_F1": 0.8258064516128534,
  "validation_0_F1": 0.8402366863904827,
  "validation_accuracy": 0.8333333333333334,
  "validation_average_F1": 0.833021569001668,
  "validation_loss": 0.41349512338638306,
  "best_epoch": 1,
  "best_validation_1_F1": 0.8407643312101413,
  "best_validation_0_F1": 0.8502994011975549,
  "best_validation_accuracy": 0.845679012345679,
  "best_validation_average_F1": 0.845531866203848,
  "best_validation_loss": 0.42303185029463336,
  "test_1_F1": 0.7199999999999503,
  "test_0_F1": 0.7586206896551226,
  "test_accuracy": 0.7407407407407407,
  "test_average_F1": 0.7393103448275364,
  "test_loss": 0.5635497949340127
}