{
  "peak_cpu_memory_MB": 2675.196,
  "peak_gpu_0_memory_MB": 1241,
  "training_duration": "00:00:22",
  "training_start_epoch": 0,
  "training_epochs": 0,
  "epoch": 0,
  "training_1_P": 0.5115273775216138,
  "training_1_R": 0.5419847328244275,
  "training_1_F1": 0.5263157894736343,
  "training_0_P": 0.512987012987013,
  "training_0_R": 0.48244274809160304,
  "training_0_F1": 0.4972462627851585,
  "training_accuracy": 0.5122137404580153,
  "training_average_F1": 0.5117810261293965,
  "training_loss": 0.7620797818753777,
  "training_cpu_memory_MB": 2675.196,
  "training_gpu_0_memory_MB": 1241,
  "validation_1_P": 0.5,
  "validation_1_R": 1.0,
  "validation_1_F1": 0.6666666666666222,
  "validation_0_P": 0.0,
  "validation_0_R": 0.0,
  "validation_0_F1": 0.0,
  "validation_accuracy": 0.5,
  "validation_average_F1": 0.3333333333333111,
  "validation_loss": 0.6933170557022095,
  "best_epoch": 0,
  "best_validation_1_P": 0.5,
  "best_validation_1_R": 1.0,
  "best_validation_1_F1": 0.6666666666666222,
  "best_validation_0_P": 0.0,
  "best_validation_0_R": 0.0,
  "best_validation_0_F1": 0.0,
  "best_validation_accuracy": 0.5,
  "best_validation_average_F1": 0.3333333333333111,
  "best_validation_loss": 0.6933170557022095
}