{
  "peak_cpu_memory_MB": 2675.196,
  "peak_gpu_0_memory_MB": 2510,
  "training_duration": "00:01:32",
  "training_start_epoch": 0,
  "training_epochs": 3,
  "epoch": 3,
  "training_1_P": 0.4879154078549849,
  "training_1_R": 0.49312977099236643,
  "training_1_F1": 0.4905087319665407,
  "training_0_P": 0.4876543209876543,
  "training_0_R": 0.48244274809160304,
  "training_0_F1": 0.4850345356868264,
  "training_accuracy": 0.48778625954198473,
  "training_average_F1": 0.48777163382668354,
  "training_loss": 0.7016243542112955,
  "training_cpu_memory_MB": 2675.196,
  "training_gpu_0_memory_MB": 2510,
  "validation_1_P": 0.0,
  "validation_1_R": 0.0,
  "validation_1_F1": 0.0,
  "validation_0_P": 0.5,
  "validation_0_R": 1.0,
  "validation_0_F1": 0.6666666666666222,
  "validation_accuracy": 0.5,
  "validation_average_F1": 0.3333333333333111,
  "validation_loss": 0.7022700038823214,
  "best_epoch": 0,
  "best_validation_1_P": 0.5,
  "best_validation_1_R": 1.0,
  "best_validation_1_F1": 0.6666666666666222,
  "best_validation_0_P": 0.0,
  "best_validation_0_R": 0.0,
  "best_validation_0_F1": 0.0,
  "best_validation_accuracy": 0.5,
  "best_validation_average_F1": 0.3333333333333111,
  "best_validation_loss": 0.6933170557022095,
  "test_1_P": 0.5,
  "test_1_R": 1.0,
  "test_1_F1": 0.6666666666666222,
  "test_0_P": 0.0,
  "test_0_R": 0.0,
  "test_0_F1": 0.0,
  "test_accuracy": 0.5,
  "test_average_F1": 0.3333333333333111,
  "test_loss": 0.6932247118516401
}