{
  "peak_cpu_memory_MB": 2675.196,
  "peak_gpu_0_memory_MB": 2510,
  "training_duration": "00:00:45",
  "training_start_epoch": 0,
  "training_epochs": 1,
  "epoch": 1,
  "training_1_P": 0.4950166112956811,
  "training_1_R": 0.4549618320610687,
  "training_1_F1": 0.4741447891805388,
  "training_0_P": 0.4957627118644068,
  "training_0_R": 0.5358778625954198,
  "training_0_F1": 0.5150403521642934,
  "training_accuracy": 0.4954198473282443,
  "training_average_F1": 0.49459257067241613,
  "training_loss": 0.7141971828007116,
  "training_cpu_memory_MB": 2675.196,
  "training_gpu_0_memory_MB": 2510,
  "validation_1_P": 0.0,
  "validation_1_R": 0.0,
  "validation_1_F1": 0.0,
  "validation_0_P": 0.5,
  "validation_0_R": 1.0,
  "validation_0_F1": 0.6666666666666222,
  "validation_accuracy": 0.5,
  "validation_average_F1": 0.3333333333333111,
  "validation_loss": 0.6975159049034119,
  "best_epoch": 0,
  "best_validation_1_P": 0.5,
  "best_validation_1_R": 1.0,
  "best_validation_1_F1": 0.6666666666666222,
  "best_validation_0_P": 0.0,
  "best_validation_0_R": 0.0,
  "best_validation_0_F1": 0.0,
  "best_validation_accuracy": 0.5,
  "best_validation_average_F1": 0.3333333333333111,
  "best_validation_loss": 0.6933170557022095
}