{
  "peak_cpu_memory_MB": 2675.196,
  "peak_gpu_0_memory_MB": 2510,
  "training_duration": "00:01:08",
  "training_start_epoch": 0,
  "training_epochs": 2,
  "epoch": 2,
  "training_1_P": 0.49001536098310294,
  "training_1_R": 0.4870229007633588,
  "training_1_F1": 0.48851454823884743,
  "training_0_P": 0.49013657056145676,
  "training_0_R": 0.49312977099236643,
  "training_0_F1": 0.49162861491623616,
  "training_accuracy": 0.4900763358778626,
  "training_average_F1": 0.4900715815775418,
  "training_loss": 0.7068952743600054,
  "training_cpu_memory_MB": 2675.196,
  "training_gpu_0_memory_MB": 2510,
  "validation_1_P": 0.0,
  "validation_1_R": 0.0,
  "validation_1_F1": 0.0,
  "validation_0_P": 0.5,
  "validation_0_R": 1.0,
  "validation_0_F1": 0.6666666666666222,
  "validation_accuracy": 0.5,
  "validation_average_F1": 0.3333333333333111,
  "validation_loss": 0.6944111856547269,
  "best_epoch": 0,
  "best_validation_1_P": 0.5,
  "best_validation_1_R": 1.0,
  "best_validation_1_F1": 0.6666666666666222,
  "best_validation_0_P": 0.0,
  "best_validation_0_R": 0.0,
  "best_validation_0_F1": 0.0,
  "best_validation_accuracy": 0.5,
  "best_validation_average_F1": 0.3333333333333111,
  "best_validation_loss": 0.6933170557022095
}