{
  "training_duration": "00:07:27",
  "training_start_epoch": 0,
  "training_epochs": 2,
  "epoch": 2,
  "training_1_F1": 0.7870302137066559,
  "training_0_F1": 0.7711797307996334,
  "training_accuracy": 0.7793893129770992,
  "training_average_F1": 0.7791049722531447,
  "training_loss": 0.6384583391794344,
  "validation_1_F1": 0.7412587412586923,
  "validation_0_F1": 0.7955801104971881,
  "validation_accuracy": 0.7716049382716049,
  "validation_average_F1": 0.7684194258779402,
  "validation_loss": 0.5974422909996726,
  "best_epoch": 2,
  "best_validation_1_F1": 0.7412587412586923,
  "best_validation_0_F1": 0.7955801104971881,
  "best_validation_accuracy": 0.7716049382716049,
  "best_validation_average_F1": 0.7684194258779402,
  "best_validation_loss": 0.5974422909996726
}