{
  "training_duration": "00:04:50",
  "training_start_epoch": 0,
  "training_epochs": 1,
  "epoch": 1,
  "training_1_F1": 0.7077162899453904,
  "training_0_F1": 0.7195213163799052,
  "training_accuracy": 0.7137404580152672,
  "training_average_F1": 0.7136188031626478,
  "training_loss": 0.676045068153521,
  "validation_1_F1": 0.7361963190183549,
  "validation_0_F1": 0.7329192546583353,
  "validation_accuracy": 0.7345679012345679,
  "validation_average_F1": 0.734557786838345,
  "validation_loss": 0.6270583434538408,
  "best_epoch": 1,
  "best_validation_1_F1": 0.7361963190183549,
  "best_validation_0_F1": 0.7329192546583353,
  "best_validation_accuracy": 0.7345679012345679,
  "best_validation_average_F1": 0.734557786838345,
  "best_validation_loss": 0.6270583434538408
}