{
  "training_duration": "00:15:18",
  "training_start_epoch": 0,
  "training_epochs": 5,
  "epoch": 5,
  "training_1_F1": 0.8453608247422181,
  "training_0_F1": 0.8335974643422639,
  "training_accuracy": 0.8396946564885496,
  "training_average_F1": 0.8394791445422409,
  "training_loss": 0.5248828533946014,
  "validation_1_F1": 0.7682119205297516,
  "validation_0_F1": 0.7976878612716265,
  "validation_accuracy": 0.7839506172839507,
  "validation_average_F1": 0.7829498909006891,
  "validation_loss": 0.5186344087123871,
  "best_epoch": 4,
  "best_validation_1_F1": 0.7837837837837343,
  "best_validation_0_F1": 0.8181818181817685,
  "best_validation_accuracy": 0.8024691358024691,
  "best_validation_average_F1": 0.8009828009827513,
  "best_validation_loss": 0.5077307928692211
}