{
  "training_duration": "00:02:22",
  "training_start_epoch": 0,
  "training_epochs": 0,
  "epoch": 0,
  "training_1_F1": 0.6687979539641458,
  "training_0_F1": 0.5094696969696499,
  "training_accuracy": 0.6045801526717557,
  "training_average_F1": 0.5891338254668979,
  "training_loss": 0.71569872047843,
  "validation_1_F1": 0.44827586206892334,
  "validation_0_F1": 0.6923076923076449,
  "validation_accuracy": 0.6049382716049383,
  "validation_average_F1": 0.570291777188284,
  "validation_loss": 0.672622642733834,
  "best_epoch": 0,
  "best_validation_1_F1": 0.44827586206892334,
  "best_validation_0_F1": 0.6923076923076449,
  "best_validation_accuracy": 0.6049382716049383,
  "best_validation_average_F1": 0.570291777188284,
  "best_validation_loss": 0.672622642733834
}