{
  "peak_cpu_memory_MB": 3085.316,
  "peak_gpu_0_memory_MB": 11,
  "peak_gpu_1_memory_MB": 3034,
  "peak_gpu_2_memory_MB": 2958,
  "peak_gpu_3_memory_MB": 11,
  "peak_gpu_4_memory_MB": 11,
  "peak_gpu_5_memory_MB": 11,
  "peak_gpu_6_memory_MB": 11,
  "peak_gpu_7_memory_MB": 11,
  "peak_gpu_8_memory_MB": 11,
  "peak_gpu_9_memory_MB": 11,
  "peak_gpu_10_memory_MB": 11,
  "peak_gpu_11_memory_MB": 11,
  "peak_gpu_12_memory_MB": 11,
  "peak_gpu_13_memory_MB": 11,
  "peak_gpu_14_memory_MB": 11,
  "peak_gpu_15_memory_MB": 11,
  "training_duration": "00:01:44",
  "training_start_epoch": 0,
  "training_epochs": 3,
  "epoch": 3,
  "training_1_F1": 0.9340409401060911,
  "training_0_F1": 0.9331283627977979,
  "training_accuracy": 0.933587786259542,
  "training_average_F1": 0.9335846514519445,
  "training_loss": 0.20466106066980014,
  "training_cpu_memory_MB": 3085.316,
  "training_gpu_0_memory_MB": 11,
  "training_gpu_1_memory_MB": 3034,
  "training_gpu_2_memory_MB": 2954,
  "training_gpu_3_memory_MB": 11,
  "training_gpu_4_memory_MB": 11,
  "training_gpu_5_memory_MB": 11,
  "training_gpu_6_memory_MB": 11,
  "training_gpu_7_memory_MB": 11,
  "training_gpu_8_memory_MB": 11,
  "training_gpu_9_memory_MB": 11,
  "training_gpu_10_memory_MB": 11,
  "training_gpu_11_memory_MB": 11,
  "training_gpu_12_memory_MB": 11,
  "training_gpu_13_memory_MB": 11,
  "training_gpu_14_memory_MB": 11,
  "training_gpu_15_memory_MB": 11,
  "validation_1_F1": 0.853503184713326,
  "validation_0_F1": 0.8622754491017465,
  "validation_accuracy": 0.8580246913580247,
  "validation_average_F1": 0.8578893169075362,
  "validation_loss": 0.3002780262719501,
  "best_epoch": 2,
  "best_validation_1_F1": 0.8627450980391658,
  "best_validation_0_F1": 0.8771929824560905,
  "best_validation_accuracy": 0.8703703703703703,
  "best_validation_average_F1": 0.8699690402476281,
  "best_validation_loss": 0.3102010684934529,
  "test_1_F1": 0.830188679245233,
  "test_0_F1": 0.8363636363635865,
  "test_accuracy": 0.8333333333333334,
  "test_average_F1": 0.8332761578044097,
  "test_loss": 0.3515766046263955
}