{
  "peak_cpu_memory_MB": 4426.608,
  "peak_gpu_0_memory_MB": 11,
  "peak_gpu_1_memory_MB": 11,
  "peak_gpu_2_memory_MB": 11,
  "peak_gpu_3_memory_MB": 11,
  "peak_gpu_4_memory_MB": 11,
  "peak_gpu_5_memory_MB": 11,
  "peak_gpu_6_memory_MB": 11,
  "peak_gpu_7_memory_MB": 11,
  "peak_gpu_8_memory_MB": 11,
  "peak_gpu_9_memory_MB": 11,
  "peak_gpu_10_memory_MB": 11,
  "peak_gpu_11_memory_MB": 8326,
  "peak_gpu_12_memory_MB": 11,
  "peak_gpu_13_memory_MB": 11,
  "peak_gpu_14_memory_MB": 11,
  "peak_gpu_15_memory_MB": 11,
  "training_duration": "00:07:18",
  "training_start_epoch": 0,
  "training_epochs": 4,
  "epoch": 4,
  "training_1_F1": 0.9459253617668959,
  "training_0_F1": 0.9456771231828115,
  "training_accuracy": 0.9458015267175572,
  "training_average_F1": 0.9458012424748536,
  "training_loss": 0.23937482277794583,
  "training_cpu_memory_MB": 4426.608,
  "training_gpu_0_memory_MB": 11,
  "training_gpu_1_memory_MB": 11,
  "training_gpu_2_memory_MB": 11,
  "training_gpu_3_memory_MB": 11,
  "training_gpu_4_memory_MB": 11,
  "training_gpu_5_memory_MB": 11,
  "training_gpu_6_memory_MB": 11,
  "training_gpu_7_memory_MB": 11,
  "training_gpu_8_memory_MB": 11,
  "training_gpu_9_memory_MB": 11,
  "training_gpu_10_memory_MB": 11,
  "training_gpu_11_memory_MB": 8326,
  "training_gpu_12_memory_MB": 11,
  "training_gpu_13_memory_MB": 11,
  "training_gpu_14_memory_MB": 11,
  "training_gpu_15_memory_MB": 11,
  "validation_1_F1": 0.7801418439715824,
  "validation_0_F1": 0.8306010928961256,
  "validation_accuracy": 0.808641975308642,
  "validation_average_F1": 0.805371468433854,
  "validation_loss": 0.43105020035396924,
  "best_epoch": 2,
  "best_validation_1_F1": 0.8333333333332835,
  "best_validation_0_F1": 0.8452380952380453,
  "best_validation_accuracy": 0.8395061728395061,
  "best_validation_average_F1": 0.8392857142856645,
  "best_validation_loss": 0.3799197484146465,
  "test_1_F1": 0.8461538461537963,
  "test_0_F1": 0.8571428571428074,
  "test_accuracy": 0.8518518518518519,
  "test_average_F1": 0.8516483516483018,
  "test_loss": 0.36117192154580896
}