{
  "peak_cpu_memory_MB": 2663.064,
  "peak_gpu_0_memory_MB": 11,
  "peak_gpu_1_memory_MB": 3042,
  "peak_gpu_2_memory_MB": 11,
  "peak_gpu_3_memory_MB": 11,
  "peak_gpu_4_memory_MB": 11,
  "peak_gpu_5_memory_MB": 11,
  "peak_gpu_6_memory_MB": 11,
  "peak_gpu_7_memory_MB": 11,
  "peak_gpu_8_memory_MB": 11,
  "peak_gpu_9_memory_MB": 11,
  "peak_gpu_10_memory_MB": 11,
  "peak_gpu_11_memory_MB": 11,
  "peak_gpu_12_memory_MB": 11,
  "peak_gpu_13_memory_MB": 11,
  "peak_gpu_14_memory_MB": 11,
  "peak_gpu_15_memory_MB": 11,
  "training_duration": "00:01:47",
  "training_start_epoch": 0,
  "training_epochs": 3,
  "epoch": 3,
  "training_neg_F1": 0.9040935672514121,
  "training_pos_F1": 0.8197802197801699,
  "training_accuracy": 0.8748091603053435,
  "training_average_F1": 0.861936893515791,
  "training_loss": 0.3839393974077411,
  "training_cpu_memory_MB": 2663.064,
  "training_gpu_0_memory_MB": 11,
  "training_gpu_1_memory_MB": 3042,
  "training_gpu_2_memory_MB": 11,
  "training_gpu_3_memory_MB": 11,
  "training_gpu_4_memory_MB": 11,
  "training_gpu_5_memory_MB": 11,
  "training_gpu_6_memory_MB": 11,
  "training_gpu_7_memory_MB": 11,
  "training_gpu_8_memory_MB": 11,
  "training_gpu_9_memory_MB": 11,
  "training_gpu_10_memory_MB": 11,
  "training_gpu_11_memory_MB": 11,
  "training_gpu_12_memory_MB": 11,
  "training_gpu_13_memory_MB": 11,
  "training_gpu_14_memory_MB": 11,
  "training_gpu_15_memory_MB": 11,
  "validation_neg_F1": 0.813397129186553,
  "validation_pos_F1": 0.6608695652173414,
  "validation_accuracy": 0.7592592592592593,
  "validation_average_F1": 0.7371333472019472,
  "validation_loss": 0.47914480621164496,
  "best_epoch": 1,
  "best_validation_neg_F1": 0.8425925925925425,
  "best_validation_pos_F1": 0.6851851851851353,
  "best_validation_accuracy": 0.7901234567901234,
  "best_validation_average_F1": 0.7638888888888389,
  "best_validation_loss": 0.5119167051532052,
  "test_neg_F1": 0.8281938325990692,
  "test_pos_F1": 0.5979381443298485,
  "test_accuracy": 0.7592592592592593,
  "test_average_F1": 0.7130659884644588,
  "test_loss": 0.5019213665615428
}