{
  "peak_cpu_memory_MB": 3071.272,
  "peak_gpu_0_memory_MB": 1241,
  "training_duration": "00:00:22",
  "training_start_epoch": 0,
  "training_epochs": 0,
  "epoch": 0,
  "training_1_F1": 0.7904903417532934,
  "training_0_F1": 0.7786499215070145,
  "training_accuracy": 0.7847328244274809,
  "training_average_F1": 0.7845701316301539,
  "training_loss": 0.4728195729052148,
  "training_cpu_memory_MB": 3071.272,
  "training_gpu_0_memory_MB": 1241,
  "validation_1_F1": 0.7882352941175973,
  "validation_0_F1": 0.7662337662337164,
  "validation_accuracy": 0.7777777777777778,
  "validation_average_F1": 0.7772345301756569,
  "validation_loss": 0.5138222033327277,
  "best_epoch": 0,
  "best_validation_1_F1": 0.7882352941175973,
  "best_validation_0_F1": 0.7662337662337164,
  "best_validation_accuracy": 0.7777777777777778,
  "best_validation_average_F1": 0.7772345301756569,
  "best_validation_loss": 0.5138222033327277
}