{
  "peak_cpu_memory_MB": 5732.764,
  "peak_gpu_0_memory_MB": 11,
  "peak_gpu_1_memory_MB": 11,
  "peak_gpu_2_memory_MB": 11,
  "peak_gpu_3_memory_MB": 11,
  "peak_gpu_4_memory_MB": 11,
  "peak_gpu_5_memory_MB": 11,
  "peak_gpu_6_memory_MB": 11,
  "peak_gpu_7_memory_MB": 11,
  "peak_gpu_8_memory_MB": 11,
  "peak_gpu_9_memory_MB": 11,
  "peak_gpu_10_memory_MB": 11,
  "peak_gpu_11_memory_MB": 11,
  "peak_gpu_12_memory_MB": 11,
  "peak_gpu_13_memory_MB": 11,
  "peak_gpu_14_memory_MB": 8426,
  "peak_gpu_15_memory_MB": 11,
  "training_duration": "00:01:17",
  "training_start_epoch": 4,
  "training_epochs": 0,
  "epoch": 4,
  "training_1_F1": 0.9916222391469417,
  "training_0_F1": 0.9915837796479989,
  "training_accuracy": 0.9916030534351145,
  "training_average_F1": 0.9916030093974704,
  "training_loss": 0.0316219156119609,
  "training_cpu_memory_MB": 5732.764,
  "training_gpu_0_memory_MB": 11,
  "training_gpu_1_memory_MB": 11,
  "training_gpu_2_memory_MB": 11,
  "training_gpu_3_memory_MB": 11,
  "training_gpu_4_memory_MB": 11,
  "training_gpu_5_memory_MB": 11,
  "training_gpu_6_memory_MB": 11,
  "training_gpu_7_memory_MB": 11,
  "training_gpu_8_memory_MB": 11,
  "training_gpu_9_memory_MB": 11,
  "training_gpu_10_memory_MB": 11,
  "training_gpu_11_memory_MB": 11,
  "training_gpu_12_memory_MB": 11,
  "training_gpu_13_memory_MB": 11,
  "training_gpu_14_memory_MB": 4177,
  "training_gpu_15_memory_MB": 11,
  "validation_1_F1": 0.845714285714236,
  "validation_0_F1": 0.8187919463086752,
  "validation_accuracy": 0.8333333333333334,
  "validation_average_F1": 0.8322531160114557,
  "validation_loss": 0.5903825583783063,
  "best_epoch": 2,
  "best_validation_1_F1": 0.8280254777069566,
  "best_validation_0_F1": 0.8383233532933633,
  "best_validation_accuracy": 0.8333333333333334,
  "best_validation_average_F1": 0.8331744155001599,
  "best_validation_loss": 0.41293195431882684,
  "test_1_F1": 0.7682119205297516,
  "test_0_F1": 0.7976878612716265,
  "test_accuracy": 0.7839506172839507,
  "test_average_F1": 0.7829498909006891,
  "test_loss": 0.6295813918113708
}