{
  "peak_cpu_memory_MB": 5769.16,
  "peak_gpu_0_memory_MB": 11,
  "peak_gpu_1_memory_MB": 3694,
  "peak_gpu_2_memory_MB": 11,
  "peak_gpu_3_memory_MB": 11,
  "peak_gpu_4_memory_MB": 11,
  "peak_gpu_5_memory_MB": 11,
  "peak_gpu_6_memory_MB": 1634,
  "peak_gpu_7_memory_MB": 11,
  "peak_gpu_8_memory_MB": 11,
  "peak_gpu_9_memory_MB": 11,
  "peak_gpu_10_memory_MB": 11,
  "peak_gpu_11_memory_MB": 4842,
  "peak_gpu_12_memory_MB": 11,
  "peak_gpu_13_memory_MB": 11,
  "peak_gpu_14_memory_MB": 11,
  "peak_gpu_15_memory_MB": 11,
  "training_duration": "00:00:31",
  "training_start_epoch": 0,
  "training_epochs": 0,
  "epoch": 0,
  "training_1_P": 0.7271407837445574,
  "training_1_R": 0.7648854961832061,
  "training_1_F1": 0.7455357142856645,
  "training_0_P": 0.7520128824476651,
  "training_0_R": 0.7129770992366412,
  "training_0_F1": 0.7319749216300441,
  "training_accuracy": 0.7389312977099237,
  "training_average_F1": 0.7387553179578543,
  "training_loss": 0.5387686447399419,
  "training_cpu_memory_MB": 5769.16,
  "training_gpu_0_memory_MB": 11,
  "training_gpu_1_memory_MB": 3694,
  "training_gpu_2_memory_MB": 11,
  "training_gpu_3_memory_MB": 11,
  "training_gpu_4_memory_MB": 11,
  "training_gpu_5_memory_MB": 11,
  "training_gpu_6_memory_MB": 1634,
  "training_gpu_7_memory_MB": 11,
  "training_gpu_8_memory_MB": 11,
  "training_gpu_9_memory_MB": 11,
  "training_gpu_10_memory_MB": 11,
  "training_gpu_11_memory_MB": 4842,
  "training_gpu_12_memory_MB": 11,
  "training_gpu_13_memory_MB": 11,
  "training_gpu_14_memory_MB": 11,
  "training_gpu_15_memory_MB": 11,
  "validation_1_P": 0.8701298701298701,
  "validation_1_R": 0.8271604938271605,
  "validation_1_F1": 0.8481012658227349,
  "validation_0_P": 0.8352941176470589,
  "validation_0_R": 0.8765432098765432,
  "validation_0_F1": 0.855421686746938,
  "validation_accuracy": 0.8518518518518519,
  "validation_average_F1": 0.8517614762848364,
  "validation_loss": 0.3429296924309297,
  "best_epoch": 0,
  "best_validation_1_P": 0.8701298701298701,
  "best_validation_1_R": 0.8271604938271605,
  "best_validation_1_F1": 0.8481012658227349,
  "best_validation_0_P": 0.8352941176470589,
  "best_validation_0_R": 0.8765432098765432,
  "best_validation_0_F1": 0.855421686746938,
  "best_validation_accuracy": 0.8518518518518519,
  "best_validation_average_F1": 0.8517614762848364,
  "best_validation_loss": 0.3429296924309297
}