{
  "peak_cpu_memory_MB": 3363.392,
  "peak_gpu_0_memory_MB": 11,
  "peak_gpu_1_memory_MB": 11,
  "peak_gpu_2_memory_MB": 11,
  "peak_gpu_3_memory_MB": 11,
  "peak_gpu_4_memory_MB": 11,
  "peak_gpu_5_memory_MB": 11,
  "peak_gpu_6_memory_MB": 11,
  "peak_gpu_7_memory_MB": 11,
  "peak_gpu_8_memory_MB": 11,
  "peak_gpu_9_memory_MB": 11,
  "peak_gpu_10_memory_MB": 11,
  "peak_gpu_11_memory_MB": 11,
  "peak_gpu_12_memory_MB": 11,
  "peak_gpu_13_memory_MB": 11,
  "peak_gpu_14_memory_MB": 11,
  "peak_gpu_15_memory_MB": 4554,
  "training_duration": "00:50:27",
  "training_start_epoch": 0,
  "training_epochs": 4,
  "epoch": 4,
  "training_joy_F1": 0.9785362304460922,
  "training_sadness_F1": 0.9371367492817991,
  "training_fear_F1": 0.9225576236859371,
  "training_anger_F1": 0.9155973251400187,
  "training_surprise_F1": 0.8939449541283904,
  "training_disgust_F1": 0.9207303974220767,
  "training_trust_F1": 0.9585331452749853,
  "training_anticipation_F1": 0.9010819165378172,
  "training_accuracy": 0.9455692602073799,
  "training_average_F1": 0.9285147927396395,
  "training_loss": 0.16709055340208723,
  "training_cpu_memory_MB": 3363.392,
  "training_gpu_0_memory_MB": 11,
  "training_gpu_1_memory_MB": 11,
  "training_gpu_2_memory_MB": 11,
  "training_gpu_3_memory_MB": 11,
  "training_gpu_4_memory_MB": 11,
  "training_gpu_5_memory_MB": 11,
  "training_gpu_6_memory_MB": 11,
  "training_gpu_7_memory_MB": 11,
  "training_gpu_8_memory_MB": 11,
  "training_gpu_9_memory_MB": 11,
  "training_gpu_10_memory_MB": 11,
  "training_gpu_11_memory_MB": 11,
  "training_gpu_12_memory_MB": 11,
  "training_gpu_13_memory_MB": 11,
  "training_gpu_14_memory_MB": 11,
  "training_gpu_15_memory_MB": 4554,
  "validation_joy_F1": 0.8251821019770572,
  "validation_sadness_F1": 0.5109070034442672,
  "validation_fear_F1": 0.40872727272722287,
  "validation_anger_F1": 0.4041604754828623,
  "validation_surprise_F1": 0.2865329512893483,
  "validation_disgust_F1": 0.38006230529590024,
  "validation_trust_F1": 0.6225165562913408,
  "validation_anticipation_F1": 0.2928870292886547,
  "validation_accuracy": 0.5888681978067453,
  "validation_average_F1": 0.46637196197458175,
  "validation_loss": 1.9013787840459213,
  "best_epoch": 3,
  "best_validation_joy_F1": 0.8209074024939803,
  "best_validation_sadness_F1": 0.5659033078879909,
  "best_validation_fear_F1": 0.3876651982378363,
  "best_validation_anger_F1": 0.37531486146090803,
  "best_validation_surprise_F1": 0.29464285714280714,
  "best_validation_disgust_F1": 0.36630036630031715,
  "best_validation_trust_F1": 0.6476578411404798,
  "best_validation_anticipation_F1": 0.3061224489795419,
  "best_validation_accuracy": 0.5948686116283881,
  "best_validation_average_F1": 0.4705642854554826,
  "best_validation_loss": 1.5358988010253842
}