{
  "training_duration": "00:05:14",
  "training_start_epoch": 0,
  "training_epochs": 4,
  "epoch": 4,
  "training_1_P": 0.992412746585736,
  "training_1_R": 0.9984732824427481,
  "training_1_F1": 0.995433789954288,
  "training_0_P": 0.9984639016897081,
  "training_0_R": 0.9923664122137404,
  "training_0_F1": 0.9954058192955091,
  "training_accuracy": 0.9954198473282443,
  "training_average_F1": 0.9954198046248985,
  "training_loss": 0.05072313685697026,
  "validation_1_P": 0.8767123287671232,
  "validation_1_R": 0.7901234567901234,
  "validation_1_F1": 0.8311688311687814,
  "validation_0_P": 0.8089887640449438,
  "validation_0_R": 0.8888888888888888,
  "validation_0_F1": 0.8470588235293619,
  "validation_accuracy": 0.8395061728395061,
  "validation_average_F1": 0.8391138273490717,
  "validation_loss": 0.4767064878886396,
  "best_epoch": 3,
  "best_validation_1_P": 0.8904109589041096,
  "best_validation_1_R": 0.8024691358024691,
  "best_validation_1_F1": 0.8441558441557944,
  "best_validation_0_P": 0.8202247191011236,
  "best_validation_0_R": 0.9012345679012346,
  "best_validation_0_F1": 0.8588235294117148,
  "best_validation_accuracy": 0.8518518518518519,
  "best_validation_average_F1": 0.8514896867837546,
  "best_validation_loss": 0.44176584346727893
}