{
  "training_duration": "00:03:06",
  "training_start_epoch": 0,
  "training_epochs": 2,
  "epoch": 2,
  "training_1_P": 0.9026162790697675,
  "training_1_R": 0.9480916030534351,
  "training_1_F1": 0.9247952345494661,
  "training_0_P": 0.9453376205787781,
  "training_0_R": 0.8977099236641222,
  "training_0_F1": 0.9209083790132625,
  "training_accuracy": 0.9229007633587786,
  "training_average_F1": 0.9228518067813642,
  "training_loss": 0.23566452477399896,
  "validation_1_P": 0.8089887640449438,
  "validation_1_R": 0.8888888888888888,
  "validation_1_F1": 0.8470588235293619,
  "validation_0_P": 0.8767123287671232,
  "validation_0_R": 0.7901234567901234,
  "validation_0_F1": 0.8311688311687814,
  "validation_accuracy": 0.8395061728395061,
  "validation_average_F1": 0.8391138273490717,
  "validation_loss": 0.34445397691293195,
  "best_epoch": 1,
  "best_validation_1_P": 0.8043478260869565,
  "best_validation_1_R": 0.9135802469135802,
  "best_validation_1_F1": 0.855491329479719,
  "best_validation_0_P": 0.9,
  "best_validation_0_R": 0.7777777777777778,
  "best_validation_0_F1": 0.8344370860926656,
  "best_validation_accuracy": 0.845679012345679,
  "best_validation_average_F1": 0.8449642077861923,
  "best_validation_loss": 0.4210421293973923
}