{
  "training_duration": "00:01:57",
  "training_start_epoch": 0,
  "training_epochs": 1,
  "epoch": 1,
  "training_1_P": 0.8380281690140845,
  "training_1_R": 0.9083969465648855,
  "training_1_F1": 0.871794871794822,
  "training_0_P": 0.9,
  "training_0_R": 0.8244274809160306,
  "training_0_F1": 0.8605577689242531,
  "training_accuracy": 0.8664122137404581,
  "training_average_F1": 0.8661763203595375,
  "training_loss": 0.357018892721432,
  "validation_1_P": 0.8043478260869565,
  "validation_1_R": 0.9135802469135802,
  "validation_1_F1": 0.855491329479719,
  "validation_0_P": 0.9,
  "validation_0_R": 0.7777777777777778,
  "validation_0_F1": 0.8344370860926656,
  "validation_accuracy": 0.845679012345679,
  "validation_average_F1": 0.8449642077861923,
  "validation_loss": 0.4210421293973923,
  "best_epoch": 1,
  "best_validation_1_P": 0.8043478260869565,
  "best_validation_1_R": 0.9135802469135802,
  "best_validation_1_F1": 0.855491329479719,
  "best_validation_0_P": 0.9,
  "best_validation_0_R": 0.7777777777777778,
  "best_validation_0_F1": 0.8344370860926656,
  "best_validation_accuracy": 0.845679012345679,
  "best_validation_average_F1": 0.8449642077861923,
  "best_validation_loss": 0.4210421293973923
}