{
  "peak_cpu_memory_MB": 2641.58,
  "peak_gpu_0_memory_MB": 2498,
  "training_duration": "00:00:45",
  "training_start_epoch": 0,
  "training_epochs": 1,
  "epoch": 1,
  "training_1_P": 0.8956780923994039,
  "training_1_R": 0.917557251908397,
  "training_1_F1": 0.9064856711915037,
  "training_0_P": 0.9154929577464789,
  "training_0_R": 0.8931297709923665,
  "training_0_F1": 0.9041731066460088,
  "training_accuracy": 0.9053435114503817,
  "training_average_F1": 0.9053293889187563,
  "training_loss": 0.24327562990166793,
  "training_cpu_memory_MB": 2641.58,
  "training_gpu_0_memory_MB": 2498,
  "validation_1_P": 0.8625,
  "validation_1_R": 0.8518518518518519,
  "validation_1_F1": 0.8571428571428072,
  "validation_0_P": 0.8536585365853658,
  "validation_0_R": 0.8641975308641975,
  "validation_0_F1": 0.8588957055214225,
  "validation_accuracy": 0.8580246913580247,
  "validation_average_F1": 0.8580192813321148,
  "validation_loss": 0.5619842674244534,
  "best_epoch": 1,
  "best_validation_1_P": 0.8625,
  "best_validation_1_R": 0.8518518518518519,
  "best_validation_1_F1": 0.8571428571428072,
  "best_validation_0_P": 0.8536585365853658,
  "best_validation_0_R": 0.8641975308641975,
  "best_validation_0_F1": 0.8588957055214225,
  "best_validation_accuracy": 0.8580246913580247,
  "best_validation_average_F1": 0.8580192813321148,
  "best_validation_loss": 0.5619842674244534
}