{
  "peak_cpu_memory_MB": 2641.58,
  "peak_gpu_0_memory_MB": 2606,
  "training_duration": "00:02:05",
  "training_start_epoch": 0,
  "training_epochs": 4,
  "epoch": 4,
  "training_1_P": 0.9984756097560976,
  "training_1_R": 1.0,
  "training_1_F1": 0.9992372234934664,
  "training_0_P": 1.0,
  "training_0_R": 0.9984732824427481,
  "training_0_F1": 0.9992360580595376,
  "training_accuracy": 0.999236641221374,
  "training_average_F1": 0.9992366407765021,
  "training_loss": 0.004335049484436196,
  "training_cpu_memory_MB": 2641.58,
  "training_gpu_0_memory_MB": 2606,
  "validation_1_P": 0.8481012658227848,
  "validation_1_R": 0.8271604938271605,
  "validation_1_F1": 0.83749999999995,
  "validation_0_P": 0.8313253012048193,
  "validation_0_R": 0.8518518518518519,
  "validation_0_F1": 0.8414634146340965,
  "validation_accuracy": 0.8395061728395061,
  "validation_average_F1": 0.8394817073170232,
  "validation_loss": 1.0127268067815087,
  "best_epoch": 1,
  "best_validation_1_P": 0.8625,
  "best_validation_1_R": 0.8518518518518519,
  "best_validation_1_F1": 0.8571428571428072,
  "best_validation_0_P": 0.8536585365853658,
  "best_validation_0_R": 0.8641975308641975,
  "best_validation_0_F1": 0.8588957055214225,
  "best_validation_accuracy": 0.8580246913580247,
  "best_validation_average_F1": 0.8580192813321148,
  "best_validation_loss": 0.5619842674244534
}