{
  "peak_cpu_memory_MB": 3082.784,
  "peak_gpu_0_memory_MB": 2510,
  "training_duration": "00:01:16",
  "training_start_epoch": 0,
  "training_epochs": 2,
  "epoch": 2,
  "training_1_F1": 0.7933634992458022,
  "training_0_F1": 0.7882534775888218,
  "training_accuracy": 0.7908396946564885,
  "training_average_F1": 0.790808488417312,
  "training_loss": 0.5060886537156454,
  "training_cpu_memory_MB": 3082.784,
  "training_gpu_0_memory_MB": 2510,
  "validation_1_F1": 0.7770700636942176,
  "validation_0_F1": 0.7904191616765968,
  "validation_accuracy": 0.7839506172839507,
  "validation_average_F1": 0.7837446126854072,
  "validation_loss": 0.49459336562590167,
  "best_epoch": 1,
  "best_validation_1_F1": 0.785276073619582,
  "best_validation_0_F1": 0.782608695652124,
  "best_validation_accuracy": 0.7839506172839507,
  "best_validation_average_F1": 0.783942384635853,
  "best_validation_loss": 0.5320249470797452,
  "test_1_F1": 0.7560975609755598,
  "test_0_F1": 0.74999999999995,
  "test_accuracy": 0.7530864197530864,
  "test_average_F1": 0.7530487804877549,
  "test_loss": 0.5356157936833121
}