{
  "peak_cpu_memory_MB": 3069.92,
  "peak_gpu_0_memory_MB": 2510,
  "training_duration": "00:00:45",
  "training_start_epoch": 0,
  "training_epochs": 1,
  "epoch": 1,
  "training_1_F1": 0.46411483253583524,
  "training_0_F1": 0.5080527086383103,
  "training_accuracy": 0.4870229007633588,
  "training_average_F1": 0.48608377058707275,
  "training_loss": 0.7153939212240824,
  "training_cpu_memory_MB": 3069.92,
  "training_gpu_0_memory_MB": 2510,
  "validation_1_F1": 0.0,
  "validation_0_F1": 0.6666666666666222,
  "validation_accuracy": 0.5,
  "validation_average_F1": 0.3333333333333111,
  "validation_loss": 0.7001190998337485,
  "best_epoch": 0,
  "best_validation_1_F1": 0.0,
  "best_validation_0_F1": 0.6666666666666222,
  "best_validation_accuracy": 0.5,
  "best_validation_average_F1": 0.3333333333333111,
  "best_validation_loss": 0.6986443075266752,
  "test_1_F1": 0.0,
  "test_0_F1": 0.6666666666666222,
  "test_accuracy": 0.5,
  "test_average_F1": 0.3333333333333111,
  "test_loss": 0.7069099111990496
}