{
  "peak_cpu_memory_MB": 5736.424,
  "peak_gpu_0_memory_MB": 11,
  "peak_gpu_1_memory_MB": 11,
  "peak_gpu_2_memory_MB": 11,
  "peak_gpu_3_memory_MB": 11,
  "peak_gpu_4_memory_MB": 11,
  "peak_gpu_5_memory_MB": 11,
  "peak_gpu_6_memory_MB": 11,
  "peak_gpu_7_memory_MB": 11,
  "peak_gpu_8_memory_MB": 11,
  "peak_gpu_9_memory_MB": 11,
  "peak_gpu_10_memory_MB": 11,
  "peak_gpu_11_memory_MB": 11,
  "peak_gpu_12_memory_MB": 11,
  "peak_gpu_13_memory_MB": 11,
  "peak_gpu_14_memory_MB": 8346,
  "peak_gpu_15_memory_MB": 11,
  "training_duration": "00:15:40",
  "training_start_epoch": 0,
  "training_epochs": 10,
  "epoch": 10,
  "training_1_F1": 0.996186117467532,
  "training_0_F1": 0.9961802902978875,
  "training_accuracy": 0.9961832061068703,
  "training_average_F1": 0.9961832038827098,
  "training_loss": 0.017862740962655374,
  "training_cpu_memory_MB": 5736.424,
  "training_gpu_0_memory_MB": 11,
  "training_gpu_1_memory_MB": 11,
  "training_gpu_2_memory_MB": 11,
  "training_gpu_3_memory_MB": 11,
  "training_gpu_4_memory_MB": 11,
  "training_gpu_5_memory_MB": 11,
  "training_gpu_6_memory_MB": 11,
  "training_gpu_7_memory_MB": 11,
  "training_gpu_8_memory_MB": 11,
  "training_gpu_9_memory_MB": 11,
  "training_gpu_10_memory_MB": 11,
  "training_gpu_11_memory_MB": 11,
  "training_gpu_12_memory_MB": 11,
  "training_gpu_13_memory_MB": 11,
  "training_gpu_14_memory_MB": 8346,
  "training_gpu_15_memory_MB": 11,
  "validation_1_F1": 0.8588235294117148,
  "validation_0_F1": 0.8441558441557944,
  "validation_accuracy": 0.8518518518518519,
  "validation_average_F1": 0.8514896867837546,
  "validation_loss": 0.49432760409333487,
  "best_epoch": 8,
  "best_validation_1_F1": 0.8571428571428074,
  "best_validation_0_F1": 0.8461538461537963,
  "best_validation_accuracy": 0.8518518518518519,
  "best_validation_average_F1": 0.8516483516483018,
  "best_validation_loss": 0.5277649110013788,
  "test_1_F1": 0.8152866242037717,
  "test_0_F1": 0.8263473053891718,
  "test_accuracy": 0.8209876543209876,
  "test_average_F1": 0.8208169647964718,
  "test_loss": 1.0119421780109406
}