{
  "peak_cpu_memory_MB": 2643.14,
  "peak_gpu_0_memory_MB": 2510,
  "training_duration": "00:02:31",
  "training_start_epoch": 0,
  "training_epochs": 5,
  "epoch": 5,
  "training_1_P": 0.9832826747720365,
  "training_1_R": 0.9877862595419847,
  "training_1_F1": 0.9855293221629357,
  "training_0_P": 0.9877300613496932,
  "training_0_R": 0.983206106870229,
  "training_0_F1": 0.9854628921193073,
  "training_accuracy": 0.9854961832061069,
  "training_average_F1": 0.9854961071411215,
  "training_loss": 0.04770821516924515,
  "training_cpu_memory_MB": 2643.14,
  "training_gpu_0_memory_MB": 2510,
  "validation_1_P": 0.8160919540229885,
  "validation_1_R": 0.8765432098765432,
  "validation_1_F1": 0.8452380952380453,
  "validation_0_P": 0.8666666666666667,
  "validation_0_R": 0.8024691358024691,
  "validation_0_F1": 0.8333333333332835,
  "validation_accuracy": 0.8395061728395061,
  "validation_average_F1": 0.8392857142856645,
  "validation_loss": 0.7223750999705358,
  "best_epoch": 3,
  "best_validation_1_P": 0.8333333333333334,
  "best_validation_1_R": 0.8641975308641975,
  "best_validation_1_F1": 0.8484848484847984,
  "best_validation_0_P": 0.8589743589743589,
  "best_validation_0_R": 0.8271604938271605,
  "best_validation_0_F1": 0.8427672955974342,
  "best_validation_accuracy": 0.845679012345679,
  "best_validation_average_F1": 0.8456260720411164,
  "best_validation_loss": 0.5919798192652789
}