{
  "peak_cpu_memory_MB": 2643.14,
  "peak_gpu_0_memory_MB": 2510,
  "training_duration": "00:00:46",
  "training_start_epoch": 0,
  "training_epochs": 1,
  "epoch": 1,
  "training_1_P": 0.8653846153846154,
  "training_1_R": 0.8931297709923665,
  "training_1_F1": 0.8790383170547961,
  "training_0_P": 0.889589905362776,
  "training_0_R": 0.8610687022900764,
  "training_0_F1": 0.8750969743987087,
  "training_accuracy": 0.8770992366412214,
  "training_average_F1": 0.8770676457267523,
  "training_loss": 0.29629886704610614,
  "training_cpu_memory_MB": 2643.14,
  "training_gpu_0_memory_MB": 2510,
  "validation_1_P": 0.8333333333333334,
  "validation_1_R": 0.8024691358024691,
  "validation_1_F1": 0.8176100628930317,
  "validation_0_P": 0.8095238095238095,
  "validation_0_R": 0.8395061728395061,
  "validation_0_F1": 0.8242424242423743,
  "validation_accuracy": 0.8209876543209876,
  "validation_average_F1": 0.8209262435677029,
  "validation_loss": 0.38700043477795343,
  "best_epoch": 1,
  "best_validation_1_P": 0.8333333333333334,
  "best_validation_1_R": 0.8024691358024691,
  "best_validation_1_F1": 0.8176100628930317,
  "best_validation_0_P": 0.8095238095238095,
  "best_validation_0_R": 0.8395061728395061,
  "best_validation_0_F1": 0.8242424242423743,
  "best_validation_accuracy": 0.8209876543209876,
  "best_validation_average_F1": 0.8209262435677029,
  "best_validation_loss": 0.38700043477795343
}