{
  "peak_cpu_memory_MB": 2643.14,
  "peak_gpu_0_memory_MB": 2510,
  "training_duration": "00:03:45",
  "training_start_epoch": 0,
  "training_epochs": 8,
  "epoch": 8,
  "training_1_P": 0.9969512195121951,
  "training_1_R": 0.9984732824427481,
  "training_1_F1": 0.9977116704804992,
  "training_0_P": 0.9984709480122325,
  "training_0_R": 0.9969465648854962,
  "training_0_F1": 0.9977081741787125,
  "training_accuracy": 0.9977099236641221,
  "training_average_F1": 0.9977099223296059,
  "training_loss": 0.014182866749739865,
  "training_cpu_memory_MB": 2643.14,
  "training_gpu_0_memory_MB": 2510,
  "validation_1_P": 0.8333333333333334,
  "validation_1_R": 0.8024691358024691,
  "validation_1_F1": 0.8176100628930317,
  "validation_0_P": 0.8095238095238095,
  "validation_0_R": 0.8395061728395061,
  "validation_0_F1": 0.8242424242423743,
  "validation_accuracy": 0.8209876543209876,
  "validation_average_F1": 0.8209262435677029,
  "validation_loss": 0.9303120604970239,
  "best_epoch": 7,
  "best_validation_1_P": 0.8202247191011236,
  "best_validation_1_R": 0.9012345679012346,
  "best_validation_1_F1": 0.8588235294117148,
  "best_validation_0_P": 0.8904109589041096,
  "best_validation_0_R": 0.8024691358024691,
  "best_validation_0_F1": 0.8441558441557944,
  "best_validation_accuracy": 0.8518518518518519,
  "best_validation_average_F1": 0.8514896867837546,
  "best_validation_loss": 0.9040697819807313
}