{
  "peak_cpu_memory_MB": 2643.14,
  "peak_gpu_0_memory_MB": 2510,
  "training_duration": "00:01:17",
  "training_start_epoch": 0,
  "training_epochs": 2,
  "epoch": 2,
  "training_1_P": 0.9225037257824144,
  "training_1_R": 0.9450381679389313,
  "training_1_F1": 0.9336349924584719,
  "training_0_P": 0.9436619718309859,
  "training_0_R": 0.9206106870229007,
  "training_0_F1": 0.9319938176197335,
  "training_accuracy": 0.932824427480916,
  "training_average_F1": 0.9328144050391027,
  "training_loss": 0.19281998503862358,
  "training_cpu_memory_MB": 2643.14,
  "training_gpu_0_memory_MB": 2510,
  "validation_1_P": 0.8285714285714286,
  "validation_1_R": 0.7160493827160493,
  "validation_1_F1": 0.7682119205297516,
  "validation_0_P": 0.75,
  "validation_0_R": 0.8518518518518519,
  "validation_0_F1": 0.7976878612716265,
  "validation_accuracy": 0.7839506172839507,
  "validation_average_F1": 0.7829498909006891,
  "validation_loss": 0.4952769916165959,
  "best_epoch": 1,
  "best_validation_1_P": 0.8333333333333334,
  "best_validation_1_R": 0.8024691358024691,
  "best_validation_1_F1": 0.8176100628930317,
  "best_validation_0_P": 0.8095238095238095,
  "best_validation_0_R": 0.8395061728395061,
  "best_validation_0_F1": 0.8242424242423743,
  "best_validation_accuracy": 0.8209876543209876,
  "best_validation_average_F1": 0.8209262435677029,
  "best_validation_loss": 0.38700043477795343
}