{
  "peak_cpu_memory_MB": 2643.14,
  "peak_gpu_0_memory_MB": 2510,
  "training_duration": "00:04:33",
  "training_start_epoch": 0,
  "training_epochs": 10,
  "epoch": 10,
  "training_1_P": 1.0,
  "training_1_R": 0.9984732824427481,
  "training_1_F1": 0.9992360580595376,
  "training_0_P": 0.9984756097560976,
  "training_0_R": 1.0,
  "training_0_F1": 0.9992372234934664,
  "training_accuracy": 0.999236641221374,
  "training_average_F1": 0.9992366407765021,
  "training_loss": 0.005391845615898691,
  "training_cpu_memory_MB": 2643.14,
  "training_gpu_0_memory_MB": 2510,
  "validation_1_P": 0.8372093023255814,
  "validation_1_R": 0.8888888888888888,
  "validation_1_F1": 0.8622754491017465,
  "validation_0_P": 0.881578947368421,
  "validation_0_R": 0.8271604938271605,
  "validation_0_F1": 0.853503184713326,
  "validation_accuracy": 0.8580246913580247,
  "validation_average_F1": 0.8578893169075362,
  "validation_loss": 0.9137504737485539,
  "best_epoch": 10,
  "best_validation_1_P": 0.8372093023255814,
  "best_validation_1_R": 0.8888888888888888,
  "best_validation_1_F1": 0.8622754491017465,
  "best_validation_0_P": 0.881578947368421,
  "best_validation_0_R": 0.8271604938271605,
  "best_validation_0_F1": 0.853503184713326,
  "best_validation_accuracy": 0.8580246913580247,
  "best_validation_average_F1": 0.8578893169075362,
  "best_validation_loss": 0.9137504737485539
}