{
  "peak_cpu_memory_MB": 2643.14,
  "peak_gpu_0_memory_MB": 2510,
  "training_duration": "00:03:18",
  "training_start_epoch": 0,
  "training_epochs": 7,
  "epoch": 7,
  "training_1_P": 0.9954198473282443,
  "training_1_R": 0.9954198473282443,
  "training_1_F1": 0.9954198473281943,
  "training_0_P": 0.9954198473282443,
  "training_0_R": 0.9954198473282443,
  "training_0_F1": 0.9954198473281943,
  "training_accuracy": 0.9954198473282443,
  "training_average_F1": 0.9954198473281943,
  "training_loss": 0.01908584857904693,
  "training_cpu_memory_MB": 2643.14,
  "training_gpu_0_memory_MB": 2510,
  "validation_1_P": 0.8202247191011236,
  "validation_1_R": 0.9012345679012346,
  "validation_1_F1": 0.8588235294117148,
  "validation_0_P": 0.8904109589041096,
  "validation_0_R": 0.8024691358024691,
  "validation_0_F1": 0.8441558441557944,
  "validation_accuracy": 0.8518518518518519,
  "validation_average_F1": 0.8514896867837546,
  "validation_loss": 0.9040697819807313,
  "best_epoch": 7,
  "best_validation_1_P": 0.8202247191011236,
  "best_validation_1_R": 0.9012345679012346,
  "best_validation_1_F1": 0.8588235294117148,
  "best_validation_0_P": 0.8904109589041096,
  "best_validation_0_R": 0.8024691358024691,
  "best_validation_0_F1": 0.8441558441557944,
  "best_validation_accuracy": 0.8518518518518519,
  "best_validation_average_F1": 0.8514896867837546,
  "best_validation_loss": 0.9040697819807313
}