{
  "peak_cpu_memory_MB": 2643.14,
  "peak_gpu_0_memory_MB": 2510,
  "training_duration": "00:05:00",
  "training_start_epoch": 0,
  "training_epochs": 11,
  "epoch": 11,
  "training_1_P": 1.0,
  "training_1_R": 1.0,
  "training_1_F1": 0.99999999999995,
  "training_0_P": 1.0,
  "training_0_R": 1.0,
  "training_0_F1": 0.99999999999995,
  "training_accuracy": 1.0,
  "training_average_F1": 0.99999999999995,
  "training_loss": 0.004296508748311459,
  "training_cpu_memory_MB": 2643.14,
  "training_gpu_0_memory_MB": 2510,
  "validation_1_P": 0.8311688311688312,
  "validation_1_R": 0.7901234567901234,
  "validation_1_F1": 0.8101265822784312,
  "validation_0_P": 0.8,
  "validation_0_R": 0.8395061728395061,
  "validation_0_F1": 0.8192771084336851,
  "validation_accuracy": 0.8148148148148148,
  "validation_average_F1": 0.8147018453560582,
  "validation_loss": 1.041916780851104,
  "best_epoch": 10,
  "best_validation_1_P": 0.8372093023255814,
  "best_validation_1_R": 0.8888888888888888,
  "best_validation_1_F1": 0.8622754491017465,
  "best_validation_0_P": 0.881578947368421,
  "best_validation_0_R": 0.8271604938271605,
  "best_validation_0_F1": 0.853503184713326,
  "best_validation_accuracy": 0.8580246913580247,
  "best_validation_average_F1": 0.8578893169075362,
  "best_validation_loss": 0.9137504737485539
}