{
  "peak_cpu_memory_MB": 2643.14,
  "peak_gpu_0_memory_MB": 1241,
  "training_duration": "00:00:22",
  "training_start_epoch": 0,
  "training_epochs": 0,
  "epoch": 0,
  "training_1_P": 0.7522522522522522,
  "training_1_R": 0.7648854961832061,
  "training_1_F1": 0.7585162755487767,
  "training_0_P": 0.7608695652173914,
  "training_0_R": 0.7480916030534351,
  "training_0_F1": 0.754426481909111,
  "training_accuracy": 0.7564885496183206,
  "training_average_F1": 0.7564713787289439,
  "training_loss": 0.4946434639576005,
  "training_cpu_memory_MB": 2643.14,
  "training_gpu_0_memory_MB": 1241,
  "validation_1_P": 0.776595744680851,
  "validation_1_R": 0.9012345679012346,
  "validation_1_F1": 0.8342857142856646,
  "validation_0_P": 0.8823529411764706,
  "validation_0_R": 0.7407407407407407,
  "validation_0_F1": 0.8053691275167288,
  "validation_accuracy": 0.8209876543209876,
  "validation_average_F1": 0.8198274209011966,
  "validation_loss": 0.49026932228695264,
  "best_epoch": 0,
  "best_validation_1_P": 0.776595744680851,
  "best_validation_1_R": 0.9012345679012346,
  "best_validation_1_F1": 0.8342857142856646,
  "best_validation_0_P": 0.8823529411764706,
  "best_validation_0_R": 0.7407407407407407,
  "best_validation_0_F1": 0.8053691275167288,
  "best_validation_accuracy": 0.8209876543209876,
  "best_validation_average_F1": 0.8198274209011966,
  "best_validation_loss": 0.49026932228695264
}