{
  "peak_cpu_memory_MB": 2643.14,
  "peak_gpu_0_memory_MB": 2510,
  "training_duration": "00:02:54",
  "training_start_epoch": 0,
  "training_epochs": 6,
  "epoch": 6,
  "training_1_P": 0.989345509893455,
  "training_1_R": 0.9923664122137404,
  "training_1_F1": 0.9908536585365354,
  "training_0_P": 0.9923430321592649,
  "training_0_R": 0.9893129770992366,
  "training_0_F1": 0.9908256880733444,
  "training_accuracy": 0.9908396946564886,
  "training_average_F1": 0.9908396733049398,
  "training_loss": 0.02955677293854334,
  "training_cpu_memory_MB": 2643.14,
  "training_gpu_0_memory_MB": 2510,
  "validation_1_P": 0.8354430379746836,
  "validation_1_R": 0.8148148148148148,
  "validation_1_F1": 0.82499999999995,
  "validation_0_P": 0.8192771084337349,
  "validation_0_R": 0.8395061728395061,
  "validation_0_F1": 0.8292682926828769,
  "validation_accuracy": 0.8271604938271605,
  "validation_average_F1": 0.8271341463414135,
  "validation_loss": 0.7278208427808501,
  "best_epoch": 3,
  "best_validation_1_P": 0.8333333333333334,
  "best_validation_1_R": 0.8641975308641975,
  "best_validation_1_F1": 0.8484848484847984,
  "best_validation_0_P": 0.8589743589743589,
  "best_validation_0_R": 0.8271604938271605,
  "best_validation_0_F1": 0.8427672955974342,
  "best_validation_accuracy": 0.845679012345679,
  "best_validation_average_F1": 0.8456260720411164,
  "best_validation_loss": 0.5919798192652789
}