{
  "peak_cpu_memory_MB": 2643.14,
  "peak_gpu_0_memory_MB": 2510,
  "training_duration": "00:01:40",
  "training_start_epoch": 0,
  "training_epochs": 3,
  "epoch": 3,
  "training_1_P": 0.9546827794561934,
  "training_1_R": 0.9648854961832061,
  "training_1_F1": 0.9597570235382947,
  "training_0_P": 0.9645061728395061,
  "training_0_R": 0.9541984732824428,
  "training_0_F1": 0.9593246354565886,
  "training_accuracy": 0.9595419847328245,
  "training_average_F1": 0.9595408294974417,
  "training_loss": 0.12760229426913144,
  "training_cpu_memory_MB": 2643.14,
  "training_gpu_0_memory_MB": 2510,
  "validation_1_P": 0.8333333333333334,
  "validation_1_R": 0.8641975308641975,
  "validation_1_F1": 0.8484848484847984,
  "validation_0_P": 0.8589743589743589,
  "validation_0_R": 0.8271604938271605,
  "validation_0_F1": 0.8427672955974342,
  "validation_accuracy": 0.845679012345679,
  "validation_average_F1": 0.8456260720411164,
  "validation_loss": 0.5919798192652789,
  "best_epoch": 3,
  "best_validation_1_P": 0.8333333333333334,
  "best_validation_1_R": 0.8641975308641975,
  "best_validation_1_F1": 0.8484848484847984,
  "best_validation_0_P": 0.8589743589743589,
  "best_validation_0_R": 0.8271604938271605,
  "best_validation_0_F1": 0.8427672955974342,
  "best_validation_accuracy": 0.845679012345679,
  "best_validation_average_F1": 0.8456260720411164,
  "best_validation_loss": 0.5919798192652789
}