{
  "peak_cpu_memory_MB": 2643.14,
  "peak_gpu_0_memory_MB": 2510,
  "training_duration": "00:02:07",
  "training_start_epoch": 0,
  "training_epochs": 4,
  "epoch": 4,
  "training_1_P": 0.9758308157099698,
  "training_1_R": 0.9862595419847329,
  "training_1_F1": 0.9810174639331315,
  "training_0_P": 0.9861111111111112,
  "training_0_R": 0.9755725190839695,
  "training_0_F1": 0.9808135072908173,
  "training_accuracy": 0.9809160305343512,
  "training_average_F1": 0.9809154856119744,
  "training_loss": 0.07483655950281679,
  "training_cpu_memory_MB": 2643.14,
  "training_gpu_0_memory_MB": 2510,
  "validation_1_P": 0.8111111111111111,
  "validation_1_R": 0.9012345679012346,
  "validation_1_F1": 0.8538011695905934,
  "validation_0_P": 0.8888888888888888,
  "validation_0_R": 0.7901234567901234,
  "validation_0_F1": 0.8366013071894927,
  "validation_accuracy": 0.845679012345679,
  "validation_average_F1": 0.845201238390043,
  "validation_loss": 0.6380854601209814,
  "best_epoch": 3,
  "best_validation_1_P": 0.8333333333333334,
  "best_validation_1_R": 0.8641975308641975,
  "best_validation_1_F1": 0.8484848484847984,
  "best_validation_0_P": 0.8589743589743589,
  "best_validation_0_R": 0.8271604938271605,
  "best_validation_0_F1": 0.8427672955974342,
  "best_validation_accuracy": 0.845679012345679,
  "best_validation_average_F1": 0.8456260720411164,
  "best_validation_loss": 0.5919798192652789
}