{
  "peak_cpu_memory_MB": 3071.096,
  "peak_gpu_0_memory_MB": 2590,
  "training_duration": "00:02:22",
  "training_start_epoch": 0,
  "training_epochs": 5,
  "epoch": 5,
  "training_1_P": 0.9742033383915023,
  "training_1_R": 0.9801526717557252,
  "training_1_F1": 0.9771689497716395,
  "training_0_P": 0.9800307219662059,
  "training_0_R": 0.9740458015267176,
  "training_0_F1": 0.9770290964777449,
  "training_accuracy": 0.9770992366412213,
  "training_average_F1": 0.9770990231246922,
  "training_loss": 0.08780285493448013,
  "training_cpu_memory_MB": 3071.096,
  "training_gpu_0_memory_MB": 2590,
  "validation_1_P": 0.8658536585365854,
  "validation_1_R": 0.8765432098765432,
  "validation_1_F1": 0.8711656441717291,
  "validation_0_P": 0.875,
  "validation_0_R": 0.8641975308641975,
  "validation_0_F1": 0.8695652173912544,
  "validation_accuracy": 0.8703703703703703,
  "validation_average_F1": 0.8703654307814918,
  "validation_loss": 0.5387189381501891,
  "best_epoch": 3,
  "best_validation_1_P": 0.8961038961038961,
  "best_validation_1_R": 0.8518518518518519,
  "best_validation_1_F1": 0.8734177215189374,
  "best_validation_0_P": 0.8588235294117647,
  "best_validation_0_R": 0.9012345679012346,
  "best_validation_0_F1": 0.8795180722891066,
  "best_validation_accuracy": 0.8765432098765432,
  "best_validation_average_F1": 0.876467896904022,
  "best_validation_loss": 0.5135510211641138
}