{
  "peak_cpu_memory_MB": 3071.096,
  "peak_gpu_0_memory_MB": 2590,
  "training_duration": "00:02:46",
  "training_start_epoch": 0,
  "training_epochs": 6,
  "epoch": 6,
  "training_1_P": 0.9786910197869102,
  "training_1_R": 0.981679389312977,
  "training_1_F1": 0.9801829268292184,
  "training_0_P": 0.9816232771822359,
  "training_0_R": 0.9786259541984733,
  "training_0_F1": 0.9801223241589715,
  "training_accuracy": 0.9801526717557252,
  "training_average_F1": 0.9801526254940949,
  "training_loss": 0.072686274229299,
  "training_cpu_memory_MB": 3071.096,
  "training_gpu_0_memory_MB": 2590,
  "validation_1_P": 0.9066666666666666,
  "validation_1_R": 0.8395061728395061,
  "validation_1_F1": 0.8717948717948218,
  "validation_0_P": 0.8505747126436781,
  "validation_0_R": 0.9135802469135802,
  "validation_0_F1": 0.8809523809523311,
  "validation_accuracy": 0.8765432098765432,
  "validation_average_F1": 0.8763736263735764,
  "validation_loss": 0.6157501732761209,
  "best_epoch": 3,
  "best_validation_1_P": 0.8961038961038961,
  "best_validation_1_R": 0.8518518518518519,
  "best_validation_1_F1": 0.8734177215189374,
  "best_validation_0_P": 0.8588235294117647,
  "best_validation_0_R": 0.9012345679012346,
  "best_validation_0_F1": 0.8795180722891066,
  "best_validation_accuracy": 0.8765432098765432,
  "best_validation_average_F1": 0.876467896904022,
  "best_validation_loss": 0.5135510211641138,
  "test_1_P": 0.8292682926829268,
  "test_1_R": 0.8395061728395061,
  "test_1_F1": 0.8343558282208088,
  "test_0_P": 0.8375,
  "test_0_R": 0.8271604938271605,
  "test_0_F1": 0.8322981366459128,
  "test_accuracy": 0.8333333333333334,
  "test_average_F1": 0.8333269824333608,
  "test_loss": 0.4592827819287777
}