{
  "peak_cpu_memory_MB": 3071.096,
  "peak_gpu_0_memory_MB": 1241,
  "training_duration": "00:00:22",
  "training_start_epoch": 0,
  "training_epochs": 0,
  "epoch": 0,
  "training_1_P": 0.8076923076923077,
  "training_1_R": 0.833587786259542,
  "training_1_F1": 0.820435762584473,
  "training_0_P": 0.8280757097791798,
  "training_0_R": 0.8015267175572519,
  "training_0_F1": 0.8145849495732627,
  "training_accuracy": 0.8175572519083969,
  "training_average_F1": 0.8175103560788679,
  "training_loss": 0.4286185811932494,
  "training_cpu_memory_MB": 3071.096,
  "training_gpu_0_memory_MB": 1241,
  "validation_1_P": 0.8390804597701149,
  "validation_1_R": 0.9012345679012346,
  "validation_1_F1": 0.8690476190475692,
  "validation_0_P": 0.8933333333333333,
  "validation_0_R": 0.8271604938271605,
  "validation_0_F1": 0.8589743589743091,
  "validation_accuracy": 0.8641975308641975,
  "validation_average_F1": 0.8640109890109391,
  "validation_loss": 0.3081619590520859,
  "best_epoch": 0,
  "best_validation_1_P": 0.8390804597701149,
  "best_validation_1_R": 0.9012345679012346,
  "best_validation_1_F1": 0.8690476190475692,
  "best_validation_0_P": 0.8933333333333333,
  "best_validation_0_R": 0.8271604938271605,
  "best_validation_0_F1": 0.8589743589743091,
  "best_validation_accuracy": 0.8641975308641975,
  "best_validation_average_F1": 0.8640109890109391,
  "best_validation_loss": 0.3081619590520859
}