{
  "peak_cpu_memory_MB": 3071.096,
  "peak_gpu_0_memory_MB": 2506,
  "training_duration": "00:01:08",
  "training_start_epoch": 0,
  "training_epochs": 2,
  "epoch": 2,
  "training_1_P": 0.9169139465875371,
  "training_1_R": 0.9435114503816794,
  "training_1_F1": 0.9300225733633812,
  "training_0_P": 0.9418238993710691,
  "training_0_R": 0.9145038167938931,
  "training_0_F1": 0.9279628195197022,
  "training_accuracy": 0.9290076335877863,
  "training_average_F1": 0.9289926964415417,
  "training_loss": 0.21002819357303584,
  "training_cpu_memory_MB": 3071.096,
  "training_gpu_0_memory_MB": 2506,
  "validation_1_P": 0.8390804597701149,
  "validation_1_R": 0.9012345679012346,
  "validation_1_F1": 0.8690476190475692,
  "validation_0_P": 0.8933333333333333,
  "validation_0_R": 0.8271604938271605,
  "validation_0_F1": 0.8589743589743091,
  "validation_accuracy": 0.8641975308641975,
  "validation_average_F1": 0.8640109890109391,
  "validation_loss": 0.4996583346616138,
  "best_epoch": 0,
  "best_validation_1_P": 0.8390804597701149,
  "best_validation_1_R": 0.9012345679012346,
  "best_validation_1_F1": 0.8690476190475692,
  "best_validation_0_P": 0.8933333333333333,
  "best_validation_0_R": 0.8271604938271605,
  "best_validation_0_F1": 0.8589743589743091,
  "best_validation_accuracy": 0.8641975308641975,
  "best_validation_average_F1": 0.8640109890109391,
  "best_validation_loss": 0.3081619590520859
}