{
  "peak_cpu_memory_MB": 4443.348,
  "peak_gpu_0_memory_MB": 11,
  "peak_gpu_1_memory_MB": 11,
  "peak_gpu_2_memory_MB": 11,
  "peak_gpu_3_memory_MB": 11,
  "peak_gpu_4_memory_MB": 11,
  "peak_gpu_5_memory_MB": 11,
  "peak_gpu_6_memory_MB": 11,
  "peak_gpu_7_memory_MB": 11,
  "peak_gpu_8_memory_MB": 11,
  "peak_gpu_9_memory_MB": 11,
  "peak_gpu_10_memory_MB": 11,
  "peak_gpu_11_memory_MB": 11,
  "peak_gpu_12_memory_MB": 11,
  "peak_gpu_13_memory_MB": 11,
  "peak_gpu_14_memory_MB": 8346,
  "peak_gpu_15_memory_MB": 11,
  "training_duration": "00:05:47",
  "training_start_epoch": 0,
  "training_epochs": 3,
  "epoch": 3,
  "training_1_F1": 0.976461655277095,
  "training_0_F1": 0.9762087490406255,
  "training_accuracy": 0.9763358778625955,
  "training_average_F1": 0.9763352021588603,
  "training_loss": 0.07322432657294883,
  "training_cpu_memory_MB": 4443.348,
  "training_gpu_0_memory_MB": 11,
  "training_gpu_1_memory_MB": 11,
  "training_gpu_2_memory_MB": 11,
  "training_gpu_3_memory_MB": 11,
  "training_gpu_4_memory_MB": 11,
  "training_gpu_5_memory_MB": 11,
  "training_gpu_6_memory_MB": 11,
  "training_gpu_7_memory_MB": 11,
  "training_gpu_8_memory_MB": 11,
  "training_gpu_9_memory_MB": 11,
  "training_gpu_10_memory_MB": 11,
  "training_gpu_11_memory_MB": 11,
  "training_gpu_12_memory_MB": 11,
  "training_gpu_13_memory_MB": 11,
  "training_gpu_14_memory_MB": 8346,
  "training_gpu_15_memory_MB": 11,
  "validation_1_F1": 0.8805031446540381,
  "validation_0_F1": 0.8848484848484349,
  "validation_accuracy": 0.8827160493827161,
  "validation_average_F1": 0.8826758147512366,
  "validation_loss": 0.3495059365575964,
  "best_epoch": 1,
  "best_validation_1_F1": 0.8903225806451115,
  "best_validation_0_F1": 0.8994082840236188,
  "best_validation_accuracy": 0.8950617283950617,
  "best_validation_average_F1": 0.8948654323343652,
  "best_validation_loss": 0.35455307296731253,
  "test_1_F1": 0.8399999999999503,
  "test_0_F1": 0.8620689655171917,
  "test_accuracy": 0.8518518518518519,
  "test_average_F1": 0.851034482758571,
  "test_loss": 0.32743868231773376
}