{
  "peak_cpu_memory_MB": 1849.792,
  "peak_gpu_0_memory_MB": 350,
  "training_duration": "00:00:02",
  "training_start_epoch": 0,
  "training_epochs": 1,
  "epoch": 1,
  "training_1_P": 0.8267254038179148,
  "training_1_R": 0.8595419847328244,
  "training_1_F1": 0.8428143712574351,
  "training_0_P": 0.8537360890302067,
  "training_0_R": 0.8198473282442749,
  "training_0_F1": 0.8364485981307913,
  "training_accuracy": 0.8396946564885496,
  "training_average_F1": 0.8396314846941132,
  "training_loss": 0.38854882475443003,
  "training_cpu_memory_MB": 1849.792,
  "training_gpu_0_memory_MB": 350,
  "validation_1_P": 0.7777777777777778,
  "validation_1_R": 0.8641975308641975,
  "validation_1_F1": 0.8187134502923479,
  "validation_0_P": 0.8472222222222222,
  "validation_0_R": 0.7530864197530864,
  "validation_0_F1": 0.797385620914983,
  "validation_accuracy": 0.808641975308642,
  "validation_average_F1": 0.8080495356036654,
  "validation_loss": 0.3817250362851403,
  "best_epoch": 1,
  "best_validation_1_P": 0.7777777777777778,
  "best_validation_1_R": 0.8641975308641975,
  "best_validation_1_F1": 0.8187134502923479,
  "best_validation_0_P": 0.8472222222222222,
  "best_validation_0_R": 0.7530864197530864,
  "best_validation_0_F1": 0.797385620914983,
  "best_validation_accuracy": 0.808641975308642,
  "best_validation_average_F1": 0.8080495356036654,
  "best_validation_loss": 0.3817250362851403
}