{
  "peak_cpu_memory_MB": 1850.444,
  "peak_gpu_0_memory_MB": 350,
  "training_duration": "00:00:04",
  "training_start_epoch": 0,
  "training_epochs": 3,
  "epoch": 3,
  "training_1_P": 0.9027982326951399,
  "training_1_R": 0.9358778625954198,
  "training_1_F1": 0.91904047976007,
  "training_0_P": 0.9334389857369255,
  "training_0_R": 0.899236641221374,
  "training_0_F1": 0.9160186625193902,
  "training_accuracy": 0.917557251908397,
  "training_average_F1": 0.9175295711397301,
  "training_loss": 0.23185783283921277,
  "training_cpu_memory_MB": 1850.444,
  "training_gpu_0_memory_MB": 350,
  "validation_1_P": 0.7802197802197802,
  "validation_1_R": 0.8765432098765432,
  "validation_1_F1": 0.8255813953487874,
  "validation_0_P": 0.8591549295774648,
  "validation_0_R": 0.7530864197530864,
  "validation_0_F1": 0.8026315789473186,
  "validation_accuracy": 0.8148148148148148,
  "validation_average_F1": 0.814106487148053,
  "validation_loss": 0.48719028857621277,
  "best_epoch": 2,
  "best_validation_1_P": 0.8,
  "best_validation_1_R": 0.8888888888888888,
  "best_validation_1_F1": 0.842105263157845,
  "best_validation_0_P": 0.875,
  "best_validation_0_R": 0.7777777777777778,
  "best_validation_0_F1": 0.8235294117646562,
  "best_validation_accuracy": 0.8333333333333334,
  "best_validation_average_F1": 0.8328173374612506,
  "best_validation_loss": 0.42809461734511634
}