{
  "peak_cpu_memory_MB": 1850.448,
  "peak_gpu_0_memory_MB": 350,
  "training_duration": "00:00:05",
  "training_start_epoch": 0,
  "training_epochs": 4,
  "epoch": 4,
  "training_1_P": 0.93026706231454,
  "training_1_R": 0.9572519083969465,
  "training_1_F1": 0.9435665914220719,
  "training_0_P": 0.9559748427672956,
  "training_0_R": 0.9282442748091603,
  "training_0_F1": 0.9419054996126534,
  "training_accuracy": 0.9427480916030534,
  "training_average_F1": 0.9427360455173626,
  "training_loss": 0.16385616412068285,
  "training_cpu_memory_MB": 1850.448,
  "training_gpu_0_memory_MB": 350,
  "validation_1_P": 0.8023255813953488,
  "validation_1_R": 0.8518518518518519,
  "validation_1_F1": 0.8263473053891718,
  "validation_0_P": 0.8421052631578947,
  "validation_0_R": 0.7901234567901234,
  "validation_0_F1": 0.8152866242037717,
  "validation_accuracy": 0.8209876543209876,
  "validation_average_F1": 0.8208169647964718,
  "validation_loss": 0.5313756906173446,
  "best_epoch": 2,
  "best_validation_1_P": 0.8,
  "best_validation_1_R": 0.8888888888888888,
  "best_validation_1_F1": 0.842105263157845,
  "best_validation_0_P": 0.875,
  "best_validation_0_R": 0.7777777777777778,
  "best_validation_0_F1": 0.8235294117646562,
  "best_validation_accuracy": 0.8333333333333334,
  "best_validation_average_F1": 0.8328173374612506,
  "best_validation_loss": 0.42809461734511634,
  "test_1_P": 0.7608695652173914,
  "test_1_R": 0.8641975308641975,
  "test_1_F1": 0.809248554913245,
  "test_0_P": 0.8428571428571429,
  "test_0_R": 0.7283950617283951,
  "test_0_F1": 0.7814569536423345,
  "test_accuracy": 0.7962962962962963,
  "test_average_F1": 0.7953527542777897,
  "test_loss": 0.6006391231309284
}