{
  "peak_cpu_memory_MB": 1826.616,
  "peak_gpu_0_memory_MB": 344,
  "training_duration": "00:00:01",
  "training_start_epoch": 0,
  "training_epochs": 0,
  "epoch": 0,
  "training_1_P": 0.743161094224924,
  "training_1_R": 0.7465648854961832,
  "training_1_F1": 0.7448591012946949,
  "training_0_P": 0.745398773006135,
  "training_0_R": 0.7419847328244275,
  "training_0_F1": 0.7436878347359867,
  "training_accuracy": 0.7442748091603053,
  "training_average_F1": 0.7442734680153408,
  "training_loss": 0.5370820291885515,
  "training_cpu_memory_MB": 1826.616,
  "training_gpu_0_memory_MB": 344,
  "validation_1_P": 0.7019230769230769,
  "validation_1_R": 0.9012345679012346,
  "validation_1_F1": 0.7891891891891399,
  "validation_0_P": 0.8620689655172413,
  "validation_0_R": 0.6172839506172839,
  "validation_0_F1": 0.7194244604316061,
  "validation_accuracy": 0.7592592592592593,
  "validation_average_F1": 0.754306824810373,
  "validation_loss": 0.5138486732136119,
  "best_epoch": 0,
  "best_validation_1_P": 0.7019230769230769,
  "best_validation_1_R": 0.9012345679012346,
  "best_validation_1_F1": 0.7891891891891399,
  "best_validation_0_P": 0.8620689655172413,
  "best_validation_0_R": 0.6172839506172839,
  "best_validation_0_F1": 0.7194244604316061,
  "best_validation_accuracy": 0.7592592592592593,
  "best_validation_average_F1": 0.754306824810373,
  "best_validation_loss": 0.5138486732136119
}