{
  "peak_cpu_memory_MB": 4456.776,
  "peak_gpu_0_memory_MB": 11,
  "peak_gpu_1_memory_MB": 2826,
  "peak_gpu_2_memory_MB": 11,
  "peak_gpu_3_memory_MB": 11,
  "peak_gpu_4_memory_MB": 11,
  "peak_gpu_5_memory_MB": 11,
  "peak_gpu_6_memory_MB": 1906,
  "peak_gpu_7_memory_MB": 11,
  "peak_gpu_8_memory_MB": 11,
  "peak_gpu_9_memory_MB": 11,
  "peak_gpu_10_memory_MB": 11,
  "peak_gpu_11_memory_MB": 3574,
  "peak_gpu_12_memory_MB": 11,
  "peak_gpu_13_memory_MB": 11,
  "peak_gpu_14_memory_MB": 11,
  "peak_gpu_15_memory_MB": 1242,
  "training_duration": "00:02:18",
  "training_start_epoch": 0,
  "training_epochs": 3,
  "epoch": 3,
  "training_1_P": 0.9597615499254843,
  "training_1_R": 0.983206106870229,
  "training_1_F1": 0.9713423831070391,
  "training_0_P": 0.9827856025039123,
  "training_0_R": 0.9587786259541985,
  "training_0_F1": 0.9706336939721294,
  "training_accuracy": 0.9709923664122138,
  "training_average_F1": 0.9709880385395843,
  "training_loss": 0.08486997827932966,
  "training_cpu_memory_MB": 4456.776,
  "training_gpu_0_memory_MB": 11,
  "training_gpu_1_memory_MB": 2826,
  "training_gpu_2_memory_MB": 11,
  "training_gpu_3_memory_MB": 11,
  "training_gpu_4_memory_MB": 11,
  "training_gpu_5_memory_MB": 11,
  "training_gpu_6_memory_MB": 1906,
  "training_gpu_7_memory_MB": 11,
  "training_gpu_8_memory_MB": 11,
  "training_gpu_9_memory_MB": 11,
  "training_gpu_10_memory_MB": 11,
  "training_gpu_11_memory_MB": 3574,
  "training_gpu_12_memory_MB": 11,
  "training_gpu_13_memory_MB": 11,
  "training_gpu_14_memory_MB": 11,
  "training_gpu_15_memory_MB": 11,
  "validation_1_P": 0.8072289156626506,
  "validation_1_R": 0.8271604938271605,
  "validation_1_F1": 0.8170731707316575,
  "validation_0_P": 0.8227848101265823,
  "validation_0_R": 0.8024691358024691,
  "validation_0_F1": 0.8124999999999502,
  "validation_accuracy": 0.8148148148148148,
  "validation_average_F1": 0.8147865853658038,
  "validation_loss": 0.5385096642104062,
  "best_epoch": 1,
  "best_validation_1_P": 0.8068181818181818,
  "best_validation_1_R": 0.8765432098765432,
  "best_validation_1_F1": 0.8402366863904827,
  "best_validation_0_P": 0.8648648648648649,
  "best_validation_0_R": 0.7901234567901234,
  "best_validation_0_F1": 0.8258064516128534,
  "best_validation_accuracy": 0.8333333333333334,
  "best_validation_average_F1": 0.833021569001668,
  "best_validation_loss": 0.3855326094410636,
  "test_1_P": 0.8292682926829268,
  "test_1_R": 0.8395061728395061,
  "test_1_F1": 0.8343558282208088,
  "test_0_P": 0.8375,
  "test_0_R": 0.8271604938271605,
  "test_0_F1": 0.8322981366459128,
  "test_accuracy": 0.8333333333333334,
  "test_average_F1": 0.8333269824333608,
  "test_loss": 0.4001147598028183
}