{
  "peak_cpu_memory_MB": 4456.776,
  "peak_gpu_0_memory_MB": 11,
  "peak_gpu_1_memory_MB": 2826,
  "peak_gpu_2_memory_MB": 11,
  "peak_gpu_3_memory_MB": 11,
  "peak_gpu_4_memory_MB": 11,
  "peak_gpu_5_memory_MB": 11,
  "peak_gpu_6_memory_MB": 1906,
  "peak_gpu_7_memory_MB": 11,
  "peak_gpu_8_memory_MB": 11,
  "peak_gpu_9_memory_MB": 11,
  "peak_gpu_10_memory_MB": 11,
  "peak_gpu_11_memory_MB": 3574,
  "peak_gpu_12_memory_MB": 11,
  "peak_gpu_13_memory_MB": 11,
  "peak_gpu_14_memory_MB": 11,
  "peak_gpu_15_memory_MB": 1242,
  "training_duration": "00:01:46",
  "training_start_epoch": 0,
  "training_epochs": 2,
  "epoch": 2,
  "training_1_P": 0.9118086696562033,
  "training_1_R": 0.9312977099236641,
  "training_1_F1": 0.9214501510573518,
  "training_0_P": 0.9297971918876755,
  "training_0_R": 0.9099236641221374,
  "training_0_F1": 0.9197530864197031,
  "training_accuracy": 0.9206106870229007,
  "training_average_F1": 0.9206016187385275,
  "training_loss": 0.21231794793431352,
  "training_cpu_memory_MB": 4456.776,
  "training_gpu_0_memory_MB": 11,
  "training_gpu_1_memory_MB": 2826,
  "training_gpu_2_memory_MB": 11,
  "training_gpu_3_memory_MB": 11,
  "training_gpu_4_memory_MB": 11,
  "training_gpu_5_memory_MB": 11,
  "training_gpu_6_memory_MB": 1906,
  "training_gpu_7_memory_MB": 11,
  "training_gpu_8_memory_MB": 11,
  "training_gpu_9_memory_MB": 11,
  "training_gpu_10_memory_MB": 11,
  "training_gpu_11_memory_MB": 3574,
  "training_gpu_12_memory_MB": 11,
  "training_gpu_13_memory_MB": 11,
  "training_gpu_14_memory_MB": 11,
  "training_gpu_15_memory_MB": 11,
  "validation_1_P": 0.7790697674418605,
  "validation_1_R": 0.8271604938271605,
  "validation_1_F1": 0.8023952095807884,
  "validation_0_P": 0.8157894736842105,
  "validation_0_R": 0.7654320987654321,
  "validation_0_F1": 0.7898089171974022,
  "validation_accuracy": 0.7962962962962963,
  "validation_average_F1": 0.7961020633890953,
  "validation_loss": 0.49406327307224274,
  "best_epoch": 1,
  "best_validation_1_P": 0.8068181818181818,
  "best_validation_1_R": 0.8765432098765432,
  "best_validation_1_F1": 0.8402366863904827,
  "best_validation_0_P": 0.8648648648648649,
  "best_validation_0_R": 0.7901234567901234,
  "best_validation_0_F1": 0.8258064516128534,
  "best_validation_accuracy": 0.8333333333333334,
  "best_validation_average_F1": 0.833021569001668,
  "best_validation_loss": 0.3855326094410636
}