{
  "peak_cpu_memory_MB": 3070.32,
  "peak_gpu_0_memory_MB": 2510,
  "training_duration": "00:02:51",
  "training_start_epoch": 0,
  "training_epochs": 6,
  "epoch": 6,
  "training_1_P": 0.9419642857142857,
  "training_1_R": 0.966412213740458,
  "training_1_F1": 0.9540316503390608,
  "training_0_P": 0.9655172413793104,
  "training_0_R": 0.9404580152671755,
  "training_0_F1": 0.9528228924980165,
  "training_accuracy": 0.9534351145038168,
  "training_average_F1": 0.9534272714185387,
  "training_loss": 0.1383488700475271,
  "training_cpu_memory_MB": 3070.32,
  "training_gpu_0_memory_MB": 2510,
  "validation_1_P": 0.875,
  "validation_1_R": 0.8641975308641975,
  "validation_1_F1": 0.8695652173912544,
  "validation_0_P": 0.8658536585365854,
  "validation_0_R": 0.8765432098765432,
  "validation_0_F1": 0.8711656441717291,
  "validation_accuracy": 0.8703703703703703,
  "validation_average_F1": 0.8703654307814918,
  "validation_loss": 0.48254997486417944,
  "best_epoch": 3,
  "best_validation_1_P": 0.8961038961038961,
  "best_validation_1_R": 0.8518518518518519,
  "best_validation_1_F1": 0.8734177215189374,
  "best_validation_0_P": 0.8588235294117647,
  "best_validation_0_R": 0.9012345679012346,
  "best_validation_0_F1": 0.8795180722891066,
  "best_validation_accuracy": 0.8765432098765432,
  "best_validation_average_F1": 0.876467896904022,
  "best_validation_loss": 0.4614091881296851,
  "test_1_P": 0.8571428571428571,
  "test_1_R": 0.8148148148148148,
  "test_1_F1": 0.8354430379746336,
  "test_0_P": 0.8235294117647058,
  "test_0_R": 0.8641975308641975,
  "test_0_F1": 0.8433734939758536,
  "test_accuracy": 0.8395061728395061,
  "test_average_F1": 0.8394082659752435,
  "test_loss": 0.4973574700680646
}