{
  "peak_cpu_memory_MB": 3090.66,
  "peak_gpu_0_memory_MB": 11,
  "peak_gpu_1_memory_MB": 11,
  "peak_gpu_2_memory_MB": 11,
  "peak_gpu_3_memory_MB": 11,
  "peak_gpu_4_memory_MB": 11,
  "peak_gpu_5_memory_MB": 11,
  "peak_gpu_6_memory_MB": 11,
  "peak_gpu_7_memory_MB": 11,
  "peak_gpu_8_memory_MB": 11,
  "peak_gpu_9_memory_MB": 11,
  "peak_gpu_10_memory_MB": 11,
  "peak_gpu_11_memory_MB": 3462,
  "peak_gpu_12_memory_MB": 11,
  "peak_gpu_13_memory_MB": 11,
  "peak_gpu_14_memory_MB": 7789,
  "peak_gpu_15_memory_MB": 4911,
  "training_duration": "00:03:25",
  "training_start_epoch": 0,
  "training_epochs": 5,
  "epoch": 5,
  "training_1_F1": 0.9786259541984234,
  "training_0_F1": 0.9786259541984234,
  "training_accuracy": 0.9786259541984733,
  "training_average_F1": 0.9786259541984234,
  "training_loss": 0.12469701223620554,
  "training_cpu_memory_MB": 3090.66,
  "training_gpu_0_memory_MB": 11,
  "training_gpu_1_memory_MB": 11,
  "training_gpu_2_memory_MB": 11,
  "training_gpu_3_memory_MB": 11,
  "training_gpu_4_memory_MB": 11,
  "training_gpu_5_memory_MB": 11,
  "training_gpu_6_memory_MB": 11,
  "training_gpu_7_memory_MB": 11,
  "training_gpu_8_memory_MB": 11,
  "training_gpu_9_memory_MB": 11,
  "training_gpu_10_memory_MB": 11,
  "training_gpu_11_memory_MB": 3462,
  "training_gpu_12_memory_MB": 11,
  "training_gpu_13_memory_MB": 11,
  "training_gpu_14_memory_MB": 7789,
  "training_gpu_15_memory_MB": 4911,
  "validation_1_F1": 0.8072289156626007,
  "validation_0_F1": 0.7974683544303299,
  "validation_accuracy": 0.8024691358024691,
  "validation_average_F1": 0.8023486350464653,
  "validation_loss": 0.5346701334823262,
  "best_epoch": 3,
  "best_validation_1_F1": 0.8024691358024192,
  "best_validation_0_F1": 0.8024691358024192,
  "best_validation_accuracy": 0.8024691358024691,
  "best_validation_average_F1": 0.8024691358024192,
  "best_validation_loss": 0.5416894907301123,
  "test_1_F1": 0.7950310559005711,
  "test_0_F1": 0.7975460122698887,
  "test_accuracy": 0.7962962962962963,
  "test_average_F1": 0.7962885340852299,
  "test_loss": 0.4693083546378396
}