{
  "peak_cpu_memory_MB": 1826.516,
  "peak_gpu_0_memory_MB": 344,
  "training_duration": "00:00:01",
  "training_start_epoch": 0,
  "training_epochs": 0,
  "epoch": 0,
  "training_1_P": 0.725111441307578,
  "training_1_R": 0.7450381679389313,
  "training_1_F1": 0.7349397590360945,
  "training_0_P": 0.7378335949764521,
  "training_0_R": 0.7175572519083969,
  "training_0_F1": 0.7275541795665136,
  "training_accuracy": 0.7312977099236642,
  "training_average_F1": 0.7312469693013041,
  "training_loss": 0.5473936865242516,
  "training_cpu_memory_MB": 1826.516,
  "training_gpu_0_memory_MB": 344,
  "validation_1_P": 0.8023255813953488,
  "validation_1_R": 0.8518518518518519,
  "validation_1_F1": 0.8263473053891718,
  "validation_0_P": 0.8421052631578947,
  "validation_0_R": 0.7901234567901234,
  "validation_0_F1": 0.8152866242037717,
  "validation_accuracy": 0.8209876543209876,
  "validation_average_F1": 0.8208169647964718,
  "validation_loss": 0.3905172483487563,
  "best_epoch": 0,
  "best_validation_1_P": 0.8023255813953488,
  "best_validation_1_R": 0.8518518518518519,
  "best_validation_1_F1": 0.8263473053891718,
  "best_validation_0_P": 0.8421052631578947,
  "best_validation_0_R": 0.7901234567901234,
  "best_validation_0_F1": 0.8152866242037717,
  "best_validation_accuracy": 0.8209876543209876,
  "best_validation_average_F1": 0.8208169647964718,
  "best_validation_loss": 0.3905172483487563
}