{
  "peak_cpu_memory_MB": 1849.34,
  "peak_gpu_0_memory_MB": 350,
  "training_duration": "00:00:03",
  "training_start_epoch": 0,
  "training_epochs": 2,
  "epoch": 2,
  "training_1_P": 0.8610709117221418,
  "training_1_R": 0.9083969465648855,
  "training_1_F1": 0.8841010401188206,
  "training_0_P": 0.9030694668820679,
  "training_0_R": 0.8534351145038168,
  "training_0_F1": 0.8775510204081134,
  "training_accuracy": 0.8809160305343512,
  "training_average_F1": 0.880826030263467,
  "training_loss": 0.31343023724308827,
  "training_cpu_memory_MB": 1849.328,
  "training_gpu_0_memory_MB": 350,
  "validation_1_P": 0.8289473684210527,
  "validation_1_R": 0.7777777777777778,
  "validation_1_F1": 0.802547770700587,
  "validation_0_P": 0.7906976744186046,
  "validation_0_R": 0.8395061728395061,
  "validation_0_F1": 0.8143712574849801,
  "validation_accuracy": 0.808641975308642,
  "validation_average_F1": 0.8084595140927835,
  "validation_loss": 0.41544282165440644,
  "best_epoch": 0,
  "best_validation_1_P": 0.8023255813953488,
  "best_validation_1_R": 0.8518518518518519,
  "best_validation_1_F1": 0.8263473053891718,
  "best_validation_0_P": 0.8421052631578947,
  "best_validation_0_R": 0.7901234567901234,
  "best_validation_0_F1": 0.8152866242037717,
  "best_validation_accuracy": 0.8209876543209876,
  "best_validation_average_F1": 0.8208169647964718,
  "best_validation_loss": 0.3905172483487563,
  "test_1_P": 0.7444444444444445,
  "test_1_R": 0.8271604938271605,
  "test_1_F1": 0.7836257309941022,
  "test_0_P": 0.8055555555555556,
  "test_0_R": 0.7160493827160493,
  "test_0_F1": 0.7581699346404732,
  "test_accuracy": 0.7716049382716049,
  "test_average_F1": 0.7708978328172877,
  "test_loss": 0.45026706565510144
}