{
  "training_duration": "00:04:51",
  "training_start_epoch": 0,
  "training_epochs": 5,
  "epoch": 5,
  "training_1_F1": 0.944277108433685,
  "training_0_F1": 0.9427244582042844,
  "training_accuracy": 0.9435114503816794,
  "training_average_F1": 0.9435007833189847,
  "training_loss": 0.18591015395231364,
  "validation_1_F1": 0.8533333333332837,
  "validation_0_F1": 0.873563218390755,
  "validation_accuracy": 0.8641975308641975,
  "validation_average_F1": 0.8634482758620193,
  "validation_loss": 0.3171366087415002,
  "best_epoch": 3,
  "best_validation_1_F1": 0.8834355828220359,
  "best_validation_0_F1": 0.8819875776397015,
  "best_validation_accuracy": 0.8827160493827161,
  "best_validation_average_F1": 0.8827115802308687,
  "best_validation_loss": 0.29798396676778793
}