{
  "training_duration": "00:03:11",
  "training_start_epoch": 0,
  "training_epochs": 3,
  "epoch": 3,
  "training_1_F1": 0.9262048192770584,
  "training_0_F1": 0.9241486068110956,
  "training_accuracy": 0.9251908396946565,
  "training_average_F1": 0.925176713044077,
  "training_loss": 0.25529543201370936,
  "validation_1_F1": 0.8834355828220359,
  "validation_0_F1": 0.8819875776397015,
  "validation_accuracy": 0.8827160493827161,
  "validation_average_F1": 0.8827115802308687,
  "validation_loss": 0.29798396676778793,
  "best_epoch": 3,
  "best_validation_1_F1": 0.8834355828220359,
  "best_validation_0_F1": 0.8819875776397015,
  "best_validation_accuracy": 0.8827160493827161,
  "best_validation_average_F1": 0.8827115802308687,
  "best_validation_loss": 0.29798396676778793
}