{
  "training_duration": "00:10:10",
  "training_start_epoch": 0,
  "training_epochs": 10,
  "epoch": 10,
  "training_1_F1": 0.9870722433459576,
  "training_0_F1": 0.9869731800765784,
  "training_accuracy": 0.9870229007633587,
  "training_average_F1": 0.987022711711268,
  "training_loss": 0.07865043781788611,
  "validation_1_F1": 0.8848484848484349,
  "validation_0_F1": 0.8805031446540381,
  "validation_accuracy": 0.8827160493827161,
  "validation_average_F1": 0.8826758147512366,
  "validation_loss": 0.3465302153067155,
  "best_epoch": 8,
  "best_validation_1_F1": 0.8930817610062394,
  "best_validation_0_F1": 0.8969696969696469,
  "best_validation_accuracy": 0.8950617283950617,
  "best_validation_average_F1": 0.8950257289879431,
  "best_validation_loss": 0.3113679106939923
}