{
  "training_duration": "00:02:22",
  "training_start_epoch": 0,
  "training_epochs": 2,
  "epoch": 2,
  "training_1_F1": 0.9000751314800403,
  "training_0_F1": 0.8968192397206637,
  "training_accuracy": 0.898473282442748,
  "training_average_F1": 0.898447185600352,
  "training_loss": 0.3131891678019268,
  "validation_1_F1": 0.8690476190475692,
  "validation_0_F1": 0.8589743589743091,
  "validation_accuracy": 0.8641975308641975,
  "validation_average_F1": 0.8640109890109391,
  "validation_loss": 0.3161484572020444,
  "best_epoch": 2,
  "best_validation_1_F1": 0.8690476190475692,
  "best_validation_0_F1": 0.8589743589743091,
  "best_validation_accuracy": 0.8641975308641975,
  "best_validation_average_F1": 0.8640109890109391,
  "best_validation_loss": 0.3161484572020444
}