{
  "training_duration": "00:08:47",
  "training_start_epoch": 0,
  "training_epochs": 9,
  "epoch": 9,
  "training_1_F1": 0.9833080424885691,
  "training_0_F1": 0.9831029185867396,
  "training_accuracy": 0.983206106870229,
  "training_average_F1": 0.9832054805376543,
  "training_loss": 0.08955655848925434,
  "validation_1_F1": 0.8795180722891066,
  "validation_0_F1": 0.8734177215189374,
  "validation_accuracy": 0.8765432098765432,
  "validation_average_F1": 0.876467896904022,
  "validation_loss": 0.32855449887839233,
  "best_epoch": 8,
  "best_validation_1_F1": 0.8930817610062394,
  "best_validation_0_F1": 0.8969696969696469,
  "best_validation_accuracy": 0.8950617283950617,
  "best_validation_average_F1": 0.8950257289879431,
  "best_validation_loss": 0.3113679106939923
}