{
  "training_duration": "00:07:18",
  "training_start_epoch": 0,
  "training_epochs": 8,
  "epoch": 8,
  "training_1_F1": 0.9733840304182011,
  "training_0_F1": 0.9731800766283024,
  "training_accuracy": 0.9732824427480916,
  "training_average_F1": 0.9732820535232518,
  "training_loss": 0.11245414601048319,
  "validation_1_F1": 0.8930817610062394,
  "validation_0_F1": 0.8969696969696469,
  "validation_accuracy": 0.8950617283950617,
  "validation_average_F1": 0.8950257289879431,
  "validation_loss": 0.3113679106939923,
  "best_epoch": 8,
  "best_validation_1_F1": 0.8930817610062394,
  "best_validation_0_F1": 0.8969696969696469,
  "best_validation_accuracy": 0.8950617283950617,
  "best_validation_average_F1": 0.8950257289879431,
  "best_validation_loss": 0.3113679106939923
}