{
  "training_duration": "00:01:32",
  "training_start_epoch": 0,
  "training_epochs": 1,
  "epoch": 1,
  "training_1_F1": 0.8544117647058325,
  "training_0_F1": 0.8428571428570929,
  "training_accuracy": 0.8488549618320611,
  "training_average_F1": 0.8486344537814627,
  "training_loss": 0.39403786164958304,
  "validation_1_F1": 0.8639053254437372,
  "validation_0_F1": 0.8516129032257566,
  "validation_accuracy": 0.8580246913580247,
  "validation_average_F1": 0.8577591143347469,
  "validation_loss": 0.33279531516812066,
  "best_epoch": 1,
  "best_validation_1_F1": 0.8639053254437372,
  "best_validation_0_F1": 0.8516129032257566,
  "best_validation_accuracy": 0.8580246913580247,
  "best_validation_average_F1": 0.8577591143347469,
  "best_validation_loss": 0.33279531516812066
}