{
  "training_duration": "00:04:05",
  "training_start_epoch": 0,
  "training_epochs": 4,
  "epoch": 4,
  "training_1_F1": 0.9347336834208053,
  "training_0_F1": 0.9324009324008825,
  "training_accuracy": 0.933587786259542,
  "training_average_F1": 0.933567307910844,
  "training_loss": 0.21465386995455113,
  "validation_1_F1": 0.8684210526315291,
  "validation_0_F1": 0.8837209302325084,
  "validation_accuracy": 0.8765432098765432,
  "validation_average_F1": 0.8760709914320188,
  "validation_loss": 0.333845009857958,
  "best_epoch": 3,
  "best_validation_1_F1": 0.8834355828220359,
  "best_validation_0_F1": 0.8819875776397015,
  "best_validation_accuracy": 0.8827160493827161,
  "best_validation_average_F1": 0.8827115802308687,
  "best_validation_loss": 0.29798396676778793
}