{
  "peak_cpu_memory_MB": 3070.0,
  "peak_gpu_0_memory_MB": 2510,
  "training_duration": "00:02:50",
  "training_start_epoch": 0,
  "training_epochs": 6,
  "epoch": 6,
  "training_1_P": 0.8651026392961877,
  "training_1_R": 0.9007633587786259,
  "training_1_F1": 0.8825729244576912,
  "training_0_P": 0.8964968152866242,
  "training_0_R": 0.8595419847328244,
  "training_0_F1": 0.877630553390441,
  "training_accuracy": 0.8801526717557252,
  "training_average_F1": 0.8801017389240662,
  "training_loss": 0.31558549195164587,
  "training_cpu_memory_MB": 3070.0,
  "training_gpu_0_memory_MB": 2510,
  "validation_1_P": 0.8390804597701149,
  "validation_1_R": 0.9012345679012346,
  "validation_1_F1": 0.8690476190475692,
  "validation_0_P": 0.8933333333333333,
  "validation_0_R": 0.8271604938271605,
  "validation_0_F1": 0.8589743589743091,
  "validation_accuracy": 0.8641975308641975,
  "validation_average_F1": 0.8640109890109391,
  "validation_loss": 0.40835906023328955,
  "best_epoch": 3,
  "best_validation_1_P": 0.8470588235294118,
  "best_validation_1_R": 0.8888888888888888,
  "best_validation_1_F1": 0.8674698795180223,
  "best_validation_0_P": 0.8831168831168831,
  "best_validation_0_R": 0.8395061728395061,
  "best_validation_0_F1": 0.860759493670836,
  "best_validation_accuracy": 0.8641975308641975,
  "best_validation_average_F1": 0.8641146865944291,
  "best_validation_loss": 0.43566636876626447,
  "test_1_P": 0.7906976744186046,
  "test_1_R": 0.8395061728395061,
  "test_1_F1": 0.8143712574849801,
  "test_0_P": 0.8289473684210527,
  "test_0_R": 0.7777777777777778,
  "test_0_F1": 0.802547770700587,
  "test_accuracy": 0.808641975308642,
  "test_average_F1": 0.8084595140927835,
  "test_loss": 0.5203185934912075
}