{
  "peak_cpu_memory_MB": 3084.712,
  "peak_gpu_0_memory_MB": 11,
  "peak_gpu_1_memory_MB": 3034,
  "peak_gpu_2_memory_MB": 2958,
  "peak_gpu_3_memory_MB": 11,
  "peak_gpu_4_memory_MB": 11,
  "peak_gpu_5_memory_MB": 11,
  "peak_gpu_6_memory_MB": 11,
  "peak_gpu_7_memory_MB": 11,
  "peak_gpu_8_memory_MB": 11,
  "peak_gpu_9_memory_MB": 11,
  "peak_gpu_10_memory_MB": 11,
  "peak_gpu_11_memory_MB": 11,
  "peak_gpu_12_memory_MB": 11,
  "peak_gpu_13_memory_MB": 11,
  "peak_gpu_14_memory_MB": 11,
  "peak_gpu_15_memory_MB": 11,
  "training_duration": "00:01:48",
  "training_start_epoch": 0,
  "training_epochs": 3,
  "epoch": 3,
  "training_1_F1": 0.9848254931714219,
  "training_0_F1": 0.9846390168970315,
  "training_accuracy": 0.9847328244274809,
  "training_average_F1": 0.9847322550342267,
  "training_loss": 0.04612696934037092,
  "training_cpu_memory_MB": 3084.712,
  "training_gpu_0_memory_MB": 11,
  "training_gpu_1_memory_MB": 3034,
  "training_gpu_2_memory_MB": 2958,
  "training_gpu_3_memory_MB": 11,
  "training_gpu_4_memory_MB": 11,
  "training_gpu_5_memory_MB": 11,
  "training_gpu_6_memory_MB": 11,
  "training_gpu_7_memory_MB": 11,
  "training_gpu_8_memory_MB": 11,
  "training_gpu_9_memory_MB": 11,
  "training_gpu_10_memory_MB": 11,
  "training_gpu_11_memory_MB": 11,
  "training_gpu_12_memory_MB": 11,
  "training_gpu_13_memory_MB": 11,
  "training_gpu_14_memory_MB": 11,
  "training_gpu_15_memory_MB": 11,
  "validation_1_F1": 0.842105263157845,
  "validation_0_F1": 0.8235294117646562,
  "validation_accuracy": 0.8333333333333334,
  "validation_average_F1": 0.8328173374612506,
  "validation_loss": 0.5668649836020037,
  "best_epoch": 2,
  "best_validation_1_F1": 0.84472049689436,
  "best_validation_0_F1": 0.8466257668711156,
  "best_validation_accuracy": 0.845679012345679,
  "best_validation_average_F1": 0.8456731318827377,
  "best_validation_loss": 0.3660522469065406,
  "test_1_F1": 0.8518518518518019,
  "test_0_F1": 0.8518518518518019,
  "test_accuracy": 0.8518518518518519,
  "test_average_F1": 0.8518518518518019,
  "test_loss": 0.3804770599712025
}