{
  "peak_cpu_memory_MB": 2190.372,
  "peak_gpu_0_memory_MB": 1036,
  "training_duration": "00:00:42",
  "training_start_epoch": 0,
  "training_epochs": 1,
  "epoch": 1,
  "training_1_P": 0.8401759530791789,
  "training_1_R": 0.8748091603053435,
  "training_1_F1": 0.8571428571428072,
  "training_0_P": 0.8694267515923567,
  "training_0_R": 0.833587786259542,
  "training_0_F1": 0.8511301636788277,
  "training_accuracy": 0.8541984732824427,
  "training_average_F1": 0.8541365104108174,
  "training_loss": 0.3736696688503754,
  "training_cpu_memory_MB": 2190.372,
  "training_gpu_0_memory_MB": 1036,
  "validation_1_P": 0.7708333333333334,
  "validation_1_R": 0.9135802469135802,
  "validation_1_F1": 0.8361581920903458,
  "validation_0_P": 0.8939393939393939,
  "validation_0_R": 0.7283950617283951,
  "validation_0_F1": 0.8027210884353246,
  "validation_accuracy": 0.8209876543209876,
  "validation_average_F1": 0.8194396402628352,
  "validation_loss": 0.43489955162460153,
  "best_epoch": 1,
  "best_validation_1_P": 0.7708333333333334,
  "best_validation_1_R": 0.9135802469135802,
  "best_validation_1_F1": 0.8361581920903458,
  "best_validation_0_P": 0.8939393939393939,
  "best_validation_0_R": 0.7283950617283951,
  "best_validation_0_F1": 0.8027210884353246,
  "best_validation_accuracy": 0.8209876543209876,
  "best_validation_average_F1": 0.8194396402628352,
  "best_validation_loss": 0.43489955162460153
}