{
  "peak_cpu_memory_MB": 2190.372,
  "peak_gpu_0_memory_MB": 1138,
  "training_duration": "00:01:28",
  "training_start_epoch": 0,
  "training_epochs": 3,
  "epoch": 3,
  "training_1_P": 0.8905109489051095,
  "training_1_R": 0.9312977099236641,
  "training_1_F1": 0.91044776119398,
  "training_0_P": 0.928,
  "training_0_R": 0.8854961832061069,
  "training_0_F1": 0.9062499999999502,
  "training_accuracy": 0.9083969465648855,
  "training_average_F1": 0.9083488805969651,
  "training_loss": 0.23729675581179013,
  "training_cpu_memory_MB": 2190.372,
  "training_gpu_0_memory_MB": 1138,
  "validation_1_P": 0.8157894736842105,
  "validation_1_R": 0.7654320987654321,
  "validation_1_F1": 0.7898089171974022,
  "validation_0_P": 0.7790697674418605,
  "validation_0_R": 0.8271604938271605,
  "validation_0_F1": 0.8023952095807884,
  "validation_accuracy": 0.7962962962962963,
  "validation_average_F1": 0.7961020633890953,
  "validation_loss": 0.4946792342446067,
  "best_epoch": 1,
  "best_validation_1_P": 0.7708333333333334,
  "best_validation_1_R": 0.9135802469135802,
  "best_validation_1_F1": 0.8361581920903458,
  "best_validation_0_P": 0.8939393939393939,
  "best_validation_0_R": 0.7283950617283951,
  "best_validation_0_F1": 0.8027210884353246,
  "best_validation_accuracy": 0.8209876543209876,
  "best_validation_average_F1": 0.8194396402628352,
  "best_validation_loss": 0.43489955162460153,
  "test_1_P": 0.7659574468085106,
  "test_1_R": 0.8888888888888888,
  "test_1_F1": 0.8228571428570932,
  "test_0_P": 0.8676470588235294,
  "test_0_R": 0.7283950617283951,
  "test_0_F1": 0.7919463087247826,
  "test_accuracy": 0.808641975308642,
  "test_average_F1": 0.8074017257909378,
  "test_loss": 0.4677684117447246
}