{
  "peak_cpu_memory_MB": 5774.004,
  "peak_gpu_0_memory_MB": 11,
  "peak_gpu_1_memory_MB": 11,
  "peak_gpu_2_memory_MB": 11,
  "peak_gpu_3_memory_MB": 11,
  "peak_gpu_4_memory_MB": 11,
  "peak_gpu_5_memory_MB": 11,
  "peak_gpu_6_memory_MB": 1906,
  "peak_gpu_7_memory_MB": 11,
  "peak_gpu_8_memory_MB": 11,
  "peak_gpu_9_memory_MB": 11,
  "peak_gpu_10_memory_MB": 11,
  "peak_gpu_11_memory_MB": 4806,
  "peak_gpu_12_memory_MB": 11,
  "peak_gpu_13_memory_MB": 11,
  "peak_gpu_14_memory_MB": 11,
  "peak_gpu_15_memory_MB": 11,
  "training_duration": "00:01:36",
  "training_start_epoch": 0,
  "training_epochs": 2,
  "epoch": 2,
  "training_1_P": 0.9357249626307922,
  "training_1_R": 0.9557251908396946,
  "training_1_F1": 0.9456193353473821,
  "training_0_P": 0.9547581903276131,
  "training_0_R": 0.934351145038168,
  "training_0_F1": 0.9444444444443945,
  "training_accuracy": 0.9450381679389313,
  "training_average_F1": 0.9450318898958883,
  "training_loss": 0.156814859771147,
  "training_cpu_memory_MB": 5774.004,
  "training_gpu_0_memory_MB": 11,
  "training_gpu_1_memory_MB": 11,
  "training_gpu_2_memory_MB": 11,
  "training_gpu_3_memory_MB": 11,
  "training_gpu_4_memory_MB": 11,
  "training_gpu_5_memory_MB": 11,
  "training_gpu_6_memory_MB": 1906,
  "training_gpu_7_memory_MB": 11,
  "training_gpu_8_memory_MB": 11,
  "training_gpu_9_memory_MB": 11,
  "training_gpu_10_memory_MB": 11,
  "training_gpu_11_memory_MB": 4806,
  "training_gpu_12_memory_MB": 11,
  "training_gpu_13_memory_MB": 11,
  "training_gpu_14_memory_MB": 11,
  "training_gpu_15_memory_MB": 11,
  "validation_1_P": 0.8395061728395061,
  "validation_1_R": 0.8395061728395061,
  "validation_1_F1": 0.8395061728394562,
  "validation_0_P": 0.8395061728395061,
  "validation_0_R": 0.8395061728395061,
  "validation_0_F1": 0.8395061728394562,
  "validation_accuracy": 0.8395061728395061,
  "validation_average_F1": 0.8395061728394562,
  "validation_loss": 0.4761275879361413,
  "best_epoch": 2,
  "best_validation_1_P": 0.8395061728395061,
  "best_validation_1_R": 0.8395061728395061,
  "best_validation_1_F1": 0.8395061728394562,
  "best_validation_0_P": 0.8395061728395061,
  "best_validation_0_R": 0.8395061728395061,
  "best_validation_0_F1": 0.8395061728394562,
  "best_validation_accuracy": 0.8395061728395061,
  "best_validation_average_F1": 0.8395061728394562,
  "best_validation_loss": 0.4761275879361413
}