{
  "peak_cpu_memory_MB": 5774.004,
  "peak_gpu_0_memory_MB": 11,
  "peak_gpu_1_memory_MB": 11,
  "peak_gpu_2_memory_MB": 11,
  "peak_gpu_3_memory_MB": 11,
  "peak_gpu_4_memory_MB": 11,
  "peak_gpu_5_memory_MB": 11,
  "peak_gpu_6_memory_MB": 1906,
  "peak_gpu_7_memory_MB": 11,
  "peak_gpu_8_memory_MB": 11,
  "peak_gpu_9_memory_MB": 11,
  "peak_gpu_10_memory_MB": 11,
  "peak_gpu_11_memory_MB": 4806,
  "peak_gpu_12_memory_MB": 11,
  "peak_gpu_13_memory_MB": 11,
  "peak_gpu_14_memory_MB": 11,
  "peak_gpu_15_memory_MB": 11,
  "training_duration": "00:03:01",
  "training_start_epoch": 0,
  "training_epochs": 4,
  "epoch": 4,
  "training_1_P": 0.993920972644377,
  "training_1_R": 0.9984732824427481,
  "training_1_F1": 0.9961919268849462,
  "training_0_P": 0.9984662576687117,
  "training_0_R": 0.9938931297709923,
  "training_0_F1": 0.9961744452945178,
  "training_accuracy": 0.9961832061068703,
  "training_average_F1": 0.996183186089732,
  "training_loss": 0.02160379523411393,
  "training_cpu_memory_MB": 5774.004,
  "training_gpu_0_memory_MB": 11,
  "training_gpu_1_memory_MB": 11,
  "training_gpu_2_memory_MB": 11,
  "training_gpu_3_memory_MB": 11,
  "training_gpu_4_memory_MB": 11,
  "training_gpu_5_memory_MB": 11,
  "training_gpu_6_memory_MB": 1906,
  "training_gpu_7_memory_MB": 11,
  "training_gpu_8_memory_MB": 11,
  "training_gpu_9_memory_MB": 11,
  "training_gpu_10_memory_MB": 11,
  "training_gpu_11_memory_MB": 4806,
  "training_gpu_12_memory_MB": 11,
  "training_gpu_13_memory_MB": 11,
  "training_gpu_14_memory_MB": 11,
  "training_gpu_15_memory_MB": 11,
  "validation_1_P": 0.7931034482758621,
  "validation_1_R": 0.8518518518518519,
  "validation_1_F1": 0.8214285714285217,
  "validation_0_P": 0.84,
  "validation_0_R": 0.7777777777777778,
  "validation_0_F1": 0.8076923076922577,
  "validation_accuracy": 0.8148148148148148,
  "validation_average_F1": 0.8145604395603897,
  "validation_loss": 0.5543798099864613,
  "best_epoch": 2,
  "best_validation_1_P": 0.8395061728395061,
  "best_validation_1_R": 0.8395061728395061,
  "best_validation_1_F1": 0.8395061728394562,
  "best_validation_0_P": 0.8395061728395061,
  "best_validation_0_R": 0.8395061728395061,
  "best_validation_0_F1": 0.8395061728394562,
  "best_validation_accuracy": 0.8395061728395061,
  "best_validation_average_F1": 0.8395061728394562,
  "best_validation_loss": 0.4761275879361413
}