{
  "training_duration": "00:09:38",
  "training_start_epoch": 0,
  "training_epochs": 11,
  "epoch": 11,
  "training_1_F1": 0.8788104089218831,
  "training_0_F1": 0.8721568627450481,
  "training_accuracy": 0.8755725190839695,
  "training_average_F1": 0.8754836358334657,
  "training_loss": 0.4540749919123766,
  "validation_1_F1": 0.8670520231213374,
  "validation_0_F1": 0.8476821192052484,
  "validation_accuracy": 0.8580246913580247,
  "validation_average_F1": 0.8573670711632929,
  "validation_loss": 0.45289322462948883,
  "best_epoch": 11,
  "best_validation_1_F1": 0.8670520231213374,
  "best_validation_0_F1": 0.8476821192052484,
  "best_validation_accuracy": 0.8580246913580247,
  "best_validation_average_F1": 0.8573670711632929,
  "best_validation_loss": 0.45289322462948883
}