{
  "training_duration": "00:07:14",
  "training_start_epoch": 0,
  "training_epochs": 8,
  "epoch": 8,
  "training_1_F1": 0.8600883652429546,
  "training_0_F1": 0.8494453248810911,
  "training_accuracy": 0.8549618320610687,
  "training_average_F1": 0.8547668450620229,
  "training_loss": 0.4980693492220669,
  "validation_1_F1": 0.827586206896502,
  "validation_0_F1": 0.7999999999999503,
  "validation_accuracy": 0.8148148148148148,
  "validation_average_F1": 0.8137931034482262,
  "validation_loss": 0.46928329088471155,
  "best_epoch": 7,
  "best_validation_1_F1": 0.8520710059171098,
  "best_validation_0_F1": 0.8387096774193049,
  "best_validation_accuracy": 0.845679012345679,
  "best_validation_average_F1": 0.8453903416682074,
  "best_validation_loss": 0.45031962340528314
}