{
  "training_duration": "00:12:05",
  "training_start_epoch": 0,
  "training_epochs": 14,
  "epoch": 14,
  "training_1_F1": 0.8957239309826958,
  "training_0_F1": 0.8919968919968421,
  "training_accuracy": 0.8938931297709923,
  "training_average_F1": 0.8938604114897689,
  "training_loss": 0.4282093782250474,
  "validation_1_F1": 0.8639053254437372,
  "validation_0_F1": 0.8516129032257566,
  "validation_accuracy": 0.8580246913580247,
  "validation_average_F1": 0.8577591143347469,
  "validation_loss": 0.41556057875806635,
  "best_epoch": 12,
  "best_validation_1_F1": 0.8641975308641475,
  "best_validation_0_F1": 0.8641975308641475,
  "best_validation_accuracy": 0.8641975308641975,
  "best_validation_average_F1": 0.8641975308641475,
  "best_validation_loss": 0.4571859674020247,
  "test_1_F1": 0.7516778523489437,
  "test_0_F1": 0.7885714285713789,
  "test_accuracy": 0.7716049382716049,
  "test_average_F1": 0.7701246404601613,
  "test_loss": 0.5024263452399861
}