{
  "training_duration": "00:11:17",
  "training_start_epoch": 0,
  "training_epochs": 13,
  "epoch": 13,
  "training_1_F1": 0.8952095808382734,
  "training_0_F1": 0.8909657320871774,
  "training_accuracy": 0.8931297709923665,
  "training_average_F1": 0.8930876564627255,
  "training_loss": 0.4314593890818154,
  "validation_1_F1": 0.86046511627902,
  "validation_0_F1": 0.842105263157845,
  "validation_accuracy": 0.8518518518518519,
  "validation_average_F1": 0.8512851897184325,
  "validation_loss": 0.41770833459767426,
  "best_epoch": 12,
  "best_validation_1_F1": 0.8641975308641475,
  "best_validation_0_F1": 0.8641975308641475,
  "best_validation_accuracy": 0.8641975308641975,
  "best_validation_average_F1": 0.8641975308641475,
  "best_validation_loss": 0.4571859674020247
}