{
  "training_duration": "00:03:56",
  "training_start_epoch": 0,
  "training_epochs": 4,
  "epoch": 4,
  "training_1_F1": 0.8189655172413295,
  "training_0_F1": 0.7947882736155855,
  "training_accuracy": 0.8076335877862595,
  "training_average_F1": 0.8068768954284575,
  "training_loss": 0.570531898518888,
  "validation_1_F1": 0.8271604938271105,
  "validation_0_F1": 0.8271604938271105,
  "validation_accuracy": 0.8271604938271605,
  "validation_average_F1": 0.8271604938271105,
  "validation_loss": 0.49640207940881903,
  "best_epoch": 4,
  "best_validation_1_F1": 0.8271604938271105,
  "best_validation_0_F1": 0.8271604938271105,
  "best_validation_accuracy": 0.8271604938271605,
  "best_validation_average_F1": 0.8271604938271105,
  "best_validation_loss": 0.49640207940881903
}