{
  "training_duration": "00:03:09",
  "training_start_epoch": 0,
  "training_epochs": 3,
  "epoch": 3,
  "training_1_F1": 0.7933042212517696,
  "training_0_F1": 0.7720706260031605,
  "training_accuracy": 0.783206106870229,
  "training_average_F1": 0.782687423627465,
  "training_loss": 0.6061026839221396,
  "validation_1_F1": 0.7976190476189976,
  "validation_0_F1": 0.7820512820512322,
  "validation_accuracy": 0.7901234567901234,
  "validation_average_F1": 0.789835164835115,
  "validation_loss": 0.5249630510807037,
  "best_epoch": 2,
  "best_validation_1_F1": 0.8076923076922577,
  "best_validation_0_F1": 0.8214285714285217,
  "best_validation_accuracy": 0.8148148148148148,
  "best_validation_average_F1": 0.8145604395603897,
  "best_validation_loss": 0.5569514550945975
}