{
  "training_duration": "00:04:46",
  "training_start_epoch": 0,
  "training_epochs": 5,
  "epoch": 5,
  "training_1_F1": 0.8321273516642049,
  "training_0_F1": 0.8126009693052815,
  "training_accuracy": 0.8229007633587786,
  "training_average_F1": 0.8223641604847431,
  "training_loss": 0.5509429650335778,
  "validation_1_F1": 0.8222222222221728,
  "validation_0_F1": 0.7777777777777286,
  "validation_accuracy": 0.8024691358024691,
  "validation_average_F1": 0.7999999999999508,
  "validation_loss": 0.5031348900361494,
  "best_epoch": 4,
  "best_validation_1_F1": 0.8271604938271105,
  "best_validation_0_F1": 0.8271604938271105,
  "best_validation_accuracy": 0.8271604938271605,
  "best_validation_average_F1": 0.8271604938271105,
  "best_validation_loss": 0.49640207940881903
}