{
  "peak_cpu_memory_MB": 3071.16,
  "peak_gpu_0_memory_MB": 2510,
  "training_duration": "00:02:06",
  "training_start_epoch": 0,
  "training_epochs": 4,
  "epoch": 4,
  "training_1_F1": 0.9908536585365354,
  "training_0_F1": 0.9908256880733444,
  "training_accuracy": 0.9908396946564886,
  "training_average_F1": 0.9908396733049398,
  "training_loss": 0.045859455960098564,
  "training_cpu_memory_MB": 3071.16,
  "training_gpu_0_memory_MB": 2510,
  "validation_1_F1": 0.8674698795180223,
  "validation_0_F1": 0.860759493670836,
  "validation_accuracy": 0.8641975308641975,
  "validation_average_F1": 0.8641146865944291,
  "validation_loss": 0.6405663679946553,
  "best_epoch": 1,
  "best_validation_1_F1": 0.8734177215189374,
  "best_validation_0_F1": 0.8795180722891066,
  "best_validation_accuracy": 0.8765432098765432,
  "best_validation_average_F1": 0.876467896904022,
  "best_validation_loss": 0.3264963396570899,
  "test_1_F1": 0.8227848101265324,
  "test_0_F1": 0.8313253012047693,
  "test_accuracy": 0.8271604938271605,
  "test_average_F1": 0.8270550556656509,
  "test_loss": 0.3845403370532123
}