{
  "peak_cpu_memory_MB": 3085.968,
  "peak_gpu_0_memory_MB": 11,
  "peak_gpu_1_memory_MB": 11,
  "peak_gpu_2_memory_MB": 11,
  "peak_gpu_3_memory_MB": 11,
  "peak_gpu_4_memory_MB": 11,
  "peak_gpu_5_memory_MB": 7013,
  "peak_gpu_6_memory_MB": 11,
  "peak_gpu_7_memory_MB": 11,
  "peak_gpu_8_memory_MB": 11,
  "peak_gpu_9_memory_MB": 11,
  "peak_gpu_10_memory_MB": 11,
  "peak_gpu_11_memory_MB": 11,
  "peak_gpu_12_memory_MB": 11,
  "peak_gpu_13_memory_MB": 11,
  "peak_gpu_14_memory_MB": 11,
  "peak_gpu_15_memory_MB": 11,
  "training_duration": "00:04:17",
  "training_start_epoch": 0,
  "training_epochs": 6,
  "epoch": 6,
  "training_1_F1": 0.9756838905774576,
  "training_0_F1": 0.9754601226993366,
  "training_accuracy": 0.9755725190839695,
  "training_average_F1": 0.975572006638397,
  "training_loss": 0.08957763618176304,
  "training_cpu_memory_MB": 3085.968,
  "training_gpu_0_memory_MB": 11,
  "training_gpu_1_memory_MB": 11,
  "training_gpu_2_memory_MB": 11,
  "training_gpu_3_memory_MB": 11,
  "training_gpu_4_memory_MB": 11,
  "training_gpu_5_memory_MB": 3036,
  "training_gpu_6_memory_MB": 11,
  "training_gpu_7_memory_MB": 11,
  "training_gpu_8_memory_MB": 11,
  "training_gpu_9_memory_MB": 11,
  "training_gpu_10_memory_MB": 11,
  "training_gpu_11_memory_MB": 11,
  "training_gpu_12_memory_MB": 11,
  "training_gpu_13_memory_MB": 11,
  "training_gpu_14_memory_MB": 11,
  "training_gpu_15_memory_MB": 11,
  "validation_1_F1": 0.89999999999995,
  "validation_0_F1": 0.9024390243901939,
  "validation_accuracy": 0.9012345679012346,
  "validation_average_F1": 0.9012195121950719,
  "validation_loss": 0.30374575982039625,
  "best_epoch": 5,
  "best_validation_1_F1": 0.9056603773584406,
  "best_validation_0_F1": 0.9090909090908591,
  "best_validation_accuracy": 0.9074074074074074,
  "best_validation_average_F1": 0.9073756432246498,
  "best_validation_loss": 0.2921784614974802,
  "test_1_F1": 0.7924528301886292,
  "test_0_F1": 0.79999999999995,
  "test_accuracy": 0.7962962962962963,
  "test_average_F1": 0.7962264150942896,
  "test_loss": 0.4669612646102905
}