{
  "peak_cpu_memory_MB": 2656.752,
  "peak_gpu_0_memory_MB": 11,
  "peak_gpu_1_memory_MB": 11,
  "peak_gpu_2_memory_MB": 11,
  "peak_gpu_3_memory_MB": 11,
  "peak_gpu_4_memory_MB": 3034,
  "peak_gpu_5_memory_MB": 11,
  "peak_gpu_6_memory_MB": 11,
  "peak_gpu_7_memory_MB": 11,
  "peak_gpu_8_memory_MB": 11,
  "peak_gpu_9_memory_MB": 11,
  "peak_gpu_10_memory_MB": 11,
  "peak_gpu_11_memory_MB": 11,
  "peak_gpu_12_memory_MB": 11,
  "peak_gpu_13_memory_MB": 11,
  "peak_gpu_14_memory_MB": 11,
  "peak_gpu_15_memory_MB": 11,
  "training_duration": "00:03:05",
  "training_start_epoch": 0,
  "training_epochs": 6,
  "epoch": 6,
  "training_neg_F1": 0.9521613832852526,
  "training_pos_F1": 0.9062146892654868,
  "training_accuracy": 0.9366412213740458,
  "training_average_F1": 0.9291880362753697,
  "training_loss": 0.1937977656631208,
  "training_cpu_memory_MB": 2656.752,
  "training_gpu_0_memory_MB": 11,
  "training_gpu_1_memory_MB": 11,
  "training_gpu_2_memory_MB": 11,
  "training_gpu_3_memory_MB": 11,
  "training_gpu_4_memory_MB": 3034,
  "training_gpu_5_memory_MB": 11,
  "training_gpu_6_memory_MB": 11,
  "training_gpu_7_memory_MB": 11,
  "training_gpu_8_memory_MB": 11,
  "training_gpu_9_memory_MB": 11,
  "training_gpu_10_memory_MB": 11,
  "training_gpu_11_memory_MB": 11,
  "training_gpu_12_memory_MB": 11,
  "training_gpu_13_memory_MB": 11,
  "training_gpu_14_memory_MB": 11,
  "training_gpu_15_memory_MB": 11,
  "validation_neg_F1": 0.7437185929647742,
  "validation_pos_F1": 0.59199999999995,
  "validation_accuracy": 0.6851851851851852,
  "validation_average_F1": 0.6678592964823621,
  "validation_loss": 0.7485313686457548,
  "best_epoch": 4,
  "best_validation_neg_F1": 0.7562189054725869,
  "best_validation_pos_F1": 0.6016260162601127,
  "best_validation_accuracy": 0.6975308641975309,
  "best_validation_average_F1": 0.6789224608663498,
  "best_validation_loss": 0.6789201470938596,
  "test_neg_F1": 0.8430493273542101,
  "test_pos_F1": 0.6534653465346034,
  "test_accuracy": 0.7839506172839507,
  "test_average_F1": 0.7482573369444068,
  "test_loss": 0.4740019576116042
}