{
  "peak_cpu_memory_MB": 2642.868,
  "peak_gpu_0_memory_MB": 2510,
  "training_duration": "00:01:42",
  "training_start_epoch": 0,
  "training_epochs": 3,
  "epoch": 3,
  "training_1_P": 0.9192825112107623,
  "training_1_R": 0.9389312977099237,
  "training_1_F1": 0.9290030211479863,
  "training_0_P": 0.9375975039001561,
  "training_0_R": 0.917557251908397,
  "training_0_F1": 0.9274691358024193,
  "training_accuracy": 0.9282442748091603,
  "training_average_F1": 0.9282360784752028,
  "training_loss": 0.2123375205073233,
  "training_cpu_memory_MB": 2642.868,
  "training_gpu_0_memory_MB": 2510,
  "validation_1_P": 0.825,
  "validation_1_R": 0.8148148148148148,
  "validation_1_F1": 0.8198757763974656,
  "validation_0_P": 0.8170731707317073,
  "validation_0_R": 0.8271604938271605,
  "validation_0_F1": 0.8220858895705022,
  "validation_accuracy": 0.8209876543209876,
  "validation_average_F1": 0.8209808329839838,
  "validation_loss": 0.614866091446443,
  "best_epoch": 3,
  "best_validation_1_P": 0.825,
  "best_validation_1_R": 0.8148148148148148,
  "best_validation_1_F1": 0.8198757763974656,
  "best_validation_0_P": 0.8170731707317073,
  "best_validation_0_R": 0.8271604938271605,
  "best_validation_0_F1": 0.8220858895705022,
  "best_validation_accuracy": 0.8209876543209876,
  "best_validation_average_F1": 0.8209808329839838,
  "best_validation_loss": 0.614866091446443
}