{
  "peak_cpu_memory_MB": 2642.868,
  "peak_gpu_0_memory_MB": 2510,
  "training_duration": "00:02:32",
  "training_start_epoch": 0,
  "training_epochs": 5,
  "epoch": 5,
  "training_1_P": 0.9862595419847329,
  "training_1_R": 0.9862595419847329,
  "training_1_F1": 0.9862595419846829,
  "training_0_P": 0.9862595419847329,
  "training_0_R": 0.9862595419847329,
  "training_0_F1": 0.9862595419846829,
  "training_accuracy": 0.9862595419847329,
  "training_average_F1": 0.9862595419846829,
  "training_loss": 0.04463973768884543,
  "training_cpu_memory_MB": 2642.868,
  "training_gpu_0_memory_MB": 2510,
  "validation_1_P": 0.7473684210526316,
  "validation_1_R": 0.8765432098765432,
  "validation_1_F1": 0.8068181818181321,
  "validation_0_P": 0.8507462686567164,
  "validation_0_R": 0.7037037037037037,
  "validation_0_F1": 0.7702702702702208,
  "validation_accuracy": 0.7901234567901234,
  "validation_average_F1": 0.7885442260441764,
  "validation_loss": 1.063021643595262,
  "best_epoch": 3,
  "best_validation_1_P": 0.825,
  "best_validation_1_R": 0.8148148148148148,
  "best_validation_1_F1": 0.8198757763974656,
  "best_validation_0_P": 0.8170731707317073,
  "best_validation_0_R": 0.8271604938271605,
  "best_validation_0_F1": 0.8220858895705022,
  "best_validation_accuracy": 0.8209876543209876,
  "best_validation_average_F1": 0.8209808329839838,
  "best_validation_loss": 0.614866091446443
}