{
  "peak_cpu_memory_MB": 2642.868,
  "peak_gpu_0_memory_MB": 2510,
  "training_duration": "00:01:13",
  "training_start_epoch": 0,
  "training_epochs": 2,
  "epoch": 2,
  "training_1_P": 0.8387573964497042,
  "training_1_R": 0.8656488549618321,
  "training_1_F1": 0.8519909842223392,
  "training_0_P": 0.861198738170347,
  "training_0_R": 0.833587786259542,
  "training_0_F1": 0.8471683475561953,
  "training_accuracy": 0.849618320610687,
  "training_average_F1": 0.8495796658892673,
  "training_loss": 0.37278438168691425,
  "training_cpu_memory_MB": 2642.868,
  "training_gpu_0_memory_MB": 2510,
  "validation_1_P": 0.8656716417910447,
  "validation_1_R": 0.7160493827160493,
  "validation_1_F1": 0.7837837837837343,
  "validation_0_P": 0.7578947368421053,
  "validation_0_R": 0.8888888888888888,
  "validation_0_F1": 0.8181818181817685,
  "validation_accuracy": 0.8024691358024691,
  "validation_average_F1": 0.8009828009827513,
  "validation_loss": 0.487693499435078,
  "best_epoch": 2,
  "best_validation_1_P": 0.8656716417910447,
  "best_validation_1_R": 0.7160493827160493,
  "best_validation_1_F1": 0.7837837837837343,
  "best_validation_0_P": 0.7578947368421053,
  "best_validation_0_R": 0.8888888888888888,
  "best_validation_0_F1": 0.8181818181817685,
  "best_validation_accuracy": 0.8024691358024691,
  "best_validation_average_F1": 0.8009828009827513,
  "best_validation_loss": 0.487693499435078
}