{
  "peak_cpu_memory_MB": 2642.868,
  "peak_gpu_0_memory_MB": 2510,
  "training_duration": "00:02:09",
  "training_start_epoch": 0,
  "training_epochs": 4,
  "epoch": 4,
  "training_1_P": 0.9607250755287009,
  "training_1_R": 0.9709923664122138,
  "training_1_F1": 0.9658314350796767,
  "training_0_P": 0.970679012345679,
  "training_0_R": 0.9603053435114504,
  "training_0_F1": 0.965464313123511,
  "training_accuracy": 0.9656488549618321,
  "training_average_F1": 0.9656478741015939,
  "training_loss": 0.11094123356771178,
  "training_cpu_memory_MB": 2642.868,
  "training_gpu_0_memory_MB": 2510,
  "validation_1_P": 0.7840909090909091,
  "validation_1_R": 0.8518518518518519,
  "validation_1_F1": 0.8165680473372283,
  "validation_0_P": 0.8378378378378378,
  "validation_0_R": 0.7654320987654321,
  "validation_0_F1": 0.7999999999999502,
  "validation_accuracy": 0.808641975308642,
  "validation_average_F1": 0.8082840236685893,
  "validation_loss": 0.7657455531033602,
  "best_epoch": 3,
  "best_validation_1_P": 0.825,
  "best_validation_1_R": 0.8148148148148148,
  "best_validation_1_F1": 0.8198757763974656,
  "best_validation_0_P": 0.8170731707317073,
  "best_validation_0_R": 0.8271604938271605,
  "best_validation_0_F1": 0.8220858895705022,
  "best_validation_accuracy": 0.8209876543209876,
  "best_validation_average_F1": 0.8209808329839838,
  "best_validation_loss": 0.614866091446443
}