{
  "peak_cpu_memory_MB": 2642.868,
  "peak_gpu_0_memory_MB": 2510,
  "training_duration": "00:00:45",
  "training_start_epoch": 0,
  "training_epochs": 1,
  "epoch": 1,
  "training_1_P": 0.7170418006430869,
  "training_1_R": 0.6809160305343511,
  "training_1_F1": 0.6985121378229728,
  "training_0_P": 0.6962209302325582,
  "training_0_R": 0.7312977099236642,
  "training_0_F1": 0.7133283693223627,
  "training_accuracy": 0.7061068702290076,
  "training_average_F1": 0.7059202535726677,
  "training_loss": 0.575401778809908,
  "training_cpu_memory_MB": 2642.868,
  "training_gpu_0_memory_MB": 2510,
  "validation_1_P": 0.8194444444444444,
  "validation_1_R": 0.7283950617283951,
  "validation_1_F1": 0.7712418300653098,
  "validation_0_P": 0.7555555555555555,
  "validation_0_R": 0.8395061728395061,
  "validation_0_F1": 0.7953216374268507,
  "validation_accuracy": 0.7839506172839507,
  "validation_average_F1": 0.7832817337460802,
  "validation_loss": 0.44016048312187195,
  "best_epoch": 1,
  "best_validation_1_P": 0.8194444444444444,
  "best_validation_1_R": 0.7283950617283951,
  "best_validation_1_F1": 0.7712418300653098,
  "best_validation_0_P": 0.7555555555555555,
  "best_validation_0_R": 0.8395061728395061,
  "best_validation_0_F1": 0.7953216374268507,
  "best_validation_accuracy": 0.7839506172839507,
  "best_validation_average_F1": 0.7832817337460802,
  "best_validation_loss": 0.44016048312187195
}