{
  "peak_cpu_memory_MB": 2642.868,
  "peak_gpu_0_memory_MB": 1241,
  "training_duration": "00:00:22",
  "training_start_epoch": 0,
  "training_epochs": 0,
  "epoch": 0,
  "training_1_P": 0.5264586160108549,
  "training_1_R": 0.5923664122137404,
  "training_1_F1": 0.5574712643677663,
  "training_0_P": 0.5340314136125655,
  "training_0_R": 0.467175572519084,
  "training_0_F1": 0.4983713355048362,
  "training_accuracy": 0.5297709923664122,
  "training_average_F1": 0.5279212999363012,
  "training_loss": 0.739070169809388,
  "training_cpu_memory_MB": 2642.868,
  "training_gpu_0_memory_MB": 1241,
  "validation_1_P": 0.5364238410596026,
  "validation_1_R": 1.0,
  "validation_1_F1": 0.6982758620689201,
  "validation_0_P": 1.0,
  "validation_0_R": 0.13580246913580246,
  "validation_0_F1": 0.23913043478258766,
  "validation_accuracy": 0.5679012345679012,
  "validation_average_F1": 0.4687031484257539,
  "validation_loss": 0.6724405234510248,
  "best_epoch": 0,
  "best_validation_1_P": 0.5364238410596026,
  "best_validation_1_R": 1.0,
  "best_validation_1_F1": 0.6982758620689201,
  "best_validation_0_P": 1.0,
  "best_validation_0_R": 0.13580246913580246,
  "best_validation_0_F1": 0.23913043478258766,
  "best_validation_accuracy": 0.5679012345679012,
  "best_validation_average_F1": 0.4687031484257539,
  "best_validation_loss": 0.6724405234510248
}