{
  "peak_cpu_memory_MB": 2642.868,
  "peak_gpu_0_memory_MB": 2510,
  "training_duration": "00:02:56",
  "training_start_epoch": 0,
  "training_epochs": 6,
  "epoch": 6,
  "training_1_P": 0.9938744257274119,
  "training_1_R": 0.9908396946564886,
  "training_1_F1": 0.9923547400611121,
  "training_0_P": 0.9908675799086758,
  "training_0_R": 0.9938931297709923,
  "training_0_F1": 0.9923780487804379,
  "training_accuracy": 0.9923664122137404,
  "training_average_F1": 0.992366394420775,
  "training_loss": 0.0367607842710596,
  "training_cpu_memory_MB": 2642.868,
  "training_gpu_0_memory_MB": 2510,
  "validation_1_P": 0.8181818181818182,
  "validation_1_R": 0.7777777777777778,
  "validation_1_F1": 0.7974683544303299,
  "validation_0_P": 0.788235294117647,
  "validation_0_R": 0.8271604938271605,
  "validation_0_F1": 0.8072289156626007,
  "validation_accuracy": 0.8024691358024691,
  "validation_average_F1": 0.8023486350464653,
  "validation_loss": 1.0656643923033366,
  "best_epoch": 3,
  "best_validation_1_P": 0.825,
  "best_validation_1_R": 0.8148148148148148,
  "best_validation_1_F1": 0.8198757763974656,
  "best_validation_0_P": 0.8170731707317073,
  "best_validation_0_R": 0.8271604938271605,
  "best_validation_0_F1": 0.8220858895705022,
  "best_validation_accuracy": 0.8209876543209876,
  "best_validation_average_F1": 0.8209808329839838,
  "best_validation_loss": 0.614866091446443
}