{
  "peak_cpu_memory_MB": 1851.556,
  "peak_gpu_0_memory_MB": 344,
  "training_duration": "00:00:01",
  "training_start_epoch": 0,
  "training_epochs": 0,
  "epoch": 0,
  "training_1_P": 0.7468152866242038,
  "training_1_R": 0.716030534351145,
  "training_1_F1": 0.7310989867497553,
  "training_0_P": 0.7272727272727273,
  "training_0_R": 0.7572519083969466,
  "training_0_F1": 0.7419596110695089,
  "training_accuracy": 0.7366412213740458,
  "training_average_F1": 0.7365292989096321,
  "training_loss": 0.5499300484250231,
  "training_cpu_memory_MB": 1851.556,
  "training_gpu_0_memory_MB": 344,
  "validation_1_P": 0.8181818181818182,
  "validation_1_R": 0.7777777777777778,
  "validation_1_F1": 0.7974683544303299,
  "validation_0_P": 0.788235294117647,
  "validation_0_R": 0.8271604938271605,
  "validation_0_F1": 0.8072289156626007,
  "validation_accuracy": 0.8024691358024691,
  "validation_average_F1": 0.8023486350464653,
  "validation_loss": 0.3968125148253007,
  "best_epoch": 0,
  "best_validation_1_P": 0.8181818181818182,
  "best_validation_1_R": 0.7777777777777778,
  "best_validation_1_F1": 0.7974683544303299,
  "best_validation_0_P": 0.788235294117647,
  "best_validation_0_R": 0.8271604938271605,
  "best_validation_0_F1": 0.8072289156626007,
  "best_validation_accuracy": 0.8024691358024691,
  "best_validation_average_F1": 0.8023486350464653,
  "best_validation_loss": 0.3968125148253007
}