{
  "peak_cpu_memory_MB": 2202.988,
  "peak_gpu_0_memory_MB": 2777,
  "training_duration": "00:03:00",
  "training_start_epoch": 0,
  "training_epochs": 4,
  "epoch": 4,
  "training_1_P": 0.993920972644377,
  "training_1_R": 0.9984732824427481,
  "training_1_F1": 0.9961919268849462,
  "training_0_P": 0.9984662576687117,
  "training_0_R": 0.9938931297709923,
  "training_0_F1": 0.9961744452945178,
  "training_accuracy": 0.9961832061068703,
  "training_average_F1": 0.996183186089732,
  "training_loss": 0.020804878787092137,
  "training_cpu_memory_MB": 2202.988,
  "training_gpu_0_memory_MB": 2777,
  "validation_1_P": 0.8433734939759037,
  "validation_1_R": 0.8641975308641975,
  "validation_1_F1": 0.8536585365853159,
  "validation_0_P": 0.8607594936708861,
  "validation_0_R": 0.8395061728395061,
  "validation_0_F1": 0.8499999999999501,
  "validation_accuracy": 0.8518518518518519,
  "validation_average_F1": 0.851829268292633,
  "validation_loss": 0.48650054904547607,
  "best_epoch": 3,
  "best_validation_1_P": 0.8641975308641975,
  "best_validation_1_R": 0.8641975308641975,
  "best_validation_1_F1": 0.8641975308641475,
  "best_validation_0_P": 0.8641975308641975,
  "best_validation_0_R": 0.8641975308641975,
  "best_validation_0_F1": 0.8641975308641475,
  "best_validation_accuracy": 0.8641975308641975,
  "best_validation_average_F1": 0.8641975308641475,
  "best_validation_loss": 0.4253440587358041
}