{
  "peak_cpu_memory_MB": 2202.988,
  "peak_gpu_0_memory_MB": 2777,
  "training_duration": "00:03:42",
  "training_start_epoch": 0,
  "training_epochs": 5,
  "epoch": 5,
  "training_1_P": 0.9984732824427481,
  "training_1_R": 0.9984732824427481,
  "training_1_F1": 0.9984732824426982,
  "training_0_P": 0.9984732824427481,
  "training_0_R": 0.9984732824427481,
  "training_0_F1": 0.9984732824426982,
  "training_accuracy": 0.9984732824427481,
  "training_average_F1": 0.9984732824426982,
  "training_loss": 0.007318599843817604,
  "training_cpu_memory_MB": 2202.988,
  "training_gpu_0_memory_MB": 2777,
  "validation_1_P": 0.8588235294117647,
  "validation_1_R": 0.9012345679012346,
  "validation_1_F1": 0.8795180722891066,
  "validation_0_P": 0.8961038961038961,
  "validation_0_R": 0.8518518518518519,
  "validation_0_F1": 0.8734177215189374,
  "validation_accuracy": 0.8765432098765432,
  "validation_average_F1": 0.876467896904022,
  "validation_loss": 0.548348646949638,
  "best_epoch": 5,
  "best_validation_1_P": 0.8588235294117647,
  "best_validation_1_R": 0.9012345679012346,
  "best_validation_1_F1": 0.8795180722891066,
  "best_validation_0_P": 0.8961038961038961,
  "best_validation_0_R": 0.8518518518518519,
  "best_validation_0_F1": 0.8734177215189374,
  "best_validation_accuracy": 0.8765432098765432,
  "best_validation_average_F1": 0.876467896904022,
  "best_validation_loss": 0.548348646949638
}