{
  "peak_cpu_memory_MB": 2202.988,
  "peak_gpu_0_memory_MB": 1346,
  "training_duration": "00:00:49",
  "training_start_epoch": 0,
  "training_epochs": 1,
  "epoch": 1,
  "training_1_P": 0.8644314868804664,
  "training_1_R": 0.9053435114503817,
  "training_1_F1": 0.8844146159581903,
  "training_0_P": 0.9006410256410257,
  "training_0_R": 0.8580152671755725,
  "training_0_F1": 0.8788115715402158,
  "training_accuracy": 0.8816793893129771,
  "training_average_F1": 0.881613093749203,
  "training_loss": 0.3002321895938821,
  "training_cpu_memory_MB": 2202.988,
  "training_gpu_0_memory_MB": 1346,
  "validation_1_P": 0.8295454545454546,
  "validation_1_R": 0.9012345679012346,
  "validation_1_F1": 0.8639053254437372,
  "validation_0_P": 0.8918918918918919,
  "validation_0_R": 0.8148148148148148,
  "validation_0_F1": 0.8516129032257566,
  "validation_accuracy": 0.8580246913580247,
  "validation_average_F1": 0.8577591143347469,
  "validation_loss": 0.35040439529852435,
  "best_epoch": 1,
  "best_validation_1_P": 0.8295454545454546,
  "best_validation_1_R": 0.9012345679012346,
  "best_validation_1_F1": 0.8639053254437372,
  "best_validation_0_P": 0.8918918918918919,
  "best_validation_0_R": 0.8148148148148148,
  "best_validation_0_F1": 0.8516129032257566,
  "best_validation_accuracy": 0.8580246913580247,
  "best_validation_average_F1": 0.8577591143347469,
  "best_validation_loss": 0.35040439529852435
}