{
  "peak_cpu_memory_MB": 2202.988,
  "peak_gpu_0_memory_MB": 2577,
  "training_duration": "00:01:35",
  "training_start_epoch": 0,
  "training_epochs": 2,
  "epoch": 2,
  "training_1_P": 0.9247787610619469,
  "training_1_R": 0.9572519083969465,
  "training_1_F1": 0.9407351837958989,
  "training_0_P": 0.9556962025316456,
  "training_0_R": 0.9221374045801527,
  "training_0_F1": 0.9386169386168888,
  "training_accuracy": 0.9396946564885497,
  "training_average_F1": 0.9396760612063939,
  "training_loss": 0.17282440613319233,
  "training_cpu_memory_MB": 2202.988,
  "training_gpu_0_memory_MB": 2577,
  "validation_1_P": 0.8395061728395061,
  "validation_1_R": 0.8395061728395061,
  "validation_1_F1": 0.8395061728394562,
  "validation_0_P": 0.8395061728395061,
  "validation_0_R": 0.8395061728395061,
  "validation_0_F1": 0.8395061728394562,
  "validation_accuracy": 0.8395061728395061,
  "validation_average_F1": 0.8395061728394562,
  "validation_loss": 0.3670428422364322,
  "best_epoch": 1,
  "best_validation_1_P": 0.8295454545454546,
  "best_validation_1_R": 0.9012345679012346,
  "best_validation_1_F1": 0.8639053254437372,
  "best_validation_0_P": 0.8918918918918919,
  "best_validation_0_R": 0.8148148148148148,
  "best_validation_0_F1": 0.8516129032257566,
  "best_validation_accuracy": 0.8580246913580247,
  "best_validation_average_F1": 0.8577591143347469,
  "best_validation_loss": 0.35040439529852435
}