{
  "peak_cpu_memory_MB": 5769.16,
  "peak_gpu_0_memory_MB": 11,
  "peak_gpu_1_memory_MB": 3976,
  "peak_gpu_2_memory_MB": 11,
  "peak_gpu_3_memory_MB": 11,
  "peak_gpu_4_memory_MB": 11,
  "peak_gpu_5_memory_MB": 11,
  "peak_gpu_6_memory_MB": 1890,
  "peak_gpu_7_memory_MB": 11,
  "peak_gpu_8_memory_MB": 11,
  "peak_gpu_9_memory_MB": 11,
  "peak_gpu_10_memory_MB": 11,
  "peak_gpu_11_memory_MB": 4842,
  "peak_gpu_12_memory_MB": 11,
  "peak_gpu_13_memory_MB": 11,
  "peak_gpu_14_memory_MB": 11,
  "peak_gpu_15_memory_MB": 11,
  "training_duration": "00:01:54",
  "training_start_epoch": 0,
  "training_epochs": 2,
  "epoch": 2,
  "training_1_P": 0.915929203539823,
  "training_1_R": 0.9480916030534351,
  "training_1_F1": 0.9317329332332585,
  "training_0_P": 0.9462025316455697,
  "training_0_R": 0.9129770992366413,
  "training_0_F1": 0.9292929292928793,
  "training_accuracy": 0.9305343511450381,
  "training_average_F1": 0.9305129312630689,
  "training_loss": 0.17606137404445468,
  "training_cpu_memory_MB": 5769.16,
  "training_gpu_0_memory_MB": 11,
  "training_gpu_1_memory_MB": 3976,
  "training_gpu_2_memory_MB": 11,
  "training_gpu_3_memory_MB": 11,
  "training_gpu_4_memory_MB": 11,
  "training_gpu_5_memory_MB": 11,
  "training_gpu_6_memory_MB": 1890,
  "training_gpu_7_memory_MB": 11,
  "training_gpu_8_memory_MB": 11,
  "training_gpu_9_memory_MB": 11,
  "training_gpu_10_memory_MB": 11,
  "training_gpu_11_memory_MB": 4842,
  "training_gpu_12_memory_MB": 11,
  "training_gpu_13_memory_MB": 11,
  "training_gpu_14_memory_MB": 11,
  "training_gpu_15_memory_MB": 11,
  "validation_1_P": 0.7938144329896907,
  "validation_1_R": 0.9506172839506173,
  "validation_1_F1": 0.8651685393257931,
  "validation_0_P": 0.9384615384615385,
  "validation_0_R": 0.7530864197530864,
  "validation_0_F1": 0.835616438356115,
  "validation_accuracy": 0.8518518518518519,
  "validation_average_F1": 0.850392488840954,
  "validation_loss": 0.5082068944519217,
  "best_epoch": 1,
  "best_validation_1_P": 0.8295454545454546,
  "best_validation_1_R": 0.9012345679012346,
  "best_validation_1_F1": 0.8639053254437372,
  "best_validation_0_P": 0.8918918918918919,
  "best_validation_0_R": 0.8148148148148148,
  "best_validation_0_F1": 0.8516129032257566,
  "best_validation_accuracy": 0.8580246913580247,
  "best_validation_average_F1": 0.8577591143347469,
  "best_validation_loss": 0.3237224431200461
}