{
  "peak_cpu_memory_MB": 2223.296,
  "peak_gpu_0_memory_MB": 11,
  "peak_gpu_1_memory_MB": 11082,
  "peak_gpu_2_memory_MB": 1352,
  "peak_gpu_3_memory_MB": 1234,
  "peak_gpu_4_memory_MB": 11,
  "peak_gpu_5_memory_MB": 11,
  "peak_gpu_6_memory_MB": 11,
  "peak_gpu_7_memory_MB": 11,
  "peak_gpu_8_memory_MB": 11,
  "peak_gpu_9_memory_MB": 11,
  "peak_gpu_10_memory_MB": 11,
  "peak_gpu_11_memory_MB": 11,
  "peak_gpu_12_memory_MB": 11,
  "peak_gpu_13_memory_MB": 11,
  "peak_gpu_14_memory_MB": 11,
  "peak_gpu_15_memory_MB": 11,
  "training_duration": "00:01:04",
  "training_start_epoch": 0,
  "training_epochs": 2,
  "epoch": 2,
  "training_1_P": 0.9332344213649851,
  "training_1_R": 0.9603053435114504,
  "training_1_F1": 0.946576373212892,
  "training_0_P": 0.9591194968553459,
  "training_0_R": 0.9312977099236641,
  "training_0_F1": 0.9450038729666425,
  "training_accuracy": 0.9458015267175572,
  "training_average_F1": 0.9457901230897672,
  "training_loss": 0.14934107629445995,
  "training_cpu_memory_MB": 2223.296,
  "training_gpu_0_memory_MB": 11,
  "training_gpu_1_memory_MB": 11082,
  "training_gpu_2_memory_MB": 1252,
  "training_gpu_3_memory_MB": 1234,
  "training_gpu_4_memory_MB": 11,
  "training_gpu_5_memory_MB": 11,
  "training_gpu_6_memory_MB": 11,
  "training_gpu_7_memory_MB": 11,
  "training_gpu_8_memory_MB": 11,
  "training_gpu_9_memory_MB": 11,
  "training_gpu_10_memory_MB": 11,
  "training_gpu_11_memory_MB": 11,
  "training_gpu_12_memory_MB": 11,
  "training_gpu_13_memory_MB": 11,
  "training_gpu_14_memory_MB": 11,
  "training_gpu_15_memory_MB": 11,
  "validation_1_P": 0.8857142857142857,
  "validation_1_R": 0.7654320987654321,
  "validation_1_F1": 0.8211920529800828,
  "validation_0_P": 0.7934782608695652,
  "validation_0_R": 0.9012345679012346,
  "validation_0_F1": 0.8439306358381005,
  "validation_accuracy": 0.8333333333333334,
  "validation_average_F1": 0.8325613444090916,
  "validation_loss": 0.4183057871731845,
  "best_epoch": 0,
  "best_validation_1_P": 0.8292682926829268,
  "best_validation_1_R": 0.8395061728395061,
  "best_validation_1_F1": 0.8343558282208088,
  "best_validation_0_P": 0.8375,
  "best_validation_0_R": 0.8271604938271605,
  "best_validation_0_F1": 0.8322981366459128,
  "best_validation_accuracy": 0.8333333333333334,
  "best_validation_average_F1": 0.8333269824333608,
  "best_validation_loss": 0.4055904177102176,
  "test_1_P": 0.7951807228915663,
  "test_1_R": 0.8148148148148148,
  "test_1_F1": 0.8048780487804378,
  "test_0_P": 0.810126582278481,
  "test_0_R": 0.7901234567901234,
  "test_0_F1": 0.7999999999999501,
  "test_accuracy": 0.8024691358024691,
  "test_average_F1": 0.802439024390194,
  "test_loss": 0.4024414745244113
}