{
  "peak_cpu_memory_MB": 2663.292,
  "peak_gpu_0_memory_MB": 11,
  "peak_gpu_1_memory_MB": 11,
  "peak_gpu_2_memory_MB": 11,
  "peak_gpu_3_memory_MB": 11,
  "peak_gpu_4_memory_MB": 11,
  "peak_gpu_5_memory_MB": 11,
  "peak_gpu_6_memory_MB": 11,
  "peak_gpu_7_memory_MB": 11,
  "peak_gpu_8_memory_MB": 11,
  "peak_gpu_9_memory_MB": 11,
  "peak_gpu_10_memory_MB": 11,
  "peak_gpu_11_memory_MB": 3464,
  "peak_gpu_12_memory_MB": 11,
  "peak_gpu_13_memory_MB": 11,
  "peak_gpu_14_memory_MB": 7789,
  "peak_gpu_15_memory_MB": 4911,
  "training_duration": "00:04:50",
  "training_start_epoch": 0,
  "training_epochs": 8,
  "epoch": 8,
  "training_1_F1": 0.9793420045906156,
  "training_0_F1": 0.9794364051789295,
  "training_accuracy": 0.9793893129770992,
  "training_average_F1": 0.9793892048847725,
  "training_loss": 0.11640486003058713,
  "training_cpu_memory_MB": 2663.292,
  "training_gpu_0_memory_MB": 11,
  "training_gpu_1_memory_MB": 11,
  "training_gpu_2_memory_MB": 11,
  "training_gpu_3_memory_MB": 11,
  "training_gpu_4_memory_MB": 11,
  "training_gpu_5_memory_MB": 11,
  "training_gpu_6_memory_MB": 11,
  "training_gpu_7_memory_MB": 11,
  "training_gpu_8_memory_MB": 11,
  "training_gpu_9_memory_MB": 11,
  "training_gpu_10_memory_MB": 11,
  "training_gpu_11_memory_MB": 3464,
  "training_gpu_12_memory_MB": 11,
  "training_gpu_13_memory_MB": 11,
  "training_gpu_14_memory_MB": 7789,
  "training_gpu_15_memory_MB": 4911,
  "validation_1_F1": 0.8387096774193049,
  "validation_0_F1": 0.8520710059171098,
  "validation_accuracy": 0.845679012345679,
  "validation_average_F1": 0.8453903416682074,
  "validation_loss": 0.5304540700533174,
  "best_epoch": 6,
  "best_validation_1_F1": 0.8662420382165106,
  "best_validation_0_F1": 0.8742514970059381,
  "best_validation_accuracy": 0.8703703703703703,
  "best_validation_average_F1": 0.8702467676112243,
  "best_validation_loss": 0.3873850323937156,
  "test_1_F1": 0.8104575163398196,
  "test_0_F1": 0.8304093567250963,
  "test_accuracy": 0.8209876543209876,
  "test_average_F1": 0.8204334365324579,
  "test_loss": 0.45339597084305505
}