{
  "training_duration": "00:07:19",
  "training_start_epoch": 0,
  "training_epochs": 2,
  "epoch": 2,
  "training_1_F1": 0.7658321060382417,
  "training_0_F1": 0.7480190174325967,
  "training_accuracy": 0.7572519083969466,
  "training_average_F1": 0.7569255617354191,
  "training_loss": 0.6439376676954874,
  "validation_1_F1": 0.8306010928961256,
  "validation_0_F1": 0.7801418439715824,
  "validation_accuracy": 0.808641975308642,
  "validation_average_F1": 0.805371468433854,
  "validation_loss": 0.5689564889127557,
  "best_epoch": 2,
  "best_validation_1_F1": 0.8306010928961256,
  "best_validation_0_F1": 0.7801418439715824,
  "best_validation_accuracy": 0.808641975308642,
  "best_validation_average_F1": 0.805371468433854,
  "best_validation_loss": 0.5689564889127557
}