{
  "training_duration": "00:04:45",
  "training_start_epoch": 0,
  "training_epochs": 1,
  "epoch": 1,
  "training_1_F1": 0.7324749642345711,
  "training_0_F1": 0.6939443535187719,
  "training_accuracy": 0.7145038167938931,
  "training_average_F1": 0.7132096588766715,
  "training_loss": 0.6838901624446962,
  "validation_1_F1": 0.8160919540229388,
  "validation_0_F1": 0.7866666666666171,
  "validation_accuracy": 0.8024691358024691,
  "validation_average_F1": 0.8013793103447779,
  "validation_loss": 0.6083678007125854,
  "best_epoch": 1,
  "best_validation_1_F1": 0.8160919540229388,
  "best_validation_0_F1": 0.7866666666666171,
  "best_validation_accuracy": 0.8024691358024691,
  "best_validation_average_F1": 0.8013793103447779,
  "best_validation_loss": 0.6083678007125854
}