{
  "peak_cpu_memory_MB": 2643.828,
  "peak_gpu_0_memory_MB": 2510,
  "training_duration": "00:06:14",
  "training_start_epoch": 0,
  "training_epochs": 14,
  "epoch": 14,
  "training_1_P": 0.9843014128728415,
  "training_1_R": 0.9572519083969465,
  "training_1_F1": 0.9705882352940677,
  "training_0_P": 0.9583952451708767,
  "training_0_R": 0.9847328244274809,
  "training_0_F1": 0.9713855421686247,
  "training_accuracy": 0.9709923664122138,
  "training_average_F1": 0.9709868887313462,
  "training_loss": 0.10405627406406694,
  "training_cpu_memory_MB": 2643.828,
  "training_gpu_0_memory_MB": 2510,
  "validation_1_P": 0.8823529411764706,
  "validation_1_R": 0.7407407407407407,
  "validation_1_F1": 0.8053691275167288,
  "validation_0_P": 0.776595744680851,
  "validation_0_R": 0.9012345679012346,
  "validation_0_F1": 0.8342857142856646,
  "validation_accuracy": 0.8209876543209876,
  "validation_average_F1": 0.8198274209011966,
  "validation_loss": 0.5748347721316598,
  "best_epoch": 12,
  "best_validation_1_P": 0.8783783783783784,
  "best_validation_1_R": 0.8024691358024691,
  "best_validation_1_F1": 0.8387096774193049,
  "best_validation_0_P": 0.8181818181818182,
  "best_validation_0_R": 0.8888888888888888,
  "best_validation_0_F1": 0.8520710059171098,
  "best_validation_accuracy": 0.845679012345679,
  "best_validation_average_F1": 0.8453903416682074,
  "best_validation_loss": 0.3864360817454078
}