{
  "peak_cpu_memory_MB": 2643.828,
  "peak_gpu_0_memory_MB": 2510,
  "training_duration": "00:04:04",
  "training_start_epoch": 0,
  "training_epochs": 9,
  "epoch": 9,
  "training_1_P": 0.8180555555555555,
  "training_1_R": 0.899236641221374,
  "training_1_F1": 0.8567272727272229,
  "training_0_P": 0.888135593220339,
  "training_0_R": 0.8,
  "training_0_F1": 0.8417670682730426,
  "training_accuracy": 0.849618320610687,
  "training_average_F1": 0.8492471705001328,
  "training_loss": 0.40780257560857913,
  "training_cpu_memory_MB": 2643.828,
  "training_gpu_0_memory_MB": 2510,
  "validation_1_P": 0.8023255813953488,
  "validation_1_R": 0.8518518518518519,
  "validation_1_F1": 0.8263473053891718,
  "validation_0_P": 0.8421052631578947,
  "validation_0_R": 0.7901234567901234,
  "validation_0_F1": 0.8152866242037717,
  "validation_accuracy": 0.8209876543209876,
  "validation_average_F1": 0.8208169647964718,
  "validation_loss": 0.470843415368687,
  "best_epoch": 9,
  "best_validation_1_P": 0.8023255813953488,
  "best_validation_1_R": 0.8518518518518519,
  "best_validation_1_F1": 0.8263473053891718,
  "best_validation_0_P": 0.8421052631578947,
  "best_validation_0_R": 0.7901234567901234,
  "best_validation_0_F1": 0.8152866242037717,
  "best_validation_accuracy": 0.8209876543209876,
  "best_validation_average_F1": 0.8208169647964718,
  "best_validation_loss": 0.470843415368687
}