{
  "peak_cpu_memory_MB": 2643.828,
  "peak_gpu_0_memory_MB": 2510,
  "training_duration": "00:07:29",
  "training_start_epoch": 0,
  "training_epochs": 17,
  "epoch": 17,
  "training_1_P": 0.9984423676012462,
  "training_1_R": 0.9786259541984733,
  "training_1_F1": 0.9884348496529957,
  "training_0_P": 0.9790419161676647,
  "training_0_R": 0.9984732824427481,
  "training_0_F1": 0.9886621315192243,
  "training_accuracy": 0.9885496183206107,
  "training_average_F1": 0.9885484905861099,
  "training_loss": 0.05126821840318238,
  "training_cpu_memory_MB": 2643.828,
  "training_gpu_0_memory_MB": 2510,
  "validation_1_P": 0.8235294117647058,
  "validation_1_R": 0.8641975308641975,
  "validation_1_F1": 0.8433734939758536,
  "validation_0_P": 0.8571428571428571,
  "validation_0_R": 0.8148148148148148,
  "validation_0_F1": 0.8354430379746336,
  "validation_accuracy": 0.8395061728395061,
  "validation_average_F1": 0.8394082659752435,
  "validation_loss": 0.5373802862384103,
  "best_epoch": 16,
  "best_validation_1_P": 0.8933333333333333,
  "best_validation_1_R": 0.8271604938271605,
  "best_validation_1_F1": 0.8589743589743091,
  "best_validation_0_P": 0.8390804597701149,
  "best_validation_0_R": 0.9012345679012346,
  "best_validation_0_F1": 0.8690476190475692,
  "best_validation_accuracy": 0.8641975308641975,
  "best_validation_average_F1": 0.8640109890109391,
  "best_validation_loss": 0.4724266454577446
}