{
  "peak_cpu_memory_MB": 2643.828,
  "peak_gpu_0_memory_MB": 2510,
  "training_duration": "00:01:59",
  "training_start_epoch": 0,
  "training_epochs": 4,
  "epoch": 4,
  "training_1_P": 0.646677471636953,
  "training_1_R": 0.6091603053435114,
  "training_1_F1": 0.6273584905659877,
  "training_0_P": 0.6305916305916306,
  "training_0_R": 0.667175572519084,
  "training_0_F1": 0.6483679525222054,
  "training_accuracy": 0.6381679389312978,
  "training_average_F1": 0.6378632215440965,
  "training_loss": 0.6470294776486187,
  "training_cpu_memory_MB": 2643.828,
  "training_gpu_0_memory_MB": 2510,
  "validation_1_P": 0.5950413223140496,
  "validation_1_R": 0.8888888888888888,
  "validation_1_F1": 0.7128712871286649,
  "validation_0_P": 0.7804878048780488,
  "validation_0_R": 0.3950617283950617,
  "validation_0_F1": 0.5245901639343816,
  "validation_accuracy": 0.6419753086419753,
  "validation_average_F1": 0.6187307255315233,
  "validation_loss": 0.6258333271200006,
  "best_epoch": 2,
  "best_validation_1_P": 0.6666666666666666,
  "best_validation_1_R": 0.5185185185185185,
  "best_validation_1_F1": 0.5833333333332842,
  "best_validation_0_P": 0.6060606060606061,
  "best_validation_0_R": 0.7407407407407407,
  "best_validation_0_F1": 0.6666666666666172,
  "best_validation_accuracy": 0.6296296296296297,
  "best_validation_average_F1": 0.6249999999999507,
  "best_validation_loss": 0.6776059703393416
}