{
  "peak_cpu_memory_MB": 2643.828,
  "peak_gpu_0_memory_MB": 2510,
  "training_duration": "00:08:44",
  "training_start_epoch": 0,
  "training_epochs": 20,
  "epoch": 20,
  "training_1_P": 0.9953488372093023,
  "training_1_R": 0.9801526717557252,
  "training_1_F1": 0.9876923076922578,
  "training_0_P": 0.9804511278195489,
  "training_0_R": 0.9954198473282443,
  "training_0_F1": 0.987878787878738,
  "training_accuracy": 0.9877862595419847,
  "training_average_F1": 0.9877855477854979,
  "training_loss": 0.0504032897240505,
  "training_cpu_memory_MB": 2643.828,
  "training_gpu_0_memory_MB": 2510,
  "validation_1_P": 0.8625,
  "validation_1_R": 0.8518518518518519,
  "validation_1_F1": 0.8571428571428072,
  "validation_0_P": 0.8536585365853658,
  "validation_0_R": 0.8641975308641975,
  "validation_0_F1": 0.8588957055214225,
  "validation_accuracy": 0.8580246913580247,
  "validation_average_F1": 0.8580192813321148,
  "validation_loss": 0.5857768830927935,
  "best_epoch": 18,
  "best_validation_1_P": 0.918918918918919,
  "best_validation_1_R": 0.8395061728395061,
  "best_validation_1_F1": 0.8774193548386598,
  "best_validation_0_P": 0.8522727272727273,
  "best_validation_0_R": 0.9259259259259259,
  "best_validation_0_F1": 0.8875739644969916,
  "best_validation_accuracy": 0.8827160493827161,
  "best_validation_average_F1": 0.8824966596678256,
  "best_validation_loss": 0.5362751802260225
}