{
  "peak_cpu_memory_MB": 2643.828,
  "peak_gpu_0_memory_MB": 2510,
  "training_duration": "00:01:36",
  "training_start_epoch": 0,
  "training_epochs": 3,
  "epoch": 3,
  "training_1_P": 0.5699404761904762,
  "training_1_R": 0.5847328244274809,
  "training_1_F1": 0.5772418990202967,
  "training_0_P": 0.5736677115987461,
  "training_0_R": 0.5587786259541985,
  "training_0_F1": 0.5661252900231518,
  "training_accuracy": 0.5717557251908397,
  "training_average_F1": 0.5716835945217242,
  "training_loss": 0.6779012847237471,
  "training_cpu_memory_MB": 2643.828,
  "training_gpu_0_memory_MB": 2510,
  "validation_1_P": 0.8181818181818182,
  "validation_1_R": 0.3333333333333333,
  "validation_1_F1": 0.47368421052627463,
  "validation_0_P": 0.5813953488372093,
  "validation_0_R": 0.9259259259259259,
  "validation_0_F1": 0.7142857142856669,
  "validation_accuracy": 0.6296296296296297,
  "validation_average_F1": 0.5939849624059708,
  "validation_loss": 0.6705843264406378,
  "best_epoch": 2,
  "best_validation_1_P": 0.6666666666666666,
  "best_validation_1_R": 0.5185185185185185,
  "best_validation_1_F1": 0.5833333333332842,
  "best_validation_0_P": 0.6060606060606061,
  "best_validation_0_R": 0.7407407407407407,
  "best_validation_0_F1": 0.6666666666666172,
  "best_validation_accuracy": 0.6296296296296297,
  "best_validation_average_F1": 0.6249999999999507,
  "best_validation_loss": 0.6776059703393416
}