{
  "peak_cpu_memory_MB": 2643.828,
  "peak_gpu_0_memory_MB": 2510,
  "training_duration": "00:08:20",
  "training_start_epoch": 0,
  "training_epochs": 19,
  "epoch": 19,
  "training_1_P": 0.9984472049689441,
  "training_1_R": 0.981679389312977,
  "training_1_F1": 0.9899923017705428,
  "training_0_P": 0.9819819819819819,
  "training_0_R": 0.9984732824427481,
  "training_0_F1": 0.9901589704768614,
  "training_accuracy": 0.9900763358778626,
  "training_average_F1": 0.9900756361237021,
  "training_loss": 0.047696023316281595,
  "training_cpu_memory_MB": 2643.828,
  "training_gpu_0_memory_MB": 2510,
  "validation_1_P": 0.8607594936708861,
  "validation_1_R": 0.8395061728395061,
  "validation_1_F1": 0.8499999999999501,
  "validation_0_P": 0.8433734939759037,
  "validation_0_R": 0.8641975308641975,
  "validation_0_F1": 0.8536585365853159,
  "validation_accuracy": 0.8518518518518519,
  "validation_average_F1": 0.851829268292633,
  "validation_loss": 0.5820772255008871,
  "best_epoch": 18,
  "best_validation_1_P": 0.918918918918919,
  "best_validation_1_R": 0.8395061728395061,
  "best_validation_1_F1": 0.8774193548386598,
  "best_validation_0_P": 0.8522727272727273,
  "best_validation_0_R": 0.9259259259259259,
  "best_validation_0_F1": 0.8875739644969916,
  "best_validation_accuracy": 0.8827160493827161,
  "best_validation_average_F1": 0.8824966596678256,
  "best_validation_loss": 0.5362751802260225
}