{
  "peak_cpu_memory_MB": 2643.828,
  "peak_gpu_0_memory_MB": 2510,
  "training_duration": "00:06:38",
  "training_start_epoch": 0,
  "training_epochs": 15,
  "epoch": 15,
  "training_1_P": 0.9937106918238994,
  "training_1_R": 0.9648854961832061,
  "training_1_F1": 0.9790859798605233,
  "training_0_P": 0.9658753709198813,
  "training_0_R": 0.9938931297709923,
  "training_0_F1": 0.9796839729119139,
  "training_accuracy": 0.9793893129770992,
  "training_average_F1": 0.9793849763862186,
  "training_loss": 0.08202187040048402,
  "training_cpu_memory_MB": 2643.828,
  "training_gpu_0_memory_MB": 2510,
  "validation_1_P": 0.9298245614035088,
  "validation_1_R": 0.654320987654321,
  "validation_1_F1": 0.7681159420289371,
  "validation_0_P": 0.7333333333333333,
  "validation_0_R": 0.9506172839506173,
  "validation_0_F1": 0.8279569892472627,
  "validation_accuracy": 0.8024691358024691,
  "validation_average_F1": 0.7980364656380998,
  "validation_loss": 0.5942441990429704,
  "best_epoch": 12,
  "best_validation_1_P": 0.8783783783783784,
  "best_validation_1_R": 0.8024691358024691,
  "best_validation_1_F1": 0.8387096774193049,
  "best_validation_0_P": 0.8181818181818182,
  "best_validation_0_R": 0.8888888888888888,
  "best_validation_0_F1": 0.8520710059171098,
  "best_validation_accuracy": 0.845679012345679,
  "best_validation_average_F1": 0.8453903416682074,
  "best_validation_loss": 0.3864360817454078
}