{
  "peak_cpu_memory_MB": 2643.828,
  "peak_gpu_0_memory_MB": 2510,
  "training_duration": "00:05:51",
  "training_start_epoch": 0,
  "training_epochs": 13,
  "epoch": 13,
  "training_1_P": 0.9717425431711146,
  "training_1_R": 0.9450381679389313,
  "training_1_F1": 0.9582043343652751,
  "training_0_P": 0.9465081723625557,
  "training_0_R": 0.9725190839694656,
  "training_0_F1": 0.9593373493975405,
  "training_accuracy": 0.9587786259541985,
  "training_average_F1": 0.9587708418814078,
  "training_loss": 0.14016130607484317,
  "training_cpu_memory_MB": 2643.828,
  "training_gpu_0_memory_MB": 2510,
  "validation_1_P": 0.9032258064516129,
  "validation_1_R": 0.691358024691358,
  "validation_1_F1": 0.783216783216734,
  "validation_0_P": 0.75,
  "validation_0_R": 0.9259259259259259,
  "validation_0_F1": 0.8287292817679063,
  "validation_accuracy": 0.808641975308642,
  "validation_average_F1": 0.8059730324923202,
  "validation_loss": 0.43469215523112903,
  "best_epoch": 12,
  "best_validation_1_P": 0.8783783783783784,
  "best_validation_1_R": 0.8024691358024691,
  "best_validation_1_F1": 0.8387096774193049,
  "best_validation_0_P": 0.8181818181818182,
  "best_validation_0_R": 0.8888888888888888,
  "best_validation_0_F1": 0.8520710059171098,
  "best_validation_accuracy": 0.845679012345679,
  "best_validation_average_F1": 0.8453903416682074,
  "best_validation_loss": 0.3864360817454078
}