{
  "peak_cpu_memory_MB": 2643.828,
  "peak_gpu_0_memory_MB": 2510,
  "training_duration": "00:03:37",
  "training_start_epoch": 0,
  "training_epochs": 8,
  "epoch": 8,
  "training_1_P": 0.761455525606469,
  "training_1_R": 0.8625954198473282,
  "training_1_F1": 0.8088761632068221,
  "training_0_P": 0.8415492957746479,
  "training_0_R": 0.7297709923664122,
  "training_0_F1": 0.7816843826655269,
  "training_accuracy": 0.7961832061068702,
  "training_average_F1": 0.7952802729361745,
  "training_loss": 0.4770981037035221,
  "training_cpu_memory_MB": 2643.828,
  "training_gpu_0_memory_MB": 2510,
  "validation_1_P": 0.7142857142857143,
  "validation_1_R": 0.8641975308641975,
  "validation_1_F1": 0.7821229050278834,
  "validation_0_P": 0.828125,
  "validation_0_R": 0.654320987654321,
  "validation_0_F1": 0.7310344827585714,
  "validation_accuracy": 0.7592592592592593,
  "validation_average_F1": 0.7565786938932274,
  "validation_loss": 0.5331087004054677,
  "best_epoch": 8,
  "best_validation_1_P": 0.7142857142857143,
  "best_validation_1_R": 0.8641975308641975,
  "best_validation_1_F1": 0.7821229050278834,
  "best_validation_0_P": 0.828125,
  "best_validation_0_R": 0.654320987654321,
  "best_validation_0_F1": 0.7310344827585714,
  "best_validation_accuracy": 0.7592592592592593,
  "best_validation_average_F1": 0.7565786938932274,
  "best_validation_loss": 0.5331087004054677
}