{
  "peak_cpu_memory_MB": 2643.828,
  "peak_gpu_0_memory_MB": 2510,
  "training_duration": "00:02:46",
  "training_start_epoch": 0,
  "training_epochs": 6,
  "epoch": 6,
  "training_1_P": 0.5732647814910026,
  "training_1_R": 0.6809160305343511,
  "training_1_F1": 0.6224703419399364,
  "training_0_P": 0.6071428571428571,
  "training_0_R": 0.49312977099236643,
  "training_0_F1": 0.5442291491153676,
  "training_accuracy": 0.5870229007633587,
  "training_average_F1": 0.583349745527652,
  "training_loss": 0.657287580574431,
  "training_cpu_memory_MB": 2643.828,
  "training_gpu_0_memory_MB": 2510,
  "validation_1_P": 0.7758620689655172,
  "validation_1_R": 0.5555555555555556,
  "validation_1_F1": 0.6474820143884407,
  "validation_0_P": 0.6538461538461539,
  "validation_0_R": 0.8395061728395061,
  "validation_0_F1": 0.7351351351350859,
  "validation_accuracy": 0.6975308641975309,
  "validation_average_F1": 0.6913085747617633,
  "validation_loss": 0.7088878642429005,
  "best_epoch": 6,
  "best_validation_1_P": 0.7758620689655172,
  "best_validation_1_R": 0.5555555555555556,
  "best_validation_1_F1": 0.6474820143884407,
  "best_validation_0_P": 0.6538461538461539,
  "best_validation_0_R": 0.8395061728395061,
  "best_validation_0_F1": 0.7351351351350859,
  "best_validation_accuracy": 0.6975308641975309,
  "best_validation_average_F1": 0.6913085747617633,
  "best_validation_loss": 0.7088878642429005
}