{
  "peak_cpu_memory_MB": 2643.828,
  "peak_gpu_0_memory_MB": 2510,
  "training_duration": "00:03:13",
  "training_start_epoch": 0,
  "training_epochs": 7,
  "epoch": 7,
  "training_1_P": 0.7222982216142271,
  "training_1_R": 0.8061068702290076,
  "training_1_F1": 0.7619047619047121,
  "training_0_P": 0.7806563039723662,
  "training_0_R": 0.6900763358778625,
  "training_0_F1": 0.7325769854132402,
  "training_accuracy": 0.7480916030534351,
  "training_average_F1": 0.7472408736589762,
  "training_loss": 0.5472672783383509,
  "training_cpu_memory_MB": 2643.828,
  "training_gpu_0_memory_MB": 2510,
  "validation_1_P": 0.6220472440944882,
  "validation_1_R": 0.9753086419753086,
  "validation_1_F1": 0.759615384615337,
  "validation_0_P": 0.9428571428571428,
  "validation_0_R": 0.4074074074074074,
  "validation_0_F1": 0.5689655172413371,
  "validation_accuracy": 0.691358024691358,
  "validation_average_F1": 0.664290450928337,
  "validation_loss": 0.5845877203074369,
  "best_epoch": 6,
  "best_validation_1_P": 0.7758620689655172,
  "best_validation_1_R": 0.5555555555555556,
  "best_validation_1_F1": 0.6474820143884407,
  "best_validation_0_P": 0.6538461538461539,
  "best_validation_0_R": 0.8395061728395061,
  "best_validation_0_F1": 0.7351351351350859,
  "best_validation_accuracy": 0.6975308641975309,
  "best_validation_average_F1": 0.6913085747617633,
  "best_validation_loss": 0.7088878642429005
}