{
  "peak_cpu_memory_MB": 2643.828,
  "peak_gpu_0_memory_MB": 2510,
  "training_duration": "00:07:53",
  "training_start_epoch": 0,
  "training_epochs": 18,
  "epoch": 18,
  "training_1_P": 0.9953416149068323,
  "training_1_R": 0.9786259541984733,
  "training_1_F1": 0.9869130100076483,
  "training_0_P": 0.978978978978979,
  "training_0_R": 0.9954198473282443,
  "training_0_F1": 0.9871309613928342,
  "training_accuracy": 0.9870229007633587,
  "training_average_F1": 0.9870219857002412,
  "training_loss": 0.05518652282927821,
  "training_cpu_memory_MB": 2643.828,
  "training_gpu_0_memory_MB": 2510,
  "validation_1_P": 0.918918918918919,
  "validation_1_R": 0.8395061728395061,
  "validation_1_F1": 0.8774193548386598,
  "validation_0_P": 0.8522727272727273,
  "validation_0_R": 0.9259259259259259,
  "validation_0_F1": 0.8875739644969916,
  "validation_accuracy": 0.8827160493827161,
  "validation_average_F1": 0.8824966596678256,
  "validation_loss": 0.5362751802260225,
  "best_epoch": 18,
  "best_validation_1_P": 0.918918918918919,
  "best_validation_1_R": 0.8395061728395061,
  "best_validation_1_F1": 0.8774193548386598,
  "best_validation_0_P": 0.8522727272727273,
  "best_validation_0_R": 0.9259259259259259,
  "best_validation_0_F1": 0.8875739644969916,
  "best_validation_accuracy": 0.8827160493827161,
  "best_validation_average_F1": 0.8824966596678256,
  "best_validation_loss": 0.5362751802260225
}