{
  "peak_cpu_memory_MB": 2643.828,
  "peak_gpu_0_memory_MB": 2510,
  "training_duration": "00:02:22",
  "training_start_epoch": 0,
  "training_epochs": 5,
  "epoch": 5,
  "training_1_P": 0.6294896030245747,
  "training_1_R": 0.5083969465648855,
  "training_1_F1": 0.5624999999999507,
  "training_0_P": 0.587708066581306,
  "training_0_R": 0.7007633587786259,
  "training_0_F1": 0.6392757660166635,
  "training_accuracy": 0.6045801526717557,
  "training_average_F1": 0.6008878830083071,
  "training_loss": 0.661492348444171,
  "training_cpu_memory_MB": 2643.828,
  "training_gpu_0_memory_MB": 2510,
  "validation_1_P": 0.5031055900621118,
  "validation_1_R": 1.0,
  "validation_1_F1": 0.6694214876032613,
  "validation_0_P": 1.0,
  "validation_0_R": 0.012345679012345678,
  "validation_0_F1": 0.024390243902436614,
  "validation_accuracy": 0.5061728395061729,
  "validation_average_F1": 0.34690586575284893,
  "validation_loss": 0.7118074731393293,
  "best_epoch": 2,
  "best_validation_1_P": 0.6666666666666666,
  "best_validation_1_R": 0.5185185185185185,
  "best_validation_1_F1": 0.5833333333332842,
  "best_validation_0_P": 0.6060606060606061,
  "best_validation_0_R": 0.7407407407407407,
  "best_validation_0_F1": 0.6666666666666172,
  "best_validation_accuracy": 0.6296296296296297,
  "best_validation_average_F1": 0.6249999999999507,
  "best_validation_loss": 0.6776059703393416
}