{
  "peak_cpu_memory_MB": 2643.828,
  "peak_gpu_0_memory_MB": 2510,
  "training_duration": "00:04:32",
  "training_start_epoch": 0,
  "training_epochs": 10,
  "epoch": 10,
  "training_1_P": 0.8674351585014409,
  "training_1_R": 0.9190839694656489,
  "training_1_F1": 0.892512972572226,
  "training_0_P": 0.913961038961039,
  "training_0_R": 0.8595419847328244,
  "training_0_F1": 0.885916601101445,
  "training_accuracy": 0.8893129770992366,
  "training_average_F1": 0.8892147868368354,
  "training_loss": 0.32606064083009234,
  "training_cpu_memory_MB": 2643.828,
  "training_gpu_0_memory_MB": 2510,
  "validation_1_P": 0.782608695652174,
  "validation_1_R": 0.8888888888888888,
  "validation_1_F1": 0.8323699421964821,
  "validation_0_P": 0.8714285714285714,
  "validation_0_R": 0.7530864197530864,
  "validation_0_F1": 0.8079470198675,
  "validation_accuracy": 0.8209876543209876,
  "validation_average_F1": 0.8201584810319911,
  "validation_loss": 0.4128087041052905,
  "best_epoch": 9,
  "best_validation_1_P": 0.8023255813953488,
  "best_validation_1_R": 0.8518518518518519,
  "best_validation_1_F1": 0.8263473053891718,
  "best_validation_0_P": 0.8421052631578947,
  "best_validation_0_R": 0.7901234567901234,
  "best_validation_0_F1": 0.8152866242037717,
  "best_validation_accuracy": 0.8209876543209876,
  "best_validation_average_F1": 0.8208169647964718,
  "best_validation_loss": 0.470843415368687
}