{
  "peak_cpu_memory_MB": 2643.828,
  "peak_gpu_0_memory_MB": 2510,
  "training_duration": "00:04:55",
  "training_start_epoch": 0,
  "training_epochs": 11,
  "epoch": 11,
  "training_1_P": 0.9059701492537313,
  "training_1_R": 0.9267175572519084,
  "training_1_F1": 0.9162264150942897,
  "training_0_P": 0.925,
  "training_0_R": 0.9038167938931297,
  "training_0_F1": 0.9142857142856644,
  "training_accuracy": 0.9152671755725191,
  "training_average_F1": 0.915256064689977,
  "training_loss": 0.2547301970785711,
  "training_cpu_memory_MB": 2643.828,
  "training_gpu_0_memory_MB": 2510,
  "validation_1_P": 0.8533333333333334,
  "validation_1_R": 0.7901234567901234,
  "validation_1_F1": 0.8205128205127706,
  "validation_0_P": 0.8045977011494253,
  "validation_0_R": 0.8641975308641975,
  "validation_0_F1": 0.8333333333332835,
  "validation_accuracy": 0.8271604938271605,
  "validation_average_F1": 0.8269230769230271,
  "validation_loss": 0.42693196778947656,
  "best_epoch": 11,
  "best_validation_1_P": 0.8533333333333334,
  "best_validation_1_R": 0.7901234567901234,
  "best_validation_1_F1": 0.8205128205127706,
  "best_validation_0_P": 0.8045977011494253,
  "best_validation_0_R": 0.8641975308641975,
  "best_validation_0_F1": 0.8333333333332835,
  "best_validation_accuracy": 0.8271604938271605,
  "best_validation_average_F1": 0.8269230769230271,
  "best_validation_loss": 0.42693196778947656
}