{
  "peak_cpu_memory_MB": 2643.828,
  "peak_gpu_0_memory_MB": 2594,
  "training_duration": "00:09:07",
  "training_start_epoch": 0,
  "training_epochs": 21,
  "epoch": 21,
  "training_1_P": 0.9938556067588326,
  "training_1_R": 0.9877862595419847,
  "training_1_F1": 0.990811638591068,
  "training_0_P": 0.9878603945371776,
  "training_0_R": 0.9938931297709923,
  "training_0_F1": 0.9908675799086258,
  "training_accuracy": 0.9908396946564886,
  "training_average_F1": 0.9908396092498469,
  "training_loss": 0.04589996371054795,
  "training_cpu_memory_MB": 2643.828,
  "training_gpu_0_memory_MB": 2510,
  "validation_1_P": 0.9384615384615385,
  "validation_1_R": 0.7530864197530864,
  "validation_1_F1": 0.835616438356115,
  "validation_0_P": 0.7938144329896907,
  "validation_0_R": 0.9506172839506173,
  "validation_0_F1": 0.8651685393257931,
  "validation_accuracy": 0.8518518518518519,
  "validation_average_F1": 0.850392488840954,
  "validation_loss": 0.5688847980716012,
  "best_epoch": 18,
  "best_validation_1_P": 0.918918918918919,
  "best_validation_1_R": 0.8395061728395061,
  "best_validation_1_F1": 0.8774193548386598,
  "best_validation_0_P": 0.8522727272727273,
  "best_validation_0_R": 0.9259259259259259,
  "best_validation_0_F1": 0.8875739644969916,
  "best_validation_accuracy": 0.8827160493827161,
  "best_validation_average_F1": 0.8824966596678256,
  "best_validation_loss": 0.5362751802260225,
  "test_1_P": 0.8157894736842105,
  "test_1_R": 0.7654320987654321,
  "test_1_F1": 0.7898089171974022,
  "test_0_P": 0.7790697674418605,
  "test_0_R": 0.8271604938271605,
  "test_0_F1": 0.8023952095807884,
  "test_accuracy": 0.7962962962962963,
  "test_average_F1": 0.7961020633890953,
  "test_loss": 1.1173807639967313
}