{
  "peak_cpu_memory_MB": 2643.828,
  "peak_gpu_0_memory_MB": 2510,
  "training_duration": "00:05:23",
  "training_start_epoch": 0,
  "training_epochs": 12,
  "epoch": 12,
  "training_1_P": 0.9299065420560748,
  "training_1_R": 0.9114503816793893,
  "training_1_F1": 0.9205859676175291,
  "training_0_P": 0.9131736526946108,
  "training_0_R": 0.9312977099236641,
  "training_0_F1": 0.9221466364323009,
  "training_accuracy": 0.9213740458015267,
  "training_average_F1": 0.921366302024915,
  "training_loss": 0.23568877314285533,
  "training_cpu_memory_MB": 2643.828,
  "training_gpu_0_memory_MB": 2510,
  "validation_1_P": 0.8783783783783784,
  "validation_1_R": 0.8024691358024691,
  "validation_1_F1": 0.8387096774193049,
  "validation_0_P": 0.8181818181818182,
  "validation_0_R": 0.8888888888888888,
  "validation_0_F1": 0.8520710059171098,
  "validation_accuracy": 0.845679012345679,
  "validation_average_F1": 0.8453903416682074,
  "validation_loss": 0.3864360817454078,
  "best_epoch": 12,
  "best_validation_1_P": 0.8783783783783784,
  "best_validation_1_R": 0.8024691358024691,
  "best_validation_1_F1": 0.8387096774193049,
  "best_validation_0_P": 0.8181818181818182,
  "best_validation_0_R": 0.8888888888888888,
  "best_validation_0_F1": 0.8520710059171098,
  "best_validation_accuracy": 0.845679012345679,
  "best_validation_average_F1": 0.8453903416682074,
  "best_validation_loss": 0.3864360817454078
}