{
  "peak_cpu_memory_MB": 2643.828,
  "peak_gpu_0_memory_MB": 1241,
  "training_duration": "00:00:22",
  "training_start_epoch": 0,
  "training_epochs": 0,
  "epoch": 0,
  "training_1_P": 0.5133136094674556,
  "training_1_R": 0.5297709923664122,
  "training_1_F1": 0.521412471825645,
  "training_0_P": 0.5141955835962145,
  "training_0_R": 0.49770992366412214,
  "training_0_F1": 0.5058184639254737,
  "training_accuracy": 0.5137404580152671,
  "training_average_F1": 0.5136154678755593,
  "training_loss": 0.7848096246399531,
  "training_cpu_memory_MB": 2643.828,
  "training_gpu_0_memory_MB": 1241,
  "validation_1_P": 0.5,
  "validation_1_R": 1.0,
  "validation_1_F1": 0.6666666666666222,
  "validation_0_P": 0.0,
  "validation_0_R": 0.0,
  "validation_0_F1": 0.0,
  "validation_accuracy": 0.5,
  "validation_average_F1": 0.3333333333333111,
  "validation_loss": 0.6931569142775102,
  "best_epoch": 0,
  "best_validation_1_P": 0.5,
  "best_validation_1_R": 1.0,
  "best_validation_1_F1": 0.6666666666666222,
  "best_validation_0_P": 0.0,
  "best_validation_0_R": 0.0,
  "best_validation_0_F1": 0.0,
  "best_validation_accuracy": 0.5,
  "best_validation_average_F1": 0.3333333333333111,
  "best_validation_loss": 0.6931569142775102
}