{
  "peak_cpu_memory_MB": 2643.828,
  "peak_gpu_0_memory_MB": 2510,
  "training_duration": "00:01:08",
  "training_start_epoch": 0,
  "training_epochs": 2,
  "epoch": 2,
  "training_1_P": 0.5051903114186851,
  "training_1_R": 0.44580152671755724,
  "training_1_F1": 0.4736415247363654,
  "training_0_P": 0.5040983606557377,
  "training_0_R": 0.5633587786259542,
  "training_0_F1": 0.5320836337418392,
  "training_accuracy": 0.5045801526717557,
  "training_average_F1": 0.5028625792391023,
  "training_loss": 0.6965169063428553,
  "training_cpu_memory_MB": 2643.828,
  "training_gpu_0_memory_MB": 2510,
  "validation_1_P": 0.6666666666666666,
  "validation_1_R": 0.5185185185185185,
  "validation_1_F1": 0.5833333333332842,
  "validation_0_P": 0.6060606060606061,
  "validation_0_R": 0.7407407407407407,
  "validation_0_F1": 0.6666666666666172,
  "validation_accuracy": 0.6296296296296297,
  "validation_average_F1": 0.6249999999999507,
  "validation_loss": 0.6776059703393416,
  "best_epoch": 2,
  "best_validation_1_P": 0.6666666666666666,
  "best_validation_1_R": 0.5185185185185185,
  "best_validation_1_F1": 0.5833333333332842,
  "best_validation_0_P": 0.6060606060606061,
  "best_validation_0_R": 0.7407407407407407,
  "best_validation_0_F1": 0.6666666666666172,
  "best_validation_accuracy": 0.6296296296296297,
  "best_validation_average_F1": 0.6249999999999507,
  "best_validation_loss": 0.6776059703393416
}