{
  "peak_cpu_memory_MB": 2643.828,
  "peak_gpu_0_memory_MB": 2510,
  "training_duration": "00:07:01",
  "training_start_epoch": 0,
  "training_epochs": 16,
  "epoch": 16,
  "training_1_P": 0.9937694704049844,
  "training_1_R": 0.9740458015267176,
  "training_1_F1": 0.9838087895142138,
  "training_0_P": 0.9745508982035929,
  "training_0_R": 0.9938931297709923,
  "training_0_F1": 0.9841269841269341,
  "training_accuracy": 0.983969465648855,
  "training_average_F1": 0.9839678868205739,
  "training_loss": 0.07154719926780317,
  "training_cpu_memory_MB": 2643.828,
  "training_gpu_0_memory_MB": 2510,
  "validation_1_P": 0.8933333333333333,
  "validation_1_R": 0.8271604938271605,
  "validation_1_F1": 0.8589743589743091,
  "validation_0_P": 0.8390804597701149,
  "validation_0_R": 0.9012345679012346,
  "validation_0_F1": 0.8690476190475692,
  "validation_accuracy": 0.8641975308641975,
  "validation_average_F1": 0.8640109890109391,
  "validation_loss": 0.4724266454577446,
  "best_epoch": 16,
  "best_validation_1_P": 0.8933333333333333,
  "best_validation_1_R": 0.8271604938271605,
  "best_validation_1_F1": 0.8589743589743091,
  "best_validation_0_P": 0.8390804597701149,
  "best_validation_0_R": 0.9012345679012346,
  "best_validation_0_F1": 0.8690476190475692,
  "best_validation_accuracy": 0.8641975308641975,
  "best_validation_average_F1": 0.8640109890109391,
  "best_validation_loss": 0.4724266454577446
}