{
  "peak_cpu_memory_MB": 3068.956,
  "peak_gpu_0_memory_MB": 2506,
  "training_duration": "00:01:28",
  "training_start_epoch": 0,
  "training_epochs": 2,
  "epoch": 2,
  "training_1_F1": 0.9848254931714219,
  "training_0_F1": 0.9846390168970315,
  "training_accuracy": 0.9847328244274809,
  "training_average_F1": 0.9847322550342267,
  "training_loss": 0.05847176749304664,
  "training_cpu_memory_MB": 3068.956,
  "training_gpu_0_memory_MB": 2506,
  "validation_1_F1": 0.8292682926828769,
  "validation_0_F1": 0.82499999999995,
  "validation_accuracy": 0.8271604938271605,
  "validation_average_F1": 0.8271341463414135,
  "validation_loss": 0.7672026211565192,
  "best_epoch": 2,
  "best_validation_1_F1": 0.8292682926828769,
  "best_validation_0_F1": 0.82499999999995,
  "best_validation_accuracy": 0.8271604938271605,
  "best_validation_average_F1": 0.8271341463414135,
  "best_validation_loss": 0.7672026211565192
}