{
  "peak_cpu_memory_MB": 3068.956,
  "peak_gpu_0_memory_MB": 2506,
  "training_duration": "00:00:45",
  "training_start_epoch": 0,
  "training_epochs": 1,
  "epoch": 1,
  "training_1_F1": 0.9389600602863102,
  "training_0_F1": 0.9373549883990221,
  "training_accuracy": 0.9381679389312977,
  "training_average_F1": 0.9381575243426661,
  "training_loss": 0.17811735069788084,
  "training_cpu_memory_MB": 3068.956,
  "training_gpu_0_memory_MB": 2506,
  "validation_1_F1": 0.7843137254901463,
  "validation_0_F1": 0.8070175438595992,
  "validation_accuracy": 0.7962962962962963,
  "validation_average_F1": 0.7956656346748727,
  "validation_loss": 0.6111758791587569,
  "best_epoch": 0,
  "best_validation_1_F1": 0.7999999999999501,
  "best_validation_0_F1": 0.8048780487804378,
  "best_validation_accuracy": 0.8024691358024691,
  "best_validation_average_F1": 0.802439024390194,
  "best_validation_loss": 0.3807466436516155
}