{
  "peak_cpu_memory_MB": 3068.956,
  "peak_gpu_0_memory_MB": 1241,
  "training_duration": "00:00:22",
  "training_start_epoch": 0,
  "training_epochs": 0,
  "epoch": 0,
  "training_1_F1": 0.7427701674276516,
  "training_0_F1": 0.7411944869831046,
  "training_accuracy": 0.7419847328244275,
  "training_average_F1": 0.741982327205378,
  "training_loss": 0.528015083474357,
  "training_cpu_memory_MB": 3068.956,
  "training_gpu_0_memory_MB": 1241,
  "validation_1_F1": 0.7999999999999501,
  "validation_0_F1": 0.8048780487804378,
  "validation_accuracy": 0.8024691358024691,
  "validation_average_F1": 0.802439024390194,
  "validation_loss": 0.3807466436516155,
  "best_epoch": 0,
  "best_validation_1_F1": 0.7999999999999501,
  "best_validation_0_F1": 0.8048780487804378,
  "best_validation_accuracy": 0.8024691358024691,
  "best_validation_average_F1": 0.802439024390194,
  "best_validation_loss": 0.3807466436516155
}