{
  "peak_cpu_memory_MB": 3068.956,
  "peak_gpu_0_memory_MB": 5091,
  "training_duration": "00:02:18",
  "training_start_epoch": 0,
  "training_epochs": 3,
  "epoch": 3,
  "training_1_F1": 0.9969558599695086,
  "training_0_F1": 0.996937212863656,
  "training_accuracy": 0.9969465648854962,
  "training_average_F1": 0.9969465364165824,
  "training_loss": 0.01824270798143272,
  "training_cpu_memory_MB": 3068.956,
  "training_gpu_0_memory_MB": 5091,
  "validation_1_F1": 0.7792207792207294,
  "validation_0_F1": 0.7999999999999502,
  "validation_accuracy": 0.7901234567901234,
  "validation_average_F1": 0.7896103896103398,
  "validation_loss": 0.9583461623300206,
  "best_epoch": 2,
  "best_validation_1_F1": 0.8292682926828769,
  "best_validation_0_F1": 0.82499999999995,
  "best_validation_accuracy": 0.8271604938271605,
  "best_validation_average_F1": 0.8271341463414135,
  "best_validation_loss": 0.7672026211565192
}