{
  "training_duration": "00:12:55",
  "training_start_epoch": 0,
  "training_epochs": 4,
  "epoch": 4,
  "training_1_F1": 0.8385650224214748,
  "training_0_F1": 0.8315132605303712,
  "training_accuracy": 0.8351145038167939,
  "training_average_F1": 0.8350391414759231,
  "training_loss": 0.5548170267081842,
  "validation_1_F1": 0.785276073619582,
  "validation_0_F1": 0.782608695652124,
  "validation_accuracy": 0.7839506172839507,
  "validation_average_F1": 0.783942384635853,
  "validation_loss": 0.4927567026831887,
  "best_epoch": 2,
  "best_validation_1_F1": 0.7926829268292183,
  "best_validation_0_F1": 0.7874999999999501,
  "best_validation_accuracy": 0.7901234567901234,
  "best_validation_average_F1": 0.7900914634145841,
  "best_validation_loss": 0.557478585026481
}