{
  "training_duration": "00:02:26",
  "training_start_epoch": 0,
  "training_epochs": 0,
  "epoch": 0,
  "training_1_F1": 0.6479057591622547,
  "training_0_F1": 0.5073260073259593,
  "training_accuracy": 0.5893129770992367,
  "training_average_F1": 0.577615883244107,
  "training_loss": 0.7187474835209731,
  "validation_1_F1": 0.7692307692307193,
  "validation_0_F1": 0.7483870967741437,
  "validation_accuracy": 0.7592592592592593,
  "validation_average_F1": 0.7588089330024315,
  "validation_loss": 0.6537829583341425,
  "best_epoch": 0,
  "best_validation_1_F1": 0.7692307692307193,
  "best_validation_0_F1": 0.7483870967741437,
  "best_validation_accuracy": 0.7592592592592593,
  "best_validation_average_F1": 0.7588089330024315,
  "best_validation_loss": 0.6537829583341425
}