{
  "peak_cpu_memory_MB": 3091.976,
  "peak_gpu_0_memory_MB": 11,
  "peak_gpu_1_memory_MB": 11,
  "peak_gpu_2_memory_MB": 11,
  "peak_gpu_3_memory_MB": 11,
  "peak_gpu_4_memory_MB": 3034,
  "peak_gpu_5_memory_MB": 3034,
  "peak_gpu_6_memory_MB": 11,
  "peak_gpu_7_memory_MB": 11,
  "peak_gpu_8_memory_MB": 11,
  "peak_gpu_9_memory_MB": 11,
  "peak_gpu_10_memory_MB": 11,
  "peak_gpu_11_memory_MB": 11,
  "peak_gpu_12_memory_MB": 11,
  "peak_gpu_13_memory_MB": 11,
  "peak_gpu_14_memory_MB": 11,
  "peak_gpu_15_memory_MB": 11,
  "training_duration": "00:01:17",
  "training_start_epoch": 0,
  "training_epochs": 2,
  "epoch": 2,
  "training_1_F1": 0.9203007518796493,
  "training_0_F1": 0.9178294573642912,
  "training_accuracy": 0.9190839694656489,
  "training_average_F1": 0.9190651046219702,
  "training_loss": 0.22330628621687248,
  "training_cpu_memory_MB": 3091.976,
  "training_gpu_0_memory_MB": 11,
  "training_gpu_1_memory_MB": 11,
  "training_gpu_2_memory_MB": 11,
  "training_gpu_3_memory_MB": 11,
  "training_gpu_4_memory_MB": 3034,
  "training_gpu_5_memory_MB": 3034,
  "training_gpu_6_memory_MB": 11,
  "training_gpu_7_memory_MB": 11,
  "training_gpu_8_memory_MB": 11,
  "training_gpu_9_memory_MB": 11,
  "training_gpu_10_memory_MB": 11,
  "training_gpu_11_memory_MB": 11,
  "training_gpu_12_memory_MB": 11,
  "training_gpu_13_memory_MB": 11,
  "training_gpu_14_memory_MB": 11,
  "training_gpu_15_memory_MB": 11,
  "validation_1_F1": 0.8944099378881488,
  "validation_0_F1": 0.8957055214723427,
  "validation_accuracy": 0.8950617283950617,
  "validation_average_F1": 0.8950577296802458,
  "validation_loss": 0.3229321999983354,
  "best_epoch": 0,
  "best_validation_1_F1": 0.8987341772151399,
  "best_validation_0_F1": 0.9036144578312753,
  "best_validation_accuracy": 0.9012345679012346,
  "best_validation_average_F1": 0.9011743175232076,
  "best_validation_loss": 0.3707430769096721,
  "test_1_F1": 0.7974683544303299,
  "test_0_F1": 0.8072289156626007,
  "test_accuracy": 0.8024691358024691,
  "test_average_F1": 0.8023486350464653,
  "test_loss": 0.43009584464810113
}