{
  "peak_cpu_memory_MB": 3070.264,
  "peak_gpu_0_memory_MB": 2510,
  "training_duration": "00:03:22",
  "training_start_epoch": 0,
  "training_epochs": 7,
  "epoch": 7,
  "training_1_F1": 0.9977046671766907,
  "training_0_F1": 0.9977151561309479,
  "training_accuracy": 0.9977099236641221,
  "training_average_F1": 0.9977099116538193,
  "training_loss": 0.015449011692686416,
  "training_cpu_memory_MB": 3070.264,
  "training_gpu_0_memory_MB": 2510,
  "validation_1_F1": 0.8606060606060106,
  "validation_0_F1": 0.8553459119496356,
  "validation_accuracy": 0.8580246913580247,
  "validation_average_F1": 0.8579759862778231,
  "validation_loss": 0.7419316917657852,
  "best_epoch": 6,
  "best_validation_1_F1": 0.8606060606060106,
  "best_validation_0_F1": 0.8553459119496356,
  "best_validation_accuracy": 0.8580246913580247,
  "best_validation_average_F1": 0.8579759862778231,
  "best_validation_loss": 0.8634560985321348,
  "test_1_F1": 0.8095238095237596,
  "test_0_F1": 0.794871794871745,
  "test_accuracy": 0.8024691358024691,
  "test_average_F1": 0.8021978021977523,
  "test_loss": 1.1225890625606885
}