{
  "peak_cpu_memory_MB": 1840.304,
  "peak_gpu_0_memory_MB": 11,
  "peak_gpu_1_memory_MB": 11082,
  "peak_gpu_2_memory_MB": 346,
  "peak_gpu_3_memory_MB": 11,
  "peak_gpu_4_memory_MB": 11,
  "peak_gpu_5_memory_MB": 11,
  "peak_gpu_6_memory_MB": 11,
  "peak_gpu_7_memory_MB": 11,
  "peak_gpu_8_memory_MB": 11,
  "peak_gpu_9_memory_MB": 11,
  "peak_gpu_10_memory_MB": 11,
  "peak_gpu_11_memory_MB": 11,
  "peak_gpu_12_memory_MB": 11,
  "peak_gpu_13_memory_MB": 11,
  "peak_gpu_14_memory_MB": 11,
  "peak_gpu_15_memory_MB": 11,
  "training_duration": "00:00:01",
  "training_start_epoch": 0,
  "training_epochs": 0,
  "epoch": 0,
  "training_1_P": 0.7048748353096179,
  "training_1_R": 0.816793893129771,
  "training_1_F1": 0.7567185289957071,
  "training_0_P": 0.7822141560798548,
  "training_0_R": 0.6580152671755726,
  "training_0_F1": 0.7147595356550085,
  "training_accuracy": 0.7374045801526717,
  "training_average_F1": 0.7357390323253579,
  "training_loss": 0.5458505971402656,
  "training_cpu_memory_MB": 1840.304,
  "training_gpu_0_memory_MB": 11,
  "training_gpu_1_memory_MB": 11082,
  "training_gpu_2_memory_MB": 346,
  "training_gpu_3_memory_MB": 11,
  "training_gpu_4_memory_MB": 11,
  "training_gpu_5_memory_MB": 11,
  "training_gpu_6_memory_MB": 11,
  "training_gpu_7_memory_MB": 11,
  "training_gpu_8_memory_MB": 11,
  "training_gpu_9_memory_MB": 11,
  "training_gpu_10_memory_MB": 11,
  "training_gpu_11_memory_MB": 11,
  "training_gpu_12_memory_MB": 11,
  "training_gpu_13_memory_MB": 11,
  "training_gpu_14_memory_MB": 11,
  "training_gpu_15_memory_MB": 11,
  "validation_1_P": 0.7865168539325843,
  "validation_1_R": 0.8641975308641975,
  "validation_1_F1": 0.823529411764656,
  "validation_0_P": 0.8493150684931506,
  "validation_0_R": 0.7654320987654321,
  "validation_0_F1": 0.8051948051947554,
  "validation_accuracy": 0.8148148148148148,
  "validation_average_F1": 0.8143621084797057,
  "validation_loss": 0.3875108036127957,
  "best_epoch": 0,
  "best_validation_1_P": 0.7865168539325843,
  "best_validation_1_R": 0.8641975308641975,
  "best_validation_1_F1": 0.823529411764656,
  "best_validation_0_P": 0.8493150684931506,
  "best_validation_0_R": 0.7654320987654321,
  "best_validation_0_F1": 0.8051948051947554,
  "best_validation_accuracy": 0.8148148148148148,
  "best_validation_average_F1": 0.8143621084797057,
  "best_validation_loss": 0.3875108036127957
}