{
  "peak_cpu_memory_MB": 1858.228,
  "peak_gpu_0_memory_MB": 11,
  "peak_gpu_1_memory_MB": 11082,
  "peak_gpu_2_memory_MB": 352,
  "peak_gpu_3_memory_MB": 11,
  "peak_gpu_4_memory_MB": 11,
  "peak_gpu_5_memory_MB": 11,
  "peak_gpu_6_memory_MB": 11,
  "peak_gpu_7_memory_MB": 11,
  "peak_gpu_8_memory_MB": 11,
  "peak_gpu_9_memory_MB": 11,
  "peak_gpu_10_memory_MB": 11,
  "peak_gpu_11_memory_MB": 11,
  "peak_gpu_12_memory_MB": 11,
  "peak_gpu_13_memory_MB": 11,
  "peak_gpu_14_memory_MB": 11,
  "peak_gpu_15_memory_MB": 11,
  "training_duration": "00:00:02",
  "training_start_epoch": 0,
  "training_epochs": 1,
  "epoch": 1,
  "training_1_P": 0.8005540166204986,
  "training_1_R": 0.8824427480916031,
  "training_1_F1": 0.8395061728394563,
  "training_0_P": 0.8690476190476191,
  "training_0_R": 0.7801526717557252,
  "training_0_F1": 0.8222043443281882,
  "training_accuracy": 0.8312977099236641,
  "training_average_F1": 0.8308552585838223,
  "training_loss": 0.38484999373918627,
  "training_cpu_memory_MB": 1858.228,
  "training_gpu_0_memory_MB": 11,
  "training_gpu_1_memory_MB": 11082,
  "training_gpu_2_memory_MB": 352,
  "training_gpu_3_memory_MB": 11,
  "training_gpu_4_memory_MB": 11,
  "training_gpu_5_memory_MB": 11,
  "training_gpu_6_memory_MB": 11,
  "training_gpu_7_memory_MB": 11,
  "training_gpu_8_memory_MB": 11,
  "training_gpu_9_memory_MB": 11,
  "training_gpu_10_memory_MB": 11,
  "training_gpu_11_memory_MB": 11,
  "training_gpu_12_memory_MB": 11,
  "training_gpu_13_memory_MB": 11,
  "training_gpu_14_memory_MB": 11,
  "training_gpu_15_memory_MB": 11,
  "validation_1_P": 0.776595744680851,
  "validation_1_R": 0.9012345679012346,
  "validation_1_F1": 0.8342857142856646,
  "validation_0_P": 0.8823529411764706,
  "validation_0_R": 0.7407407407407407,
  "validation_0_F1": 0.8053691275167288,
  "validation_accuracy": 0.8209876543209876,
  "validation_average_F1": 0.8198274209011966,
  "validation_loss": 0.42828712138262665,
  "best_epoch": 1,
  "best_validation_1_P": 0.776595744680851,
  "best_validation_1_R": 0.9012345679012346,
  "best_validation_1_F1": 0.8342857142856646,
  "best_validation_0_P": 0.8823529411764706,
  "best_validation_0_R": 0.7407407407407407,
  "best_validation_0_F1": 0.8053691275167288,
  "best_validation_accuracy": 0.8209876543209876,
  "best_validation_average_F1": 0.8198274209011966,
  "best_validation_loss": 0.42828712138262665
}