{
  "peak_cpu_memory_MB": 1858.64,
  "peak_gpu_0_memory_MB": 11,
  "peak_gpu_1_memory_MB": 11082,
  "peak_gpu_2_memory_MB": 352,
  "peak_gpu_3_memory_MB": 11,
  "peak_gpu_4_memory_MB": 11,
  "peak_gpu_5_memory_MB": 11,
  "peak_gpu_6_memory_MB": 11,
  "peak_gpu_7_memory_MB": 11,
  "peak_gpu_8_memory_MB": 11,
  "peak_gpu_9_memory_MB": 11,
  "peak_gpu_10_memory_MB": 11,
  "peak_gpu_11_memory_MB": 11,
  "peak_gpu_12_memory_MB": 11,
  "peak_gpu_13_memory_MB": 11,
  "peak_gpu_14_memory_MB": 11,
  "peak_gpu_15_memory_MB": 11,
  "training_duration": "00:00:04",
  "training_start_epoch": 0,
  "training_epochs": 2,
  "epoch": 2,
  "training_1_P": 0.8401122019635343,
  "training_1_R": 0.9145038167938931,
  "training_1_F1": 0.8757309941519968,
  "training_0_P": 0.9061976549413735,
  "training_0_R": 0.8259541984732824,
  "training_0_F1": 0.8642172523961164,
  "training_accuracy": 0.8702290076335878,
  "training_average_F1": 0.8699741232740565,
  "training_loss": 0.318417574120004,
  "training_cpu_memory_MB": 1858.64,
  "training_gpu_0_memory_MB": 11,
  "training_gpu_1_memory_MB": 11082,
  "training_gpu_2_memory_MB": 352,
  "training_gpu_3_memory_MB": 11,
  "training_gpu_4_memory_MB": 11,
  "training_gpu_5_memory_MB": 11,
  "training_gpu_6_memory_MB": 11,
  "training_gpu_7_memory_MB": 11,
  "training_gpu_8_memory_MB": 11,
  "training_gpu_9_memory_MB": 11,
  "training_gpu_10_memory_MB": 11,
  "training_gpu_11_memory_MB": 11,
  "training_gpu_12_memory_MB": 11,
  "training_gpu_13_memory_MB": 11,
  "training_gpu_14_memory_MB": 11,
  "training_gpu_15_memory_MB": 11,
  "validation_1_P": 0.8352941176470589,
  "validation_1_R": 0.8765432098765432,
  "validation_1_F1": 0.855421686746938,
  "validation_0_P": 0.8701298701298701,
  "validation_0_R": 0.8271604938271605,
  "validation_0_F1": 0.8481012658227349,
  "validation_accuracy": 0.8518518518518519,
  "validation_average_F1": 0.8517614762848364,
  "validation_loss": 0.3469546992670406,
  "best_epoch": 2,
  "best_validation_1_P": 0.8352941176470589,
  "best_validation_1_R": 0.8765432098765432,
  "best_validation_1_F1": 0.855421686746938,
  "best_validation_0_P": 0.8701298701298701,
  "best_validation_0_R": 0.8271604938271605,
  "best_validation_0_F1": 0.8481012658227349,
  "best_validation_accuracy": 0.8518518518518519,
  "best_validation_average_F1": 0.8517614762848364,
  "best_validation_loss": 0.3469546992670406
}