{
  "peak_cpu_memory_MB": 1858.648,
  "peak_gpu_0_memory_MB": 11,
  "peak_gpu_1_memory_MB": 11082,
  "peak_gpu_2_memory_MB": 352,
  "peak_gpu_3_memory_MB": 11,
  "peak_gpu_4_memory_MB": 11,
  "peak_gpu_5_memory_MB": 11,
  "peak_gpu_6_memory_MB": 11,
  "peak_gpu_7_memory_MB": 11,
  "peak_gpu_8_memory_MB": 11,
  "peak_gpu_9_memory_MB": 11,
  "peak_gpu_10_memory_MB": 11,
  "peak_gpu_11_memory_MB": 11,
  "peak_gpu_12_memory_MB": 11,
  "peak_gpu_13_memory_MB": 11,
  "peak_gpu_14_memory_MB": 11,
  "peak_gpu_15_memory_MB": 11,
  "training_duration": "00:00:05",
  "training_start_epoch": 0,
  "training_epochs": 3,
  "epoch": 3,
  "training_1_P": 0.879136690647482,
  "training_1_R": 0.932824427480916,
  "training_1_F1": 0.9051851851851354,
  "training_0_P": 0.9284552845528455,
  "training_0_R": 0.8717557251908397,
  "training_0_F1": 0.8992125984251469,
  "training_accuracy": 0.9022900763358779,
  "training_average_F1": 0.9021988918051411,
  "training_loss": 0.2553097049637539,
  "training_cpu_memory_MB": 1858.648,
  "training_gpu_0_memory_MB": 11,
  "training_gpu_1_memory_MB": 11082,
  "training_gpu_2_memory_MB": 352,
  "training_gpu_3_memory_MB": 11,
  "training_gpu_4_memory_MB": 11,
  "training_gpu_5_memory_MB": 11,
  "training_gpu_6_memory_MB": 11,
  "training_gpu_7_memory_MB": 11,
  "training_gpu_8_memory_MB": 11,
  "training_gpu_9_memory_MB": 11,
  "training_gpu_10_memory_MB": 11,
  "training_gpu_11_memory_MB": 11,
  "training_gpu_12_memory_MB": 11,
  "training_gpu_13_memory_MB": 11,
  "training_gpu_14_memory_MB": 11,
  "training_gpu_15_memory_MB": 11,
  "validation_1_P": 0.8333333333333334,
  "validation_1_R": 0.8641975308641975,
  "validation_1_F1": 0.8484848484847984,
  "validation_0_P": 0.8589743589743589,
  "validation_0_R": 0.8271604938271605,
  "validation_0_F1": 0.8427672955974342,
  "validation_accuracy": 0.845679012345679,
  "validation_average_F1": 0.8456260720411164,
  "validation_loss": 0.40178716453638946,
  "best_epoch": 2,
  "best_validation_1_P": 0.8352941176470589,
  "best_validation_1_R": 0.8765432098765432,
  "best_validation_1_F1": 0.855421686746938,
  "best_validation_0_P": 0.8701298701298701,
  "best_validation_0_R": 0.8271604938271605,
  "best_validation_0_F1": 0.8481012658227349,
  "best_validation_accuracy": 0.8518518518518519,
  "best_validation_average_F1": 0.8517614762848364,
  "best_validation_loss": 0.3469546992670406
}