{
  "peak_cpu_memory_MB": 3085.14,
  "peak_gpu_0_memory_MB": 11,
  "peak_gpu_1_memory_MB": 3034,
  "peak_gpu_2_memory_MB": 2882,
  "peak_gpu_3_memory_MB": 11,
  "peak_gpu_4_memory_MB": 11,
  "peak_gpu_5_memory_MB": 11,
  "peak_gpu_6_memory_MB": 11,
  "peak_gpu_7_memory_MB": 11,
  "peak_gpu_8_memory_MB": 11,
  "peak_gpu_9_memory_MB": 11,
  "peak_gpu_10_memory_MB": 11,
  "peak_gpu_11_memory_MB": 11,
  "peak_gpu_12_memory_MB": 11,
  "peak_gpu_13_memory_MB": 11,
  "peak_gpu_14_memory_MB": 11,
  "peak_gpu_15_memory_MB": 11,
  "training_duration": "00:03:30",
  "training_start_epoch": 0,
  "training_epochs": 7,
  "epoch": 7,
  "training_1_F1": 0.984006092916934,
  "training_0_F1": 0.9839326702371344,
  "training_accuracy": 0.983969465648855,
  "training_average_F1": 0.9839693815770342,
  "training_loss": 0.06532475452234106,
  "training_cpu_memory_MB": 3085.14,
  "training_gpu_0_memory_MB": 11,
  "training_gpu_1_memory_MB": 3034,
  "training_gpu_2_memory_MB": 11,
  "training_gpu_3_memory_MB": 11,
  "training_gpu_4_memory_MB": 11,
  "training_gpu_5_memory_MB": 11,
  "training_gpu_6_memory_MB": 11,
  "training_gpu_7_memory_MB": 11,
  "training_gpu_8_memory_MB": 11,
  "training_gpu_9_memory_MB": 11,
  "training_gpu_10_memory_MB": 11,
  "training_gpu_11_memory_MB": 11,
  "training_gpu_12_memory_MB": 11,
  "training_gpu_13_memory_MB": 11,
  "training_gpu_14_memory_MB": 11,
  "training_gpu_15_memory_MB": 11,
  "validation_1_F1": 0.8902439024389744,
  "validation_0_F1": 0.88749999999995,
  "validation_accuracy": 0.8888888888888888,
  "validation_average_F1": 0.8888719512194623,
  "validation_loss": 0.3165179267525673,
  "best_epoch": 5,
  "best_validation_1_F1": 0.8930817610062394,
  "best_validation_0_F1": 0.8969696969696469,
  "best_validation_accuracy": 0.8950617283950617,
  "best_validation_average_F1": 0.8950257289879431,
  "best_validation_loss": 0.3064424967901273,
  "test_1_F1": 0.7999999999999501,
  "test_0_F1": 0.8048780487804378,
  "test_accuracy": 0.8024691358024691,
  "test_average_F1": 0.802439024390194,
  "test_loss": 0.48977838863026013
}