{
  "peak_cpu_memory_MB": 4430.808,
  "peak_gpu_0_memory_MB": 11,
  "peak_gpu_1_memory_MB": 8434,
  "peak_gpu_2_memory_MB": 11,
  "peak_gpu_3_memory_MB": 11,
  "peak_gpu_4_memory_MB": 11,
  "peak_gpu_5_memory_MB": 11,
  "peak_gpu_6_memory_MB": 11,
  "peak_gpu_7_memory_MB": 11,
  "peak_gpu_8_memory_MB": 11,
  "peak_gpu_9_memory_MB": 11,
  "peak_gpu_10_memory_MB": 11,
  "peak_gpu_11_memory_MB": 11,
  "peak_gpu_12_memory_MB": 8436,
  "peak_gpu_13_memory_MB": 11,
  "peak_gpu_14_memory_MB": 11,
  "peak_gpu_15_memory_MB": 11,
  "training_duration": "00:06:12",
  "training_start_epoch": 0,
  "training_epochs": 3,
  "epoch": 3,
  "training_neg_F1": 0.8849347568208279,
  "training_pos_F1": 0.7922912205566952,
  "training_accuracy": 0.8519083969465648,
  "training_average_F1": 0.8386129886887616,
  "training_loss": 0.39392361808113935,
  "training_cpu_memory_MB": 4430.808,
  "training_gpu_0_memory_MB": 11,
  "training_gpu_1_memory_MB": 8434,
  "training_gpu_2_memory_MB": 11,
  "training_gpu_3_memory_MB": 11,
  "training_gpu_4_memory_MB": 11,
  "training_gpu_5_memory_MB": 11,
  "training_gpu_6_memory_MB": 11,
  "training_gpu_7_memory_MB": 11,
  "training_gpu_8_memory_MB": 11,
  "training_gpu_9_memory_MB": 11,
  "training_gpu_10_memory_MB": 11,
  "training_gpu_11_memory_MB": 11,
  "training_gpu_12_memory_MB": 8436,
  "training_gpu_13_memory_MB": 11,
  "training_gpu_14_memory_MB": 11,
  "training_gpu_15_memory_MB": 11,
  "validation_neg_F1": 0.7567567567567083,
  "validation_pos_F1": 0.6762589928057082,
  "validation_accuracy": 0.7222222222222222,
  "validation_average_F1": 0.7165078747812083,
  "validation_loss": 0.4483501667326147,
  "best_epoch": 1,
  "best_validation_neg_F1": 0.889908256880684,
  "best_validation_pos_F1": 0.7735849056603276,
  "best_validation_accuracy": 0.8518518518518519,
  "best_validation_average_F1": 0.8317465812705058,
  "best_validation_loss": 0.4265311522917314,
  "test_neg_F1": 0.8272727272726773,
  "test_pos_F1": 0.6346153846153346,
  "test_accuracy": 0.7654320987654321,
  "test_average_F1": 0.7309440559440059,
  "test_loss": 0.5599326870658181
}