{
  "peak_cpu_memory_MB": 1854.064,
  "peak_gpu_0_memory_MB": 352,
  "training_duration": "00:00:04",
  "training_start_epoch": 0,
  "training_epochs": 3,
  "epoch": 3,
  "training_1_P": 0.8985507246376812,
  "training_1_R": 0.9465648854961832,
  "training_1_F1": 0.9219330855018087,
  "training_0_P": 0.9435483870967742,
  "training_0_R": 0.8931297709923665,
  "training_0_F1": 0.9176470588234795,
  "training_accuracy": 0.9198473282442748,
  "training_average_F1": 0.9197900721626442,
  "training_loss": 0.23526175074824474,
  "training_cpu_memory_MB": 1854.064,
  "training_gpu_0_memory_MB": 352,
  "validation_1_P": 0.8021978021978022,
  "validation_1_R": 0.9012345679012346,
  "validation_1_F1": 0.8488372093022759,
  "validation_0_P": 0.8873239436619719,
  "validation_0_R": 0.7777777777777778,
  "validation_0_F1": 0.8289473684210029,
  "validation_accuracy": 0.8395061728395061,
  "validation_average_F1": 0.8388922888616395,
  "validation_loss": 0.42975539849563077,
  "best_epoch": 2,
  "best_validation_1_P": 0.7978723404255319,
  "best_validation_1_R": 0.9259259259259259,
  "best_validation_1_F1": 0.8571428571428076,
  "best_validation_0_P": 0.9117647058823529,
  "best_validation_0_R": 0.7654320987654321,
  "best_validation_0_F1": 0.8322147651006215,
  "best_validation_accuracy": 0.845679012345679,
  "best_validation_average_F1": 0.8446788111217145,
  "best_validation_loss": 0.3684718676588752
}