{
  "peak_cpu_memory_MB": 1854.064,
  "peak_gpu_0_memory_MB": 344,
  "training_duration": "00:00:01",
  "training_start_epoch": 0,
  "training_epochs": 0,
  "epoch": 0,
  "training_1_P": 0.7112010796221323,
  "training_1_R": 0.8045801526717558,
  "training_1_F1": 0.7550143266475147,
  "training_0_P": 0.7750439367311072,
  "training_0_R": 0.6732824427480916,
  "training_0_F1": 0.7205882352940679,
  "training_accuracy": 0.7389312977099237,
  "training_average_F1": 0.7378012809707912,
  "training_loss": 0.5372618078822042,
  "training_cpu_memory_MB": 1854.064,
  "training_gpu_0_memory_MB": 344,
  "validation_1_P": 0.8461538461538461,
  "validation_1_R": 0.8148148148148148,
  "validation_1_F1": 0.830188679245233,
  "validation_0_P": 0.8214285714285714,
  "validation_0_R": 0.8518518518518519,
  "validation_0_F1": 0.8363636363635865,
  "validation_accuracy": 0.8333333333333334,
  "validation_average_F1": 0.8332761578044097,
  "validation_loss": 0.38846306096423755,
  "best_epoch": 0,
  "best_validation_1_P": 0.8461538461538461,
  "best_validation_1_R": 0.8148148148148148,
  "best_validation_1_F1": 0.830188679245233,
  "best_validation_0_P": 0.8214285714285714,
  "best_validation_0_R": 0.8518518518518519,
  "best_validation_0_F1": 0.8363636363635865,
  "best_validation_accuracy": 0.8333333333333334,
  "best_validation_average_F1": 0.8332761578044097,
  "best_validation_loss": 0.38846306096423755
}