{
  "peak_cpu_memory_MB": 1854.064,
  "peak_gpu_0_memory_MB": 352,
  "training_duration": "00:00:02",
  "training_start_epoch": 0,
  "training_epochs": 1,
  "epoch": 1,
  "training_1_P": 0.8097902097902098,
  "training_1_R": 0.8839694656488549,
  "training_1_F1": 0.8452554744525049,
  "training_0_P": 0.8722689075630252,
  "training_0_R": 0.7923664122137405,
  "training_0_F1": 0.8303999999999503,
  "training_accuracy": 0.8381679389312977,
  "training_average_F1": 0.8378277372262276,
  "training_loss": 0.3887013538581569,
  "training_cpu_memory_MB": 1854.064,
  "training_gpu_0_memory_MB": 352,
  "validation_1_P": 0.7872340425531915,
  "validation_1_R": 0.9135802469135802,
  "validation_1_F1": 0.845714285714236,
  "validation_0_P": 0.8970588235294118,
  "validation_0_R": 0.7530864197530864,
  "validation_0_F1": 0.8187919463086752,
  "validation_accuracy": 0.8333333333333334,
  "validation_average_F1": 0.8322531160114557,
  "validation_loss": 0.3715634156357158,
  "best_epoch": 0,
  "best_validation_1_P": 0.8461538461538461,
  "best_validation_1_R": 0.8148148148148148,
  "best_validation_1_F1": 0.830188679245233,
  "best_validation_0_P": 0.8214285714285714,
  "best_validation_0_R": 0.8518518518518519,
  "best_validation_0_F1": 0.8363636363635865,
  "best_validation_accuracy": 0.8333333333333334,
  "best_validation_average_F1": 0.8332761578044097,
  "best_validation_loss": 0.38846306096423755
}