{
  "peak_cpu_memory_MB": 3068.892,
  "peak_gpu_0_memory_MB": 2498,
  "training_duration": "00:01:08",
  "training_start_epoch": 0,
  "training_epochs": 2,
  "epoch": 2,
  "training_1_P": 0.9291101055806938,
  "training_1_R": 0.9404580152671755,
  "training_1_F1": 0.9347496206372793,
  "training_0_P": 0.9397217928902627,
  "training_0_R": 0.9282442748091603,
  "training_0_F1": 0.9339477726574,
  "training_accuracy": 0.934351145038168,
  "training_average_F1": 0.9343486966473397,
  "training_loss": 0.19790444741161858,
  "training_cpu_memory_MB": 3068.892,
  "training_gpu_0_memory_MB": 2498,
  "validation_1_P": 0.8554216867469879,
  "validation_1_R": 0.8765432098765432,
  "validation_1_F1": 0.8658536585365354,
  "validation_0_P": 0.8734177215189873,
  "validation_0_R": 0.8518518518518519,
  "validation_0_F1": 0.86249999999995,
  "validation_accuracy": 0.8641975308641975,
  "validation_average_F1": 0.8641768292682427,
  "validation_loss": 0.5333632759072564,
  "best_epoch": 0,
  "best_validation_1_P": 0.8444444444444444,
  "best_validation_1_R": 0.9382716049382716,
  "best_validation_1_F1": 0.8888888888888391,
  "best_validation_0_P": 0.9305555555555556,
  "best_validation_0_R": 0.8271604938271605,
  "best_validation_0_F1": 0.8758169934640025,
  "best_validation_accuracy": 0.8827160493827161,
  "best_validation_average_F1": 0.8823529411764208,
  "best_validation_loss": 0.4182875386693261
}