{
  "peak_cpu_memory_MB": 3068.892,
  "peak_gpu_0_memory_MB": 2606,
  "training_duration": "00:02:22",
  "training_start_epoch": 0,
  "training_epochs": 5,
  "epoch": 5,
  "training_1_P": 0.9801829268292683,
  "training_1_R": 0.981679389312977,
  "training_1_F1": 0.9809305873378601,
  "training_0_P": 0.981651376146789,
  "training_0_R": 0.9801526717557252,
  "training_0_F1": 0.9809014514896368,
  "training_accuracy": 0.9809160305343512,
  "training_average_F1": 0.9809160194137485,
  "training_loss": 0.07943543714539307,
  "training_cpu_memory_MB": 3068.892,
  "training_gpu_0_memory_MB": 2606,
  "validation_1_P": 0.9066666666666666,
  "validation_1_R": 0.8395061728395061,
  "validation_1_F1": 0.8717948717948218,
  "validation_0_P": 0.8505747126436781,
  "validation_0_R": 0.9135802469135802,
  "validation_0_F1": 0.8809523809523311,
  "validation_accuracy": 0.8765432098765432,
  "validation_average_F1": 0.8763736263735764,
  "validation_loss": 0.3907828358086673,
  "best_epoch": 3,
  "best_validation_1_P": 0.9078947368421053,
  "best_validation_1_R": 0.8518518518518519,
  "best_validation_1_F1": 0.8789808917196953,
  "best_validation_0_P": 0.8604651162790697,
  "best_validation_0_R": 0.9135802469135802,
  "best_validation_0_F1": 0.8862275449101298,
  "best_validation_accuracy": 0.8827160493827161,
  "best_validation_average_F1": 0.8826042183149125,
  "best_validation_loss": 0.33859140358187934
}