{
  "peak_cpu_memory_MB": 5770.952,
  "peak_gpu_0_memory_MB": 11,
  "peak_gpu_1_memory_MB": 11,
  "peak_gpu_2_memory_MB": 11,
  "peak_gpu_3_memory_MB": 11,
  "peak_gpu_4_memory_MB": 11,
  "peak_gpu_5_memory_MB": 11,
  "peak_gpu_6_memory_MB": 1894,
  "peak_gpu_7_memory_MB": 11,
  "peak_gpu_8_memory_MB": 11,
  "peak_gpu_9_memory_MB": 11,
  "peak_gpu_10_memory_MB": 11,
  "peak_gpu_11_memory_MB": 11,
  "peak_gpu_12_memory_MB": 11,
  "peak_gpu_13_memory_MB": 11,
  "peak_gpu_14_memory_MB": 11,
  "peak_gpu_15_memory_MB": 11,
  "training_duration": "00:01:53",
  "training_start_epoch": 0,
  "training_epochs": 2,
  "epoch": 2,
  "training_1_P": 0.9622356495468278,
  "training_1_R": 0.9725190839694656,
  "training_1_F1": 0.9673500379650223,
  "training_0_P": 0.9722222222222222,
  "training_0_R": 0.9618320610687023,
  "training_0_F1": 0.9669992325402417,
  "training_accuracy": 0.9671755725190839,
  "training_average_F1": 0.967174635252632,
  "training_loss": 0.11697854653636856,
  "training_cpu_memory_MB": 5770.952,
  "training_gpu_0_memory_MB": 11,
  "training_gpu_1_memory_MB": 11,
  "training_gpu_2_memory_MB": 11,
  "training_gpu_3_memory_MB": 11,
  "training_gpu_4_memory_MB": 11,
  "training_gpu_5_memory_MB": 11,
  "training_gpu_6_memory_MB": 1894,
  "training_gpu_7_memory_MB": 11,
  "training_gpu_8_memory_MB": 11,
  "training_gpu_9_memory_MB": 11,
  "training_gpu_10_memory_MB": 11,
  "training_gpu_11_memory_MB": 11,
  "training_gpu_12_memory_MB": 11,
  "training_gpu_13_memory_MB": 11,
  "training_gpu_14_memory_MB": 11,
  "training_gpu_15_memory_MB": 11,
  "validation_1_P": 0.8522727272727273,
  "validation_1_R": 0.9259259259259259,
  "validation_1_F1": 0.8875739644969916,
  "validation_0_P": 0.918918918918919,
  "validation_0_R": 0.8395061728395061,
  "validation_0_F1": 0.8774193548386598,
  "validation_accuracy": 0.8827160493827161,
  "validation_average_F1": 0.8824966596678256,
  "validation_loss": 0.39710542491891165,
  "best_epoch": 2,
  "best_validation_1_P": 0.8522727272727273,
  "best_validation_1_R": 0.9259259259259259,
  "best_validation_1_F1": 0.8875739644969916,
  "best_validation_0_P": 0.918918918918919,
  "best_validation_0_R": 0.8395061728395061,
  "best_validation_0_F1": 0.8774193548386598,
  "best_validation_accuracy": 0.8827160493827161,
  "best_validation_average_F1": 0.8824966596678256,
  "best_validation_loss": 0.39710542491891165
}