{
  "peak_cpu_memory_MB": 3069.46,
  "peak_gpu_0_memory_MB": 2506,
  "training_duration": "00:01:12",
  "training_start_epoch": 0,
  "training_epochs": 2,
  "epoch": 2,
  "training_1_F1": 0.9227272727272228,
  "training_0_F1": 0.9215384615384116,
  "training_accuracy": 0.9221374045801527,
  "training_average_F1": 0.9221328671328172,
  "training_loss": 0.22435003255562083,
  "training_cpu_memory_MB": 3069.46,
  "training_gpu_0_memory_MB": 2506,
  "validation_1_F1": 0.7974683544303299,
  "validation_0_F1": 0.8072289156626007,
  "validation_accuracy": 0.8024691358024691,
  "validation_average_F1": 0.8023486350464653,
  "validation_loss": 0.5340937809510664,
  "best_epoch": 1,
  "best_validation_1_F1": 0.7974683544303299,
  "best_validation_0_F1": 0.8072289156626007,
  "best_validation_accuracy": 0.8024691358024691,
  "best_validation_average_F1": 0.8023486350464653,
  "best_validation_loss": 0.5088512850078669
}