{
  "peak_cpu_memory_MB": 2201.74,
  "peak_gpu_0_memory_MB": 2525,
  "training_duration": "00:02:35",
  "training_start_epoch": 0,
  "training_epochs": 3,
  "epoch": 3,
  "training_1_P": 0.9657228017883756,
  "training_1_R": 0.9893129770992366,
  "training_1_F1": 0.9773755656108097,
  "training_0_P": 0.9890453834115805,
  "training_0_R": 0.9648854961832061,
  "training_0_F1": 0.9768160741885127,
  "training_accuracy": 0.9770992366412213,
  "training_average_F1": 0.9770958198996612,
  "training_loss": 0.07989605032361863,
  "training_cpu_memory_MB": 2201.74,
  "training_gpu_0_memory_MB": 2525,
  "validation_1_P": 0.8441558441558441,
  "validation_1_R": 0.8024691358024691,
  "validation_1_F1": 0.8227848101265324,
  "validation_0_P": 0.8117647058823529,
  "validation_0_R": 0.8518518518518519,
  "validation_0_F1": 0.8313253012047693,
  "validation_accuracy": 0.8271604938271605,
  "validation_average_F1": 0.8270550556656509,
  "validation_loss": 0.4935877594080838,
  "best_epoch": 2,
  "best_validation_1_P": 0.8414634146341463,
  "best_validation_1_R": 0.8518518518518519,
  "best_validation_1_F1": 0.8466257668711156,
  "best_validation_0_P": 0.85,
  "best_validation_0_R": 0.8395061728395061,
  "best_validation_0_F1": 0.84472049689436,
  "best_validation_accuracy": 0.845679012345679,
  "best_validation_average_F1": 0.8456731318827377,
  "best_validation_loss": 0.40481752292676404
}