{
  "peak_cpu_memory_MB": 2201.74,
  "peak_gpu_0_memory_MB": 724,
  "training_duration": "00:00:21",
  "training_start_epoch": 0,
  "training_epochs": 0,
  "epoch": 0,
  "training_1_P": 0.7117962466487936,
  "training_1_R": 0.8106870229007633,
  "training_1_F1": 0.758029978586674,
  "training_0_P": 0.7801418439716312,
  "training_0_R": 0.6717557251908397,
  "training_0_F1": 0.7219031993436748,
  "training_accuracy": 0.7412213740458016,
  "training_average_F1": 0.7399665889651743,
  "training_loss": 0.5307482259302605,
  "training_cpu_memory_MB": 2201.74,
  "training_gpu_0_memory_MB": 724,
  "validation_1_P": 0.7628865979381443,
  "validation_1_R": 0.9135802469135802,
  "validation_1_F1": 0.8314606741572537,
  "validation_0_P": 0.8923076923076924,
  "validation_0_R": 0.7160493827160493,
  "validation_0_F1": 0.794520547945156,
  "validation_accuracy": 0.8148148148148148,
  "validation_average_F1": 0.8129906110512048,
  "validation_loss": 0.39971587332812225,
  "best_epoch": 0,
  "best_validation_1_P": 0.7628865979381443,
  "best_validation_1_R": 0.9135802469135802,
  "best_validation_1_F1": 0.8314606741572537,
  "best_validation_0_P": 0.8923076923076924,
  "best_validation_0_R": 0.7160493827160493,
  "best_validation_0_F1": 0.794520547945156,
  "best_validation_accuracy": 0.8148148148148148,
  "best_validation_average_F1": 0.8129906110512048,
  "best_validation_loss": 0.39971587332812225
}