{
  "peak_cpu_memory_MB": 2201.74,
  "peak_gpu_0_memory_MB": 1297,
  "training_duration": "00:01:01",
  "training_start_epoch": 0,
  "training_epochs": 1,
  "epoch": 1,
  "training_1_P": 0.8718703976435935,
  "training_1_R": 0.9038167938931297,
  "training_1_F1": 0.8875562218890055,
  "training_0_P": 0.9001584786053882,
  "training_0_R": 0.867175572519084,
  "training_0_F1": 0.8833592534991724,
  "training_accuracy": 0.8854961832061069,
  "training_average_F1": 0.885457737694089,
  "training_loss": 0.31322674980250803,
  "training_cpu_memory_MB": 2201.74,
  "training_gpu_0_memory_MB": 1297,
  "validation_1_P": 0.7872340425531915,
  "validation_1_R": 0.9135802469135802,
  "validation_1_F1": 0.845714285714236,
  "validation_0_P": 0.8970588235294118,
  "validation_0_R": 0.7530864197530864,
  "validation_0_F1": 0.8187919463086752,
  "validation_accuracy": 0.8333333333333334,
  "validation_average_F1": 0.8322531160114557,
  "validation_loss": 0.36420658366246655,
  "best_epoch": 1,
  "best_validation_1_P": 0.7872340425531915,
  "best_validation_1_R": 0.9135802469135802,
  "best_validation_1_F1": 0.845714285714236,
  "best_validation_0_P": 0.8970588235294118,
  "best_validation_0_R": 0.7530864197530864,
  "best_validation_0_F1": 0.8187919463086752,
  "best_validation_accuracy": 0.8333333333333334,
  "best_validation_average_F1": 0.8322531160114557,
  "best_validation_loss": 0.36420658366246655
}