{
  "peak_cpu_memory_MB": 2201.74,
  "peak_gpu_0_memory_MB": 2525,
  "training_duration": "00:01:47",
  "training_start_epoch": 0,
  "training_epochs": 2,
  "epoch": 2,
  "training_1_P": 0.9319526627218935,
  "training_1_R": 0.9618320610687023,
  "training_1_F1": 0.946656649135938,
  "training_0_P": 0.9605678233438486,
  "training_0_R": 0.9297709923664123,
  "training_0_F1": 0.9449185415049928,
  "training_accuracy": 0.9458015267175572,
  "training_average_F1": 0.9457875953204654,
  "training_loss": 0.17541894561997273,
  "training_cpu_memory_MB": 2201.74,
  "training_gpu_0_memory_MB": 2525,
  "validation_1_P": 0.8414634146341463,
  "validation_1_R": 0.8518518518518519,
  "validation_1_F1": 0.8466257668711156,
  "validation_0_P": 0.85,
  "validation_0_R": 0.8395061728395061,
  "validation_0_F1": 0.84472049689436,
  "validation_accuracy": 0.845679012345679,
  "validation_average_F1": 0.8456731318827377,
  "validation_loss": 0.40481752292676404,
  "best_epoch": 2,
  "best_validation_1_P": 0.8414634146341463,
  "best_validation_1_R": 0.8518518518518519,
  "best_validation_1_F1": 0.8466257668711156,
  "best_validation_0_P": 0.85,
  "best_validation_0_R": 0.8395061728395061,
  "best_validation_0_F1": 0.84472049689436,
  "best_validation_accuracy": 0.845679012345679,
  "best_validation_average_F1": 0.8456731318827377,
  "best_validation_loss": 0.40481752292676404
}