{
  "peak_cpu_memory_MB": 2641.58,
  "peak_gpu_0_memory_MB": 2498,
  "training_duration": "00:01:18",
  "training_start_epoch": 0,
  "training_epochs": 2,
  "epoch": 2,
  "training_1_P": 0.9640179910044977,
  "training_1_R": 0.981679389312977,
  "training_1_F1": 0.972768532526425,
  "training_0_P": 0.9813374805598756,
  "training_0_R": 0.9633587786259542,
  "training_0_F1": 0.9722650231124309,
  "training_accuracy": 0.9725190839694656,
  "training_average_F1": 0.9725167778194279,
  "training_loss": 0.08112877539200027,
  "training_cpu_memory_MB": 2641.58,
  "training_gpu_0_memory_MB": 2498,
  "validation_1_P": 0.8607594936708861,
  "validation_1_R": 0.8395061728395061,
  "validation_1_F1": 0.8499999999999501,
  "validation_0_P": 0.8433734939759037,
  "validation_0_R": 0.8641975308641975,
  "validation_0_F1": 0.8536585365853159,
  "validation_accuracy": 0.8518518518518519,
  "validation_average_F1": 0.851829268292633,
  "validation_loss": 0.8266676075079225,
  "best_epoch": 1,
  "best_validation_1_P": 0.8625,
  "best_validation_1_R": 0.8518518518518519,
  "best_validation_1_F1": 0.8571428571428072,
  "best_validation_0_P": 0.8536585365853658,
  "best_validation_0_R": 0.8641975308641975,
  "best_validation_0_F1": 0.8588957055214225,
  "best_validation_accuracy": 0.8580246913580247,
  "best_validation_average_F1": 0.8580192813321148,
  "best_validation_loss": 0.5619842674244534
}