{
  "peak_cpu_memory_MB": 2641.58,
  "peak_gpu_0_memory_MB": 1241,
  "training_duration": "00:00:22",
  "training_start_epoch": 0,
  "training_epochs": 0,
  "epoch": 0,
  "training_1_P": 0.727403156384505,
  "training_1_R": 0.7740458015267175,
  "training_1_F1": 0.74999999999995,
  "training_0_P": 0.7585644371941273,
  "training_0_R": 0.7099236641221374,
  "training_0_F1": 0.7334384858043665,
  "training_accuracy": 0.7419847328244275,
  "training_average_F1": 0.7417192429021583,
  "training_loss": 0.5320356586357442,
  "training_cpu_memory_MB": 2641.58,
  "training_gpu_0_memory_MB": 1241,
  "validation_1_P": 0.7789473684210526,
  "validation_1_R": 0.9135802469135802,
  "validation_1_F1": 0.8409090909090413,
  "validation_0_P": 0.8955223880597015,
  "validation_0_R": 0.7407407407407407,
  "validation_0_F1": 0.8108108108107612,
  "validation_accuracy": 0.8271604938271605,
  "validation_average_F1": 0.8258599508599013,
  "validation_loss": 0.4478056335991079,
  "best_epoch": 0,
  "best_validation_1_P": 0.7789473684210526,
  "best_validation_1_R": 0.9135802469135802,
  "best_validation_1_F1": 0.8409090909090413,
  "best_validation_0_P": 0.8955223880597015,
  "best_validation_0_R": 0.7407407407407407,
  "best_validation_0_F1": 0.8108108108107612,
  "best_validation_accuracy": 0.8271604938271605,
  "best_validation_average_F1": 0.8258599508599013,
  "best_validation_loss": 0.4478056335991079
}