{
  "peak_cpu_memory_MB": 2641.58,
  "peak_gpu_0_memory_MB": 2498,
  "training_duration": "00:01:41",
  "training_start_epoch": 0,
  "training_epochs": 3,
  "epoch": 3,
  "training_1_P": 0.9954198473282443,
  "training_1_R": 0.9954198473282443,
  "training_1_F1": 0.9954198473281943,
  "training_0_P": 0.9954198473282443,
  "training_0_R": 0.9954198473282443,
  "training_0_F1": 0.9954198473281943,
  "training_accuracy": 0.9954198473282443,
  "training_average_F1": 0.9954198473281943,
  "training_loss": 0.018693583841412897,
  "training_cpu_memory_MB": 2641.58,
  "training_gpu_0_memory_MB": 2498,
  "validation_1_P": 0.8414634146341463,
  "validation_1_R": 0.8518518518518519,
  "validation_1_F1": 0.8466257668711156,
  "validation_0_P": 0.85,
  "validation_0_R": 0.8395061728395061,
  "validation_0_F1": 0.84472049689436,
  "validation_accuracy": 0.845679012345679,
  "validation_average_F1": 0.8456731318827377,
  "validation_loss": 0.6217907423322852,
  "best_epoch": 1,
  "best_validation_1_P": 0.8625,
  "best_validation_1_R": 0.8518518518518519,
  "best_validation_1_F1": 0.8571428571428072,
  "best_validation_0_P": 0.8536585365853658,
  "best_validation_0_R": 0.8641975308641975,
  "best_validation_0_F1": 0.8588957055214225,
  "best_validation_accuracy": 0.8580246913580247,
  "best_validation_average_F1": 0.8580192813321148,
  "best_validation_loss": 0.5619842674244534
}