{
  "peak_cpu_memory_MB": 3071.272,
  "peak_gpu_0_memory_MB": 2486,
  "training_duration": "00:01:17",
  "training_start_epoch": 0,
  "training_epochs": 2,
  "epoch": 2,
  "training_1_F1": 0.9288956127079683,
  "training_0_F1": 0.9275808936825386,
  "training_accuracy": 0.9282442748091603,
  "training_average_F1": 0.9282382531952534,
  "training_loss": 0.2159690253618287,
  "training_cpu_memory_MB": 3071.272,
  "training_gpu_0_memory_MB": 2486,
  "validation_1_F1": 0.7692307692307193,
  "validation_0_F1": 0.7857142857142358,
  "validation_accuracy": 0.7777777777777778,
  "validation_average_F1": 0.7774725274724776,
  "validation_loss": 0.4127195030450821,
  "best_epoch": 1,
  "best_validation_1_F1": 0.774193548387047,
  "best_validation_0_F1": 0.7928994082839738,
  "best_validation_accuracy": 0.7839506172839507,
  "best_validation_average_F1": 0.7835464783355104,
  "best_validation_loss": 0.5007403506474062
}