{
  "training_duration": "00:30:21",
  "training_start_epoch": 0,
  "training_epochs": 11,
  "epoch": 11,
  "training_1_F1": 0.90067214339054,
  "training_0_F1": 0.8961748633879282,
  "training_accuracy": 0.898473282442748,
  "training_average_F1": 0.898423503389234,
  "training_loss": 0.4202358933483682,
  "validation_1_F1": 0.7870967741934985,
  "validation_0_F1": 0.8047337278106009,
  "validation_accuracy": 0.7962962962962963,
  "validation_average_F1": 0.7959152510020497,
  "validation_loss": 0.43828481977636163,
  "best_epoch": 9,
  "best_validation_1_F1": 0.8187919463086752,
  "best_validation_0_F1": 0.845714285714236,
  "best_validation_accuracy": 0.8333333333333334,
  "best_validation_average_F1": 0.8322531160114557,
  "best_validation_loss": 0.4413093761964278,
  "test_1_F1": 0.8481012658227349,
  "test_0_F1": 0.855421686746938,
  "test_accuracy": 0.8518518518518519,
  "test_average_F1": 0.8517614762848364,
  "test_loss": 0.4085381599989804
}