{
  "training_duration": "00:12:41",
  "training_start_epoch": 0,
  "training_epochs": 4,
  "epoch": 4,
  "training_1_F1": 0.8313609467455122,
  "training_0_F1": 0.8201892744478995,
  "training_accuracy": 0.8259541984732824,
  "training_average_F1": 0.8257751105967058,
  "training_loss": 0.5678461204941679,
  "validation_1_F1": 0.7837837837837343,
  "validation_0_F1": 0.8181818181817685,
  "validation_accuracy": 0.8024691358024691,
  "validation_average_F1": 0.8009828009827513,
  "validation_loss": 0.5077307928692211,
  "best_epoch": 4,
  "best_validation_1_F1": 0.7837837837837343,
  "best_validation_0_F1": 0.8181818181817685,
  "best_validation_accuracy": 0.8024691358024691,
  "best_validation_average_F1": 0.8009828009827513,
  "best_validation_loss": 0.5077307928692211
}