{
  "training_duration": "00:20:12",
  "training_start_epoch": 0,
  "training_epochs": 7,
  "epoch": 7,
  "training_1_F1": 0.8660251665432512,
  "training_0_F1": 0.8573680063041267,
  "training_accuracy": 0.8618320610687022,
  "training_average_F1": 0.861696586423689,
  "training_loss": 0.4868374499605923,
  "validation_1_F1": 0.8053691275167288,
  "validation_0_F1": 0.8342857142856646,
  "validation_accuracy": 0.8209876543209876,
  "validation_average_F1": 0.8198274209011966,
  "validation_loss": 0.4897703934799541,
  "best_epoch": 7,
  "best_validation_1_F1": 0.8053691275167288,
  "best_validation_0_F1": 0.8342857142856646,
  "best_validation_accuracy": 0.8209876543209876,
  "best_validation_average_F1": 0.8198274209011966,
  "best_validation_loss": 0.4897703934799541
}