{
  "peak_cpu_memory_MB": 3069.796,
  "peak_gpu_0_memory_MB": 2586,
  "training_duration": "00:00:48",
  "training_start_epoch": 0,
  "training_epochs": 1,
  "epoch": 1,
  "training_1_F1": 0.9447388342164528,
  "training_0_F1": 0.9438029253271247,
  "training_accuracy": 0.9442748091603054,
  "training_average_F1": 0.9442708797717887,
  "training_loss": 0.16089791943114706,
  "training_cpu_memory_MB": 3069.796,
  "training_gpu_0_memory_MB": 2586,
  "validation_1_F1": 0.7975460122698887,
  "validation_0_F1": 0.7950310559005711,
  "validation_accuracy": 0.7962962962962963,
  "validation_average_F1": 0.7962885340852299,
  "validation_loss": 0.671005441383882,
  "best_epoch": 1,
  "best_validation_1_F1": 0.7975460122698887,
  "best_validation_0_F1": 0.7950310559005711,
  "best_validation_accuracy": 0.7962962962962963,
  "best_validation_average_F1": 0.7962885340852299,
  "best_validation_loss": 0.671005441383882
}