{
  "peak_cpu_memory_MB": 3069.796,
  "peak_gpu_0_memory_MB": 5045,
  "training_duration": "00:01:36",
  "training_start_epoch": 0,
  "training_epochs": 2,
  "epoch": 2,
  "training_1_F1": 0.9924012158054212,
  "training_0_F1": 0.9923312883435084,
  "training_accuracy": 0.9923664122137404,
  "training_average_F1": 0.9923662520744647,
  "training_loss": 0.03853457607044952,
  "training_cpu_memory_MB": 3069.796,
  "training_gpu_0_memory_MB": 5045,
  "validation_1_F1": 0.7924528301886292,
  "validation_0_F1": 0.79999999999995,
  "validation_accuracy": 0.7962962962962963,
  "validation_average_F1": 0.7962264150942896,
  "validation_loss": 0.628035847436298,
  "best_epoch": 1,
  "best_validation_1_F1": 0.7975460122698887,
  "best_validation_0_F1": 0.7950310559005711,
  "best_validation_accuracy": 0.7962962962962963,
  "best_validation_average_F1": 0.7962885340852299,
  "best_validation_loss": 0.671005441383882
}