{
  "peak_cpu_memory_MB": 3069.796,
  "peak_gpu_0_memory_MB": 5063,
  "training_duration": "00:02:23",
  "training_start_epoch": 0,
  "training_epochs": 3,
  "epoch": 3,
  "training_1_F1": 0.9977151561309479,
  "training_0_F1": 0.9977046671766907,
  "training_accuracy": 0.9977099236641221,
  "training_average_F1": 0.9977099116538193,
  "training_loss": 0.010506967634172746,
  "training_cpu_memory_MB": 3069.796,
  "training_gpu_0_memory_MB": 5063,
  "validation_1_F1": 0.7999999999999501,
  "validation_0_F1": 0.8048780487804378,
  "validation_accuracy": 0.8024691358024691,
  "validation_average_F1": 0.802439024390194,
  "validation_loss": 0.9992099133404818,
  "best_epoch": 3,
  "best_validation_1_F1": 0.7999999999999501,
  "best_validation_0_F1": 0.8048780487804378,
  "best_validation_accuracy": 0.8024691358024691,
  "best_validation_average_F1": 0.802439024390194,
  "best_validation_loss": 0.9992099133404818
}