{
  "peak_cpu_memory_MB": 3069.796,
  "peak_gpu_0_memory_MB": 1241,
  "training_duration": "00:00:22",
  "training_start_epoch": 0,
  "training_epochs": 0,
  "epoch": 0,
  "training_1_F1": 0.7647487254187412,
  "training_0_F1": 0.740978348035235,
  "training_accuracy": 0.7534351145038168,
  "training_average_F1": 0.752863536726988,
  "training_loss": 0.530133105087571,
  "training_cpu_memory_MB": 3069.796,
  "training_gpu_0_memory_MB": 1241,
  "validation_1_F1": 0.7924528301886292,
  "validation_0_F1": 0.79999999999995,
  "validation_accuracy": 0.7962962962962963,
  "validation_average_F1": 0.7962264150942896,
  "validation_loss": 0.5164743607694452,
  "best_epoch": 0,
  "best_validation_1_F1": 0.7924528301886292,
  "best_validation_0_F1": 0.79999999999995,
  "best_validation_accuracy": 0.7962962962962963,
  "best_validation_average_F1": 0.7962264150942896,
  "best_validation_loss": 0.5164743607694452
}