{
  "peak_cpu_memory_MB": 3069.796,
  "peak_gpu_0_memory_MB": 5063,
  "training_duration": "00:03:08",
  "training_start_epoch": 0,
  "training_epochs": 4,
  "epoch": 4,
  "training_1_F1": 0.99999999999995,
  "training_0_F1": 0.99999999999995,
  "training_accuracy": 1.0,
  "training_average_F1": 0.99999999999995,
  "training_loss": 0.003117498231160159,
  "training_cpu_memory_MB": 3069.796,
  "training_gpu_0_memory_MB": 5063,
  "validation_1_F1": 0.7924528301886292,
  "validation_0_F1": 0.79999999999995,
  "validation_accuracy": 0.7962962962962963,
  "validation_average_F1": 0.7962264150942896,
  "validation_loss": 1.1247311695055529,
  "best_epoch": 3,
  "best_validation_1_F1": 0.7999999999999501,
  "best_validation_0_F1": 0.8048780487804378,
  "best_validation_accuracy": 0.8024691358024691,
  "best_validation_average_F1": 0.802439024390194,
  "best_validation_loss": 0.9992099133404818
}