{
  "peak_cpu_memory_MB": 3085.224,
  "peak_gpu_0_memory_MB": 11,
  "peak_gpu_1_memory_MB": 11,
  "peak_gpu_2_memory_MB": 11,
  "peak_gpu_3_memory_MB": 2942,
  "peak_gpu_4_memory_MB": 3034,
  "peak_gpu_5_memory_MB": 11,
  "peak_gpu_6_memory_MB": 11,
  "peak_gpu_7_memory_MB": 11,
  "peak_gpu_8_memory_MB": 11,
  "peak_gpu_9_memory_MB": 11,
  "peak_gpu_10_memory_MB": 11,
  "peak_gpu_11_memory_MB": 11,
  "peak_gpu_12_memory_MB": 11,
  "peak_gpu_13_memory_MB": 11,
  "peak_gpu_14_memory_MB": 11,
  "peak_gpu_15_memory_MB": 11,
  "training_duration": "00:02:14",
  "training_start_epoch": 0,
  "training_epochs": 4,
  "epoch": 4,
  "training_1_F1": 0.9495101733232357,
  "training_0_F1": 0.9481825212683181,
  "training_accuracy": 0.9488549618320611,
  "training_average_F1": 0.9488463472957769,
  "training_loss": 0.16665324368854847,
  "training_cpu_memory_MB": 3085.224,
  "training_gpu_0_memory_MB": 11,
  "training_gpu_1_memory_MB": 11,
  "training_gpu_2_memory_MB": 11,
  "training_gpu_3_memory_MB": 2942,
  "training_gpu_4_memory_MB": 3034,
  "training_gpu_5_memory_MB": 11,
  "training_gpu_6_memory_MB": 11,
  "training_gpu_7_memory_MB": 11,
  "training_gpu_8_memory_MB": 11,
  "training_gpu_9_memory_MB": 11,
  "training_gpu_10_memory_MB": 11,
  "training_gpu_11_memory_MB": 11,
  "training_gpu_12_memory_MB": 11,
  "training_gpu_13_memory_MB": 11,
  "training_gpu_14_memory_MB": 11,
  "training_gpu_15_memory_MB": 11,
  "validation_1_F1": 0.855263157894687,
  "validation_0_F1": 0.8720930232557642,
  "validation_accuracy": 0.8641975308641975,
  "validation_average_F1": 0.8636780905752256,
  "validation_loss": 0.36410321159796283,
  "best_epoch": 3,
  "best_validation_1_F1": 0.8571428571428074,
  "best_validation_0_F1": 0.8705882352940678,
  "best_validation_accuracy": 0.8641975308641975,
  "best_validation_average_F1": 0.8638655462184376,
  "best_validation_loss": 0.34011767330494797,
  "test_1_F1": 0.8220858895705022,
  "test_0_F1": 0.8198757763974656,
  "test_accuracy": 0.8209876543209876,
  "test_average_F1": 0.8209808329839838,
  "test_loss": 0.3483679321679202
}