{
  "peak_cpu_memory_MB": 2204.036,
  "peak_gpu_0_memory_MB": 2777,
  "training_duration": "00:02:44",
  "training_start_epoch": 0,
  "training_epochs": 3,
  "epoch": 3,
  "training_1_P": 0.9788838612368024,
  "training_1_R": 0.9908396946564886,
  "training_1_F1": 0.9848254931714219,
  "training_0_P": 0.990726429675425,
  "training_0_R": 0.9786259541984733,
  "training_0_F1": 0.9846390168970315,
  "training_accuracy": 0.9847328244274809,
  "training_average_F1": 0.9847322550342267,
  "training_loss": 0.05700300002425182,
  "training_cpu_memory_MB": 2204.036,
  "training_gpu_0_memory_MB": 2777,
  "validation_1_P": 0.7373737373737373,
  "validation_1_R": 0.9012345679012346,
  "validation_1_F1": 0.8111111111110616,
  "validation_0_P": 0.873015873015873,
  "validation_0_R": 0.6790123456790124,
  "validation_0_F1": 0.7638888888888399,
  "validation_accuracy": 0.7901234567901234,
  "validation_average_F1": 0.7874999999999508,
  "validation_loss": 0.5602364408021624,
  "best_epoch": 2,
  "best_validation_1_P": 0.8181818181818182,
  "best_validation_1_R": 0.8888888888888888,
  "best_validation_1_F1": 0.8520710059171098,
  "best_validation_0_P": 0.8783783783783784,
  "best_validation_0_R": 0.8024691358024691,
  "best_validation_0_F1": 0.8387096774193049,
  "best_validation_accuracy": 0.845679012345679,
  "best_validation_average_F1": 0.8453903416682074,
  "best_validation_loss": 0.413804140957919
}