{
  "peak_cpu_memory_MB": 1855.996,
  "peak_gpu_0_memory_MB": 352,
  "peak_gpu_1_memory_MB": 11082,
  "peak_gpu_2_memory_MB": 11,
  "peak_gpu_3_memory_MB": 1234,
  "peak_gpu_4_memory_MB": 1316,
  "peak_gpu_5_memory_MB": 11,
  "peak_gpu_6_memory_MB": 11,
  "peak_gpu_7_memory_MB": 11,
  "peak_gpu_8_memory_MB": 11,
  "peak_gpu_9_memory_MB": 11,
  "peak_gpu_10_memory_MB": 11,
  "peak_gpu_11_memory_MB": 11,
  "peak_gpu_12_memory_MB": 11,
  "peak_gpu_13_memory_MB": 11,
  "peak_gpu_14_memory_MB": 11,
  "peak_gpu_15_memory_MB": 11,
  "training_duration": "00:00:04",
  "training_start_epoch": 0,
  "training_epochs": 2,
  "epoch": 2,
  "training_1_P": 0.8376436781609196,
  "training_1_R": 0.8900763358778626,
  "training_1_F1": 0.8630643967431032,
  "training_0_P": 0.8827361563517915,
  "training_0_R": 0.8274809160305343,
  "training_0_F1": 0.8542159180456553,
  "training_accuracy": 0.8587786259541985,
  "training_average_F1": 0.8586401573943793,
  "training_loss": 0.32814901776430083,
  "training_cpu_memory_MB": 1855.996,
  "training_gpu_0_memory_MB": 352,
  "training_gpu_1_memory_MB": 11082,
  "training_gpu_2_memory_MB": 11,
  "training_gpu_3_memory_MB": 1234,
  "training_gpu_4_memory_MB": 1316,
  "training_gpu_5_memory_MB": 11,
  "training_gpu_6_memory_MB": 11,
  "training_gpu_7_memory_MB": 11,
  "training_gpu_8_memory_MB": 11,
  "training_gpu_9_memory_MB": 11,
  "training_gpu_10_memory_MB": 11,
  "training_gpu_11_memory_MB": 11,
  "training_gpu_12_memory_MB": 11,
  "training_gpu_13_memory_MB": 11,
  "training_gpu_14_memory_MB": 11,
  "training_gpu_15_memory_MB": 11,
  "validation_1_P": 0.7647058823529411,
  "validation_1_R": 0.9629629629629629,
  "validation_1_F1": 0.8524590163933933,
  "validation_0_P": 0.95,
  "validation_0_R": 0.7037037037037037,
  "validation_0_F1": 0.8085106382978235,
  "validation_accuracy": 0.8333333333333334,
  "validation_average_F1": 0.8304848273456085,
  "validation_loss": 0.3866743811152198,
  "best_epoch": 1,
  "best_validation_1_P": 0.8292682926829268,
  "best_validation_1_R": 0.8395061728395061,
  "best_validation_1_F1": 0.8343558282208088,
  "best_validation_0_P": 0.8375,
  "best_validation_0_R": 0.8271604938271605,
  "best_validation_0_F1": 0.8322981366459128,
  "best_validation_accuracy": 0.8333333333333334,
  "best_validation_average_F1": 0.8333269824333608,
  "best_validation_loss": 0.39158136465332727
}