{
  "training_duration": "00:03:06",
  "training_start_epoch": 0,
  "training_epochs": 2,
  "epoch": 2,
  "training_1_P": 0.9203007518796993,
  "training_1_R": 0.934351145038168,
  "training_1_F1": 0.9272727272726775,
  "training_0_P": 0.9333333333333333,
  "training_0_R": 0.9190839694656489,
  "training_0_F1": 0.9261538461537961,
  "training_accuracy": 0.9267175572519084,
  "training_average_F1": 0.9267132867132368,
  "training_loss": 0.22363405470259307,
  "validation_1_P": 0.8333333333333334,
  "validation_1_R": 0.9259259259259259,
  "validation_1_F1": 0.8771929824560905,
  "validation_0_P": 0.9166666666666666,
  "validation_0_R": 0.8148148148148148,
  "validation_0_F1": 0.8627450980391658,
  "validation_accuracy": 0.8703703703703703,
  "validation_average_F1": 0.8699690402476281,
  "validation_loss": 0.34122844446789136,
  "best_epoch": 2,
  "best_validation_1_P": 0.8333333333333334,
  "best_validation_1_R": 0.9259259259259259,
  "best_validation_1_F1": 0.8771929824560905,
  "best_validation_0_P": 0.9166666666666666,
  "best_validation_0_R": 0.8148148148148148,
  "best_validation_0_F1": 0.8627450980391658,
  "best_validation_accuracy": 0.8703703703703703,
  "best_validation_average_F1": 0.8699690402476281,
  "best_validation_loss": 0.34122844446789136
}