{
  "training_duration": "00:01:57",
  "training_start_epoch": 0,
  "training_epochs": 1,
  "epoch": 1,
  "training_1_P": 0.8510948905109489,
  "training_1_R": 0.8900763358778626,
  "training_1_F1": 0.8701492537312934,
  "training_0_P": 0.8848,
  "training_0_R": 0.8442748091603054,
  "training_0_F1": 0.8640624999999501,
  "training_accuracy": 0.867175572519084,
  "training_average_F1": 0.8671058768656217,
  "training_loss": 0.354175910898825,
  "validation_1_P": 0.8783783783783784,
  "validation_1_R": 0.8024691358024691,
  "validation_1_F1": 0.8387096774193049,
  "validation_0_P": 0.8181818181818182,
  "validation_0_R": 0.8888888888888888,
  "validation_0_F1": 0.8520710059171098,
  "validation_accuracy": 0.845679012345679,
  "validation_average_F1": 0.8453903416682074,
  "validation_loss": 0.31402431563897565,
  "best_epoch": 1,
  "best_validation_1_P": 0.8783783783783784,
  "best_validation_1_R": 0.8024691358024691,
  "best_validation_1_F1": 0.8387096774193049,
  "best_validation_0_P": 0.8181818181818182,
  "best_validation_0_R": 0.8888888888888888,
  "best_validation_0_F1": 0.8520710059171098,
  "best_validation_accuracy": 0.845679012345679,
  "best_validation_average_F1": 0.8453903416682074,
  "best_validation_loss": 0.31402431563897565
}