{
  "training_duration": "00:06:23",
  "training_start_epoch": 0,
  "training_epochs": 5,
  "epoch": 5,
  "training_1_P": 1.0,
  "training_1_R": 1.0,
  "training_1_F1": 0.99999999999995,
  "training_0_P": 1.0,
  "training_0_R": 1.0,
  "training_0_F1": 0.99999999999995,
  "training_accuracy": 1.0,
  "training_average_F1": 0.99999999999995,
  "training_loss": 0.03295823138934083,
  "validation_1_P": 0.8554216867469879,
  "validation_1_R": 0.8765432098765432,
  "validation_1_F1": 0.8658536585365354,
  "validation_0_P": 0.8734177215189873,
  "validation_0_R": 0.8518518518518519,
  "validation_0_F1": 0.86249999999995,
  "validation_accuracy": 0.8641975308641975,
  "validation_average_F1": 0.8641768292682427,
  "validation_loss": 0.505027868530967,
  "best_epoch": 4,
  "best_validation_1_P": 0.8426966292134831,
  "best_validation_1_R": 0.9259259259259259,
  "best_validation_1_F1": 0.8823529411764207,
  "best_validation_0_P": 0.9178082191780822,
  "best_validation_0_R": 0.8271604938271605,
  "best_validation_0_F1": 0.8701298701298203,
  "best_validation_accuracy": 0.8765432098765432,
  "best_validation_average_F1": 0.8762414056531205,
  "best_validation_loss": 0.4198001745072278
}