{
  "peak_cpu_memory_MB": 5769.16,
  "peak_gpu_0_memory_MB": 11,
  "peak_gpu_1_memory_MB": 3976,
  "peak_gpu_2_memory_MB": 11,
  "peak_gpu_3_memory_MB": 11,
  "peak_gpu_4_memory_MB": 11,
  "peak_gpu_5_memory_MB": 11,
  "peak_gpu_6_memory_MB": 1946,
  "peak_gpu_7_memory_MB": 11,
  "peak_gpu_8_memory_MB": 11,
  "peak_gpu_9_memory_MB": 11,
  "peak_gpu_10_memory_MB": 11,
  "peak_gpu_11_memory_MB": 4842,
  "peak_gpu_12_memory_MB": 11,
  "peak_gpu_13_memory_MB": 11,
  "peak_gpu_14_memory_MB": 11,
  "peak_gpu_15_memory_MB": 11,
  "training_duration": "00:02:26",
  "training_start_epoch": 0,
  "training_epochs": 3,
  "epoch": 3,
  "training_1_P": 0.974320241691843,
  "training_1_R": 0.9847328244274809,
  "training_1_F1": 0.979498861047786,
  "training_0_P": 0.9845679012345679,
  "training_0_R": 0.9740458015267176,
  "training_0_F1": 0.9792785878740866,
  "training_accuracy": 0.9793893129770992,
  "training_average_F1": 0.9793887244609363,
  "training_loss": 0.07223731478131036,
  "training_cpu_memory_MB": 5769.16,
  "training_gpu_0_memory_MB": 11,
  "training_gpu_1_memory_MB": 3976,
  "training_gpu_2_memory_MB": 11,
  "training_gpu_3_memory_MB": 11,
  "training_gpu_4_memory_MB": 11,
  "training_gpu_5_memory_MB": 11,
  "training_gpu_6_memory_MB": 1890,
  "training_gpu_7_memory_MB": 11,
  "training_gpu_8_memory_MB": 11,
  "training_gpu_9_memory_MB": 11,
  "training_gpu_10_memory_MB": 11,
  "training_gpu_11_memory_MB": 4842,
  "training_gpu_12_memory_MB": 11,
  "training_gpu_13_memory_MB": 11,
  "training_gpu_14_memory_MB": 11,
  "training_gpu_15_memory_MB": 11,
  "validation_1_P": 0.8395061728395061,
  "validation_1_R": 0.8395061728395061,
  "validation_1_F1": 0.8395061728394562,
  "validation_0_P": 0.8395061728395061,
  "validation_0_R": 0.8395061728395061,
  "validation_0_F1": 0.8395061728394562,
  "validation_accuracy": 0.8395061728395061,
  "validation_average_F1": 0.8395061728394562,
  "validation_loss": 0.39090519872578705,
  "best_epoch": 1,
  "best_validation_1_P": 0.8295454545454546,
  "best_validation_1_R": 0.9012345679012346,
  "best_validation_1_F1": 0.8639053254437372,
  "best_validation_0_P": 0.8918918918918919,
  "best_validation_0_R": 0.8148148148148148,
  "best_validation_0_F1": 0.8516129032257566,
  "best_validation_accuracy": 0.8580246913580247,
  "best_validation_average_F1": 0.8577591143347469,
  "best_validation_loss": 0.3237224431200461,
  "test_1_P": 0.8625,
  "test_1_R": 0.8518518518518519,
  "test_1_F1": 0.8571428571428072,
  "test_0_P": 0.8536585365853658,
  "test_0_R": 0.8641975308641975,
  "test_0_F1": 0.8588957055214225,
  "test_accuracy": 0.8580246913580247,
  "test_average_F1": 0.8580192813321148,
  "test_loss": 0.3434966640038924
}