{
  "peak_cpu_memory_MB": 1858.004,
  "peak_gpu_0_memory_MB": 11,
  "peak_gpu_1_memory_MB": 11082,
  "peak_gpu_2_memory_MB": 11,
  "peak_gpu_3_memory_MB": 11,
  "peak_gpu_4_memory_MB": 354,
  "peak_gpu_5_memory_MB": 11,
  "peak_gpu_6_memory_MB": 11,
  "peak_gpu_7_memory_MB": 11,
  "peak_gpu_8_memory_MB": 11,
  "peak_gpu_9_memory_MB": 11,
  "peak_gpu_10_memory_MB": 11,
  "peak_gpu_11_memory_MB": 11,
  "peak_gpu_12_memory_MB": 11,
  "peak_gpu_13_memory_MB": 11,
  "peak_gpu_14_memory_MB": 11,
  "peak_gpu_15_memory_MB": 11,
  "training_duration": "00:00:08",
  "training_start_epoch": 0,
  "training_epochs": 5,
  "epoch": 5,
  "training_1_P": 0.9472140762463344,
  "training_1_R": 0.9862595419847329,
  "training_1_F1": 0.9663425579655447,
  "training_0_P": 0.9856687898089171,
  "training_0_R": 0.9450381679389313,
  "training_0_F1": 0.9649259547934029,
  "training_accuracy": 0.9656488549618321,
  "training_average_F1": 0.9656342563794738,
  "training_loss": 0.09599729785241368,
  "training_cpu_memory_MB": 1858.004,
  "training_gpu_0_memory_MB": 11,
  "training_gpu_1_memory_MB": 11082,
  "training_gpu_2_memory_MB": 11,
  "training_gpu_3_memory_MB": 11,
  "training_gpu_4_memory_MB": 354,
  "training_gpu_5_memory_MB": 11,
  "training_gpu_6_memory_MB": 11,
  "training_gpu_7_memory_MB": 11,
  "training_gpu_8_memory_MB": 11,
  "training_gpu_9_memory_MB": 11,
  "training_gpu_10_memory_MB": 11,
  "training_gpu_11_memory_MB": 11,
  "training_gpu_12_memory_MB": 11,
  "training_gpu_13_memory_MB": 11,
  "training_gpu_14_memory_MB": 11,
  "training_gpu_15_memory_MB": 11,
  "validation_1_P": 0.8461538461538461,
  "validation_1_R": 0.8148148148148148,
  "validation_1_F1": 0.830188679245233,
  "validation_0_P": 0.8214285714285714,
  "validation_0_R": 0.8518518518518519,
  "validation_0_F1": 0.8363636363635865,
  "validation_accuracy": 0.8333333333333334,
  "validation_average_F1": 0.8332761578044097,
  "validation_loss": 0.42351914806799457,
  "best_epoch": 3,
  "best_validation_1_P": 0.8481012658227848,
  "best_validation_1_R": 0.8271604938271605,
  "best_validation_1_F1": 0.83749999999995,
  "best_validation_0_P": 0.8313253012048193,
  "best_validation_0_R": 0.8518518518518519,
  "best_validation_0_F1": 0.8414634146340965,
  "best_validation_accuracy": 0.8395061728395061,
  "best_validation_average_F1": 0.8394817073170232,
  "best_validation_loss": 0.3476318744095889
}