{
  "peak_cpu_memory_MB": 3086.312,
  "peak_gpu_0_memory_MB": 11,
  "peak_gpu_1_memory_MB": 11,
  "peak_gpu_2_memory_MB": 2958,
  "peak_gpu_3_memory_MB": 2942,
  "peak_gpu_4_memory_MB": 11,
  "peak_gpu_5_memory_MB": 11,
  "peak_gpu_6_memory_MB": 11,
  "peak_gpu_7_memory_MB": 11,
  "peak_gpu_8_memory_MB": 11,
  "peak_gpu_9_memory_MB": 11,
  "peak_gpu_10_memory_MB": 11,
  "peak_gpu_11_memory_MB": 11,
  "peak_gpu_12_memory_MB": 11,
  "peak_gpu_13_memory_MB": 11,
  "peak_gpu_14_memory_MB": 11,
  "peak_gpu_15_memory_MB": 11,
  "training_duration": "00:01:48",
  "training_start_epoch": 0,
  "training_epochs": 3,
  "epoch": 3,
  "training_1_F1": 0.9969558599695086,
  "training_0_F1": 0.996937212863656,
  "training_accuracy": 0.9969465648854962,
  "training_average_F1": 0.9969465364165824,
  "training_loss": 0.015876711527930527,
  "training_cpu_memory_MB": 3086.312,
  "training_gpu_0_memory_MB": 11,
  "training_gpu_1_memory_MB": 11,
  "training_gpu_2_memory_MB": 2958,
  "training_gpu_3_memory_MB": 2942,
  "training_gpu_4_memory_MB": 11,
  "training_gpu_5_memory_MB": 11,
  "training_gpu_6_memory_MB": 11,
  "training_gpu_7_memory_MB": 11,
  "training_gpu_8_memory_MB": 11,
  "training_gpu_9_memory_MB": 11,
  "training_gpu_10_memory_MB": 11,
  "training_gpu_11_memory_MB": 11,
  "training_gpu_12_memory_MB": 11,
  "training_gpu_13_memory_MB": 11,
  "training_gpu_14_memory_MB": 11,
  "training_gpu_15_memory_MB": 11,
  "validation_1_F1": 0.8481012658227349,
  "validation_0_F1": 0.855421686746938,
  "validation_accuracy": 0.8518518518518519,
  "validation_average_F1": 0.8517614762848364,
  "validation_loss": 0.677478747611696,
  "best_epoch": 2,
  "best_validation_1_F1": 0.8711656441717291,
  "best_validation_0_F1": 0.8695652173912544,
  "best_validation_accuracy": 0.8703703703703703,
  "best_validation_average_F1": 0.8703654307814918,
  "best_validation_loss": 0.4837557700547305,
  "test_1_F1": 0.8354430379746336,
  "test_0_F1": 0.8433734939758536,
  "test_accuracy": 0.8395061728395061,
  "test_average_F1": 0.8394082659752435,
  "test_loss": 0.41447790745984425
}