{
  "peak_cpu_memory_MB": 5744.544,
  "peak_gpu_0_memory_MB": 11,
  "peak_gpu_1_memory_MB": 11,
  "peak_gpu_2_memory_MB": 11,
  "peak_gpu_3_memory_MB": 11,
  "peak_gpu_4_memory_MB": 11,
  "peak_gpu_5_memory_MB": 11,
  "peak_gpu_6_memory_MB": 11,
  "peak_gpu_7_memory_MB": 11,
  "peak_gpu_8_memory_MB": 11,
  "peak_gpu_9_memory_MB": 11,
  "peak_gpu_10_memory_MB": 11,
  "peak_gpu_11_memory_MB": 4186,
  "peak_gpu_12_memory_MB": 11,
  "peak_gpu_13_memory_MB": 11,
  "peak_gpu_14_memory_MB": 11,
  "peak_gpu_15_memory_MB": 11,
  "best_epoch": 4,
  "best_validation_1_F1": 0.8292682926828769,
  "best_validation_0_F1": 0.82499999999995,
  "best_validation_accuracy": 0.8271604938271605,
  "best_validation_average_F1": 0.8271341463414135,
  "best_validation_loss": 0.41627063805406744,
  "test_1_F1": 0.8263473053891718,
  "test_0_F1": 0.8152866242037717,
  "test_accuracy": 0.8209876543209876,
  "test_average_F1": 0.8208169647964718,
  "test_loss": 0.3990800245241685
}