{
  "peak_cpu_memory_MB": 3070.68,
  "peak_gpu_0_memory_MB": 2510,
  "training_duration": "00:01:36",
  "training_start_epoch": 0,
  "training_epochs": 3,
  "epoch": 3,
  "training_1_F1": 0.9409984871406459,
  "training_0_F1": 0.9399075500769917,
  "training_accuracy": 0.9404580152671755,
  "training_average_F1": 0.9404530186088188,
  "training_loss": 0.19647166323734494,
  "training_cpu_memory_MB": 3070.68,
  "training_gpu_0_memory_MB": 2510,
  "validation_1_F1": 0.8734177215189374,
  "validation_0_F1": 0.8795180722891066,
  "validation_accuracy": 0.8765432098765432,
  "validation_average_F1": 0.876467896904022,
  "validation_loss": 0.47602692381902173,
  "best_epoch": 2,
  "best_validation_1_F1": 0.8789808917196953,
  "best_validation_0_F1": 0.8862275449101298,
  "best_validation_accuracy": 0.8827160493827161,
  "best_validation_average_F1": 0.8826042183149125,
  "best_validation_loss": 0.4137363108721646,
  "test_1_F1": 0.8333333333332835,
  "test_0_F1": 0.8452380952380453,
  "test_accuracy": 0.8395061728395061,
  "test_average_F1": 0.8392857142856645,
  "test_loss": 0.4103298702023246
}