{
  "peak_cpu_memory_MB": 3071.092,
  "peak_gpu_0_memory_MB": 2510,
  "training_duration": "00:00:45",
  "training_start_epoch": 0,
  "training_epochs": 1,
  "epoch": 1,
  "training_1_F1": 0.908679245282969,
  "training_0_F1": 0.9065637065636566,
  "training_accuracy": 0.9076335877862596,
  "training_average_F1": 0.9076214759233128,
  "training_loss": 0.25860635009480687,
  "training_cpu_memory_MB": 3071.092,
  "training_gpu_0_memory_MB": 2510,
  "validation_1_F1": 0.7848101265822286,
  "validation_0_F1": 0.7951807228915163,
  "validation_accuracy": 0.7901234567901234,
  "validation_average_F1": 0.7899954247368725,
  "validation_loss": 0.3910980685190721,
  "best_epoch": 0,
  "best_validation_1_F1": 0.7975460122698887,
  "best_validation_0_F1": 0.7950310559005711,
  "best_validation_accuracy": 0.7962962962962963,
  "best_validation_average_F1": 0.7962885340852299,
  "best_validation_loss": 0.46295851469039917,
  "test_1_F1": 0.83749999999995,
  "test_0_F1": 0.8414634146340965,
  "test_accuracy": 0.8395061728395061,
  "test_average_F1": 0.8394817073170232,
  "test_loss": 0.38106130198998883
}