{
  "peak_cpu_memory_MB": 2659.884,
  "peak_gpu_0_memory_MB": 11,
  "peak_gpu_1_memory_MB": 11,
  "peak_gpu_2_memory_MB": 11,
  "peak_gpu_3_memory_MB": 11,
  "peak_gpu_4_memory_MB": 11,
  "peak_gpu_5_memory_MB": 11,
  "peak_gpu_6_memory_MB": 3444,
  "peak_gpu_7_memory_MB": 11,
  "peak_gpu_8_memory_MB": 11,
  "peak_gpu_9_memory_MB": 11,
  "peak_gpu_10_memory_MB": 11,
  "peak_gpu_11_memory_MB": 11,
  "peak_gpu_12_memory_MB": 11,
  "peak_gpu_13_memory_MB": 11,
  "peak_gpu_14_memory_MB": 7789,
  "peak_gpu_15_memory_MB": 4911,
  "training_duration": "00:03:04",
  "training_start_epoch": 0,
  "training_epochs": 5,
  "epoch": 5,
  "training_1_F1": 0.9931350114415977,
  "training_0_F1": 0.9931245225362373,
  "training_accuracy": 0.9931297709923664,
  "training_average_F1": 0.9931297669889174,
  "training_loss": 0.02482591954304087,
  "training_cpu_memory_MB": 2659.884,
  "training_gpu_0_memory_MB": 11,
  "training_gpu_1_memory_MB": 11,
  "training_gpu_2_memory_MB": 11,
  "training_gpu_3_memory_MB": 11,
  "training_gpu_4_memory_MB": 11,
  "training_gpu_5_memory_MB": 11,
  "training_gpu_6_memory_MB": 3444,
  "training_gpu_7_memory_MB": 11,
  "training_gpu_8_memory_MB": 11,
  "training_gpu_9_memory_MB": 11,
  "training_gpu_10_memory_MB": 11,
  "training_gpu_11_memory_MB": 11,
  "training_gpu_12_memory_MB": 11,
  "training_gpu_13_memory_MB": 11,
  "training_gpu_14_memory_MB": 7789,
  "training_gpu_15_memory_MB": 4911,
  "validation_1_F1": 0.7534246575341972,
  "validation_0_F1": 0.7977528089887145,
  "validation_accuracy": 0.7777777777777778,
  "validation_average_F1": 0.7755887332614558,
  "validation_loss": 0.8812450604005293,
  "best_epoch": 3,
  "best_validation_1_F1": 0.8333333333332835,
  "best_validation_0_F1": 0.8205128205127706,
  "best_validation_accuracy": 0.8271604938271605,
  "best_validation_average_F1": 0.8269230769230271,
  "best_validation_loss": 0.5912746438248591,
  "test_1_F1": 0.8484848484847984,
  "test_0_F1": 0.8427672955974342,
  "test_accuracy": 0.845679012345679,
  "test_average_F1": 0.8456260720411164,
  "test_loss": 0.6739252453500574
}