{
  "peak_cpu_memory_MB": 5769.484,
  "peak_gpu_0_memory_MB": 11,
  "peak_gpu_1_memory_MB": 11,
  "peak_gpu_2_memory_MB": 11,
  "peak_gpu_3_memory_MB": 11,
  "peak_gpu_4_memory_MB": 11,
  "peak_gpu_5_memory_MB": 11,
  "peak_gpu_6_memory_MB": 1894,
  "peak_gpu_7_memory_MB": 11,
  "peak_gpu_8_memory_MB": 11,
  "peak_gpu_9_memory_MB": 11,
  "peak_gpu_10_memory_MB": 11,
  "peak_gpu_11_memory_MB": 4806,
  "peak_gpu_12_memory_MB": 11,
  "peak_gpu_13_memory_MB": 11,
  "peak_gpu_14_memory_MB": 11,
  "peak_gpu_15_memory_MB": 11,
  "training_duration": "00:01:49",
  "training_start_epoch": 0,
  "training_epochs": 2,
  "epoch": 2,
  "training_1_P": 0.9153046062407132,
  "training_1_R": 0.9404580152671755,
  "training_1_F1": 0.927710843373444,
  "training_0_P": 0.9387755102040817,
  "training_0_R": 0.9129770992366413,
  "training_0_F1": 0.9256965944271947,
  "training_accuracy": 0.9267175572519084,
  "training_average_F1": 0.9267037189003193,
  "training_loss": 0.19146105876510464,
  "training_cpu_memory_MB": 5769.484,
  "training_gpu_0_memory_MB": 11,
  "training_gpu_1_memory_MB": 11,
  "training_gpu_2_memory_MB": 11,
  "training_gpu_3_memory_MB": 11,
  "training_gpu_4_memory_MB": 11,
  "training_gpu_5_memory_MB": 11,
  "training_gpu_6_memory_MB": 1894,
  "training_gpu_7_memory_MB": 11,
  "training_gpu_8_memory_MB": 11,
  "training_gpu_9_memory_MB": 11,
  "training_gpu_10_memory_MB": 11,
  "training_gpu_11_memory_MB": 4806,
  "training_gpu_12_memory_MB": 11,
  "training_gpu_13_memory_MB": 11,
  "training_gpu_14_memory_MB": 11,
  "training_gpu_15_memory_MB": 11,
  "validation_1_P": 0.8714285714285714,
  "validation_1_R": 0.7530864197530864,
  "validation_1_F1": 0.8079470198675,
  "validation_0_P": 0.782608695652174,
  "validation_0_R": 0.8888888888888888,
  "validation_0_F1": 0.8323699421964821,
  "validation_accuracy": 0.8209876543209876,
  "validation_average_F1": 0.8201584810319911,
  "validation_loss": 0.4374814714220437,
  "best_epoch": 2,
  "best_validation_1_P": 0.8714285714285714,
  "best_validation_1_R": 0.7530864197530864,
  "best_validation_1_F1": 0.8079470198675,
  "best_validation_0_P": 0.782608695652174,
  "best_validation_0_R": 0.8888888888888888,
  "best_validation_0_F1": 0.8323699421964821,
  "best_validation_accuracy": 0.8209876543209876,
  "best_validation_average_F1": 0.8201584810319911,
  "best_validation_loss": 0.4374814714220437
}