{
  "peak_cpu_memory_MB": 5769.484,
  "peak_gpu_0_memory_MB": 11,
  "peak_gpu_1_memory_MB": 11,
  "peak_gpu_2_memory_MB": 11,
  "peak_gpu_3_memory_MB": 11,
  "peak_gpu_4_memory_MB": 11,
  "peak_gpu_5_memory_MB": 11,
  "peak_gpu_6_memory_MB": 1896,
  "peak_gpu_7_memory_MB": 11,
  "peak_gpu_8_memory_MB": 11,
  "peak_gpu_9_memory_MB": 11,
  "peak_gpu_10_memory_MB": 11,
  "peak_gpu_11_memory_MB": 4806,
  "peak_gpu_12_memory_MB": 11,
  "peak_gpu_13_memory_MB": 11,
  "peak_gpu_14_memory_MB": 11,
  "peak_gpu_15_memory_MB": 11,
  "training_duration": "00:03:15",
  "training_start_epoch": 0,
  "training_epochs": 4,
  "epoch": 4,
  "training_1_P": 0.9908814589665653,
  "training_1_R": 0.9954198473282443,
  "training_1_F1": 0.9931454683929433,
  "training_0_P": 0.995398773006135,
  "training_0_R": 0.9908396946564886,
  "training_0_F1": 0.9931140015301719,
  "training_accuracy": 0.9931297709923664,
  "training_average_F1": 0.9931297349615575,
  "training_loss": 0.03064710666743539,
  "training_cpu_memory_MB": 5769.484,
  "training_gpu_0_memory_MB": 11,
  "training_gpu_1_memory_MB": 11,
  "training_gpu_2_memory_MB": 11,
  "training_gpu_3_memory_MB": 11,
  "training_gpu_4_memory_MB": 11,
  "training_gpu_5_memory_MB": 11,
  "training_gpu_6_memory_MB": 1896,
  "training_gpu_7_memory_MB": 11,
  "training_gpu_8_memory_MB": 11,
  "training_gpu_9_memory_MB": 11,
  "training_gpu_10_memory_MB": 11,
  "training_gpu_11_memory_MB": 4806,
  "training_gpu_12_memory_MB": 11,
  "training_gpu_13_memory_MB": 11,
  "training_gpu_14_memory_MB": 11,
  "training_gpu_15_memory_MB": 11,
  "validation_1_P": 0.8611111111111112,
  "validation_1_R": 0.7654320987654321,
  "validation_1_F1": 0.8104575163398196,
  "validation_0_P": 0.7888888888888889,
  "validation_0_R": 0.8765432098765432,
  "validation_0_F1": 0.8304093567250963,
  "validation_accuracy": 0.8209876543209876,
  "validation_average_F1": 0.8204334365324579,
  "validation_loss": 0.5702269849452105,
  "best_epoch": 3,
  "best_validation_1_P": 0.8441558441558441,
  "best_validation_1_R": 0.8024691358024691,
  "best_validation_1_F1": 0.8227848101265324,
  "best_validation_0_P": 0.8117647058823529,
  "best_validation_0_R": 0.8518518518518519,
  "best_validation_0_F1": 0.8313253012047693,
  "best_validation_accuracy": 0.8271604938271605,
  "best_validation_average_F1": 0.8270550556656509,
  "best_validation_loss": 0.5060686631636186
}