{
  "training_duration": "00:20:11",
  "training_start_epoch": 0,
  "training_epochs": 7,
  "epoch": 7,
  "training_1_F1": 0.8616541353382959,
  "training_0_F1": 0.8573643410852213,
  "training_accuracy": 0.8595419847328244,
  "training_average_F1": 0.8595092382117586,
  "training_loss": 0.36357963866576914,
  "validation_1_F1": 0.8148148148147648,
  "validation_0_F1": 0.8148148148147648,
  "validation_accuracy": 0.8148148148148148,
  "validation_average_F1": 0.8148148148147648,
  "validation_loss": 0.503143768418919,
  "best_epoch": 6,
  "best_validation_1_F1": 0.8313253012047693,
  "best_validation_0_F1": 0.8227848101265324,
  "best_validation_accuracy": 0.8271604938271605,
  "best_validation_average_F1": 0.8270550556656509,
  "best_validation_loss": 0.4388501440936869
}