{
  "training_duration": "00:04:46",
  "training_start_epoch": 0,
  "training_epochs": 1,
  "epoch": 1,
  "training_1_F1": 0.7876106194689766,
  "training_0_F1": 0.7721518987341274,
  "training_accuracy": 0.7801526717557252,
  "training_average_F1": 0.779881259101552,
  "training_loss": 0.5321246727210719,
  "validation_1_F1": 0.7770700636942176,
  "validation_0_F1": 0.7904191616765968,
  "validation_accuracy": 0.7839506172839507,
  "validation_average_F1": 0.7837446126854072,
  "validation_loss": 0.4967681792649356,
  "best_epoch": 1,
  "best_validation_1_F1": 0.7770700636942176,
  "best_validation_0_F1": 0.7904191616765968,
  "best_validation_accuracy": 0.7839506172839507,
  "best_validation_average_F1": 0.7837446126854072,
  "best_validation_loss": 0.4967681792649356
}