{
  "training_duration": "00:07:40",
  "training_start_epoch": 0,
  "training_epochs": 2,
  "epoch": 2,
  "training_1_F1": 0.8198665678279708,
  "training_0_F1": 0.8088119590872829,
  "training_accuracy": 0.8145038167938932,
  "training_average_F1": 0.8143392634576269,
  "training_loss": 0.469481753503404,
  "validation_1_F1": 0.794871794871745,
  "validation_0_F1": 0.8095238095237596,
  "validation_accuracy": 0.8024691358024691,
  "validation_average_F1": 0.8021978021977523,
  "validation_loss": 0.4065791422670538,
  "best_epoch": 2,
  "best_validation_1_F1": 0.794871794871745,
  "best_validation_0_F1": 0.8095238095237596,
  "best_validation_accuracy": 0.8024691358024691,
  "best_validation_average_F1": 0.8021978021977523,
  "best_validation_loss": 0.4065791422670538
}