{
  "training_duration": "00:17:37",
  "training_start_epoch": 0,
  "training_epochs": 6,
  "epoch": 6,
  "training_1_F1": 0.8571428571428072,
  "training_0_F1": 0.8527131782945236,
  "training_accuracy": 0.8549618320610687,
  "training_average_F1": 0.8549280177186654,
  "training_loss": 0.3930631849642207,
  "validation_1_F1": 0.8313253012047693,
  "validation_0_F1": 0.8227848101265324,
  "validation_accuracy": 0.8271604938271605,
  "validation_average_F1": 0.8270550556656509,
  "validation_loss": 0.4388501440936869,
  "best_epoch": 6,
  "best_validation_1_F1": 0.8313253012047693,
  "best_validation_0_F1": 0.8227848101265324,
  "best_validation_accuracy": 0.8271604938271605,
  "best_validation_average_F1": 0.8270550556656509,
  "best_validation_loss": 0.4388501440936869
}