{
  "training_duration": "00:02:20",
  "training_start_epoch": 0,
  "training_epochs": 0,
  "epoch": 0,
  "training_1_F1": 0.6723338485316347,
  "training_0_F1": 0.6802413273001008,
  "training_accuracy": 0.6763358778625954,
  "training_average_F1": 0.6762875879158677,
  "training_loss": 0.6501980104097506,
  "validation_1_F1": 0.7532467532467034,
  "validation_0_F1": 0.7764705882352443,
  "validation_accuracy": 0.7654320987654321,
  "validation_average_F1": 0.7648586707409739,
  "validation_loss": 0.5174075337973508,
  "best_epoch": 0,
  "best_validation_1_F1": 0.7532467532467034,
  "best_validation_0_F1": 0.7764705882352443,
  "best_validation_accuracy": 0.7654320987654321,
  "best_validation_average_F1": 0.7648586707409739,
  "best_validation_loss": 0.5174075337973508
}