{
  "training_duration": "00:10:15",
  "training_start_epoch": 0,
  "training_epochs": 3,
  "epoch": 3,
  "training_1_F1": 0.8332086761405634,
  "training_0_F1": 0.8261886204208386,
  "training_accuracy": 0.8297709923664122,
  "training_average_F1": 0.829698648280701,
  "training_loss": 0.4406043172972958,
  "validation_1_F1": 0.8220858895705022,
  "validation_0_F1": 0.8198757763974656,
  "validation_accuracy": 0.8209876543209876,
  "validation_average_F1": 0.8209808329839838,
  "validation_loss": 0.3994296436960047,
  "best_epoch": 3,
  "best_validation_1_F1": 0.8220858895705022,
  "best_validation_0_F1": 0.8198757763974656,
  "best_validation_accuracy": 0.8209876543209876,
  "best_validation_average_F1": 0.8209808329839838,
  "best_validation_loss": 0.3994296436960047
}