{
  "peak_cpu_memory_MB": 2642.752,
  "peak_gpu_0_memory_MB": 2586,
  "training_duration": "00:00:45",
  "training_start_epoch": 0,
  "training_epochs": 1,
  "epoch": 1,
  "training_1_F1": 0.8745304282493865,
  "training_0_F1": 0.8704422032582899,
  "training_accuracy": 0.8725190839694656,
  "training_average_F1": 0.8724863157538383,
  "training_loss": 0.319640729303767,
  "training_cpu_memory_MB": 2642.752,
  "training_gpu_0_memory_MB": 2586,
  "validation_1_F1": 0.8361581920903458,
  "validation_0_F1": 0.8027210884353246,
  "validation_accuracy": 0.8209876543209876,
  "validation_average_F1": 0.8194396402628352,
  "validation_loss": 0.6604184779253873,
  "best_epoch": 0,
  "best_validation_1_F1": 0.8342857142856646,
  "best_validation_0_F1": 0.8053691275167288,
  "best_validation_accuracy": 0.8209876543209876,
  "best_validation_average_F1": 0.8198274209011966,
  "best_validation_loss": 0.4774730855768377
}