{
  "peak_cpu_memory_MB": 2642.752,
  "peak_gpu_0_memory_MB": 2586,
  "training_duration": "00:03:13",
  "training_start_epoch": 0,
  "training_epochs": 7,
  "epoch": 7,
  "training_1_F1": 0.9961802902978875,
  "training_0_F1": 0.996186117467532,
  "training_accuracy": 0.9961832061068703,
  "training_average_F1": 0.9961832038827098,
  "training_loss": 0.017023061952985277,
  "training_cpu_memory_MB": 2642.752,
  "training_gpu_0_memory_MB": 2586,
  "validation_1_F1": 0.8333333333332835,
  "validation_0_F1": 0.8205128205127706,
  "validation_accuracy": 0.8271604938271605,
  "validation_average_F1": 0.8269230769230271,
  "validation_loss": 1.20057074861093,
  "best_epoch": 5,
  "best_validation_1_F1": 0.8402366863904827,
  "best_validation_0_F1": 0.8258064516128534,
  "best_validation_accuracy": 0.8333333333333334,
  "best_validation_average_F1": 0.833021569001668,
  "best_validation_loss": 0.8820218606428667,
  "test_1_F1": 0.8433734939758536,
  "test_0_F1": 0.8354430379746336,
  "test_accuracy": 0.8395061728395061,
  "test_average_F1": 0.8394082659752435,
  "test_loss": 0.5036823295734145
}