{
  "peak_cpu_memory_MB": 2642.752,
  "peak_gpu_0_memory_MB": 2586,
  "training_duration": "00:02:22",
  "training_start_epoch": 0,
  "training_epochs": 5,
  "epoch": 5,
  "training_1_F1": 0.9885757806549386,
  "training_0_F1": 0.9885233358836533,
  "training_accuracy": 0.9885496183206107,
  "training_average_F1": 0.9885495582692959,
  "training_loss": 0.041760750608973024,
  "training_cpu_memory_MB": 2642.752,
  "training_gpu_0_memory_MB": 2586,
  "validation_1_F1": 0.8402366863904827,
  "validation_0_F1": 0.8258064516128534,
  "validation_accuracy": 0.8333333333333334,
  "validation_average_F1": 0.833021569001668,
  "validation_loss": 0.8820218606428667,
  "best_epoch": 5,
  "best_validation_1_F1": 0.8402366863904827,
  "best_validation_0_F1": 0.8258064516128534,
  "best_validation_accuracy": 0.8333333333333334,
  "best_validation_average_F1": 0.833021569001668,
  "best_validation_loss": 0.8820218606428667
}