{
  "peak_cpu_memory_MB": 2642.752,
  "peak_gpu_0_memory_MB": 2586,
  "training_duration": "00:01:08",
  "training_start_epoch": 0,
  "training_epochs": 2,
  "epoch": 2,
  "training_1_F1": 0.9350453172204939,
  "training_0_F1": 0.9336419753085919,
  "training_accuracy": 0.934351145038168,
  "training_average_F1": 0.9343436462645429,
  "training_loss": 0.18928419217103865,
  "training_cpu_memory_MB": 2642.752,
  "training_gpu_0_memory_MB": 2586,
  "validation_1_F1": 0.8304093567250963,
  "validation_0_F1": 0.8104575163398196,
  "validation_accuracy": 0.8209876543209876,
  "validation_average_F1": 0.8204334365324579,
  "validation_loss": 0.5248193629086018,
  "best_epoch": 2,
  "best_validation_1_F1": 0.8304093567250963,
  "best_validation_0_F1": 0.8104575163398196,
  "best_validation_accuracy": 0.8209876543209876,
  "best_validation_average_F1": 0.8204334365324579,
  "best_validation_loss": 0.5248193629086018
}