{
  "peak_cpu_memory_MB": 2642.752,
  "peak_gpu_0_memory_MB": 2586,
  "training_duration": "00:01:59",
  "training_start_epoch": 0,
  "training_epochs": 4,
  "epoch": 4,
  "training_1_F1": 0.9787878787878289,
  "training_0_F1": 0.9784615384614884,
  "training_accuracy": 0.9786259541984733,
  "training_average_F1": 0.9786247086246587,
  "training_loss": 0.07114824854269079,
  "training_cpu_memory_MB": 2642.752,
  "training_gpu_0_memory_MB": 2586,
  "validation_1_F1": 0.7999999999999502,
  "validation_0_F1": 0.8165680473372283,
  "validation_accuracy": 0.808641975308642,
  "validation_average_F1": 0.8082840236685893,
  "validation_loss": 0.7727981385859576,
  "best_epoch": 2,
  "best_validation_1_F1": 0.8304093567250963,
  "best_validation_0_F1": 0.8104575163398196,
  "best_validation_accuracy": 0.8209876543209876,
  "best_validation_average_F1": 0.8204334365324579,
  "best_validation_loss": 0.5248193629086018
}