{
  "peak_cpu_memory_MB": 2642.752,
  "peak_gpu_0_memory_MB": 2586,
  "training_duration": "00:01:36",
  "training_start_epoch": 0,
  "training_epochs": 3,
  "epoch": 3,
  "training_1_F1": 0.9742424242423742,
  "training_0_F1": 0.9738461538461038,
  "training_accuracy": 0.9740458015267176,
  "training_average_F1": 0.974044289044239,
  "training_loss": 0.0988953576945677,
  "training_cpu_memory_MB": 2642.752,
  "training_gpu_0_memory_MB": 2586,
  "validation_1_F1": 0.7922077922077424,
  "validation_0_F1": 0.8117647058823031,
  "validation_accuracy": 0.8024691358024691,
  "validation_average_F1": 0.8019862490450227,
  "validation_loss": 0.7167193429036574,
  "best_epoch": 2,
  "best_validation_1_F1": 0.8304093567250963,
  "best_validation_0_F1": 0.8104575163398196,
  "best_validation_accuracy": 0.8209876543209876,
  "best_validation_average_F1": 0.8204334365324579,
  "best_validation_loss": 0.5248193629086018
}