{
  "peak_cpu_memory_MB": 2642.752,
  "peak_gpu_0_memory_MB": 1241,
  "training_duration": "00:00:22",
  "training_start_epoch": 0,
  "training_epochs": 0,
  "epoch": 0,
  "training_1_F1": 0.7328023171614273,
  "training_0_F1": 0.7021791767553981,
  "training_accuracy": 0.7183206106870229,
  "training_average_F1": 0.7174907469584126,
  "training_loss": 0.5525707404424505,
  "training_cpu_memory_MB": 2642.752,
  "training_gpu_0_memory_MB": 1241,
  "validation_1_F1": 0.8342857142856646,
  "validation_0_F1": 0.8053691275167288,
  "validation_accuracy": 0.8209876543209876,
  "validation_average_F1": 0.8198274209011966,
  "validation_loss": 0.4774730855768377,
  "best_epoch": 0,
  "best_validation_1_F1": 0.8342857142856646,
  "best_validation_0_F1": 0.8053691275167288,
  "best_validation_accuracy": 0.8209876543209876,
  "best_validation_average_F1": 0.8198274209011966,
  "best_validation_loss": 0.4774730855768377
}