{
  "peak_cpu_memory_MB": 4456.276,
  "peak_gpu_0_memory_MB": 11,
  "peak_gpu_1_memory_MB": 2404,
  "peak_gpu_2_memory_MB": 11,
  "peak_gpu_3_memory_MB": 11,
  "peak_gpu_4_memory_MB": 11,
  "peak_gpu_5_memory_MB": 11,
  "peak_gpu_6_memory_MB": 1894,
  "peak_gpu_7_memory_MB": 11,
  "peak_gpu_8_memory_MB": 11,
  "peak_gpu_9_memory_MB": 11,
  "peak_gpu_10_memory_MB": 11,
  "peak_gpu_11_memory_MB": 2842,
  "peak_gpu_12_memory_MB": 11,
  "peak_gpu_13_memory_MB": 11,
  "peak_gpu_14_memory_MB": 11,
  "peak_gpu_15_memory_MB": 1242,
  "training_duration": "00:02:59",
  "training_start_epoch": 0,
  "training_epochs": 4,
  "epoch": 4,
  "training_1_P": 0.9893617021276596,
  "training_1_R": 0.9938931297709923,
  "training_1_F1": 0.9916222391469417,
  "training_0_P": 0.9938650306748467,
  "training_0_R": 0.9893129770992366,
  "training_0_F1": 0.9915837796479989,
  "training_accuracy": 0.9916030534351145,
  "training_average_F1": 0.9916030093974704,
  "training_loss": 0.02977504735676254,
  "training_cpu_memory_MB": 4456.276,
  "training_gpu_0_memory_MB": 11,
  "training_gpu_1_memory_MB": 2404,
  "training_gpu_2_memory_MB": 11,
  "training_gpu_3_memory_MB": 11,
  "training_gpu_4_memory_MB": 11,
  "training_gpu_5_memory_MB": 11,
  "training_gpu_6_memory_MB": 1894,
  "training_gpu_7_memory_MB": 11,
  "training_gpu_8_memory_MB": 11,
  "training_gpu_9_memory_MB": 11,
  "training_gpu_10_memory_MB": 11,
  "training_gpu_11_memory_MB": 2842,
  "training_gpu_12_memory_MB": 11,
  "training_gpu_13_memory_MB": 11,
  "training_gpu_14_memory_MB": 11,
  "training_gpu_15_memory_MB": 1242,
  "validation_1_P": 0.8372093023255814,
  "validation_1_R": 0.8888888888888888,
  "validation_1_F1": 0.8622754491017465,
  "validation_0_P": 0.881578947368421,
  "validation_0_R": 0.8271604938271605,
  "validation_0_F1": 0.853503184713326,
  "validation_accuracy": 0.8580246913580247,
  "validation_average_F1": 0.8578893169075362,
  "validation_loss": 0.40549764138731087,
  "best_epoch": 2,
  "best_validation_1_P": 0.8705882352941177,
  "best_validation_1_R": 0.9135802469135802,
  "best_validation_1_F1": 0.8915662650601909,
  "best_validation_0_P": 0.9090909090909091,
  "best_validation_0_R": 0.8641975308641975,
  "best_validation_0_F1": 0.8860759493670387,
  "best_validation_accuracy": 0.8888888888888888,
  "best_validation_average_F1": 0.8888211072136147,
  "best_validation_loss": 0.31952844018285925,
  "test_1_P": 0.7976190476190477,
  "test_1_R": 0.8271604938271605,
  "test_1_F1": 0.8121212121211623,
  "test_0_P": 0.8205128205128205,
  "test_0_R": 0.7901234567901234,
  "test_0_F1": 0.8050314465408306,
  "test_accuracy": 0.808641975308642,
  "test_average_F1": 0.8085763293309964,
  "test_loss": 0.4214436879212206
}