{
  "peak_cpu_memory_MB": 4456.276,
  "peak_gpu_0_memory_MB": 11,
  "peak_gpu_1_memory_MB": 2324,
  "peak_gpu_2_memory_MB": 11,
  "peak_gpu_3_memory_MB": 11,
  "peak_gpu_4_memory_MB": 11,
  "peak_gpu_5_memory_MB": 11,
  "peak_gpu_6_memory_MB": 1894,
  "peak_gpu_7_memory_MB": 11,
  "peak_gpu_8_memory_MB": 11,
  "peak_gpu_9_memory_MB": 11,
  "peak_gpu_10_memory_MB": 11,
  "peak_gpu_11_memory_MB": 2842,
  "peak_gpu_12_memory_MB": 11,
  "peak_gpu_13_memory_MB": 11,
  "peak_gpu_14_memory_MB": 11,
  "peak_gpu_15_memory_MB": 1242,
  "training_duration": "00:01:45",
  "training_start_epoch": 0,
  "training_epochs": 2,
  "epoch": 2,
  "training_1_P": 0.9039881831610044,
  "training_1_R": 0.934351145038168,
  "training_1_F1": 0.918918918918869,
  "training_0_P": 0.9320695102685624,
  "training_0_R": 0.9007633587786259,
  "training_0_F1": 0.9161490683229315,
  "training_accuracy": 0.917557251908397,
  "training_average_F1": 0.9175339936209003,
  "training_loss": 0.2176320764077146,
  "training_cpu_memory_MB": 4456.276,
  "training_gpu_0_memory_MB": 11,
  "training_gpu_1_memory_MB": 2324,
  "training_gpu_2_memory_MB": 11,
  "training_gpu_3_memory_MB": 11,
  "training_gpu_4_memory_MB": 11,
  "training_gpu_5_memory_MB": 11,
  "training_gpu_6_memory_MB": 1894,
  "training_gpu_7_memory_MB": 11,
  "training_gpu_8_memory_MB": 11,
  "training_gpu_9_memory_MB": 11,
  "training_gpu_10_memory_MB": 11,
  "training_gpu_11_memory_MB": 2842,
  "training_gpu_12_memory_MB": 11,
  "training_gpu_13_memory_MB": 11,
  "training_gpu_14_memory_MB": 11,
  "training_gpu_15_memory_MB": 1242,
  "validation_1_P": 0.8705882352941177,
  "validation_1_R": 0.9135802469135802,
  "validation_1_F1": 0.8915662650601909,
  "validation_0_P": 0.9090909090909091,
  "validation_0_R": 0.8641975308641975,
  "validation_0_F1": 0.8860759493670387,
  "validation_accuracy": 0.8888888888888888,
  "validation_average_F1": 0.8888211072136147,
  "validation_loss": 0.31952844018285925,
  "best_epoch": 2,
  "best_validation_1_P": 0.8705882352941177,
  "best_validation_1_R": 0.9135802469135802,
  "best_validation_1_F1": 0.8915662650601909,
  "best_validation_0_P": 0.9090909090909091,
  "best_validation_0_R": 0.8641975308641975,
  "best_validation_0_F1": 0.8860759493670387,
  "best_validation_accuracy": 0.8888888888888888,
  "best_validation_average_F1": 0.8888211072136147,
  "best_validation_loss": 0.31952844018285925
}