{
  "peak_cpu_memory_MB": 3081.1,
  "peak_gpu_0_memory_MB": 2942,
  "training_duration": "00:00:51",
  "training_start_epoch": 0,
  "training_epochs": 1,
  "epoch": 1,
  "training_1_F1": 0.938867924528252,
  "training_0_F1": 0.9374517374516875,
  "training_accuracy": 0.9381679389312977,
  "training_average_F1": 0.9381598309899697,
  "training_loss": 0.18166754431113963,
  "training_cpu_memory_MB": 3081.1,
  "training_gpu_0_memory_MB": 2942,
  "validation_1_F1": 0.8295454545454048,
  "validation_0_F1": 0.7972972972972477,
  "validation_accuracy": 0.8148148148148148,
  "validation_average_F1": 0.8134213759213262,
  "validation_loss": 0.5094275339083238,
  "best_epoch": 0,
  "best_validation_1_F1": 0.8220858895705022,
  "best_validation_0_F1": 0.8198757763974656,
  "best_validation_accuracy": 0.8209876543209876,
  "best_validation_average_F1": 0.8209808329839838,
  "best_validation_loss": 0.48771288042718713,
  "test_1_F1": 0.8322981366459128,
  "test_0_F1": 0.8343558282208088,
  "test_accuracy": 0.8333333333333334,
  "test_average_F1": 0.8333269824333608,
  "test_loss": 0.3892350508408113
}