{
  "peak_cpu_memory_MB": 4049.264,
  "peak_gpu_0_memory_MB": 11,
  "peak_gpu_1_memory_MB": 11,
  "peak_gpu_2_memory_MB": 11,
  "peak_gpu_3_memory_MB": 11,
  "peak_gpu_4_memory_MB": 11,
  "peak_gpu_5_memory_MB": 6079,
  "peak_gpu_6_memory_MB": 11,
  "peak_gpu_7_memory_MB": 11,
  "peak_gpu_8_memory_MB": 11,
  "peak_gpu_9_memory_MB": 11,
  "peak_gpu_10_memory_MB": 11,
  "peak_gpu_11_memory_MB": 11,
  "peak_gpu_12_memory_MB": 11,
  "peak_gpu_13_memory_MB": 11,
  "peak_gpu_14_memory_MB": 11,
  "peak_gpu_15_memory_MB": 11,
  "training_duration": "00:02:18",
  "training_start_epoch": 2,
  "training_epochs": 2,
  "epoch": 4,
  "training_1_F1": 0.9306184012065866,
  "training_0_F1": 0.9289026275115421,
  "training_accuracy": 0.9297709923664123,
  "training_average_F1": 0.9297605143590644,
  "training_loss": 0.17299065934266986,
  "training_cpu_memory_MB": 4049.264,
  "training_gpu_0_memory_MB": 11,
  "training_gpu_1_memory_MB": 11,
  "training_gpu_2_memory_MB": 11,
  "training_gpu_3_memory_MB": 11,
  "training_gpu_4_memory_MB": 11,
  "training_gpu_5_memory_MB": 6079,
  "training_gpu_6_memory_MB": 11,
  "training_gpu_7_memory_MB": 11,
  "training_gpu_8_memory_MB": 11,
  "training_gpu_9_memory_MB": 11,
  "training_gpu_10_memory_MB": 11,
  "training_gpu_11_memory_MB": 11,
  "training_gpu_12_memory_MB": 11,
  "training_gpu_13_memory_MB": 11,
  "training_gpu_14_memory_MB": 11,
  "training_gpu_15_memory_MB": 11,
  "validation_1_F1": 0.8553459119496356,
  "validation_0_F1": 0.8606060606060106,
  "validation_accuracy": 0.8580246913580247,
  "validation_average_F1": 0.8579759862778231,
  "validation_loss": 0.3240560862151059,
  "best_epoch": 3,
  "best_validation_1_F1": 0.8679245283018369,
  "best_validation_0_F1": 0.8727272727272227,
  "best_validation_accuracy": 0.8703703703703703,
  "best_validation_average_F1": 0.8703259005145298,
  "best_validation_loss": 0.3148947005922144,
  "test_1_F1": 0.8263473053891718,
  "test_0_F1": 0.8152866242037717,
  "test_accuracy": 0.8209876543209876,
  "test_average_F1": 0.8208169647964718,
  "test_loss": 0.3613840531219136
}