{
  "peak_cpu_memory_MB": 5770.1,
  "peak_gpu_0_memory_MB": 11,
  "peak_gpu_1_memory_MB": 11,
  "peak_gpu_2_memory_MB": 11,
  "peak_gpu_3_memory_MB": 11,
  "peak_gpu_4_memory_MB": 11,
  "peak_gpu_5_memory_MB": 11,
  "peak_gpu_6_memory_MB": 1924,
  "peak_gpu_7_memory_MB": 11,
  "peak_gpu_8_memory_MB": 11,
  "peak_gpu_9_memory_MB": 11,
  "peak_gpu_10_memory_MB": 11,
  "peak_gpu_11_memory_MB": 2324,
  "peak_gpu_12_memory_MB": 11,
  "peak_gpu_13_memory_MB": 11,
  "peak_gpu_14_memory_MB": 11,
  "peak_gpu_15_memory_MB": 11,
  "training_duration": "00:01:54",
  "training_start_epoch": 0,
  "training_epochs": 2,
  "epoch": 2,
  "training_1_P": 0.9590909090909091,
  "training_1_R": 0.966412213740458,
  "training_1_F1": 0.9627376425855013,
  "training_0_P": 0.9661538461538461,
  "training_0_R": 0.9587786259541985,
  "training_0_F1": 0.9624521072796435,
  "training_accuracy": 0.9625954198473282,
  "training_average_F1": 0.9625948749325723,
  "training_loss": 0.13611684105836036,
  "training_cpu_memory_MB": 5770.1,
  "training_gpu_0_memory_MB": 11,
  "training_gpu_1_memory_MB": 11,
  "training_gpu_2_memory_MB": 11,
  "training_gpu_3_memory_MB": 11,
  "training_gpu_4_memory_MB": 11,
  "training_gpu_5_memory_MB": 11,
  "training_gpu_6_memory_MB": 1924,
  "training_gpu_7_memory_MB": 11,
  "training_gpu_8_memory_MB": 11,
  "training_gpu_9_memory_MB": 11,
  "training_gpu_10_memory_MB": 11,
  "training_gpu_11_memory_MB": 2324,
  "training_gpu_12_memory_MB": 11,
  "training_gpu_13_memory_MB": 11,
  "training_gpu_14_memory_MB": 11,
  "training_gpu_15_memory_MB": 11,
  "validation_1_P": 0.9027777777777778,
  "validation_1_R": 0.8024691358024691,
  "validation_1_F1": 0.8496732026143293,
  "validation_0_P": 0.8222222222222222,
  "validation_0_R": 0.9135802469135802,
  "validation_0_F1": 0.865497076023342,
  "validation_accuracy": 0.8580246913580247,
  "validation_average_F1": 0.8575851393188356,
  "validation_loss": 0.41157020086591894,
  "best_epoch": 2,
  "best_validation_1_P": 0.9027777777777778,
  "best_validation_1_R": 0.8024691358024691,
  "best_validation_1_F1": 0.8496732026143293,
  "best_validation_0_P": 0.8222222222222222,
  "best_validation_0_R": 0.9135802469135802,
  "best_validation_0_F1": 0.865497076023342,
  "best_validation_accuracy": 0.8580246913580247,
  "best_validation_average_F1": 0.8575851393188356,
  "best_validation_loss": 0.41157020086591894
}