{
  "peak_cpu_memory_MB": 4432.744,
  "peak_gpu_0_memory_MB": 11,
  "peak_gpu_1_memory_MB": 11,
  "peak_gpu_2_memory_MB": 11,
  "peak_gpu_3_memory_MB": 11,
  "peak_gpu_4_memory_MB": 11,
  "peak_gpu_5_memory_MB": 11,
  "peak_gpu_6_memory_MB": 11,
  "peak_gpu_7_memory_MB": 11,
  "peak_gpu_8_memory_MB": 11,
  "peak_gpu_9_memory_MB": 11,
  "peak_gpu_10_memory_MB": 11,
  "peak_gpu_11_memory_MB": 11,
  "peak_gpu_12_memory_MB": 11,
  "peak_gpu_13_memory_MB": 11,
  "peak_gpu_14_memory_MB": 8372,
  "peak_gpu_15_memory_MB": 11,
  "training_duration": "00:03:59",
  "training_start_epoch": 0,
  "training_epochs": 2,
  "epoch": 2,
  "training_1_F1": 0.9447388342164528,
  "training_0_F1": 0.9438029253271247,
  "training_accuracy": 0.9442748091603054,
  "training_average_F1": 0.9442708797717887,
  "training_loss": 0.15926841244374107,
  "training_cpu_memory_MB": 4432.744,
  "training_gpu_0_memory_MB": 11,
  "training_gpu_1_memory_MB": 11,
  "training_gpu_2_memory_MB": 11,
  "training_gpu_3_memory_MB": 11,
  "training_gpu_4_memory_MB": 11,
  "training_gpu_5_memory_MB": 11,
  "training_gpu_6_memory_MB": 11,
  "training_gpu_7_memory_MB": 11,
  "training_gpu_8_memory_MB": 11,
  "training_gpu_9_memory_MB": 11,
  "training_gpu_10_memory_MB": 11,
  "training_gpu_11_memory_MB": 11,
  "training_gpu_12_memory_MB": 11,
  "training_gpu_13_memory_MB": 11,
  "training_gpu_14_memory_MB": 8372,
  "training_gpu_15_memory_MB": 11,
  "validation_1_F1": 0.7464788732393877,
  "validation_0_F1": 0.8021978021977528,
  "validation_accuracy": 0.7777777777777778,
  "validation_average_F1": 0.7743383377185702,
  "validation_loss": 0.6196337017146024,
  "best_epoch": 0,
  "best_validation_1_F1": 0.823529411764656,
  "best_validation_0_F1": 0.8051948051947554,
  "best_validation_accuracy": 0.8148148148148148,
  "best_validation_average_F1": 0.8143621084797057,
  "best_validation_loss": 0.36810253154147754,
  "test_1_F1": 0.8571428571428074,
  "test_0_F1": 0.8461538461537963,
  "test_accuracy": 0.8518518518518519,
  "test_average_F1": 0.8516483516483018,
  "test_loss": 0.3727900677106597
}