{
  "peak_cpu_memory_MB": 3070.032,
  "peak_gpu_0_memory_MB": 3818,
  "training_duration": "00:00:40",
  "training_start_epoch": 0,
  "training_epochs": 0,
  "epoch": 0,
  "training_1_F1": 0.5761194029850247,
  "training_0_F1": 0.55624999999995,
  "training_accuracy": 0.566412213740458,
  "training_average_F1": 0.5661847014924873,
  "training_loss": 0.7149816213584528,
  "training_cpu_memory_MB": 3070.032,
  "training_gpu_0_memory_MB": 3818,
  "validation_1_F1": 0.7668393782382933,
  "validation_0_F1": 0.6564885496182735,
  "validation_accuracy": 0.7222222222222222,
  "validation_average_F1": 0.7116639639282833,
  "validation_loss": 0.5815408636223186,
  "best_epoch": 0,
  "best_validation_1_F1": 0.7668393782382933,
  "best_validation_0_F1": 0.6564885496182735,
  "best_validation_accuracy": 0.7222222222222222,
  "best_validation_average_F1": 0.7116639639282833,
  "best_validation_loss": 0.5815408636223186
}