{
  "peak_cpu_memory_MB": 3070.032,
  "peak_gpu_0_memory_MB": 5087,
  "training_duration": "00:01:24",
  "training_start_epoch": 0,
  "training_epochs": 1,
  "epoch": 1,
  "training_1_F1": 0.8082595870205991,
  "training_0_F1": 0.7943037974683046,
  "training_accuracy": 0.8015267175572519,
  "training_average_F1": 0.8012816922444519,
  "training_loss": 0.47549232313545736,
  "training_cpu_memory_MB": 3070.032,
  "training_gpu_0_memory_MB": 5087,
  "validation_1_F1": 0.7801418439715824,
  "validation_0_F1": 0.8306010928961256,
  "validation_accuracy": 0.808641975308642,
  "validation_average_F1": 0.805371468433854,
  "validation_loss": 0.3926942375573245,
  "best_epoch": 1,
  "best_validation_1_F1": 0.7801418439715824,
  "best_validation_0_F1": 0.8306010928961256,
  "best_validation_accuracy": 0.808641975308642,
  "best_validation_average_F1": 0.805371468433854,
  "best_validation_loss": 0.3926942375573245
}