{
  "peak_cpu_memory_MB": 3070.032,
  "peak_gpu_0_memory_MB": 5087,
  "training_duration": "00:02:05",
  "training_start_epoch": 0,
  "training_epochs": 2,
  "epoch": 2,
  "training_1_F1": 0.9022556390976944,
  "training_0_F1": 0.8992248062015005,
  "training_accuracy": 0.9007633587786259,
  "training_average_F1": 0.9007402226495974,
  "training_loss": 0.29022519081467535,
  "training_cpu_memory_MB": 3070.032,
  "training_gpu_0_memory_MB": 5087,
  "validation_1_F1": 0.7922077922077424,
  "validation_0_F1": 0.8117647058823031,
  "validation_accuracy": 0.8024691358024691,
  "validation_average_F1": 0.8019862490450227,
  "validation_loss": 0.4513025216080926,
  "best_epoch": 1,
  "best_validation_1_F1": 0.7801418439715824,
  "best_validation_0_F1": 0.8306010928961256,
  "best_validation_accuracy": 0.808641975308642,
  "best_validation_average_F1": 0.805371468433854,
  "best_validation_loss": 0.3926942375573245
}