{
  "peak_cpu_memory_MB": 2210.776,
  "peak_gpu_0_memory_MB": 11,
  "peak_gpu_1_memory_MB": 11082,
  "peak_gpu_2_memory_MB": 11,
  "peak_gpu_3_memory_MB": 11,
  "peak_gpu_4_memory_MB": 1232,
  "peak_gpu_5_memory_MB": 706,
  "peak_gpu_6_memory_MB": 11,
  "peak_gpu_7_memory_MB": 11,
  "peak_gpu_8_memory_MB": 11,
  "peak_gpu_9_memory_MB": 11,
  "peak_gpu_10_memory_MB": 11,
  "peak_gpu_11_memory_MB": 11,
  "peak_gpu_12_memory_MB": 11,
  "peak_gpu_13_memory_MB": 11,
  "peak_gpu_14_memory_MB": 11,
  "peak_gpu_15_memory_MB": 11,
  "training_duration": "00:00:21",
  "training_start_epoch": 0,
  "training_epochs": 0,
  "epoch": 0,
  "training_1_P": 0.7672672672672672,
  "training_1_R": 0.7801526717557252,
  "training_1_F1": 0.773656320968913,
  "training_0_P": 0.7763975155279503,
  "training_0_R": 0.7633587786259542,
  "training_0_F1": 0.7698229407235837,
  "training_accuracy": 0.7717557251908397,
  "training_average_F1": 0.7717396308462483,
  "training_loss": 0.49925187520864533,
  "training_cpu_memory_MB": 2210.776,
  "training_gpu_0_memory_MB": 11,
  "training_gpu_1_memory_MB": 11082,
  "training_gpu_2_memory_MB": 11,
  "training_gpu_3_memory_MB": 11,
  "training_gpu_4_memory_MB": 1232,
  "training_gpu_5_memory_MB": 706,
  "training_gpu_6_memory_MB": 11,
  "training_gpu_7_memory_MB": 11,
  "training_gpu_8_memory_MB": 11,
  "training_gpu_9_memory_MB": 11,
  "training_gpu_10_memory_MB": 11,
  "training_gpu_11_memory_MB": 11,
  "training_gpu_12_memory_MB": 11,
  "training_gpu_13_memory_MB": 11,
  "training_gpu_14_memory_MB": 11,
  "training_gpu_15_memory_MB": 11,
  "validation_1_P": 0.7373737373737373,
  "validation_1_R": 0.9012345679012346,
  "validation_1_F1": 0.8111111111110616,
  "validation_0_P": 0.873015873015873,
  "validation_0_R": 0.6790123456790124,
  "validation_0_F1": 0.7638888888888399,
  "validation_accuracy": 0.7901234567901234,
  "validation_average_F1": 0.7874999999999508,
  "validation_loss": 0.4813623767007481,
  "best_epoch": 0,
  "best_validation_1_P": 0.7373737373737373,
  "best_validation_1_R": 0.9012345679012346,
  "best_validation_1_F1": 0.8111111111110616,
  "best_validation_0_P": 0.873015873015873,
  "best_validation_0_R": 0.6790123456790124,
  "best_validation_0_F1": 0.7638888888888399,
  "best_validation_accuracy": 0.7901234567901234,
  "best_validation_average_F1": 0.7874999999999508,
  "best_validation_loss": 0.4813623767007481
}