{
  "peak_cpu_memory_MB": 2210.776,
  "peak_gpu_0_memory_MB": 11,
  "peak_gpu_1_memory_MB": 11082,
  "peak_gpu_2_memory_MB": 11,
  "peak_gpu_3_memory_MB": 11,
  "peak_gpu_4_memory_MB": 1232,
  "peak_gpu_5_memory_MB": 1216,
  "peak_gpu_6_memory_MB": 11,
  "peak_gpu_7_memory_MB": 11,
  "peak_gpu_8_memory_MB": 11,
  "peak_gpu_9_memory_MB": 11,
  "peak_gpu_10_memory_MB": 11,
  "peak_gpu_11_memory_MB": 11,
  "peak_gpu_12_memory_MB": 11,
  "peak_gpu_13_memory_MB": 11,
  "peak_gpu_14_memory_MB": 11,
  "peak_gpu_15_memory_MB": 11,
  "training_duration": "00:01:06",
  "training_start_epoch": 0,
  "training_epochs": 2,
  "epoch": 2,
  "training_1_P": 0.8671532846715329,
  "training_1_R": 0.9068702290076336,
  "training_1_F1": 0.8865671641790546,
  "training_0_P": 0.9024,
  "training_0_R": 0.8610687022900764,
  "training_0_F1": 0.88124999999995,
  "training_accuracy": 0.8839694656488549,
  "training_average_F1": 0.8839085820895023,
  "training_loss": 0.29689987776119536,
  "training_cpu_memory_MB": 2210.776,
  "training_gpu_0_memory_MB": 11,
  "training_gpu_1_memory_MB": 11082,
  "training_gpu_2_memory_MB": 11,
  "training_gpu_3_memory_MB": 11,
  "training_gpu_4_memory_MB": 1232,
  "training_gpu_5_memory_MB": 1216,
  "training_gpu_6_memory_MB": 11,
  "training_gpu_7_memory_MB": 11,
  "training_gpu_8_memory_MB": 11,
  "training_gpu_9_memory_MB": 11,
  "training_gpu_10_memory_MB": 11,
  "training_gpu_11_memory_MB": 11,
  "training_gpu_12_memory_MB": 11,
  "training_gpu_13_memory_MB": 11,
  "training_gpu_14_memory_MB": 11,
  "training_gpu_15_memory_MB": 11,
  "validation_1_P": 0.7608695652173914,
  "validation_1_R": 0.8641975308641975,
  "validation_1_F1": 0.809248554913245,
  "validation_0_P": 0.8428571428571429,
  "validation_0_R": 0.7283950617283951,
  "validation_0_F1": 0.7814569536423345,
  "validation_accuracy": 0.7962962962962963,
  "validation_average_F1": 0.7953527542777897,
  "validation_loss": 0.4713891399177638,
  "best_epoch": 1,
  "best_validation_1_P": 0.8072289156626506,
  "best_validation_1_R": 0.8271604938271605,
  "best_validation_1_F1": 0.8170731707316575,
  "best_validation_0_P": 0.8227848101265823,
  "best_validation_0_R": 0.8024691358024691,
  "best_validation_0_F1": 0.8124999999999502,
  "best_validation_accuracy": 0.8148148148148148,
  "best_validation_average_F1": 0.8147865853658038,
  "best_validation_loss": 0.42857014116915787
}