{
  "peak_cpu_memory_MB": 2210.776,
  "peak_gpu_0_memory_MB": 11,
  "peak_gpu_1_memory_MB": 11082,
  "peak_gpu_2_memory_MB": 11,
  "peak_gpu_3_memory_MB": 11,
  "peak_gpu_4_memory_MB": 1232,
  "peak_gpu_5_memory_MB": 1318,
  "peak_gpu_6_memory_MB": 11,
  "peak_gpu_7_memory_MB": 11,
  "peak_gpu_8_memory_MB": 11,
  "peak_gpu_9_memory_MB": 11,
  "peak_gpu_10_memory_MB": 11,
  "peak_gpu_11_memory_MB": 11,
  "peak_gpu_12_memory_MB": 11,
  "peak_gpu_13_memory_MB": 11,
  "peak_gpu_14_memory_MB": 11,
  "peak_gpu_15_memory_MB": 11,
  "training_duration": "00:02:12",
  "training_start_epoch": 0,
  "training_epochs": 5,
  "epoch": 5,
  "training_1_P": 0.9442771084337349,
  "training_1_R": 0.9572519083969465,
  "training_1_F1": 0.9507202426079864,
  "training_0_P": 0.9566563467492261,
  "training_0_R": 0.9435114503816794,
  "training_0_F1": 0.9500384319753536,
  "training_accuracy": 0.950381679389313,
  "training_average_F1": 0.95037933729167,
  "training_loss": 0.1377349056803235,
  "training_cpu_memory_MB": 2210.776,
  "training_gpu_0_memory_MB": 11,
  "training_gpu_1_memory_MB": 11082,
  "training_gpu_2_memory_MB": 11,
  "training_gpu_3_memory_MB": 11,
  "training_gpu_4_memory_MB": 11,
  "training_gpu_5_memory_MB": 1318,
  "training_gpu_6_memory_MB": 11,
  "training_gpu_7_memory_MB": 11,
  "training_gpu_8_memory_MB": 11,
  "training_gpu_9_memory_MB": 11,
  "training_gpu_10_memory_MB": 11,
  "training_gpu_11_memory_MB": 11,
  "training_gpu_12_memory_MB": 11,
  "training_gpu_13_memory_MB": 11,
  "training_gpu_14_memory_MB": 11,
  "training_gpu_15_memory_MB": 11,
  "validation_1_P": 0.8048780487804879,
  "validation_1_R": 0.8148148148148148,
  "validation_1_F1": 0.8098159509201955,
  "validation_0_P": 0.8125,
  "validation_0_R": 0.8024691358024691,
  "validation_0_F1": 0.8074534161490183,
  "validation_accuracy": 0.808641975308642,
  "validation_average_F1": 0.808634683534607,
  "validation_loss": 0.561312038790096,
  "best_epoch": 4,
  "best_validation_1_P": 0.8823529411764706,
  "best_validation_1_R": 0.7407407407407407,
  "best_validation_1_F1": 0.8053691275167288,
  "best_validation_0_P": 0.776595744680851,
  "best_validation_0_R": 0.9012345679012346,
  "best_validation_0_F1": 0.8342857142856646,
  "best_validation_accuracy": 0.8209876543209876,
  "best_validation_average_F1": 0.8198274209011966,
  "best_validation_loss": 0.5215203944932331
}