{
  "peak_cpu_memory_MB": 2210.776,
  "peak_gpu_0_memory_MB": 11,
  "peak_gpu_1_memory_MB": 11082,
  "peak_gpu_2_memory_MB": 11,
  "peak_gpu_3_memory_MB": 11,
  "peak_gpu_4_memory_MB": 1232,
  "peak_gpu_5_memory_MB": 1116,
  "peak_gpu_6_memory_MB": 11,
  "peak_gpu_7_memory_MB": 11,
  "peak_gpu_8_memory_MB": 11,
  "peak_gpu_9_memory_MB": 11,
  "peak_gpu_10_memory_MB": 11,
  "peak_gpu_11_memory_MB": 11,
  "peak_gpu_12_memory_MB": 11,
  "peak_gpu_13_memory_MB": 11,
  "peak_gpu_14_memory_MB": 11,
  "peak_gpu_15_memory_MB": 11,
  "training_duration": "00:00:42",
  "training_start_epoch": 0,
  "training_epochs": 1,
  "epoch": 1,
  "training_1_P": 0.8379562043795621,
  "training_1_R": 0.8763358778625954,
  "training_1_F1": 0.8567164179103978,
  "training_0_P": 0.8704,
  "training_0_R": 0.8305343511450382,
  "training_0_F1": 0.84999999999995,
  "training_accuracy": 0.8534351145038168,
  "training_average_F1": 0.8533582089551739,
  "training_loss": 0.3556700879480781,
  "training_cpu_memory_MB": 2210.776,
  "training_gpu_0_memory_MB": 11,
  "training_gpu_1_memory_MB": 11082,
  "training_gpu_2_memory_MB": 11,
  "training_gpu_3_memory_MB": 11,
  "training_gpu_4_memory_MB": 1232,
  "training_gpu_5_memory_MB": 1116,
  "training_gpu_6_memory_MB": 11,
  "training_gpu_7_memory_MB": 11,
  "training_gpu_8_memory_MB": 11,
  "training_gpu_9_memory_MB": 11,
  "training_gpu_10_memory_MB": 11,
  "training_gpu_11_memory_MB": 11,
  "training_gpu_12_memory_MB": 11,
  "training_gpu_13_memory_MB": 11,
  "training_gpu_14_memory_MB": 11,
  "training_gpu_15_memory_MB": 11,
  "validation_1_P": 0.8072289156626506,
  "validation_1_R": 0.8271604938271605,
  "validation_1_F1": 0.8170731707316575,
  "validation_0_P": 0.8227848101265823,
  "validation_0_R": 0.8024691358024691,
  "validation_0_F1": 0.8124999999999502,
  "validation_accuracy": 0.8148148148148148,
  "validation_average_F1": 0.8147865853658038,
  "validation_loss": 0.42857014116915787,
  "best_epoch": 1,
  "best_validation_1_P": 0.8072289156626506,
  "best_validation_1_R": 0.8271604938271605,
  "best_validation_1_F1": 0.8170731707316575,
  "best_validation_0_P": 0.8227848101265823,
  "best_validation_0_R": 0.8024691358024691,
  "best_validation_0_F1": 0.8124999999999502,
  "best_validation_accuracy": 0.8148148148148148,
  "best_validation_average_F1": 0.8147865853658038,
  "best_validation_loss": 0.42857014116915787
}