{
  "peak_cpu_memory_MB": 2210.776,
  "peak_gpu_0_memory_MB": 11,
  "peak_gpu_1_memory_MB": 11082,
  "peak_gpu_2_memory_MB": 11,
  "peak_gpu_3_memory_MB": 11,
  "peak_gpu_4_memory_MB": 1232,
  "peak_gpu_5_memory_MB": 1318,
  "peak_gpu_6_memory_MB": 11,
  "peak_gpu_7_memory_MB": 11,
  "peak_gpu_8_memory_MB": 11,
  "peak_gpu_9_memory_MB": 11,
  "peak_gpu_10_memory_MB": 11,
  "peak_gpu_11_memory_MB": 11,
  "peak_gpu_12_memory_MB": 11,
  "peak_gpu_13_memory_MB": 11,
  "peak_gpu_14_memory_MB": 11,
  "peak_gpu_15_memory_MB": 11,
  "training_duration": "00:01:27",
  "training_start_epoch": 0,
  "training_epochs": 3,
  "epoch": 3,
  "training_1_P": 0.8989751098096632,
  "training_1_R": 0.9374045801526718,
  "training_1_F1": 0.9177877428998006,
  "training_0_P": 0.9346092503987241,
  "training_0_R": 0.8946564885496183,
  "training_0_F1": 0.9141965678626646,
  "training_accuracy": 0.916030534351145,
  "training_average_F1": 0.9159921553812326,
  "training_loss": 0.2311192709134846,
  "training_cpu_memory_MB": 2210.776,
  "training_gpu_0_memory_MB": 11,
  "training_gpu_1_memory_MB": 11082,
  "training_gpu_2_memory_MB": 11,
  "training_gpu_3_memory_MB": 11,
  "training_gpu_4_memory_MB": 1232,
  "training_gpu_5_memory_MB": 1318,
  "training_gpu_6_memory_MB": 11,
  "training_gpu_7_memory_MB": 11,
  "training_gpu_8_memory_MB": 11,
  "training_gpu_9_memory_MB": 11,
  "training_gpu_10_memory_MB": 11,
  "training_gpu_11_memory_MB": 11,
  "training_gpu_12_memory_MB": 11,
  "training_gpu_13_memory_MB": 11,
  "training_gpu_14_memory_MB": 11,
  "training_gpu_15_memory_MB": 11,
  "validation_1_P": 0.7666666666666667,
  "validation_1_R": 0.8518518518518519,
  "validation_1_F1": 0.8070175438595992,
  "validation_0_P": 0.8333333333333334,
  "validation_0_R": 0.7407407407407407,
  "validation_0_F1": 0.7843137254901463,
  "validation_accuracy": 0.7962962962962963,
  "validation_average_F1": 0.7956656346748727,
  "validation_loss": 0.5114672001112591,
  "best_epoch": 1,
  "best_validation_1_P": 0.8072289156626506,
  "best_validation_1_R": 0.8271604938271605,
  "best_validation_1_F1": 0.8170731707316575,
  "best_validation_0_P": 0.8227848101265823,
  "best_validation_0_R": 0.8024691358024691,
  "best_validation_0_F1": 0.8124999999999502,
  "best_validation_accuracy": 0.8148148148148148,
  "best_validation_average_F1": 0.8147865853658038,
  "best_validation_loss": 0.42857014116915787
}