{
  "peak_cpu_memory_MB": 5769.072,
  "peak_gpu_0_memory_MB": 11,
  "peak_gpu_1_memory_MB": 11,
  "peak_gpu_2_memory_MB": 11,
  "peak_gpu_3_memory_MB": 11,
  "peak_gpu_4_memory_MB": 11,
  "peak_gpu_5_memory_MB": 11,
  "peak_gpu_6_memory_MB": 1890,
  "peak_gpu_7_memory_MB": 11,
  "peak_gpu_8_memory_MB": 11,
  "peak_gpu_9_memory_MB": 11,
  "peak_gpu_10_memory_MB": 11,
  "peak_gpu_11_memory_MB": 4806,
  "peak_gpu_12_memory_MB": 11,
  "peak_gpu_13_memory_MB": 11,
  "peak_gpu_14_memory_MB": 11,
  "peak_gpu_15_memory_MB": 11,
  "training_duration": "00:01:05",
  "training_start_epoch": 0,
  "training_epochs": 1,
  "epoch": 1,
  "training_1_P": 0.8434782608695652,
  "training_1_R": 0.8885496183206106,
  "training_1_F1": 0.8654275092936304,
  "training_0_P": 0.882258064516129,
  "training_0_R": 0.8351145038167939,
  "training_0_F1": 0.8580392156862245,
  "training_accuracy": 0.8618320610687022,
  "training_average_F1": 0.8617333624899275,
  "training_loss": 0.3314019581530152,
  "training_cpu_memory_MB": 5769.072,
  "training_gpu_0_memory_MB": 11,
  "training_gpu_1_memory_MB": 11,
  "training_gpu_2_memory_MB": 11,
  "training_gpu_3_memory_MB": 11,
  "training_gpu_4_memory_MB": 11,
  "training_gpu_5_memory_MB": 11,
  "training_gpu_6_memory_MB": 1890,
  "training_gpu_7_memory_MB": 11,
  "training_gpu_8_memory_MB": 11,
  "training_gpu_9_memory_MB": 11,
  "training_gpu_10_memory_MB": 11,
  "training_gpu_11_memory_MB": 4806,
  "training_gpu_12_memory_MB": 11,
  "training_gpu_13_memory_MB": 11,
  "training_gpu_14_memory_MB": 11,
  "training_gpu_15_memory_MB": 11,
  "validation_1_P": 0.8295454545454546,
  "validation_1_R": 0.9012345679012346,
  "validation_1_F1": 0.8639053254437372,
  "validation_0_P": 0.8918918918918919,
  "validation_0_R": 0.8148148148148148,
  "validation_0_F1": 0.8516129032257566,
  "validation_accuracy": 0.8580246913580247,
  "validation_average_F1": 0.8577591143347469,
  "validation_loss": 0.37250648777593265,
  "best_epoch": 0,
  "best_validation_1_P": 0.8625,
  "best_validation_1_R": 0.8518518518518519,
  "best_validation_1_F1": 0.8571428571428072,
  "best_validation_0_P": 0.8536585365853658,
  "best_validation_0_R": 0.8641975308641975,
  "best_validation_0_F1": 0.8588957055214225,
  "best_validation_accuracy": 0.8580246913580247,
  "best_validation_average_F1": 0.8580192813321148,
  "best_validation_loss": 0.3622427257624539
}