{
  "peak_cpu_memory_MB": 5769.072,
  "peak_gpu_0_memory_MB": 11,
  "peak_gpu_1_memory_MB": 11,
  "peak_gpu_2_memory_MB": 11,
  "peak_gpu_3_memory_MB": 11,
  "peak_gpu_4_memory_MB": 11,
  "peak_gpu_5_memory_MB": 11,
  "peak_gpu_6_memory_MB": 1890,
  "peak_gpu_7_memory_MB": 11,
  "peak_gpu_8_memory_MB": 11,
  "peak_gpu_9_memory_MB": 11,
  "peak_gpu_10_memory_MB": 11,
  "peak_gpu_11_memory_MB": 4806,
  "peak_gpu_12_memory_MB": 11,
  "peak_gpu_13_memory_MB": 11,
  "peak_gpu_14_memory_MB": 11,
  "peak_gpu_15_memory_MB": 11,
  "training_duration": "00:01:37",
  "training_start_epoch": 0,
  "training_epochs": 2,
  "epoch": 2,
  "training_1_P": 0.9252199413489736,
  "training_1_R": 0.9633587786259542,
  "training_1_F1": 0.9439042632759411,
  "training_0_P": 0.9617834394904459,
  "training_0_R": 0.9221374045801527,
  "training_0_F1": 0.9415432579890382,
  "training_accuracy": 0.9427480916030534,
  "training_average_F1": 0.9427237606324896,
  "training_loss": 0.17225632062408983,
  "training_cpu_memory_MB": 5769.072,
  "training_gpu_0_memory_MB": 11,
  "training_gpu_1_memory_MB": 11,
  "training_gpu_2_memory_MB": 11,
  "training_gpu_3_memory_MB": 11,
  "training_gpu_4_memory_MB": 11,
  "training_gpu_5_memory_MB": 11,
  "training_gpu_6_memory_MB": 1890,
  "training_gpu_7_memory_MB": 11,
  "training_gpu_8_memory_MB": 11,
  "training_gpu_9_memory_MB": 11,
  "training_gpu_10_memory_MB": 11,
  "training_gpu_11_memory_MB": 4806,
  "training_gpu_12_memory_MB": 11,
  "training_gpu_13_memory_MB": 11,
  "training_gpu_14_memory_MB": 11,
  "training_gpu_15_memory_MB": 11,
  "validation_1_P": 0.7676767676767676,
  "validation_1_R": 0.9382716049382716,
  "validation_1_F1": 0.8444444444443949,
  "validation_0_P": 0.9206349206349206,
  "validation_0_R": 0.7160493827160493,
  "validation_0_F1": 0.8055555555555064,
  "validation_accuracy": 0.8271604938271605,
  "validation_average_F1": 0.8249999999999507,
  "validation_loss": 0.6490291587331078,
  "best_epoch": 0,
  "best_validation_1_P": 0.8625,
  "best_validation_1_R": 0.8518518518518519,
  "best_validation_1_F1": 0.8571428571428072,
  "best_validation_0_P": 0.8536585365853658,
  "best_validation_0_R": 0.8641975308641975,
  "best_validation_0_F1": 0.8588957055214225,
  "best_validation_accuracy": 0.8580246913580247,
  "best_validation_average_F1": 0.8580192813321148,
  "best_validation_loss": 0.3622427257624539
}