{
  "training_duration": "00:06:13",
  "training_start_epoch": 0,
  "training_epochs": 5,
  "epoch": 5,
  "training_1_P": 0.9969465648854962,
  "training_1_R": 0.9969465648854962,
  "training_1_F1": 0.9969465648854462,
  "training_0_P": 0.9969465648854962,
  "training_0_R": 0.9969465648854962,
  "training_0_F1": 0.9969465648854462,
  "training_accuracy": 0.9969465648854962,
  "training_average_F1": 0.9969465648854462,
  "training_loss": 0.04181754341485297,
  "validation_1_P": 0.8243243243243243,
  "validation_1_R": 0.7530864197530864,
  "validation_1_F1": 0.7870967741934985,
  "validation_0_P": 0.7727272727272727,
  "validation_0_R": 0.8395061728395061,
  "validation_0_F1": 0.8047337278106009,
  "validation_accuracy": 0.7962962962962963,
  "validation_average_F1": 0.7959152510020497,
  "validation_loss": 0.7299931127239357,
  "best_epoch": 3,
  "best_validation_1_P": 0.8311688311688312,
  "best_validation_1_R": 0.7901234567901234,
  "best_validation_1_F1": 0.8101265822784312,
  "best_validation_0_P": 0.8,
  "best_validation_0_R": 0.8395061728395061,
  "best_validation_0_F1": 0.8192771084336851,
  "best_validation_accuracy": 0.8148148148148148,
  "best_validation_average_F1": 0.8147018453560582,
  "best_validation_loss": 0.5044382708993825
}