{
  "training_duration": "00:03:07",
  "training_start_epoch": 0,
  "training_epochs": 2,
  "epoch": 2,
  "training_1_P": 0.9066666666666666,
  "training_1_R": 0.934351145038168,
  "training_1_F1": 0.9203007518796493,
  "training_0_P": 0.9322834645669291,
  "training_0_R": 0.9038167938931297,
  "training_0_F1": 0.9178294573642912,
  "training_accuracy": 0.9190839694656489,
  "training_average_F1": 0.9190651046219702,
  "training_loss": 0.24223947688573744,
  "validation_1_P": 0.8507462686567164,
  "validation_1_R": 0.7037037037037037,
  "validation_1_F1": 0.7702702702702208,
  "validation_0_P": 0.7473684210526316,
  "validation_0_R": 0.8765432098765432,
  "validation_0_F1": 0.8068181818181321,
  "validation_accuracy": 0.7901234567901234,
  "validation_average_F1": 0.7885442260441764,
  "validation_loss": 0.4876816503026269,
  "best_epoch": 1,
  "best_validation_1_P": 0.8450704225352113,
  "best_validation_1_R": 0.7407407407407407,
  "best_validation_1_F1": 0.7894736842104765,
  "best_validation_0_P": 0.7692307692307693,
  "best_validation_0_R": 0.8641975308641975,
  "best_validation_0_F1": 0.8139534883720433,
  "best_validation_accuracy": 0.8024691358024691,
  "best_validation_average_F1": 0.8017135862912599,
  "best_validation_loss": 0.4485434022816745
}