{
  "training_duration": "00:00:58",
  "training_start_epoch": 0,
  "training_epochs": 0,
  "epoch": 0,
  "training_1_P": 0.7224546722454672,
  "training_1_R": 0.7908396946564885,
  "training_1_F1": 0.7551020408162766,
  "training_0_P": 0.7689713322091062,
  "training_0_R": 0.6961832061068702,
  "training_0_F1": 0.730769230769181,
  "training_accuracy": 0.7435114503816794,
  "training_average_F1": 0.7429356357927288,
  "training_loss": 0.5636910040204118,
  "validation_1_P": 0.84375,
  "validation_1_R": 0.6666666666666666,
  "validation_1_F1": 0.7448275862068473,
  "validation_0_P": 0.7244897959183674,
  "validation_0_R": 0.8765432098765432,
  "validation_0_F1": 0.7932960893854255,
  "validation_accuracy": 0.7716049382716049,
  "validation_average_F1": 0.7690618377961365,
  "validation_loss": 0.42942399870265613,
  "best_epoch": 0,
  "best_validation_1_P": 0.84375,
  "best_validation_1_R": 0.6666666666666666,
  "best_validation_1_F1": 0.7448275862068473,
  "best_validation_0_P": 0.7244897959183674,
  "best_validation_0_R": 0.8765432098765432,
  "best_validation_0_F1": 0.7932960893854255,
  "best_validation_accuracy": 0.7716049382716049,
  "best_validation_average_F1": 0.7690618377961365,
  "best_validation_loss": 0.42942399870265613
}