{
  "peak_cpu_memory_MB": 3071.56,
  "peak_gpu_0_memory_MB": 2510,
  "training_duration": "00:03:00",
  "training_start_epoch": 0,
  "training_epochs": 6,
  "epoch": 6,
  "training_1_P": 0.9757942511346445,
  "training_1_R": 0.9847328244274809,
  "training_1_F1": 0.9802431610941749,
  "training_0_P": 0.9845916795069337,
  "training_0_R": 0.9755725190839695,
  "training_0_F1": 0.9800613496932016,
  "training_accuracy": 0.9801526717557252,
  "training_average_F1": 0.9801522553936882,
  "training_loss": 0.07443293256730568,
  "training_cpu_memory_MB": 3071.56,
  "training_gpu_0_memory_MB": 2510,
  "validation_1_P": 0.8860759493670886,
  "validation_1_R": 0.8641975308641975,
  "validation_1_F1": 0.8749999999999499,
  "validation_0_P": 0.8674698795180723,
  "validation_0_R": 0.8888888888888888,
  "validation_0_F1": 0.8780487804877548,
  "validation_accuracy": 0.8765432098765432,
  "validation_average_F1": 0.8765243902438524,
  "validation_loss": 0.545763839374889,
  "best_epoch": 6,
  "best_validation_1_P": 0.8860759493670886,
  "best_validation_1_R": 0.8641975308641975,
  "best_validation_1_F1": 0.8749999999999499,
  "best_validation_0_P": 0.8674698795180723,
  "best_validation_0_R": 0.8888888888888888,
  "best_validation_0_F1": 0.8780487804877548,
  "best_validation_accuracy": 0.8765432098765432,
  "best_validation_average_F1": 0.8765243902438524,
  "best_validation_loss": 0.545763839374889
}