{
  "peak_cpu_memory_MB": 3071.56,
  "peak_gpu_0_memory_MB": 2510,
  "training_duration": "00:00:45",
  "training_start_epoch": 0,
  "training_epochs": 1,
  "epoch": 1,
  "training_1_P": 0.8854166666666666,
  "training_1_R": 0.9083969465648855,
  "training_1_F1": 0.8967596081386087,
  "training_0_P": 0.9059561128526645,
  "training_0_R": 0.8824427480916031,
  "training_0_F1": 0.8940448569218371,
  "training_accuracy": 0.8954198473282443,
  "training_average_F1": 0.8954022325302229,
  "training_loss": 0.2853337855237286,
  "training_cpu_memory_MB": 3071.56,
  "training_gpu_0_memory_MB": 2510,
  "validation_1_P": 0.8470588235294118,
  "validation_1_R": 0.8888888888888888,
  "validation_1_F1": 0.8674698795180223,
  "validation_0_P": 0.8831168831168831,
  "validation_0_R": 0.8395061728395061,
  "validation_0_F1": 0.860759493670836,
  "validation_accuracy": 0.8641975308641975,
  "validation_average_F1": 0.8641146865944291,
  "validation_loss": 0.30987156656655396,
  "best_epoch": 1,
  "best_validation_1_P": 0.8470588235294118,
  "best_validation_1_R": 0.8888888888888888,
  "best_validation_1_F1": 0.8674698795180223,
  "best_validation_0_P": 0.8831168831168831,
  "best_validation_0_R": 0.8395061728395061,
  "best_validation_0_F1": 0.860759493670836,
  "best_validation_accuracy": 0.8641975308641975,
  "best_validation_average_F1": 0.8641146865944291,
  "best_validation_loss": 0.30987156656655396
}