{
  "peak_cpu_memory_MB": 4441.06,
  "peak_gpu_0_memory_MB": 11,
  "peak_gpu_1_memory_MB": 11,
  "peak_gpu_2_memory_MB": 11,
  "peak_gpu_3_memory_MB": 11,
  "peak_gpu_4_memory_MB": 11,
  "peak_gpu_5_memory_MB": 11,
  "peak_gpu_6_memory_MB": 11,
  "peak_gpu_7_memory_MB": 11,
  "peak_gpu_8_memory_MB": 11,
  "peak_gpu_9_memory_MB": 11,
  "peak_gpu_10_memory_MB": 11,
  "peak_gpu_11_memory_MB": 8436,
  "peak_gpu_12_memory_MB": 8436,
  "peak_gpu_13_memory_MB": 11,
  "peak_gpu_14_memory_MB": 11,
  "peak_gpu_15_memory_MB": 11,
  "training_duration": "00:22:59",
  "training_start_epoch": 0,
  "training_epochs": 13,
  "epoch": 13,
  "training_1_F1": 0.9770992366411714,
  "training_0_F1": 0.9770992366411714,
  "training_accuracy": 0.9770992366412213,
  "training_average_F1": 0.9770992366411714,
  "training_loss": 0.1393490505472916,
  "training_cpu_memory_MB": 4441.06,
  "training_gpu_0_memory_MB": 11,
  "training_gpu_1_memory_MB": 11,
  "training_gpu_2_memory_MB": 11,
  "training_gpu_3_memory_MB": 11,
  "training_gpu_4_memory_MB": 11,
  "training_gpu_5_memory_MB": 11,
  "training_gpu_6_memory_MB": 11,
  "training_gpu_7_memory_MB": 11,
  "training_gpu_8_memory_MB": 11,
  "training_gpu_9_memory_MB": 11,
  "training_gpu_10_memory_MB": 11,
  "training_gpu_11_memory_MB": 11,
  "training_gpu_12_memory_MB": 8436,
  "training_gpu_13_memory_MB": 11,
  "training_gpu_14_memory_MB": 11,
  "training_gpu_15_memory_MB": 11,
  "validation_1_F1": 0.842105263157845,
  "validation_0_F1": 0.86046511627902,
  "validation_accuracy": 0.8518518518518519,
  "validation_average_F1": 0.8512851897184325,
  "validation_loss": 0.37593813240528107,
  "best_epoch": 11,
  "best_validation_1_F1": 0.8848484848484349,
  "best_validation_0_F1": 0.8805031446540381,
  "best_validation_accuracy": 0.8827160493827161,
  "best_validation_average_F1": 0.8826758147512366,
  "best_validation_loss": 0.3407445333220742,
  "test_1_F1": 0.8461538461537963,
  "test_0_F1": 0.8571428571428074,
  "test_accuracy": 0.8518518518518519,
  "test_average_F1": 0.8516483516483018,
  "test_loss": 0.4139551459388299
}