{
  "peak_cpu_memory_MB": 3070.02,
  "peak_gpu_0_memory_MB": 2510,
  "training_duration": "00:00:45",
  "training_start_epoch": 0,
  "training_epochs": 1,
  "epoch": 1,
  "training_1_F1": 0.9115646258502902,
  "training_0_F1": 0.9097918272937049,
  "training_accuracy": 0.9106870229007633,
  "training_average_F1": 0.9106782265719975,
  "training_loss": 0.2431809740004743,
  "training_cpu_memory_MB": 3070.02,
  "training_gpu_0_memory_MB": 2510,
  "validation_1_F1": 0.779874213836428,
  "validation_0_F1": 0.7878787878787381,
  "validation_accuracy": 0.7839506172839507,
  "validation_average_F1": 0.783876500857583,
  "validation_loss": 0.40031300620599225,
  "best_epoch": 0,
  "best_validation_1_F1": 0.7975460122698887,
  "best_validation_0_F1": 0.7950310559005711,
  "best_validation_accuracy": 0.7962962962962963,
  "best_validation_average_F1": 0.7962885340852299,
  "best_validation_loss": 0.47309476137161255,
  "test_1_F1": 0.8271604938271105,
  "test_0_F1": 0.8271604938271105,
  "test_accuracy": 0.8271604938271605,
  "test_average_F1": 0.8271604938271105,
  "test_loss": 0.3803652267564427
}