{
  "peak_cpu_memory_MB": 3071.008,
  "peak_gpu_0_memory_MB": 2510,
  "training_duration": "00:01:13",
  "training_start_epoch": 0,
  "training_epochs": 2,
  "epoch": 2,
  "training_1_F1": 0.9300225733633812,
  "training_0_F1": 0.9279628195197022,
  "training_accuracy": 0.9290076335877863,
  "training_average_F1": 0.9289926964415417,
  "training_loss": 0.21346518697171676,
  "training_cpu_memory_MB": 3071.008,
  "training_gpu_0_memory_MB": 2510,
  "validation_1_F1": 0.7733333333332837,
  "validation_0_F1": 0.8045977011493756,
  "validation_accuracy": 0.7901234567901234,
  "validation_average_F1": 0.7889655172413297,
  "validation_loss": 0.4946821630001068,
  "best_epoch": 1,
  "best_validation_1_F1": 0.7926829268292183,
  "best_validation_0_F1": 0.7874999999999501,
  "best_validation_accuracy": 0.7901234567901234,
  "best_validation_average_F1": 0.7900914634145841,
  "best_validation_loss": 0.382633931257508,
  "test_1_F1": 0.8606060606060106,
  "test_0_F1": 0.8553459119496356,
  "test_accuracy": 0.8580246913580247,
  "test_average_F1": 0.8579759862778231,
  "test_loss": 0.36952118846503174
}