{
  "peak_cpu_memory_MB": 3069.46,
  "peak_gpu_0_memory_MB": 1241,
  "training_duration": "00:00:22",
  "training_start_epoch": 0,
  "training_epochs": 0,
  "epoch": 0,
  "training_1_F1": 0.7600302800907902,
  "training_0_F1": 0.7559661277905583,
  "training_accuracy": 0.7580152671755725,
  "training_average_F1": 0.7579982039406743,
  "training_loss": 0.49457826756122636,
  "training_cpu_memory_MB": 3069.46,
  "training_gpu_0_memory_MB": 1241,
  "validation_1_F1": 0.7804878048779988,
  "validation_0_F1": 0.77499999999995,
  "validation_accuracy": 0.7777777777777778,
  "validation_average_F1": 0.7777439024389744,
  "validation_loss": 0.40356031873009424,
  "best_epoch": 0,
  "best_validation_1_F1": 0.7804878048779988,
  "best_validation_0_F1": 0.77499999999995,
  "best_validation_accuracy": 0.7777777777777778,
  "best_validation_average_F1": 0.7777439024389744,
  "best_validation_loss": 0.40356031873009424
}