{
  "peak_cpu_memory_MB": 2641.376,
  "peak_gpu_0_memory_MB": 2510,
  "training_duration": "00:02:46",
  "training_start_epoch": 0,
  "training_epochs": 6,
  "epoch": 6,
  "training_1_P": 1.0,
  "training_1_R": 0.9984732824427481,
  "training_1_F1": 0.9992360580595376,
  "training_0_P": 0.9984756097560976,
  "training_0_R": 1.0,
  "training_0_F1": 0.9992372234934664,
  "training_accuracy": 0.999236641221374,
  "training_average_F1": 0.9992366407765021,
  "training_loss": 0.0036110592034940677,
  "training_cpu_memory_MB": 2641.376,
  "training_gpu_0_memory_MB": 2510,
  "validation_1_P": 0.8441558441558441,
  "validation_1_R": 0.8024691358024691,
  "validation_1_F1": 0.8227848101265324,
  "validation_0_P": 0.8117647058823529,
  "validation_0_R": 0.8518518518518519,
  "validation_0_F1": 0.8313253012047693,
  "validation_accuracy": 0.8271604938271605,
  "validation_average_F1": 0.8270550556656509,
  "validation_loss": 1.0692564641887492,
  "best_epoch": 4,
  "best_validation_1_P": 0.8131868131868132,
  "best_validation_1_R": 0.9135802469135802,
  "best_validation_1_F1": 0.86046511627902,
  "best_validation_0_P": 0.9014084507042254,
  "best_validation_0_R": 0.7901234567901234,
  "best_validation_0_F1": 0.842105263157845,
  "best_validation_accuracy": 0.8518518518518519,
  "best_validation_average_F1": 0.8512851897184325,
  "best_validation_loss": 0.9298701611432162
}