{
  "peak_cpu_memory_MB": 5744.804,
  "peak_gpu_0_memory_MB": 11,
  "peak_gpu_1_memory_MB": 11,
  "peak_gpu_2_memory_MB": 11,
  "peak_gpu_3_memory_MB": 11,
  "peak_gpu_4_memory_MB": 11,
  "peak_gpu_5_memory_MB": 11,
  "peak_gpu_6_memory_MB": 11,
  "peak_gpu_7_memory_MB": 11,
  "peak_gpu_8_memory_MB": 11,
  "peak_gpu_9_memory_MB": 11,
  "peak_gpu_10_memory_MB": 11,
  "peak_gpu_11_memory_MB": 8416,
  "peak_gpu_12_memory_MB": 11,
  "peak_gpu_13_memory_MB": 11,
  "peak_gpu_14_memory_MB": 11,
  "peak_gpu_15_memory_MB": 11,
  "training_duration": "00:02:37",
  "training_start_epoch": 3,
  "training_epochs": 1,
  "epoch": 4,
  "training_1_F1": 0.9510910458991223,
  "training_0_F1": 0.9496514329976262,
  "training_accuracy": 0.950381679389313,
  "training_average_F1": 0.9503712394483743,
  "training_loss": 0.25156674370533083,
  "training_cpu_memory_MB": 5744.804,
  "training_gpu_0_memory_MB": 11,
  "training_gpu_1_memory_MB": 11,
  "training_gpu_2_memory_MB": 11,
  "training_gpu_3_memory_MB": 11,
  "training_gpu_4_memory_MB": 11,
  "training_gpu_5_memory_MB": 11,
  "training_gpu_6_memory_MB": 11,
  "training_gpu_7_memory_MB": 11,
  "training_gpu_8_memory_MB": 11,
  "training_gpu_9_memory_MB": 11,
  "training_gpu_10_memory_MB": 11,
  "training_gpu_11_memory_MB": 8416,
  "training_gpu_12_memory_MB": 11,
  "training_gpu_13_memory_MB": 11,
  "training_gpu_14_memory_MB": 11,
  "training_gpu_15_memory_MB": 11,
  "validation_1_F1": 0.8124999999999502,
  "validation_0_F1": 0.8170731707316575,
  "validation_accuracy": 0.8148148148148148,
  "validation_average_F1": 0.8147865853658038,
  "validation_loss": 0.39949196577072144,
  "best_epoch": 2,
  "best_validation_1_F1": 0.8152866242037717,
  "best_validation_0_F1": 0.8263473053891718,
  "best_validation_accuracy": 0.8209876543209876,
  "best_validation_average_F1": 0.8208169647964718,
  "best_validation_loss": 0.40559881112792273,
  "test_1_F1": 0.797385620914983,
  "test_0_F1": 0.8187134502923479,
  "test_accuracy": 0.808641975308642,
  "test_average_F1": 0.8080495356036654,
  "test_loss": 0.44564665989442304
}