{
  "peak_cpu_memory_MB": 3070.792,
  "peak_gpu_0_memory_MB": 2510,
  "training_duration": "00:05:15",
  "training_start_epoch": 0,
  "training_epochs": 11,
  "epoch": 11,
  "training_1_F1": 0.9992360580595376,
  "training_0_F1": 0.9992372234934664,
  "training_accuracy": 0.999236641221374,
  "training_average_F1": 0.9992366407765021,
  "training_loss": 0.007930211680259829,
  "training_cpu_memory_MB": 3070.792,
  "training_gpu_0_memory_MB": 2510,
  "validation_1_F1": 0.8518518518518019,
  "validation_0_F1": 0.8518518518518019,
  "validation_accuracy": 0.8518518518518519,
  "validation_average_F1": 0.8518518518518019,
  "validation_loss": 0.734837223183025,
  "best_epoch": 8,
  "best_validation_1_F1": 0.8589743589743091,
  "best_validation_0_F1": 0.8690476190475692,
  "best_validation_accuracy": 0.8641975308641975,
  "best_validation_average_F1": 0.8640109890109391,
  "best_validation_loss": 0.5452655167742209,
  "test_1_F1": 0.7870967741934985,
  "test_0_F1": 0.8047337278106009,
  "test_accuracy": 0.7962962962962963,
  "test_average_F1": 0.7959152510020497,
  "test_loss": 1.1469883905215696
}