{
  "peak_cpu_memory_MB": 2643.244,
  "peak_gpu_0_memory_MB": 1241,
  "training_duration": "00:00:22",
  "training_start_epoch": 0,
  "training_epochs": 0,
  "epoch": 0,
  "training_1_P": 0.6958904109589041,
  "training_1_R": 0.7755725190839695,
  "training_1_F1": 0.7335740072201669,
  "training_0_P": 0.746551724137931,
  "training_0_R": 0.6610687022900763,
  "training_0_F1": 0.7012145748987356,
  "training_accuracy": 0.7183206106870229,
  "training_average_F1": 0.7173942910594513,
  "training_loss": 0.56786601209059,
  "training_cpu_memory_MB": 2643.244,
  "training_gpu_0_memory_MB": 1241,
  "validation_1_P": 0.8043478260869565,
  "validation_1_R": 0.9135802469135802,
  "validation_1_F1": 0.855491329479719,
  "validation_0_P": 0.9,
  "validation_0_R": 0.7777777777777778,
  "validation_0_F1": 0.8344370860926656,
  "validation_accuracy": 0.845679012345679,
  "validation_average_F1": 0.8449642077861923,
  "validation_loss": 0.4505802108482881,
  "best_epoch": 0,
  "best_validation_1_P": 0.8043478260869565,
  "best_validation_1_R": 0.9135802469135802,
  "best_validation_1_F1": 0.855491329479719,
  "best_validation_0_P": 0.9,
  "best_validation_0_R": 0.7777777777777778,
  "best_validation_0_F1": 0.8344370860926656,
  "best_validation_accuracy": 0.845679012345679,
  "best_validation_average_F1": 0.8449642077861923,
  "best_validation_loss": 0.4505802108482881
}