{
  "peak_cpu_memory_MB": 2643.244,
  "peak_gpu_0_memory_MB": 2586,
  "training_duration": "00:00:45",
  "training_start_epoch": 0,
  "training_epochs": 1,
  "epoch": 1,
  "training_1_P": 0.8834080717488789,
  "training_1_R": 0.9022900763358779,
  "training_1_F1": 0.8927492447129409,
  "training_0_P": 0.9001560062402496,
  "training_0_R": 0.8809160305343512,
  "training_0_F1": 0.8904320987653822,
  "training_accuracy": 0.8916030534351145,
  "training_average_F1": 0.8915906717391615,
  "training_loss": 0.2883550482461365,
  "training_cpu_memory_MB": 2643.244,
  "training_gpu_0_memory_MB": 2586,
  "validation_1_P": 0.7894736842105263,
  "validation_1_R": 0.9259259259259259,
  "validation_1_F1": 0.8522727272726777,
  "validation_0_P": 0.9104477611940298,
  "validation_0_R": 0.7530864197530864,
  "validation_0_F1": 0.8243243243242748,
  "validation_accuracy": 0.8395061728395061,
  "validation_average_F1": 0.8382985257984763,
  "validation_loss": 0.5509315702048215,
  "best_epoch": 0,
  "best_validation_1_P": 0.8043478260869565,
  "best_validation_1_R": 0.9135802469135802,
  "best_validation_1_F1": 0.855491329479719,
  "best_validation_0_P": 0.9,
  "best_validation_0_R": 0.7777777777777778,
  "best_validation_0_F1": 0.8344370860926656,
  "best_validation_accuracy": 0.845679012345679,
  "best_validation_average_F1": 0.8449642077861923,
  "best_validation_loss": 0.4505802108482881
}