{
  "peak_cpu_memory_MB": 2658.036,
  "peak_gpu_0_memory_MB": 11,
  "peak_gpu_1_memory_MB": 3034,
  "peak_gpu_2_memory_MB": 2958,
  "peak_gpu_3_memory_MB": 11,
  "peak_gpu_4_memory_MB": 11,
  "peak_gpu_5_memory_MB": 3034,
  "peak_gpu_6_memory_MB": 11,
  "peak_gpu_7_memory_MB": 11,
  "peak_gpu_8_memory_MB": 11,
  "peak_gpu_9_memory_MB": 11,
  "peak_gpu_10_memory_MB": 11,
  "peak_gpu_11_memory_MB": 11,
  "peak_gpu_12_memory_MB": 11,
  "peak_gpu_13_memory_MB": 11,
  "peak_gpu_14_memory_MB": 11,
  "peak_gpu_15_memory_MB": 11,
  "training_duration": "00:01:48",
  "training_start_epoch": 0,
  "training_epochs": 3,
  "epoch": 3,
  "training_1_F1": 0.9840546697038225,
  "training_0_F1": 0.9838833461242785,
  "training_accuracy": 0.983969465648855,
  "training_average_F1": 0.9839690079140505,
  "training_loss": 0.059467968553668114,
  "training_cpu_memory_MB": 2658.036,
  "training_gpu_0_memory_MB": 11,
  "training_gpu_1_memory_MB": 3034,
  "training_gpu_2_memory_MB": 2954,
  "training_gpu_3_memory_MB": 11,
  "training_gpu_4_memory_MB": 11,
  "training_gpu_5_memory_MB": 2812,
  "training_gpu_6_memory_MB": 11,
  "training_gpu_7_memory_MB": 11,
  "training_gpu_8_memory_MB": 11,
  "training_gpu_9_memory_MB": 11,
  "training_gpu_10_memory_MB": 11,
  "training_gpu_11_memory_MB": 11,
  "training_gpu_12_memory_MB": 11,
  "training_gpu_13_memory_MB": 11,
  "training_gpu_14_memory_MB": 11,
  "training_gpu_15_memory_MB": 11,
  "validation_1_F1": 0.8522727272726777,
  "validation_0_F1": 0.8243243243242748,
  "validation_accuracy": 0.8395061728395061,
  "validation_average_F1": 0.8382985257984763,
  "validation_loss": 0.5420741872353987,
  "best_epoch": 2,
  "best_validation_1_F1": 0.8571428571428072,
  "best_validation_0_F1": 0.8588957055214225,
  "best_validation_accuracy": 0.8580246913580247,
  "best_validation_average_F1": 0.8580192813321148,
  "best_validation_loss": 0.35996577685529535,
  "test_1_F1": 0.774193548387047,
  "test_0_F1": 0.7928994082839738,
  "test_accuracy": 0.7839506172839507,
  "test_average_F1": 0.7835464783355104,
  "test_loss": 0.4778561226346276
}