{
  "peak_cpu_memory_MB": 1858.0,
  "peak_gpu_0_memory_MB": 11,
  "peak_gpu_1_memory_MB": 11082,
  "peak_gpu_2_memory_MB": 11,
  "peak_gpu_3_memory_MB": 11,
  "peak_gpu_4_memory_MB": 354,
  "peak_gpu_5_memory_MB": 11,
  "peak_gpu_6_memory_MB": 11,
  "peak_gpu_7_memory_MB": 11,
  "peak_gpu_8_memory_MB": 11,
  "peak_gpu_9_memory_MB": 11,
  "peak_gpu_10_memory_MB": 11,
  "peak_gpu_11_memory_MB": 11,
  "peak_gpu_12_memory_MB": 11,
  "peak_gpu_13_memory_MB": 11,
  "peak_gpu_14_memory_MB": 11,
  "peak_gpu_15_memory_MB": 11,
  "training_duration": "00:00:05",
  "training_start_epoch": 0,
  "training_epochs": 3,
  "epoch": 3,
  "training_1_P": 0.8848920863309353,
  "training_1_R": 0.9389312977099237,
  "training_1_F1": 0.9111111111110612,
  "training_0_P": 0.9349593495934959,
  "training_0_R": 0.8778625954198473,
  "training_0_F1": 0.9055118110235721,
  "training_accuracy": 0.9083969465648855,
  "training_average_F1": 0.9083114610673166,
  "training_loss": 0.22243590303128813,
  "training_cpu_memory_MB": 1858.0,
  "training_gpu_0_memory_MB": 11,
  "training_gpu_1_memory_MB": 11082,
  "training_gpu_2_memory_MB": 11,
  "training_gpu_3_memory_MB": 11,
  "training_gpu_4_memory_MB": 354,
  "training_gpu_5_memory_MB": 11,
  "training_gpu_6_memory_MB": 11,
  "training_gpu_7_memory_MB": 11,
  "training_gpu_8_memory_MB": 11,
  "training_gpu_9_memory_MB": 11,
  "training_gpu_10_memory_MB": 11,
  "training_gpu_11_memory_MB": 11,
  "training_gpu_12_memory_MB": 11,
  "training_gpu_13_memory_MB": 11,
  "training_gpu_14_memory_MB": 11,
  "training_gpu_15_memory_MB": 11,
  "validation_1_P": 0.8481012658227848,
  "validation_1_R": 0.8271604938271605,
  "validation_1_F1": 0.83749999999995,
  "validation_0_P": 0.8313253012048193,
  "validation_0_R": 0.8518518518518519,
  "validation_0_F1": 0.8414634146340965,
  "validation_accuracy": 0.8395061728395061,
  "validation_average_F1": 0.8394817073170232,
  "validation_loss": 0.3476318744095889,
  "best_epoch": 3,
  "best_validation_1_P": 0.8481012658227848,
  "best_validation_1_R": 0.8271604938271605,
  "best_validation_1_F1": 0.83749999999995,
  "best_validation_0_P": 0.8313253012048193,
  "best_validation_0_R": 0.8518518518518519,
  "best_validation_0_F1": 0.8414634146340965,
  "best_validation_accuracy": 0.8395061728395061,
  "best_validation_average_F1": 0.8394817073170232,
  "best_validation_loss": 0.3476318744095889
}