{
  "peak_cpu_memory_MB": 1856.968,
  "peak_gpu_0_memory_MB": 11,
  "peak_gpu_1_memory_MB": 11082,
  "peak_gpu_2_memory_MB": 11,
  "peak_gpu_3_memory_MB": 352,
  "peak_gpu_4_memory_MB": 11,
  "peak_gpu_5_memory_MB": 11,
  "peak_gpu_6_memory_MB": 11,
  "peak_gpu_7_memory_MB": 11,
  "peak_gpu_8_memory_MB": 11,
  "peak_gpu_9_memory_MB": 11,
  "peak_gpu_10_memory_MB": 11,
  "peak_gpu_11_memory_MB": 11,
  "peak_gpu_12_memory_MB": 11,
  "peak_gpu_13_memory_MB": 11,
  "peak_gpu_14_memory_MB": 11,
  "peak_gpu_15_memory_MB": 11,
  "training_duration": "00:00:06",
  "training_start_epoch": 0,
  "training_epochs": 4,
  "epoch": 4,
  "training_1_P": 0.902332361516035,
  "training_1_R": 0.9450381679389313,
  "training_1_F1": 0.9231916480238128,
  "training_0_P": 0.9423076923076923,
  "training_0_R": 0.8977099236641222,
  "training_0_F1": 0.9194683346363848,
  "training_accuracy": 0.9213740458015267,
  "training_average_F1": 0.9213299913300987,
  "training_loss": 0.19806418095420047,
  "training_cpu_memory_MB": 1856.968,
  "training_gpu_0_memory_MB": 11,
  "training_gpu_1_memory_MB": 11082,
  "training_gpu_2_memory_MB": 11,
  "training_gpu_3_memory_MB": 352,
  "training_gpu_4_memory_MB": 11,
  "training_gpu_5_memory_MB": 11,
  "training_gpu_6_memory_MB": 11,
  "training_gpu_7_memory_MB": 11,
  "training_gpu_8_memory_MB": 11,
  "training_gpu_9_memory_MB": 11,
  "training_gpu_10_memory_MB": 11,
  "training_gpu_11_memory_MB": 11,
  "training_gpu_12_memory_MB": 11,
  "training_gpu_13_memory_MB": 11,
  "training_gpu_14_memory_MB": 11,
  "training_gpu_15_memory_MB": 11,
  "validation_1_P": 0.8292682926829268,
  "validation_1_R": 0.8395061728395061,
  "validation_1_F1": 0.8343558282208088,
  "validation_0_P": 0.8375,
  "validation_0_R": 0.8271604938271605,
  "validation_0_F1": 0.8322981366459128,
  "validation_accuracy": 0.8333333333333334,
  "validation_average_F1": 0.8333269824333608,
  "validation_loss": 0.4220887937329032,
  "best_epoch": 2,
  "best_validation_1_P": 0.8518518518518519,
  "best_validation_1_R": 0.8518518518518519,
  "best_validation_1_F1": 0.8518518518518019,
  "best_validation_0_P": 0.8518518518518519,
  "best_validation_0_R": 0.8518518518518519,
  "best_validation_0_F1": 0.8518518518518019,
  "best_validation_accuracy": 0.8518518518518519,
  "best_validation_average_F1": 0.8518518518518019,
  "best_validation_loss": 0.37578593465414917
}