{
  "peak_cpu_memory_MB": 1856.964,
  "peak_gpu_0_memory_MB": 11,
  "peak_gpu_1_memory_MB": 11082,
  "peak_gpu_2_memory_MB": 11,
  "peak_gpu_3_memory_MB": 352,
  "peak_gpu_4_memory_MB": 11,
  "peak_gpu_5_memory_MB": 11,
  "peak_gpu_6_memory_MB": 11,
  "peak_gpu_7_memory_MB": 11,
  "peak_gpu_8_memory_MB": 11,
  "peak_gpu_9_memory_MB": 11,
  "peak_gpu_10_memory_MB": 11,
  "peak_gpu_11_memory_MB": 11,
  "peak_gpu_12_memory_MB": 11,
  "peak_gpu_13_memory_MB": 11,
  "peak_gpu_14_memory_MB": 11,
  "peak_gpu_15_memory_MB": 11,
  "training_duration": "00:00:04",
  "training_start_epoch": 0,
  "training_epochs": 2,
  "epoch": 2,
  "training_1_P": 0.8532374100719424,
  "training_1_R": 0.9053435114503817,
  "training_1_F1": 0.8785185185184687,
  "training_0_P": 0.8991869918699187,
  "training_0_R": 0.8442748091603054,
  "training_0_F1": 0.8708661417322335,
  "training_accuracy": 0.8748091603053435,
  "training_average_F1": 0.8746923301253511,
  "training_loss": 0.3185620085313553,
  "training_cpu_memory_MB": 1856.964,
  "training_gpu_0_memory_MB": 11,
  "training_gpu_1_memory_MB": 11082,
  "training_gpu_2_memory_MB": 11,
  "training_gpu_3_memory_MB": 352,
  "training_gpu_4_memory_MB": 11,
  "training_gpu_5_memory_MB": 11,
  "training_gpu_6_memory_MB": 11,
  "training_gpu_7_memory_MB": 11,
  "training_gpu_8_memory_MB": 11,
  "training_gpu_9_memory_MB": 11,
  "training_gpu_10_memory_MB": 11,
  "training_gpu_11_memory_MB": 11,
  "training_gpu_12_memory_MB": 11,
  "training_gpu_13_memory_MB": 11,
  "training_gpu_14_memory_MB": 11,
  "training_gpu_15_memory_MB": 11,
  "validation_1_P": 0.8518518518518519,
  "validation_1_R": 0.8518518518518519,
  "validation_1_F1": 0.8518518518518019,
  "validation_0_P": 0.8518518518518519,
  "validation_0_R": 0.8518518518518519,
  "validation_0_F1": 0.8518518518518019,
  "validation_accuracy": 0.8518518518518519,
  "validation_average_F1": 0.8518518518518019,
  "validation_loss": 0.37578593465414917,
  "best_epoch": 2,
  "best_validation_1_P": 0.8518518518518519,
  "best_validation_1_R": 0.8518518518518519,
  "best_validation_1_F1": 0.8518518518518019,
  "best_validation_0_P": 0.8518518518518519,
  "best_validation_0_R": 0.8518518518518519,
  "best_validation_0_F1": 0.8518518518518019,
  "best_validation_accuracy": 0.8518518518518519,
  "best_validation_average_F1": 0.8518518518518019,
  "best_validation_loss": 0.37578593465414917
}