{
  "peak_cpu_memory_MB": 4423.696,
  "peak_gpu_0_memory_MB": 11,
  "peak_gpu_1_memory_MB": 11,
  "peak_gpu_2_memory_MB": 11,
  "peak_gpu_3_memory_MB": 11,
  "peak_gpu_4_memory_MB": 11,
  "peak_gpu_5_memory_MB": 11,
  "peak_gpu_6_memory_MB": 11,
  "peak_gpu_7_memory_MB": 8378,
  "peak_gpu_8_memory_MB": 11,
  "peak_gpu_9_memory_MB": 11,
  "peak_gpu_10_memory_MB": 8318,
  "peak_gpu_11_memory_MB": 11,
  "peak_gpu_12_memory_MB": 11,
  "peak_gpu_13_memory_MB": 11,
  "peak_gpu_14_memory_MB": 11,
  "peak_gpu_15_memory_MB": 11,
  "training_duration": "00:12:40",
  "training_start_epoch": 0,
  "training_epochs": 6,
  "epoch": 6,
  "training_neg_F1": 0.930368636629558,
  "training_pos_F1": 0.8693743139406745,
  "training_accuracy": 0.9091603053435114,
  "training_average_F1": 0.8998714752851162,
  "training_loss": 0.20977232577960667,
  "training_cpu_memory_MB": 4423.696,
  "training_gpu_0_memory_MB": 11,
  "training_gpu_1_memory_MB": 11,
  "training_gpu_2_memory_MB": 11,
  "training_gpu_3_memory_MB": 11,
  "training_gpu_4_memory_MB": 11,
  "training_gpu_5_memory_MB": 11,
  "training_gpu_6_memory_MB": 11,
  "training_gpu_7_memory_MB": 8378,
  "training_gpu_8_memory_MB": 11,
  "training_gpu_9_memory_MB": 11,
  "training_gpu_10_memory_MB": 8318,
  "training_gpu_11_memory_MB": 11,
  "training_gpu_12_memory_MB": 11,
  "training_gpu_13_memory_MB": 11,
  "training_gpu_14_memory_MB": 11,
  "training_gpu_15_memory_MB": 11,
  "validation_neg_F1": 0.8434782608695154,
  "validation_pos_F1": 0.6170212765956953,
  "validation_accuracy": 0.7777777777777778,
  "validation_average_F1": 0.7302497687326053,
  "validation_loss": 0.51718423854221,
  "best_epoch": 4,
  "best_validation_neg_F1": 0.8425925925925427,
  "best_validation_pos_F1": 0.6851851851851353,
  "best_validation_accuracy": 0.7901234567901234,
  "best_validation_average_F1": 0.763888888888839,
  "best_validation_loss": 0.5392270277846943,
  "test_neg_F1": 0.7699530516431426,
  "test_pos_F1": 0.5585585585585086,
  "test_accuracy": 0.6975308641975309,
  "test_average_F1": 0.6642558051008256,
  "test_loss": 0.7098863233219493
}