{
  "peak_cpu_memory_MB": 3069.688,
  "peak_gpu_0_memory_MB": 1241,
  "training_duration": "00:00:22",
  "training_start_epoch": 0,
  "training_epochs": 0,
  "epoch": 0,
  "training_1_F1": 0.4980605120247754,
  "training_0_F1": 0.5138993238166293,
  "training_accuracy": 0.5061068702290077,
  "training_average_F1": 0.5059799179207023,
  "training_loss": 0.777664402636086,
  "training_cpu_memory_MB": 3069.688,
  "training_gpu_0_memory_MB": 1241,
  "validation_1_F1": 0.5645161290322127,
  "validation_0_F1": 0.7299999999999519,
  "validation_accuracy": 0.6666666666666666,
  "validation_average_F1": 0.6472580645160824,
  "validation_loss": 0.6490840749307112,
  "best_epoch": 0,
  "best_validation_1_F1": 0.5645161290322127,
  "best_validation_0_F1": 0.7299999999999519,
  "best_validation_accuracy": 0.6666666666666666,
  "best_validation_average_F1": 0.6472580645160824,
  "best_validation_loss": 0.6490840749307112
}