{
  "peak_cpu_memory_MB": 3069.688,
  "peak_gpu_0_memory_MB": 5091,
  "training_duration": "00:03:10",
  "training_start_epoch": 0,
  "training_epochs": 4,
  "epoch": 4,
  "training_1_F1": 0.9405487804877549,
  "training_0_F1": 0.9403669724770143,
  "training_accuracy": 0.9404580152671755,
  "training_average_F1": 0.9404578764823845,
  "training_loss": 0.1786994980875312,
  "training_cpu_memory_MB": 3069.688,
  "training_gpu_0_memory_MB": 5091,
  "validation_1_F1": 0.8734177215189374,
  "validation_0_F1": 0.8795180722891066,
  "validation_accuracy": 0.8765432098765432,
  "validation_average_F1": 0.876467896904022,
  "validation_loss": 0.30912998284805904,
  "best_epoch": 4,
  "best_validation_1_F1": 0.8734177215189374,
  "best_validation_0_F1": 0.8795180722891066,
  "best_validation_accuracy": 0.8765432098765432,
  "best_validation_average_F1": 0.876467896904022,
  "best_validation_loss": 0.30912998284805904
}