{
  "peak_cpu_memory_MB": 3069.688,
  "peak_gpu_0_memory_MB": 5091,
  "training_duration": "00:02:15",
  "training_start_epoch": 0,
  "training_epochs": 3,
  "epoch": 3,
  "training_1_F1": 0.8685800604229107,
  "training_0_F1": 0.8657407407406907,
  "training_accuracy": 0.867175572519084,
  "training_average_F1": 0.8671604005818008,
  "training_loss": 0.3330873197353468,
  "training_cpu_memory_MB": 3069.688,
  "training_gpu_0_memory_MB": 5091,
  "validation_1_F1": 0.865497076023342,
  "validation_0_F1": 0.8496732026143293,
  "validation_accuracy": 0.8580246913580247,
  "validation_average_F1": 0.8575851393188356,
  "validation_loss": 0.36787884072823956,
  "best_epoch": 3,
  "best_validation_1_F1": 0.865497076023342,
  "best_validation_0_F1": 0.8496732026143293,
  "best_validation_accuracy": 0.8580246913580247,
  "best_validation_average_F1": 0.8575851393188356,
  "best_validation_loss": 0.36787884072823956
}