{
  "peak_cpu_memory_MB": 3069.688,
  "peak_gpu_0_memory_MB": 5007,
  "training_duration": "00:01:35",
  "training_start_epoch": 0,
  "training_epochs": 2,
  "epoch": 2,
  "training_1_F1": 0.7938820101965999,
  "training_0_F1": 0.7730553327986671,
  "training_accuracy": 0.783969465648855,
  "training_average_F1": 0.7834686714976336,
  "training_loss": 0.49180526958733073,
  "training_cpu_memory_MB": 3069.688,
  "training_gpu_0_memory_MB": 5007,
  "validation_1_F1": 0.8079470198675,
  "validation_0_F1": 0.8323699421964821,
  "validation_accuracy": 0.8209876543209876,
  "validation_average_F1": 0.8201584810319911,
  "validation_loss": 0.4619224315339869,
  "best_epoch": 2,
  "best_validation_1_F1": 0.8079470198675,
  "best_validation_0_F1": 0.8323699421964821,
  "best_validation_accuracy": 0.8209876543209876,
  "best_validation_average_F1": 0.8201584810319911,
  "best_validation_loss": 0.4619224315339869
}