{
  "peak_cpu_memory_MB": 3069.688,
  "peak_gpu_0_memory_MB": 5091,
  "training_duration": "00:03:53",
  "training_start_epoch": 0,
  "training_epochs": 5,
  "epoch": 5,
  "training_1_F1": 0.9610389610389111,
  "training_0_F1": 0.9610983981692863,
  "training_accuracy": 0.9610687022900763,
  "training_average_F1": 0.9610686796040987,
  "training_loss": 0.12096266075968742,
  "training_cpu_memory_MB": 3069.688,
  "training_gpu_0_memory_MB": 5091,
  "validation_1_F1": 0.8888888888888391,
  "validation_0_F1": 0.8758169934640025,
  "validation_accuracy": 0.8827160493827161,
  "validation_average_F1": 0.8823529411764208,
  "validation_loss": 0.36906361681493843,
  "best_epoch": 5,
  "best_validation_1_F1": 0.8888888888888391,
  "best_validation_0_F1": 0.8758169934640025,
  "best_validation_accuracy": 0.8827160493827161,
  "best_validation_average_F1": 0.8823529411764208,
  "best_validation_loss": 0.36906361681493843
}