{
  "peak_cpu_memory_MB": 3069.688,
  "peak_gpu_0_memory_MB": 2506,
  "training_duration": "00:00:46",
  "training_start_epoch": 0,
  "training_epochs": 1,
  "epoch": 1,
  "training_1_F1": 0.6168498168497669,
  "training_0_F1": 0.5832669322708665,
  "training_accuracy": 0.600763358778626,
  "training_average_F1": 0.6000583745603167,
  "training_loss": 0.6548015598843737,
  "training_cpu_memory_MB": 3069.688,
  "training_gpu_0_memory_MB": 2506,
  "validation_1_F1": 0.6615384615384147,
  "validation_0_F1": 0.7731958762886113,
  "validation_accuracy": 0.7283950617283951,
  "validation_average_F1": 0.717367168913513,
  "validation_loss": 0.6623144908384844,
  "best_epoch": 1,
  "best_validation_1_F1": 0.6615384615384147,
  "best_validation_0_F1": 0.7731958762886113,
  "best_validation_accuracy": 0.7283950617283951,
  "best_validation_average_F1": 0.717367168913513,
  "best_validation_loss": 0.6623144908384844
}