{
  "peak_cpu_memory_MB": 3069.688,
  "peak_gpu_0_memory_MB": 5091,
  "training_duration": "00:04:49",
  "training_start_epoch": 0,
  "training_epochs": 6,
  "epoch": 6,
  "training_1_F1": 0.9870327993897289,
  "training_0_F1": 0.987012987012937,
  "training_accuracy": 0.9870229007633587,
  "training_average_F1": 0.987022893201333,
  "training_loss": 0.04560318349849251,
  "training_cpu_memory_MB": 3069.688,
  "training_gpu_0_memory_MB": 5091,
  "validation_1_F1": 0.8466257668711156,
  "validation_0_F1": 0.84472049689436,
  "validation_accuracy": 0.845679012345679,
  "validation_average_F1": 0.8456731318827377,
  "validation_loss": 0.6805592890490185,
  "best_epoch": 5,
  "best_validation_1_F1": 0.8888888888888391,
  "best_validation_0_F1": 0.8758169934640025,
  "best_validation_accuracy": 0.8827160493827161,
  "best_validation_average_F1": 0.8823529411764208,
  "best_validation_loss": 0.36906361681493843
}