{
  "peak_cpu_memory_MB": 3071.172,
  "peak_gpu_0_memory_MB": 2510,
  "training_duration": "00:04:00",
  "training_start_epoch": 0,
  "training_epochs": 9,
  "epoch": 9,
  "training_1_P": 0.9532428355957768,
  "training_1_R": 0.9648854961832061,
  "training_1_F1": 0.9590288315629243,
  "training_0_P": 0.964451313755796,
  "training_0_R": 0.9526717557251908,
  "training_0_F1": 0.9585253456220698,
  "training_accuracy": 0.9587786259541985,
  "training_average_F1": 0.9587770885924971,
  "training_loss": 0.1439312230341318,
  "training_cpu_memory_MB": 3071.172,
  "training_gpu_0_memory_MB": 2510,
  "validation_1_P": 0.8658536585365854,
  "validation_1_R": 0.8765432098765432,
  "validation_1_F1": 0.8711656441717291,
  "validation_0_P": 0.875,
  "validation_0_R": 0.8641975308641975,
  "validation_0_F1": 0.8695652173912544,
  "validation_accuracy": 0.8703703703703703,
  "validation_average_F1": 0.8703654307814918,
  "validation_loss": 0.34177531776103104,
  "best_epoch": 6,
  "best_validation_1_P": 0.8875,
  "best_validation_1_R": 0.8765432098765432,
  "best_validation_1_F1": 0.8819875776397015,
  "best_validation_0_P": 0.8780487804878049,
  "best_validation_0_R": 0.8888888888888888,
  "best_validation_0_F1": 0.8834355828220359,
  "best_validation_accuracy": 0.8827160493827161,
  "best_validation_average_F1": 0.8827115802308687,
  "best_validation_loss": 0.44915555959398096,
  "test_1_P": 0.8607594936708861,
  "test_1_R": 0.8395061728395061,
  "test_1_F1": 0.8499999999999501,
  "test_0_P": 0.8433734939759037,
  "test_0_R": 0.8641975308641975,
  "test_0_F1": 0.8536585365853159,
  "test_accuracy": 0.8518518518518519,
  "test_average_F1": 0.851829268292633,
  "test_loss": 0.3924377608028325
}