{
  "peak_cpu_memory_MB": 5764.36,
  "peak_gpu_0_memory_MB": 11,
  "peak_gpu_1_memory_MB": 3274,
  "peak_gpu_2_memory_MB": 11,
  "peak_gpu_3_memory_MB": 11,
  "peak_gpu_4_memory_MB": 11,
  "peak_gpu_5_memory_MB": 11,
  "peak_gpu_6_memory_MB": 1906,
  "peak_gpu_7_memory_MB": 11,
  "peak_gpu_8_memory_MB": 11,
  "peak_gpu_9_memory_MB": 11,
  "peak_gpu_10_memory_MB": 11,
  "peak_gpu_11_memory_MB": 3610,
  "peak_gpu_12_memory_MB": 11,
  "peak_gpu_13_memory_MB": 11,
  "peak_gpu_14_memory_MB": 11,
  "peak_gpu_15_memory_MB": 11,
  "training_duration": "00:01:04",
  "training_start_epoch": 0,
  "training_epochs": 1,
  "epoch": 1,
  "training_1_P": 0.8532934131736527,
  "training_1_R": 0.8702290076335878,
  "training_1_F1": 0.8616780045350974,
  "training_0_P": 0.867601246105919,
  "training_0_R": 0.850381679389313,
  "training_0_F1": 0.858905165767105,
  "training_accuracy": 0.8603053435114504,
  "training_average_F1": 0.8602915851511012,
  "training_loss": 0.3419993447094429,
  "training_cpu_memory_MB": 5764.36,
  "training_gpu_0_memory_MB": 11,
  "training_gpu_1_memory_MB": 3274,
  "training_gpu_2_memory_MB": 11,
  "training_gpu_3_memory_MB": 11,
  "training_gpu_4_memory_MB": 11,
  "training_gpu_5_memory_MB": 11,
  "training_gpu_6_memory_MB": 1906,
  "training_gpu_7_memory_MB": 11,
  "training_gpu_8_memory_MB": 11,
  "training_gpu_9_memory_MB": 11,
  "training_gpu_10_memory_MB": 11,
  "training_gpu_11_memory_MB": 3610,
  "training_gpu_12_memory_MB": 11,
  "training_gpu_13_memory_MB": 11,
  "training_gpu_14_memory_MB": 11,
  "training_gpu_15_memory_MB": 11,
  "validation_1_P": 0.8441558441558441,
  "validation_1_R": 0.8024691358024691,
  "validation_1_F1": 0.8227848101265324,
  "validation_0_P": 0.8117647058823529,
  "validation_0_R": 0.8518518518518519,
  "validation_0_F1": 0.8313253012047693,
  "validation_accuracy": 0.8271604938271605,
  "validation_average_F1": 0.8270550556656509,
  "validation_loss": 0.3910371281883933,
  "best_epoch": 1,
  "best_validation_1_P": 0.8441558441558441,
  "best_validation_1_R": 0.8024691358024691,
  "best_validation_1_F1": 0.8227848101265324,
  "best_validation_0_P": 0.8117647058823529,
  "best_validation_0_R": 0.8518518518518519,
  "best_validation_0_F1": 0.8313253012047693,
  "best_validation_accuracy": 0.8271604938271605,
  "best_validation_average_F1": 0.8270550556656509,
  "best_validation_loss": 0.3910371281883933
}