{
  "peak_cpu_memory_MB": 5764.36,
  "peak_gpu_0_memory_MB": 11,
  "peak_gpu_1_memory_MB": 3274,
  "peak_gpu_2_memory_MB": 11,
  "peak_gpu_3_memory_MB": 11,
  "peak_gpu_4_memory_MB": 11,
  "peak_gpu_5_memory_MB": 11,
  "peak_gpu_6_memory_MB": 1906,
  "peak_gpu_7_memory_MB": 11,
  "peak_gpu_8_memory_MB": 11,
  "peak_gpu_9_memory_MB": 11,
  "peak_gpu_10_memory_MB": 11,
  "peak_gpu_11_memory_MB": 3610,
  "peak_gpu_12_memory_MB": 11,
  "peak_gpu_13_memory_MB": 11,
  "peak_gpu_14_memory_MB": 11,
  "peak_gpu_15_memory_MB": 11,
  "training_duration": "00:01:46",
  "training_start_epoch": 0,
  "training_epochs": 2,
  "epoch": 2,
  "training_1_P": 0.9156626506024096,
  "training_1_R": 0.9282442748091603,
  "training_1_F1": 0.9219105382865307,
  "training_0_P": 0.9272445820433437,
  "training_0_R": 0.9145038167938931,
  "training_0_F1": 0.9208301306686665,
  "training_accuracy": 0.9213740458015267,
  "training_average_F1": 0.9213703344775985,
  "training_loss": 0.21858571992233033,
  "training_cpu_memory_MB": 5764.36,
  "training_gpu_0_memory_MB": 11,
  "training_gpu_1_memory_MB": 3274,
  "training_gpu_2_memory_MB": 11,
  "training_gpu_3_memory_MB": 11,
  "training_gpu_4_memory_MB": 11,
  "training_gpu_5_memory_MB": 11,
  "training_gpu_6_memory_MB": 1906,
  "training_gpu_7_memory_MB": 11,
  "training_gpu_8_memory_MB": 11,
  "training_gpu_9_memory_MB": 11,
  "training_gpu_10_memory_MB": 11,
  "training_gpu_11_memory_MB": 3610,
  "training_gpu_12_memory_MB": 11,
  "training_gpu_13_memory_MB": 11,
  "training_gpu_14_memory_MB": 11,
  "training_gpu_15_memory_MB": 11,
  "validation_1_P": 0.7717391304347826,
  "validation_1_R": 0.8765432098765432,
  "validation_1_F1": 0.8208092485548636,
  "validation_0_P": 0.8571428571428571,
  "validation_0_R": 0.7407407407407407,
  "validation_0_F1": 0.7947019867549172,
  "validation_accuracy": 0.808641975308642,
  "validation_average_F1": 0.8077556176548903,
  "validation_loss": 0.48860870708118787,
  "best_epoch": 1,
  "best_validation_1_P": 0.8441558441558441,
  "best_validation_1_R": 0.8024691358024691,
  "best_validation_1_F1": 0.8227848101265324,
  "best_validation_0_P": 0.8117647058823529,
  "best_validation_0_R": 0.8518518518518519,
  "best_validation_0_F1": 0.8313253012047693,
  "best_validation_accuracy": 0.8271604938271605,
  "best_validation_average_F1": 0.8270550556656509,
  "best_validation_loss": 0.3910371281883933
}