{
  "peak_cpu_memory_MB": 2201.74,
  "peak_gpu_0_memory_MB": 2525,
  "training_duration": "00:03:16",
  "training_start_epoch": 0,
  "training_epochs": 4,
  "epoch": 4,
  "training_1_P": 0.9954337899543378,
  "training_1_R": 0.9984732824427481,
  "training_1_F1": 0.9969512195121452,
  "training_0_P": 0.998468606431853,
  "training_0_R": 0.9954198473282443,
  "training_0_F1": 0.9969418960244149,
  "training_accuracy": 0.9969465648854962,
  "training_average_F1": 0.99694655776828,
  "training_loss": 0.024092595442198217,
  "training_cpu_memory_MB": 2201.74,
  "training_gpu_0_memory_MB": 2525,
  "validation_1_P": 0.8793103448275862,
  "validation_1_R": 0.6296296296296297,
  "validation_1_F1": 0.7338129496402392,
  "validation_0_P": 0.7115384615384616,
  "validation_0_R": 0.9135802469135802,
  "validation_0_F1": 0.7999999999999509,
  "validation_accuracy": 0.7716049382716049,
  "validation_average_F1": 0.7669064748200951,
  "validation_loss": 0.7502052079547535,
  "best_epoch": 2,
  "best_validation_1_P": 0.8414634146341463,
  "best_validation_1_R": 0.8518518518518519,
  "best_validation_1_F1": 0.8466257668711156,
  "best_validation_0_P": 0.85,
  "best_validation_0_R": 0.8395061728395061,
  "best_validation_0_F1": 0.84472049689436,
  "best_validation_accuracy": 0.845679012345679,
  "best_validation_average_F1": 0.8456731318827377,
  "best_validation_loss": 0.40481752292676404
}