{
  "peak_cpu_memory_MB": 3070.084,
  "peak_gpu_0_memory_MB": 3738,
  "training_duration": "00:00:37",
  "training_start_epoch": 0,
  "training_epochs": 0,
  "epoch": 0,
  "training_1_F1": 0.6512667660208143,
  "training_0_F1": 0.6338028169013585,
  "training_accuracy": 0.6427480916030535,
  "training_average_F1": 0.6425347914610864,
  "training_loss": 0.6856911869310751,
  "training_cpu_memory_MB": 3070.084,
  "training_gpu_0_memory_MB": 3738,
  "validation_1_F1": 0.8167539267015218,
  "validation_0_F1": 0.7368421052631102,
  "validation_accuracy": 0.7839506172839507,
  "validation_average_F1": 0.776798015982316,
  "validation_loss": 0.5340808548710563,
  "best_epoch": 0,
  "best_validation_1_F1": 0.8167539267015218,
  "best_validation_0_F1": 0.7368421052631102,
  "best_validation_accuracy": 0.7839506172839507,
  "best_validation_average_F1": 0.776798015982316,
  "best_validation_loss": 0.5340808548710563
}