{
  "peak_cpu_memory_MB": 3070.084,
  "peak_gpu_0_memory_MB": 5091,
  "training_duration": "00:04:03",
  "training_start_epoch": 0,
  "training_epochs": 4,
  "epoch": 4,
  "training_1_F1": 0.9939024390243403,
  "training_0_F1": 0.9938837920488798,
  "training_accuracy": 0.9938931297709923,
  "training_average_F1": 0.99389311553661,
  "training_loss": 0.02902753188604171,
  "training_cpu_memory_MB": 3070.084,
  "training_gpu_0_memory_MB": 5091,
  "validation_1_F1": 0.8571428571428072,
  "validation_0_F1": 0.8588957055214225,
  "validation_accuracy": 0.8580246913580247,
  "validation_average_F1": 0.8580192813321148,
  "validation_loss": 0.713983222164891,
  "best_epoch": 4,
  "best_validation_1_F1": 0.8571428571428072,
  "best_validation_0_F1": 0.8588957055214225,
  "best_validation_accuracy": 0.8580246913580247,
  "best_validation_average_F1": 0.8580192813321148,
  "best_validation_loss": 0.713983222164891
}