{
  "peak_cpu_memory_MB": 3070.084,
  "peak_gpu_0_memory_MB": 5091,
  "training_duration": "00:02:20",
  "training_start_epoch": 0,
  "training_epochs": 2,
  "epoch": 2,
  "training_1_F1": 0.9316303531179065,
  "training_0_F1": 0.9294026377035963,
  "training_accuracy": 0.9305343511450381,
  "training_average_F1": 0.9305164954107514,
  "training_loss": 0.1980575241784497,
  "training_cpu_memory_MB": 3070.084,
  "training_gpu_0_memory_MB": 5091,
  "validation_1_F1": 0.7591240875911925,
  "validation_0_F1": 0.8235294117646568,
  "validation_accuracy": 0.7962962962962963,
  "validation_average_F1": 0.7913267496779246,
  "validation_loss": 0.5474536906589161,
  "best_epoch": 1,
  "best_validation_1_F1": 0.8079470198675,
  "best_validation_0_F1": 0.8323699421964821,
  "best_validation_accuracy": 0.8209876543209876,
  "best_validation_average_F1": 0.8201584810319911,
  "best_validation_loss": 0.3710253658619794
}