{
  "peak_cpu_memory_MB": 3070.084,
  "peak_gpu_0_memory_MB": 5091,
  "training_duration": "00:03:03",
  "training_start_epoch": 0,
  "training_epochs": 3,
  "epoch": 3,
  "training_1_F1": 0.9749430523917496,
  "training_0_F1": 0.9746738296238948,
  "training_accuracy": 0.9748091603053435,
  "training_average_F1": 0.9748084410078222,
  "training_loss": 0.08719406467748851,
  "training_cpu_memory_MB": 3070.084,
  "training_gpu_0_memory_MB": 5091,
  "validation_1_F1": 0.853503184713326,
  "validation_0_F1": 0.8622754491017465,
  "validation_accuracy": 0.8580246913580247,
  "validation_average_F1": 0.8578893169075362,
  "validation_loss": 0.5490512725981799,
  "best_epoch": 3,
  "best_validation_1_F1": 0.853503184713326,
  "best_validation_0_F1": 0.8622754491017465,
  "best_validation_accuracy": 0.8580246913580247,
  "best_validation_average_F1": 0.8578893169075362,
  "best_validation_loss": 0.5490512725981799
}