{
  "peak_cpu_memory_MB": 3070.084,
  "peak_gpu_0_memory_MB": 5091,
  "training_duration": "00:04:51",
  "training_start_epoch": 0,
  "training_epochs": 5,
  "epoch": 5,
  "training_1_F1": 0.9984732824426982,
  "training_0_F1": 0.9984732824426982,
  "training_accuracy": 0.9984732824427481,
  "training_average_F1": 0.9984732824426982,
  "training_loss": 0.009231830518352004,
  "training_cpu_memory_MB": 3070.084,
  "training_gpu_0_memory_MB": 5091,
  "validation_1_F1": 0.8427672955974342,
  "validation_0_F1": 0.8484848484847984,
  "validation_accuracy": 0.845679012345679,
  "validation_average_F1": 0.8456260720411164,
  "validation_loss": 0.8899874365465208,
  "best_epoch": 4,
  "best_validation_1_F1": 0.8571428571428072,
  "best_validation_0_F1": 0.8588957055214225,
  "best_validation_accuracy": 0.8580246913580247,
  "best_validation_average_F1": 0.8580192813321148,
  "best_validation_loss": 0.713983222164891,
  "test_1_F1": 0.8176100628930317,
  "test_0_F1": 0.8242424242423743,
  "test_accuracy": 0.8209876543209876,
  "test_average_F1": 0.8209262435677029,
  "test_loss": 0.641121353615414
}