{
  "peak_cpu_memory_MB": 3070.084,
  "peak_gpu_0_memory_MB": 5091,
  "training_duration": "00:01:21",
  "training_start_epoch": 0,
  "training_epochs": 1,
  "epoch": 1,
  "training_1_F1": 0.8433556050482054,
  "training_0_F1": 0.8342498036134613,
  "training_accuracy": 0.8389312977099237,
  "training_average_F1": 0.8388027043308334,
  "training_loss": 0.38723638290312234,
  "training_cpu_memory_MB": 3070.084,
  "training_gpu_0_memory_MB": 5091,
  "validation_1_F1": 0.8079470198675,
  "validation_0_F1": 0.8323699421964821,
  "validation_accuracy": 0.8209876543209876,
  "validation_average_F1": 0.8201584810319911,
  "validation_loss": 0.3710253658619794,
  "best_epoch": 1,
  "best_validation_1_F1": 0.8079470198675,
  "best_validation_0_F1": 0.8323699421964821,
  "best_validation_accuracy": 0.8209876543209876,
  "best_validation_average_F1": 0.8201584810319911,
  "best_validation_loss": 0.3710253658619794
}