{
  "peak_cpu_memory_MB": 7040.236,
  "peak_gpu_0_memory_MB": 11,
  "peak_gpu_1_memory_MB": 11,
  "peak_gpu_2_memory_MB": 11,
  "peak_gpu_3_memory_MB": 11,
  "peak_gpu_4_memory_MB": 11,
  "peak_gpu_5_memory_MB": 11,
  "peak_gpu_6_memory_MB": 11,
  "peak_gpu_7_memory_MB": 11,
  "peak_gpu_8_memory_MB": 11,
  "peak_gpu_9_memory_MB": 11,
  "peak_gpu_10_memory_MB": 11,
  "peak_gpu_11_memory_MB": 11,
  "peak_gpu_12_memory_MB": 11,
  "peak_gpu_13_memory_MB": 11,
  "peak_gpu_14_memory_MB": 4177,
  "peak_gpu_15_memory_MB": 11,
  "validation_1_F1": 0.8484848484847984,
  "validation_0_F1": 0.8427672955974342,
  "validation_accuracy": 0.845679012345679,
  "validation_average_F1": 0.8456260720411164,
  "validation_loss": 0.4572527293454517,
  "best_epoch": 0,
  "best_validation_1_F1": 0.860759493670836,
  "best_validation_0_F1": 0.8674698795180223,
  "best_validation_accuracy": 0.8641975308641975,
  "best_validation_average_F1": 0.8641146865944291,
  "best_validation_loss": 0.3600372306325219,
  "test_1_F1": 0.7662337662337164,
  "test_0_F1": 0.7882352941175973,
  "test_accuracy": 0.7777777777777778,
  "test_average_F1": 0.7772345301756569,
  "test_loss": 0.4826724204150113
}