{
  "peak_cpu_memory_MB": 2191.904,
  "peak_gpu_0_memory_MB": 1212,
  "training_duration": "00:01:03",
  "training_start_epoch": 0,
  "training_epochs": 2,
  "epoch": 2,
  "training_1_P": 0.8548850574712644,
  "training_1_R": 0.9083969465648855,
  "training_1_F1": 0.8808290155439915,
  "training_0_P": 0.9022801302931596,
  "training_0_R": 0.8458015267175573,
  "training_0_F1": 0.8731284475964827,
  "training_accuracy": 0.8770992366412214,
  "training_average_F1": 0.8769787315702371,
  "training_loss": 0.30536275538729457,
  "training_cpu_memory_MB": 2191.904,
  "training_gpu_0_memory_MB": 1212,
  "validation_1_P": 0.8333333333333334,
  "validation_1_R": 0.7407407407407407,
  "validation_1_F1": 0.7843137254901463,
  "validation_0_P": 0.7666666666666667,
  "validation_0_R": 0.8518518518518519,
  "validation_0_F1": 0.8070175438595992,
  "validation_accuracy": 0.7962962962962963,
  "validation_average_F1": 0.7956656346748727,
  "validation_loss": 0.4291206517002799,
  "best_epoch": 0,
  "best_validation_1_P": 0.7676767676767676,
  "best_validation_1_R": 0.9382716049382716,
  "best_validation_1_F1": 0.8444444444443949,
  "best_validation_0_P": 0.9206349206349206,
  "best_validation_0_R": 0.7160493827160493,
  "best_validation_0_F1": 0.8055555555555064,
  "best_validation_accuracy": 0.8271604938271605,
  "best_validation_average_F1": 0.8249999999999507,
  "best_validation_loss": 0.4030710770325227,
  "test_1_P": 0.7708333333333334,
  "test_1_R": 0.9135802469135802,
  "test_1_F1": 0.8361581920903458,
  "test_0_P": 0.8939393939393939,
  "test_0_R": 0.7283950617283951,
  "test_0_F1": 0.8027210884353246,
  "test_accuracy": 0.8209876543209876,
  "test_average_F1": 0.8194396402628352,
  "test_loss": 0.41877906972711737
}