{
  "peak_cpu_memory_MB": 2209.636,
  "peak_gpu_0_memory_MB": 11,
  "peak_gpu_1_memory_MB": 11082,
  "peak_gpu_2_memory_MB": 1316,
  "peak_gpu_3_memory_MB": 1174,
  "peak_gpu_4_memory_MB": 11,
  "peak_gpu_5_memory_MB": 11,
  "peak_gpu_6_memory_MB": 11,
  "peak_gpu_7_memory_MB": 11,
  "peak_gpu_8_memory_MB": 11,
  "peak_gpu_9_memory_MB": 11,
  "peak_gpu_10_memory_MB": 11,
  "peak_gpu_11_memory_MB": 11,
  "peak_gpu_12_memory_MB": 11,
  "peak_gpu_13_memory_MB": 11,
  "peak_gpu_14_memory_MB": 11,
  "peak_gpu_15_memory_MB": 11,
  "training_duration": "00:02:16",
  "training_start_epoch": 0,
  "training_epochs": 5,
  "epoch": 5,
  "training_1_P": 0.933920704845815,
  "training_1_R": 0.9709923664122138,
  "training_1_F1": 0.9520958083831835,
  "training_0_P": 0.9697933227344993,
  "training_0_R": 0.9312977099236641,
  "training_0_F1": 0.9501557632398254,
  "training_accuracy": 0.9511450381679389,
  "training_average_F1": 0.9511257858115045,
  "training_loss": 0.14880285021371958,
  "training_cpu_memory_MB": 2209.636,
  "training_gpu_0_memory_MB": 11,
  "training_gpu_1_memory_MB": 11082,
  "training_gpu_2_memory_MB": 1316,
  "training_gpu_3_memory_MB": 1174,
  "training_gpu_4_memory_MB": 11,
  "training_gpu_5_memory_MB": 11,
  "training_gpu_6_memory_MB": 11,
  "training_gpu_7_memory_MB": 11,
  "training_gpu_8_memory_MB": 11,
  "training_gpu_9_memory_MB": 11,
  "training_gpu_10_memory_MB": 11,
  "training_gpu_11_memory_MB": 11,
  "training_gpu_12_memory_MB": 11,
  "training_gpu_13_memory_MB": 11,
  "training_gpu_14_memory_MB": 11,
  "training_gpu_15_memory_MB": 11,
  "validation_1_P": 0.8648648648648649,
  "validation_1_R": 0.7901234567901234,
  "validation_1_F1": 0.8258064516128534,
  "validation_0_P": 0.8068181818181818,
  "validation_0_R": 0.8765432098765432,
  "validation_0_F1": 0.8402366863904827,
  "validation_accuracy": 0.8333333333333334,
  "validation_average_F1": 0.833021569001668,
  "validation_loss": 0.5624134757302024,
  "best_epoch": 5,
  "best_validation_1_P": 0.8648648648648649,
  "best_validation_1_R": 0.7901234567901234,
  "best_validation_1_F1": 0.8258064516128534,
  "best_validation_0_P": 0.8068181818181818,
  "best_validation_0_R": 0.8765432098765432,
  "best_validation_0_F1": 0.8402366863904827,
  "best_validation_accuracy": 0.8333333333333334,
  "best_validation_average_F1": 0.833021569001668,
  "best_validation_loss": 0.5624134757302024
}