{
  "peak_cpu_memory_MB": 2224.66,
  "peak_gpu_0_memory_MB": 11,
  "peak_gpu_1_memory_MB": 11082,
  "peak_gpu_2_memory_MB": 11,
  "peak_gpu_3_memory_MB": 1040,
  "peak_gpu_4_memory_MB": 1316,
  "peak_gpu_5_memory_MB": 11,
  "peak_gpu_6_memory_MB": 11,
  "peak_gpu_7_memory_MB": 11,
  "peak_gpu_8_memory_MB": 11,
  "peak_gpu_9_memory_MB": 11,
  "peak_gpu_10_memory_MB": 11,
  "peak_gpu_11_memory_MB": 11,
  "peak_gpu_12_memory_MB": 11,
  "peak_gpu_13_memory_MB": 11,
  "peak_gpu_14_memory_MB": 11,
  "peak_gpu_15_memory_MB": 11,
  "training_duration": "00:00:43",
  "training_start_epoch": 0,
  "training_epochs": 1,
  "epoch": 1,
  "training_1_P": 0.863768115942029,
  "training_1_R": 0.9099236641221374,
  "training_1_F1": 0.8862453531598014,
  "training_0_P": 0.9048387096774193,
  "training_0_R": 0.8564885496183207,
  "training_0_F1": 0.87999999999995,
  "training_accuracy": 0.883206106870229,
  "training_average_F1": 0.8831226765798756,
  "training_loss": 0.295425848263066,
  "training_cpu_memory_MB": 2224.66,
  "training_gpu_0_memory_MB": 11,
  "training_gpu_1_memory_MB": 11082,
  "training_gpu_2_memory_MB": 11,
  "training_gpu_3_memory_MB": 1040,
  "training_gpu_4_memory_MB": 1316,
  "training_gpu_5_memory_MB": 11,
  "training_gpu_6_memory_MB": 11,
  "training_gpu_7_memory_MB": 11,
  "training_gpu_8_memory_MB": 11,
  "training_gpu_9_memory_MB": 11,
  "training_gpu_10_memory_MB": 11,
  "training_gpu_11_memory_MB": 11,
  "training_gpu_12_memory_MB": 11,
  "training_gpu_13_memory_MB": 11,
  "training_gpu_14_memory_MB": 11,
  "training_gpu_15_memory_MB": 11,
  "validation_1_P": 0.8,
  "validation_1_R": 0.8888888888888888,
  "validation_1_F1": 0.842105263157845,
  "validation_0_P": 0.875,
  "validation_0_R": 0.7777777777777778,
  "validation_0_F1": 0.8235294117646562,
  "validation_accuracy": 0.8333333333333334,
  "validation_average_F1": 0.8328173374612506,
  "validation_loss": 0.40872185270894656,
  "best_epoch": 0,
  "best_validation_1_P": 0.8313253012048193,
  "best_validation_1_R": 0.8518518518518519,
  "best_validation_1_F1": 0.8414634146340965,
  "best_validation_0_P": 0.8481012658227848,
  "best_validation_0_R": 0.8271604938271605,
  "best_validation_0_F1": 0.83749999999995,
  "best_validation_accuracy": 0.8395061728395061,
  "best_validation_average_F1": 0.8394817073170232,
  "best_validation_loss": 0.4024254219098525
}