{
  "peak_cpu_memory_MB": 2224.66,
  "peak_gpu_0_memory_MB": 11,
  "peak_gpu_1_memory_MB": 11082,
  "peak_gpu_2_memory_MB": 11,
  "peak_gpu_3_memory_MB": 1234,
  "peak_gpu_4_memory_MB": 1316,
  "peak_gpu_5_memory_MB": 11,
  "peak_gpu_6_memory_MB": 11,
  "peak_gpu_7_memory_MB": 11,
  "peak_gpu_8_memory_MB": 11,
  "peak_gpu_9_memory_MB": 11,
  "peak_gpu_10_memory_MB": 11,
  "peak_gpu_11_memory_MB": 11,
  "peak_gpu_12_memory_MB": 11,
  "peak_gpu_13_memory_MB": 11,
  "peak_gpu_14_memory_MB": 11,
  "peak_gpu_15_memory_MB": 11,
  "training_duration": "00:01:04",
  "training_start_epoch": 0,
  "training_epochs": 2,
  "epoch": 2,
  "training_1_P": 0.9284671532846716,
  "training_1_R": 0.9709923664122138,
  "training_1_F1": 0.9492537313432337,
  "training_0_P": 0.9696,
  "training_0_R": 0.9251908396946565,
  "training_0_F1": 0.9468749999999502,
  "training_accuracy": 0.9480916030534351,
  "training_average_F1": 0.9480643656715919,
  "training_loss": 0.15194391272962093,
  "training_cpu_memory_MB": 2224.66,
  "training_gpu_0_memory_MB": 11,
  "training_gpu_1_memory_MB": 11082,
  "training_gpu_2_memory_MB": 11,
  "training_gpu_3_memory_MB": 1234,
  "training_gpu_4_memory_MB": 1316,
  "training_gpu_5_memory_MB": 11,
  "training_gpu_6_memory_MB": 11,
  "training_gpu_7_memory_MB": 11,
  "training_gpu_8_memory_MB": 11,
  "training_gpu_9_memory_MB": 11,
  "training_gpu_10_memory_MB": 11,
  "training_gpu_11_memory_MB": 11,
  "training_gpu_12_memory_MB": 11,
  "training_gpu_13_memory_MB": 11,
  "training_gpu_14_memory_MB": 11,
  "training_gpu_15_memory_MB": 11,
  "validation_1_P": 0.863013698630137,
  "validation_1_R": 0.7777777777777778,
  "validation_1_F1": 0.8181818181817684,
  "validation_0_P": 0.797752808988764,
  "validation_0_R": 0.8765432098765432,
  "validation_0_F1": 0.8352941176470089,
  "validation_accuracy": 0.8271604938271605,
  "validation_average_F1": 0.8267379679143887,
  "validation_loss": 0.43529030003330926,
  "best_epoch": 0,
  "best_validation_1_P": 0.8313253012048193,
  "best_validation_1_R": 0.8518518518518519,
  "best_validation_1_F1": 0.8414634146340965,
  "best_validation_0_P": 0.8481012658227848,
  "best_validation_0_R": 0.8271604938271605,
  "best_validation_0_F1": 0.83749999999995,
  "best_validation_accuracy": 0.8395061728395061,
  "best_validation_average_F1": 0.8394817073170232,
  "best_validation_loss": 0.4024254219098525
}