{
  "peak_cpu_memory_MB": 2643.024,
  "peak_gpu_0_memory_MB": 2510,
  "training_duration": "00:01:13",
  "training_start_epoch": 0,
  "training_epochs": 2,
  "epoch": 2,
  "training_1_P": 0.8274894810659187,
  "training_1_R": 0.9007633587786259,
  "training_1_F1": 0.8625730994151548,
  "training_0_P": 0.8911222780569514,
  "training_0_R": 0.8122137404580153,
  "training_0_F1": 0.8498402555910045,
  "training_accuracy": 0.8564885496183207,
  "training_average_F1": 0.8562066775030797,
  "training_loss": 0.3624938106754931,
  "training_cpu_memory_MB": 2643.024,
  "training_gpu_0_memory_MB": 2510,
  "validation_1_P": 0.8311688311688312,
  "validation_1_R": 0.7901234567901234,
  "validation_1_F1": 0.8101265822784312,
  "validation_0_P": 0.8,
  "validation_0_R": 0.8395061728395061,
  "validation_0_F1": 0.8192771084336851,
  "validation_accuracy": 0.8148148148148148,
  "validation_average_F1": 0.8147018453560582,
  "validation_loss": 0.4684338935396888,
  "best_epoch": 2,
  "best_validation_1_P": 0.8311688311688312,
  "best_validation_1_R": 0.7901234567901234,
  "best_validation_1_F1": 0.8101265822784312,
  "best_validation_0_P": 0.8,
  "best_validation_0_R": 0.8395061728395061,
  "best_validation_0_F1": 0.8192771084336851,
  "best_validation_accuracy": 0.8148148148148148,
  "best_validation_average_F1": 0.8147018453560582,
  "best_validation_loss": 0.4684338935396888
}