{
  "peak_cpu_memory_MB": 2643.024,
  "peak_gpu_0_memory_MB": 2510,
  "training_duration": "00:02:08",
  "training_start_epoch": 0,
  "training_epochs": 4,
  "epoch": 4,
  "training_1_P": 0.8731778425655977,
  "training_1_R": 0.9145038167938931,
  "training_1_F1": 0.8933631618194877,
  "training_0_P": 0.9102564102564102,
  "training_0_R": 0.867175572519084,
  "training_0_F1": 0.8881939014854855,
  "training_accuracy": 0.8908396946564886,
  "training_average_F1": 0.8907785316524865,
  "training_loss": 0.287616312049511,
  "training_cpu_memory_MB": 2643.024,
  "training_gpu_0_memory_MB": 2510,
  "validation_1_P": 0.797752808988764,
  "validation_1_R": 0.8765432098765432,
  "validation_1_F1": 0.8352941176470089,
  "validation_0_P": 0.863013698630137,
  "validation_0_R": 0.7777777777777778,
  "validation_0_F1": 0.8181818181817684,
  "validation_accuracy": 0.8271604938271605,
  "validation_average_F1": 0.8267379679143887,
  "validation_loss": 0.48224972730333154,
  "best_epoch": 3,
  "best_validation_1_P": 0.8333333333333334,
  "best_validation_1_R": 0.8641975308641975,
  "best_validation_1_F1": 0.8484848484847984,
  "best_validation_0_P": 0.8589743589743589,
  "best_validation_0_R": 0.8271604938271605,
  "best_validation_0_F1": 0.8427672955974342,
  "best_validation_accuracy": 0.845679012345679,
  "best_validation_average_F1": 0.8456260720411164,
  "best_validation_loss": 0.4926051050424576
}