{
  "peak_cpu_memory_MB": 2643.024,
  "peak_gpu_0_memory_MB": 1241,
  "training_duration": "00:00:22",
  "training_start_epoch": 0,
  "training_epochs": 0,
  "epoch": 0,
  "training_1_P": 0.721259842519685,
  "training_1_R": 0.6992366412213741,
  "training_1_F1": 0.710077519379795,
  "training_0_P": 0.7081481481481482,
  "training_0_R": 0.7297709923664122,
  "training_0_F1": 0.718796992481153,
  "training_accuracy": 0.7145038167938931,
  "training_average_F1": 0.714437255930474,
  "training_loss": 0.5701867930772828,
  "training_cpu_memory_MB": 2643.024,
  "training_gpu_0_memory_MB": 1241,
  "validation_1_P": 0.7419354838709677,
  "validation_1_R": 0.8518518518518519,
  "validation_1_F1": 0.7931034482758124,
  "validation_0_P": 0.8260869565217391,
  "validation_0_R": 0.7037037037037037,
  "validation_0_F1": 0.7599999999999504,
  "validation_accuracy": 0.7777777777777778,
  "validation_average_F1": 0.7765517241378814,
  "validation_loss": 0.4750448384068229,
  "best_epoch": 0,
  "best_validation_1_P": 0.7419354838709677,
  "best_validation_1_R": 0.8518518518518519,
  "best_validation_1_F1": 0.7931034482758124,
  "best_validation_0_P": 0.8260869565217391,
  "best_validation_0_R": 0.7037037037037037,
  "best_validation_0_F1": 0.7599999999999504,
  "best_validation_accuracy": 0.7777777777777778,
  "best_validation_average_F1": 0.7765517241378814,
  "best_validation_loss": 0.4750448384068229
}