{
  "peak_cpu_memory_MB": 2643.024,
  "peak_gpu_0_memory_MB": 2510,
  "training_duration": "00:01:41",
  "training_start_epoch": 0,
  "training_epochs": 3,
  "epoch": 3,
  "training_1_P": 0.8447024673439768,
  "training_1_R": 0.8885496183206106,
  "training_1_F1": 0.8660714285713786,
  "training_0_P": 0.8824476650563607,
  "training_0_R": 0.8366412213740458,
  "training_0_F1": 0.858934169278947,
  "training_accuracy": 0.8625954198473282,
  "training_average_F1": 0.8625027989251628,
  "training_loss": 0.3283817322879303,
  "training_cpu_memory_MB": 2643.024,
  "training_gpu_0_memory_MB": 2510,
  "validation_1_P": 0.8333333333333334,
  "validation_1_R": 0.8641975308641975,
  "validation_1_F1": 0.8484848484847984,
  "validation_0_P": 0.8589743589743589,
  "validation_0_R": 0.8271604938271605,
  "validation_0_F1": 0.8427672955974342,
  "validation_accuracy": 0.845679012345679,
  "validation_average_F1": 0.8456260720411164,
  "validation_loss": 0.4926051050424576,
  "best_epoch": 3,
  "best_validation_1_P": 0.8333333333333334,
  "best_validation_1_R": 0.8641975308641975,
  "best_validation_1_F1": 0.8484848484847984,
  "best_validation_0_P": 0.8589743589743589,
  "best_validation_0_R": 0.8271604938271605,
  "best_validation_0_F1": 0.8427672955974342,
  "best_validation_accuracy": 0.845679012345679,
  "best_validation_average_F1": 0.8456260720411164,
  "best_validation_loss": 0.4926051050424576
}