{
  "peak_cpu_memory_MB": 2643.024,
  "peak_gpu_0_memory_MB": 2510,
  "training_duration": "00:02:32",
  "training_start_epoch": 0,
  "training_epochs": 5,
  "epoch": 5,
  "training_1_P": 0.8887240356083086,
  "training_1_R": 0.9145038167938931,
  "training_1_F1": 0.9014296463505895,
  "training_0_P": 0.9119496855345912,
  "training_0_R": 0.8854961832061069,
  "training_0_F1": 0.8985282726568052,
  "training_accuracy": 0.9,
  "training_average_F1": 0.8999789595036973,
  "training_loss": 0.26889511515817993,
  "training_cpu_memory_MB": 2643.024,
  "training_gpu_0_memory_MB": 2510,
  "validation_1_P": 0.7789473684210526,
  "validation_1_R": 0.9135802469135802,
  "validation_1_F1": 0.8409090909090413,
  "validation_0_P": 0.8955223880597015,
  "validation_0_R": 0.7407407407407407,
  "validation_0_F1": 0.8108108108107612,
  "validation_accuracy": 0.8271604938271605,
  "validation_average_F1": 0.8258599508599013,
  "validation_loss": 0.5413519875569777,
  "best_epoch": 3,
  "best_validation_1_P": 0.8333333333333334,
  "best_validation_1_R": 0.8641975308641975,
  "best_validation_1_F1": 0.8484848484847984,
  "best_validation_0_P": 0.8589743589743589,
  "best_validation_0_R": 0.8271604938271605,
  "best_validation_0_F1": 0.8427672955974342,
  "best_validation_accuracy": 0.845679012345679,
  "best_validation_average_F1": 0.8456260720411164,
  "best_validation_loss": 0.4926051050424576
}