{
  "peak_cpu_memory_MB": 2643.024,
  "peak_gpu_0_memory_MB": 2510,
  "training_duration": "00:02:55",
  "training_start_epoch": 0,
  "training_epochs": 6,
  "epoch": 6,
  "training_1_P": 0.9019033674963397,
  "training_1_R": 0.9404580152671755,
  "training_1_F1": 0.9207772795216241,
  "training_0_P": 0.937799043062201,
  "training_0_R": 0.8977099236641222,
  "training_0_F1": 0.9173166926676568,
  "training_accuracy": 0.9190839694656489,
  "training_average_F1": 0.9190469860946404,
  "training_loss": 0.23594307799528286,
  "training_cpu_memory_MB": 2643.024,
  "training_gpu_0_memory_MB": 2510,
  "validation_1_P": 0.825,
  "validation_1_R": 0.8148148148148148,
  "validation_1_F1": 0.8198757763974656,
  "validation_0_P": 0.8170731707317073,
  "validation_0_R": 0.8271604938271605,
  "validation_0_F1": 0.8220858895705022,
  "validation_accuracy": 0.8209876543209876,
  "validation_average_F1": 0.8209808329839838,
  "validation_loss": 0.5074736618182876,
  "best_epoch": 3,
  "best_validation_1_P": 0.8333333333333334,
  "best_validation_1_R": 0.8641975308641975,
  "best_validation_1_F1": 0.8484848484847984,
  "best_validation_0_P": 0.8589743589743589,
  "best_validation_0_R": 0.8271604938271605,
  "best_validation_0_F1": 0.8427672955974342,
  "best_validation_accuracy": 0.845679012345679,
  "best_validation_average_F1": 0.8456260720411164,
  "best_validation_loss": 0.4926051050424576
}