{
  "peak_cpu_memory_MB": 2643.024,
  "peak_gpu_0_memory_MB": 2510,
  "training_duration": "00:00:45",
  "training_start_epoch": 0,
  "training_epochs": 1,
  "epoch": 1,
  "training_1_P": 0.8005698005698005,
  "training_1_R": 0.8580152671755725,
  "training_1_F1": 0.8282977155489553,
  "training_0_P": 0.8470394736842105,
  "training_0_R": 0.7862595419847328,
  "training_0_F1": 0.8155186064924284,
  "training_accuracy": 0.8221374045801527,
  "training_average_F1": 0.8219081610206918,
  "training_loss": 0.42263366354674825,
  "training_cpu_memory_MB": 2643.024,
  "training_gpu_0_memory_MB": 2510,
  "validation_1_P": 0.7951807228915663,
  "validation_1_R": 0.8148148148148148,
  "validation_1_F1": 0.8048780487804378,
  "validation_0_P": 0.810126582278481,
  "validation_0_R": 0.7901234567901234,
  "validation_0_F1": 0.7999999999999501,
  "validation_accuracy": 0.8024691358024691,
  "validation_average_F1": 0.802439024390194,
  "validation_loss": 0.3911669999361038,
  "best_epoch": 1,
  "best_validation_1_P": 0.7951807228915663,
  "best_validation_1_R": 0.8148148148148148,
  "best_validation_1_F1": 0.8048780487804378,
  "best_validation_0_P": 0.810126582278481,
  "best_validation_0_R": 0.7901234567901234,
  "best_validation_0_F1": 0.7999999999999501,
  "best_validation_accuracy": 0.8024691358024691,
  "best_validation_average_F1": 0.802439024390194,
  "best_validation_loss": 0.3911669999361038
}