{
  "peak_cpu_memory_MB": 5766.248,
  "peak_gpu_0_memory_MB": 11,
  "peak_gpu_1_memory_MB": 11,
  "peak_gpu_2_memory_MB": 11,
  "peak_gpu_3_memory_MB": 11,
  "peak_gpu_4_memory_MB": 11,
  "peak_gpu_5_memory_MB": 11,
  "peak_gpu_6_memory_MB": 1894,
  "peak_gpu_7_memory_MB": 11,
  "peak_gpu_8_memory_MB": 11,
  "peak_gpu_9_memory_MB": 11,
  "peak_gpu_10_memory_MB": 11,
  "peak_gpu_11_memory_MB": 11,
  "peak_gpu_12_memory_MB": 11,
  "peak_gpu_13_memory_MB": 11,
  "peak_gpu_14_memory_MB": 11,
  "peak_gpu_15_memory_MB": 11,
  "training_duration": "00:01:04",
  "training_start_epoch": 0,
  "training_epochs": 1,
  "epoch": 1,
  "training_1_P": 0.8473837209302325,
  "training_1_R": 0.8900763358778626,
  "training_1_F1": 0.8682055100520721,
  "training_0_P": 0.8842443729903537,
  "training_0_R": 0.8396946564885496,
  "training_0_F1": 0.8613938919341708,
  "training_accuracy": 0.8648854961832061,
  "training_average_F1": 0.8647997009931214,
  "training_loss": 0.3330451206463139,
  "training_cpu_memory_MB": 5766.248,
  "training_gpu_0_memory_MB": 11,
  "training_gpu_1_memory_MB": 11,
  "training_gpu_2_memory_MB": 11,
  "training_gpu_3_memory_MB": 11,
  "training_gpu_4_memory_MB": 11,
  "training_gpu_5_memory_MB": 11,
  "training_gpu_6_memory_MB": 1894,
  "training_gpu_7_memory_MB": 11,
  "training_gpu_8_memory_MB": 11,
  "training_gpu_9_memory_MB": 11,
  "training_gpu_10_memory_MB": 11,
  "training_gpu_11_memory_MB": 11,
  "training_gpu_12_memory_MB": 11,
  "training_gpu_13_memory_MB": 11,
  "training_gpu_14_memory_MB": 11,
  "training_gpu_15_memory_MB": 11,
  "validation_1_P": 0.855072463768116,
  "validation_1_R": 0.7283950617283951,
  "validation_1_F1": 0.7866666666666171,
  "validation_0_P": 0.7634408602150538,
  "validation_0_R": 0.8765432098765432,
  "validation_0_F1": 0.8160919540229388,
  "validation_accuracy": 0.8024691358024691,
  "validation_average_F1": 0.8013793103447779,
  "validation_loss": 0.40313270552591846,
  "best_epoch": 1,
  "best_validation_1_P": 0.855072463768116,
  "best_validation_1_R": 0.7283950617283951,
  "best_validation_1_F1": 0.7866666666666171,
  "best_validation_0_P": 0.7634408602150538,
  "best_validation_0_R": 0.8765432098765432,
  "best_validation_0_F1": 0.8160919540229388,
  "best_validation_accuracy": 0.8024691358024691,
  "best_validation_average_F1": 0.8013793103447779,
  "best_validation_loss": 0.40313270552591846
}