{
  "peak_cpu_memory_MB": 5766.248,
  "peak_gpu_0_memory_MB": 11,
  "peak_gpu_1_memory_MB": 11,
  "peak_gpu_2_memory_MB": 11,
  "peak_gpu_3_memory_MB": 11,
  "peak_gpu_4_memory_MB": 11,
  "peak_gpu_5_memory_MB": 11,
  "peak_gpu_6_memory_MB": 1894,
  "peak_gpu_7_memory_MB": 11,
  "peak_gpu_8_memory_MB": 11,
  "peak_gpu_9_memory_MB": 11,
  "peak_gpu_10_memory_MB": 11,
  "peak_gpu_11_memory_MB": 11,
  "peak_gpu_12_memory_MB": 11,
  "peak_gpu_13_memory_MB": 11,
  "peak_gpu_14_memory_MB": 11,
  "peak_gpu_15_memory_MB": 11,
  "training_duration": "00:02:16",
  "training_start_epoch": 0,
  "training_epochs": 3,
  "epoch": 3,
  "training_1_P": 0.9537313432835821,
  "training_1_R": 0.9755725190839695,
  "training_1_F1": 0.9645283018867425,
  "training_0_P": 0.975,
  "training_0_R": 0.9526717557251908,
  "training_0_F1": 0.9637065637065138,
  "training_accuracy": 0.9641221374045802,
  "training_average_F1": 0.9641174327966282,
  "training_loss": 0.09820371959358454,
  "training_cpu_memory_MB": 5766.248,
  "training_gpu_0_memory_MB": 11,
  "training_gpu_1_memory_MB": 11,
  "training_gpu_2_memory_MB": 11,
  "training_gpu_3_memory_MB": 11,
  "training_gpu_4_memory_MB": 11,
  "training_gpu_5_memory_MB": 11,
  "training_gpu_6_memory_MB": 1894,
  "training_gpu_7_memory_MB": 11,
  "training_gpu_8_memory_MB": 11,
  "training_gpu_9_memory_MB": 11,
  "training_gpu_10_memory_MB": 11,
  "training_gpu_11_memory_MB": 11,
  "training_gpu_12_memory_MB": 11,
  "training_gpu_13_memory_MB": 11,
  "training_gpu_14_memory_MB": 11,
  "training_gpu_15_memory_MB": 11,
  "validation_1_P": 0.8620689655172413,
  "validation_1_R": 0.6172839506172839,
  "validation_1_F1": 0.7194244604316061,
  "validation_0_P": 0.7019230769230769,
  "validation_0_R": 0.9012345679012346,
  "validation_0_F1": 0.7891891891891399,
  "validation_accuracy": 0.7592592592592593,
  "validation_average_F1": 0.754306824810373,
  "validation_loss": 0.5853240286762064,
  "best_epoch": 1,
  "best_validation_1_P": 0.855072463768116,
  "best_validation_1_R": 0.7283950617283951,
  "best_validation_1_F1": 0.7866666666666171,
  "best_validation_0_P": 0.7634408602150538,
  "best_validation_0_R": 0.8765432098765432,
  "best_validation_0_F1": 0.8160919540229388,
  "best_validation_accuracy": 0.8024691358024691,
  "best_validation_average_F1": 0.8013793103447779,
  "best_validation_loss": 0.40313270552591846
}