{
  "peak_cpu_memory_MB": 5766.248,
  "peak_gpu_0_memory_MB": 11,
  "peak_gpu_1_memory_MB": 11,
  "peak_gpu_2_memory_MB": 11,
  "peak_gpu_3_memory_MB": 11,
  "peak_gpu_4_memory_MB": 11,
  "peak_gpu_5_memory_MB": 11,
  "peak_gpu_6_memory_MB": 1894,
  "peak_gpu_7_memory_MB": 11,
  "peak_gpu_8_memory_MB": 11,
  "peak_gpu_9_memory_MB": 11,
  "peak_gpu_10_memory_MB": 11,
  "peak_gpu_11_memory_MB": 11,
  "peak_gpu_12_memory_MB": 11,
  "peak_gpu_13_memory_MB": 11,
  "peak_gpu_14_memory_MB": 11,
  "peak_gpu_15_memory_MB": 11,
  "training_duration": "00:01:44",
  "training_start_epoch": 0,
  "training_epochs": 2,
  "epoch": 2,
  "training_1_P": 0.9069423929098966,
  "training_1_R": 0.9374045801526718,
  "training_1_F1": 0.921921921921872,
  "training_0_P": 0.9352290679304898,
  "training_0_R": 0.9038167938931297,
  "training_0_F1": 0.9192546583850432,
  "training_accuracy": 0.9206106870229007,
  "training_average_F1": 0.9205882901534576,
  "training_loss": 0.2078288404452728,
  "training_cpu_memory_MB": 5766.248,
  "training_gpu_0_memory_MB": 11,
  "training_gpu_1_memory_MB": 11,
  "training_gpu_2_memory_MB": 11,
  "training_gpu_3_memory_MB": 11,
  "training_gpu_4_memory_MB": 11,
  "training_gpu_5_memory_MB": 11,
  "training_gpu_6_memory_MB": 1894,
  "training_gpu_7_memory_MB": 11,
  "training_gpu_8_memory_MB": 11,
  "training_gpu_9_memory_MB": 11,
  "training_gpu_10_memory_MB": 11,
  "training_gpu_11_memory_MB": 11,
  "training_gpu_12_memory_MB": 11,
  "training_gpu_13_memory_MB": 11,
  "training_gpu_14_memory_MB": 11,
  "training_gpu_15_memory_MB": 11,
  "validation_1_P": 0.847457627118644,
  "validation_1_R": 0.6172839506172839,
  "validation_1_F1": 0.7142857142856656,
  "validation_0_P": 0.6990291262135923,
  "validation_0_R": 0.8888888888888888,
  "validation_0_F1": 0.7826086956521245,
  "validation_accuracy": 0.7530864197530864,
  "validation_average_F1": 0.748447204968895,
  "validation_loss": 0.5173671760342338,
  "best_epoch": 1,
  "best_validation_1_P": 0.855072463768116,
  "best_validation_1_R": 0.7283950617283951,
  "best_validation_1_F1": 0.7866666666666171,
  "best_validation_0_P": 0.7634408602150538,
  "best_validation_0_R": 0.8765432098765432,
  "best_validation_0_F1": 0.8160919540229388,
  "best_validation_accuracy": 0.8024691358024691,
  "best_validation_average_F1": 0.8013793103447779,
  "best_validation_loss": 0.40313270552591846
}