{
  "peak_cpu_memory_MB": 3071.096,
  "peak_gpu_0_memory_MB": 2590,
  "training_duration": "00:01:32",
  "training_start_epoch": 0,
  "training_epochs": 3,
  "epoch": 3,
  "training_1_P": 0.9429429429429429,
  "training_1_R": 0.9587786259541985,
  "training_1_F1": 0.9507948523845072,
  "training_0_P": 0.9580745341614907,
  "training_0_R": 0.9419847328244275,
  "training_0_F1": 0.9499615088529139,
  "training_accuracy": 0.950381679389313,
  "training_average_F1": 0.9503781806187106,
  "training_loss": 0.1568912889626695,
  "training_cpu_memory_MB": 3071.096,
  "training_gpu_0_memory_MB": 2590,
  "validation_1_P": 0.8961038961038961,
  "validation_1_R": 0.8518518518518519,
  "validation_1_F1": 0.8734177215189374,
  "validation_0_P": 0.8588235294117647,
  "validation_0_R": 0.9012345679012346,
  "validation_0_F1": 0.8795180722891066,
  "validation_accuracy": 0.8765432098765432,
  "validation_average_F1": 0.876467896904022,
  "validation_loss": 0.5135510211641138,
  "best_epoch": 3,
  "best_validation_1_P": 0.8961038961038961,
  "best_validation_1_R": 0.8518518518518519,
  "best_validation_1_F1": 0.8734177215189374,
  "best_validation_0_P": 0.8588235294117647,
  "best_validation_0_R": 0.9012345679012346,
  "best_validation_0_F1": 0.8795180722891066,
  "best_validation_accuracy": 0.8765432098765432,
  "best_validation_average_F1": 0.876467896904022,
  "best_validation_loss": 0.5135510211641138
}