{
  "peak_cpu_memory_MB": 3071.096,
  "peak_gpu_0_memory_MB": 2506,
  "training_duration": "00:00:45",
  "training_start_epoch": 0,
  "training_epochs": 1,
  "epoch": 1,
  "training_1_P": 0.8864306784660767,
  "training_1_R": 0.917557251908397,
  "training_1_F1": 0.9017254313577895,
  "training_0_P": 0.9145569620253164,
  "training_0_R": 0.8824427480916031,
  "training_0_F1": 0.8982128982128482,
  "training_accuracy": 0.9,
  "training_average_F1": 0.8999691647853189,
  "training_loss": 0.27622391020015974,
  "training_cpu_memory_MB": 3071.096,
  "training_gpu_0_memory_MB": 2506,
  "validation_1_P": 0.8918918918918919,
  "validation_1_R": 0.8148148148148148,
  "validation_1_F1": 0.8516129032257566,
  "validation_0_P": 0.8295454545454546,
  "validation_0_R": 0.9012345679012346,
  "validation_0_F1": 0.8639053254437372,
  "validation_accuracy": 0.8580246913580247,
  "validation_average_F1": 0.8577591143347469,
  "validation_loss": 0.4549903341315009,
  "best_epoch": 0,
  "best_validation_1_P": 0.8390804597701149,
  "best_validation_1_R": 0.9012345679012346,
  "best_validation_1_F1": 0.8690476190475692,
  "best_validation_0_P": 0.8933333333333333,
  "best_validation_0_R": 0.8271604938271605,
  "best_validation_0_F1": 0.8589743589743091,
  "best_validation_accuracy": 0.8641975308641975,
  "best_validation_average_F1": 0.8640109890109391,
  "best_validation_loss": 0.3081619590520859
}