{
  "peak_cpu_memory_MB": 3363.392,
  "peak_gpu_0_memory_MB": 11,
  "peak_gpu_1_memory_MB": 11,
  "peak_gpu_2_memory_MB": 11,
  "peak_gpu_3_memory_MB": 11,
  "peak_gpu_4_memory_MB": 11,
  "peak_gpu_5_memory_MB": 11,
  "peak_gpu_6_memory_MB": 11,
  "peak_gpu_7_memory_MB": 11,
  "peak_gpu_8_memory_MB": 11,
  "peak_gpu_9_memory_MB": 11,
  "peak_gpu_10_memory_MB": 11,
  "peak_gpu_11_memory_MB": 11,
  "peak_gpu_12_memory_MB": 11,
  "peak_gpu_13_memory_MB": 11,
  "peak_gpu_14_memory_MB": 11,
  "peak_gpu_15_memory_MB": 4554,
  "training_duration": "00:40:21",
  "training_start_epoch": 0,
  "training_epochs": 3,
  "epoch": 3,
  "training_joy_F1": 0.9655126980466578,
  "training_sadness_F1": 0.874088669950689,
  "training_fear_F1": 0.8484029721122728,
  "training_anger_F1": 0.8286808976463651,
  "training_surprise_F1": 0.795976466122554,
  "training_disgust_F1": 0.856767986004761,
  "training_trust_F1": 0.9307211811470256,
  "training_anticipation_F1": 0.8316366483946251,
  "training_accuracy": 0.898145993328679,
  "training_average_F1": 0.8664734399281189,
  "training_loss": 0.31231401947606585,
  "training_cpu_memory_MB": 3363.392,
  "training_gpu_0_memory_MB": 11,
  "training_gpu_1_memory_MB": 11,
  "training_gpu_2_memory_MB": 11,
  "training_gpu_3_memory_MB": 11,
  "training_gpu_4_memory_MB": 11,
  "training_gpu_5_memory_MB": 11,
  "training_gpu_6_memory_MB": 11,
  "training_gpu_7_memory_MB": 11,
  "training_gpu_8_memory_MB": 11,
  "training_gpu_9_memory_MB": 11,
  "training_gpu_10_memory_MB": 11,
  "training_gpu_11_memory_MB": 11,
  "training_gpu_12_memory_MB": 11,
  "training_gpu_13_memory_MB": 11,
  "training_gpu_14_memory_MB": 11,
  "training_gpu_15_memory_MB": 4554,
  "validation_joy_F1": 0.8209074024939803,
  "validation_sadness_F1": 0.5659033078879909,
  "validation_fear_F1": 0.3876651982378363,
  "validation_anger_F1": 0.37531486146090803,
  "validation_surprise_F1": 0.29464285714280714,
  "validation_disgust_F1": 0.36630036630031715,
  "validation_trust_F1": 0.6476578411404798,
  "validation_anticipation_F1": 0.3061224489795419,
  "validation_accuracy": 0.5948686116283881,
  "validation_average_F1": 0.4705642854554826,
  "validation_loss": 1.5358988010253842,
  "best_epoch": 3,
  "best_validation_joy_F1": 0.8209074024939803,
  "best_validation_sadness_F1": 0.5659033078879909,
  "best_validation_fear_F1": 0.3876651982378363,
  "best_validation_anger_F1": 0.37531486146090803,
  "best_validation_surprise_F1": 0.29464285714280714,
  "best_validation_disgust_F1": 0.36630036630031715,
  "best_validation_trust_F1": 0.6476578411404798,
  "best_validation_anticipation_F1": 0.3061224489795419,
  "best_validation_accuracy": 0.5948686116283881,
  "best_validation_average_F1": 0.4705642854554826,
  "best_validation_loss": 1.5358988010253842
}