{
  "peak_cpu_memory_MB": 3363.392,
  "peak_gpu_0_memory_MB": 11,
  "peak_gpu_1_memory_MB": 11,
  "peak_gpu_2_memory_MB": 11,
  "peak_gpu_3_memory_MB": 11,
  "peak_gpu_4_memory_MB": 11,
  "peak_gpu_5_memory_MB": 11,
  "peak_gpu_6_memory_MB": 11,
  "peak_gpu_7_memory_MB": 11,
  "peak_gpu_8_memory_MB": 11,
  "peak_gpu_9_memory_MB": 11,
  "peak_gpu_10_memory_MB": 11,
  "peak_gpu_11_memory_MB": 11,
  "peak_gpu_12_memory_MB": 11,
  "peak_gpu_13_memory_MB": 11,
  "peak_gpu_14_memory_MB": 11,
  "peak_gpu_15_memory_MB": 4554,
  "training_duration": "00:30:15",
  "training_start_epoch": 0,
  "training_epochs": 2,
  "epoch": 2,
  "training_joy_F1": 0.9291548699924652,
  "training_sadness_F1": 0.7669601570912279,
  "training_fear_F1": 0.6975971869505263,
  "training_anger_F1": 0.6685531031880279,
  "training_surprise_F1": 0.6073805202661334,
  "training_disgust_F1": 0.7321063394682529,
  "training_trust_F1": 0.8521187662149976,
  "training_anticipation_F1": 0.6783103168155473,
  "training_accuracy": 0.804256199415613,
  "training_average_F1": 0.7415226574983973,
  "training_loss": 0.5786450036467847,
  "training_cpu_memory_MB": 3363.392,
  "training_gpu_0_memory_MB": 11,
  "training_gpu_1_memory_MB": 11,
  "training_gpu_2_memory_MB": 11,
  "training_gpu_3_memory_MB": 11,
  "training_gpu_4_memory_MB": 11,
  "training_gpu_5_memory_MB": 11,
  "training_gpu_6_memory_MB": 11,
  "training_gpu_7_memory_MB": 11,
  "training_gpu_8_memory_MB": 11,
  "training_gpu_9_memory_MB": 11,
  "training_gpu_10_memory_MB": 11,
  "training_gpu_11_memory_MB": 11,
  "training_gpu_12_memory_MB": 11,
  "training_gpu_13_memory_MB": 11,
  "training_gpu_14_memory_MB": 11,
  "training_gpu_15_memory_MB": 4554,
  "validation_joy_F1": 0.8294349540078345,
  "validation_sadness_F1": 0.5688073394494925,
  "validation_fear_F1": 0.374545454545406,
  "validation_anger_F1": 0.34008097165987705,
  "validation_surprise_F1": 0.3328998699609388,
  "validation_disgust_F1": 0.38178633975476645,
  "validation_trust_F1": 0.6515463917525275,
  "validation_anticipation_F1": 0.26717557251903434,
  "validation_accuracy": 0.6037657769501344,
  "validation_average_F1": 0.46828461170623464,
  "validation_loss": 1.3155411532019625,
  "best_epoch": 2,
  "best_validation_joy_F1": 0.8294349540078345,
  "best_validation_sadness_F1": 0.5688073394494925,
  "best_validation_fear_F1": 0.374545454545406,
  "best_validation_anger_F1": 0.34008097165987705,
  "best_validation_surprise_F1": 0.3328998699609388,
  "best_validation_disgust_F1": 0.38178633975476645,
  "best_validation_trust_F1": 0.6515463917525275,
  "best_validation_anticipation_F1": 0.26717557251903434,
  "best_validation_accuracy": 0.6037657769501344,
  "best_validation_average_F1": 0.46828461170623464,
  "best_validation_loss": 1.3155411532019625
}