{
  "peak_cpu_memory_MB": 3363.392,
  "peak_gpu_0_memory_MB": 11,
  "peak_gpu_1_memory_MB": 11,
  "peak_gpu_2_memory_MB": 11,
  "peak_gpu_3_memory_MB": 11,
  "peak_gpu_4_memory_MB": 11,
  "peak_gpu_5_memory_MB": 11,
  "peak_gpu_6_memory_MB": 11,
  "peak_gpu_7_memory_MB": 11,
  "peak_gpu_8_memory_MB": 11,
  "peak_gpu_9_memory_MB": 11,
  "peak_gpu_10_memory_MB": 11,
  "peak_gpu_11_memory_MB": 11,
  "peak_gpu_12_memory_MB": 11,
  "peak_gpu_13_memory_MB": 11,
  "peak_gpu_14_memory_MB": 11,
  "peak_gpu_15_memory_MB": 4508,
  "training_duration": "00:20:09",
  "training_start_epoch": 0,
  "training_epochs": 1,
  "epoch": 1,
  "training_joy_F1": 0.8730565846552809,
  "training_sadness_F1": 0.6516025450436566,
  "training_fear_F1": 0.5339578454332055,
  "training_anger_F1": 0.48451730418938616,
  "training_surprise_F1": 0.39099795408042604,
  "training_disgust_F1": 0.5682850992585015,
  "training_trust_F1": 0.7253141831238282,
  "training_anticipation_F1": 0.488515901060022,
  "training_accuracy": 0.6954981511648954,
  "training_average_F1": 0.5895309271055382,
  "training_loss": 0.877118387850382,
  "training_cpu_memory_MB": 3363.392,
  "training_gpu_0_memory_MB": 11,
  "training_gpu_1_memory_MB": 11,
  "training_gpu_2_memory_MB": 11,
  "training_gpu_3_memory_MB": 11,
  "training_gpu_4_memory_MB": 11,
  "training_gpu_5_memory_MB": 11,
  "training_gpu_6_memory_MB": 11,
  "training_gpu_7_memory_MB": 11,
  "training_gpu_8_memory_MB": 11,
  "training_gpu_9_memory_MB": 11,
  "training_gpu_10_memory_MB": 11,
  "training_gpu_11_memory_MB": 11,
  "training_gpu_12_memory_MB": 11,
  "training_gpu_13_memory_MB": 11,
  "training_gpu_14_memory_MB": 11,
  "training_gpu_15_memory_MB": 4508,
  "validation_joy_F1": 0.8303284761669051,
  "validation_sadness_F1": 0.5607580824971631,
  "validation_fear_F1": 0.44603381014299426,
  "validation_anger_F1": 0.4447761194029351,
  "validation_surprise_F1": 0.2133333333332973,
  "validation_disgust_F1": 0.39259259259254364,
  "validation_trust_F1": 0.6509635974303569,
  "validation_anticipation_F1": 0.10126582278479192,
  "validation_accuracy": 0.6186633560935237,
  "validation_average_F1": 0.4550064792938734,
  "validation_loss": 1.115877264502025,
  "best_epoch": 1,
  "best_validation_joy_F1": 0.8303284761669051,
  "best_validation_sadness_F1": 0.5607580824971631,
  "best_validation_fear_F1": 0.44603381014299426,
  "best_validation_anger_F1": 0.4447761194029351,
  "best_validation_surprise_F1": 0.2133333333332973,
  "best_validation_disgust_F1": 0.39259259259254364,
  "best_validation_trust_F1": 0.6509635974303569,
  "best_validation_anticipation_F1": 0.10126582278479192,
  "best_validation_accuracy": 0.6186633560935237,
  "best_validation_average_F1": 0.4550064792938734,
  "best_validation_loss": 1.115877264502025
}