{
  "peak_cpu_memory_MB": 3363.392,
  "peak_gpu_0_memory_MB": 11,
  "peak_gpu_1_memory_MB": 11,
  "peak_gpu_2_memory_MB": 11,
  "peak_gpu_3_memory_MB": 11,
  "peak_gpu_4_memory_MB": 11,
  "peak_gpu_5_memory_MB": 11,
  "peak_gpu_6_memory_MB": 11,
  "peak_gpu_7_memory_MB": 11,
  "peak_gpu_8_memory_MB": 11,
  "peak_gpu_9_memory_MB": 11,
  "peak_gpu_10_memory_MB": 11,
  "peak_gpu_11_memory_MB": 11,
  "peak_gpu_12_memory_MB": 11,
  "peak_gpu_13_memory_MB": 11,
  "peak_gpu_14_memory_MB": 11,
  "peak_gpu_15_memory_MB": 793,
  "training_duration": "00:10:05",
  "training_start_epoch": 0,
  "training_epochs": 0,
  "epoch": 0,
  "training_joy_F1": 0.7951222399810078,
  "training_sadness_F1": 0.5564480142792911,
  "training_fear_F1": 0.36167922497304006,
  "training_anger_F1": 0.3136609452150972,
  "training_surprise_F1": 0.1899441340781769,
  "training_disgust_F1": 0.3858811040339235,
  "training_trust_F1": 0.5265320095857108,
  "training_anticipation_F1": 0.22857142857138835,
  "training_accuracy": 0.5898430429498617,
  "training_average_F1": 0.4197298875897045,
  "training_loss": 1.1832401796103116,
  "training_cpu_memory_MB": 3363.392,
  "training_gpu_0_memory_MB": 11,
  "training_gpu_1_memory_MB": 11,
  "training_gpu_2_memory_MB": 11,
  "training_gpu_3_memory_MB": 11,
  "training_gpu_4_memory_MB": 11,
  "training_gpu_5_memory_MB": 11,
  "training_gpu_6_memory_MB": 11,
  "training_gpu_7_memory_MB": 11,
  "training_gpu_8_memory_MB": 11,
  "training_gpu_9_memory_MB": 11,
  "training_gpu_10_memory_MB": 11,
  "training_gpu_11_memory_MB": 11,
  "training_gpu_12_memory_MB": 11,
  "training_gpu_13_memory_MB": 11,
  "training_gpu_14_memory_MB": 11,
  "training_gpu_15_memory_MB": 793,
  "validation_joy_F1": 0.8200980392156366,
  "validation_sadness_F1": 0.5822887181560388,
  "validation_fear_F1": 0.3184296619410704,
  "validation_anger_F1": 0.36660617059886436,
  "validation_surprise_F1": 0.15763546798026967,
  "validation_disgust_F1": 0.41340782122900144,
  "validation_trust_F1": 0.6088794926003729,
  "validation_anticipation_F1": 0.2882096069868524,
  "validation_accuracy": 0.6124560314504448,
  "validation_average_F1": 0.44444437233851336,
  "validation_loss": 1.1183482214759286,
  "best_epoch": 0,
  "best_validation_joy_F1": 0.8200980392156366,
  "best_validation_sadness_F1": 0.5822887181560388,
  "best_validation_fear_F1": 0.3184296619410704,
  "best_validation_anger_F1": 0.36660617059886436,
  "best_validation_surprise_F1": 0.15763546798026967,
  "best_validation_disgust_F1": 0.41340782122900144,
  "best_validation_trust_F1": 0.6088794926003729,
  "best_validation_anticipation_F1": 0.2882096069868524,
  "best_validation_accuracy": 0.6124560314504448,
  "best_validation_average_F1": 0.44444437233851336,
  "best_validation_loss": 1.1183482214759286
}