{
  "peak_cpu_memory_MB": 3363.392,
  "peak_gpu_0_memory_MB": 11,
  "peak_gpu_1_memory_MB": 11,
  "peak_gpu_2_memory_MB": 11,
  "peak_gpu_3_memory_MB": 11,
  "peak_gpu_4_memory_MB": 11,
  "peak_gpu_5_memory_MB": 11,
  "peak_gpu_6_memory_MB": 11,
  "peak_gpu_7_memory_MB": 11,
  "peak_gpu_8_memory_MB": 11,
  "peak_gpu_9_memory_MB": 11,
  "peak_gpu_10_memory_MB": 11,
  "peak_gpu_11_memory_MB": 11,
  "peak_gpu_12_memory_MB": 11,
  "peak_gpu_13_memory_MB": 11,
  "peak_gpu_14_memory_MB": 11,
  "peak_gpu_15_memory_MB": 4554,
  "training_duration": "01:00:31",
  "training_start_epoch": 0,
  "training_epochs": 5,
  "epoch": 5,
  "training_joy_F1": 0.9847957865447179,
  "training_sadness_F1": 0.9601564080091188,
  "training_fear_F1": 0.9517864003072877,
  "training_anger_F1": 0.9437880415323524,
  "training_surprise_F1": 0.9301134284668363,
  "training_disgust_F1": 0.9541401273884851,
  "training_trust_F1": 0.9699353751053167,
  "training_anticipation_F1": 0.9332304129679161,
  "training_accuracy": 0.9645230522586817,
  "training_average_F1": 0.9534932475402539,
  "training_loss": 0.10716099574594976,
  "training_cpu_memory_MB": 3363.392,
  "training_gpu_0_memory_MB": 11,
  "training_gpu_1_memory_MB": 11,
  "training_gpu_2_memory_MB": 11,
  "training_gpu_3_memory_MB": 11,
  "training_gpu_4_memory_MB": 11,
  "training_gpu_5_memory_MB": 11,
  "training_gpu_6_memory_MB": 11,
  "training_gpu_7_memory_MB": 11,
  "training_gpu_8_memory_MB": 11,
  "training_gpu_9_memory_MB": 11,
  "training_gpu_10_memory_MB": 11,
  "training_gpu_11_memory_MB": 11,
  "training_gpu_12_memory_MB": 11,
  "training_gpu_13_memory_MB": 11,
  "training_gpu_14_memory_MB": 11,
  "training_gpu_15_memory_MB": 4554,
  "validation_joy_F1": 0.8200207468879168,
  "validation_sadness_F1": 0.5567226890755804,
  "validation_fear_F1": 0.413109756097511,
  "validation_anger_F1": 0.3745928338761723,
  "validation_surprise_F1": 0.3087027914613629,
  "validation_disgust_F1": 0.3676222596964087,
  "validation_trust_F1": 0.5960264900661754,
  "validation_anticipation_F1": 0.31999999999995077,
  "validation_accuracy": 0.5973515414856198,
  "validation_average_F1": 0.46959969589513473,
  "validation_loss": 2.107479578886095,
  "best_epoch": 3,
  "best_validation_joy_F1": 0.8209074024939803,
  "best_validation_sadness_F1": 0.5659033078879909,
  "best_validation_fear_F1": 0.3876651982378363,
  "best_validation_anger_F1": 0.37531486146090803,
  "best_validation_surprise_F1": 0.29464285714280714,
  "best_validation_disgust_F1": 0.36630036630031715,
  "best_validation_trust_F1": 0.6476578411404798,
  "best_validation_anticipation_F1": 0.3061224489795419,
  "best_validation_accuracy": 0.5948686116283881,
  "best_validation_average_F1": 0.4705642854554826,
  "best_validation_loss": 1.5358988010253842,
  "test_joy_F1": 0.8273134721855552,
  "test_sadness_F1": 0.5667718191376999,
  "test_fear_F1": 0.4178321678321185,
  "test_anger_F1": 0.3995186522261837,
  "test_surprise_F1": 0.3228571428570928,
  "test_disgust_F1": 0.42307692307687356,
  "test_trust_F1": 0.599078341013775,
  "test_anticipation_F1": 0.3724137931033983,
  "test_accuracy": 0.606455617628802,
  "test_average_F1": 0.49110778892908713,
  "test_loss": 1.4905914526076207
}