{
  "peak_cpu_memory_MB": 5764.688,
  "peak_gpu_0_memory_MB": 11,
  "peak_gpu_1_memory_MB": 2332,
  "peak_gpu_2_memory_MB": 11,
  "peak_gpu_3_memory_MB": 11,
  "peak_gpu_4_memory_MB": 11,
  "peak_gpu_5_memory_MB": 11,
  "peak_gpu_6_memory_MB": 1634,
  "peak_gpu_7_memory_MB": 11,
  "peak_gpu_8_memory_MB": 11,
  "peak_gpu_9_memory_MB": 11,
  "peak_gpu_10_memory_MB": 11,
  "peak_gpu_11_memory_MB": 2322,
  "peak_gpu_12_memory_MB": 11,
  "peak_gpu_13_memory_MB": 11,
  "peak_gpu_14_memory_MB": 11,
  "peak_gpu_15_memory_MB": 11,
  "training_duration": "00:00:30",
  "training_start_epoch": 0,
  "training_epochs": 0,
  "epoch": 0,
  "training_1_P": 0.7218045112781954,
  "training_1_R": 0.732824427480916,
  "training_1_F1": 0.7272727272726773,
  "training_0_P": 0.7286821705426356,
  "training_0_R": 0.7175572519083969,
  "training_0_F1": 0.723076923076873,
  "training_accuracy": 0.7251908396946565,
  "training_average_F1": 0.7251748251747752,
  "training_loss": 0.534837453103647,
  "training_cpu_memory_MB": 5764.688,
  "training_gpu_0_memory_MB": 11,
  "training_gpu_1_memory_MB": 2332,
  "training_gpu_2_memory_MB": 11,
  "training_gpu_3_memory_MB": 11,
  "training_gpu_4_memory_MB": 11,
  "training_gpu_5_memory_MB": 11,
  "training_gpu_6_memory_MB": 1634,
  "training_gpu_7_memory_MB": 11,
  "training_gpu_8_memory_MB": 11,
  "training_gpu_9_memory_MB": 11,
  "training_gpu_10_memory_MB": 11,
  "training_gpu_11_memory_MB": 2322,
  "training_gpu_12_memory_MB": 11,
  "training_gpu_13_memory_MB": 11,
  "training_gpu_14_memory_MB": 11,
  "training_gpu_15_memory_MB": 11,
  "validation_1_P": 0.7428571428571429,
  "validation_1_R": 0.9629629629629629,
  "validation_1_F1": 0.8387096774193057,
  "validation_0_P": 0.9473684210526315,
  "validation_0_R": 0.6666666666666666,
  "validation_0_F1": 0.7826086956521254,
  "validation_accuracy": 0.8148148148148148,
  "validation_average_F1": 0.8106591865357156,
  "validation_loss": 0.43820125406438654,
  "best_epoch": 0,
  "best_validation_1_P": 0.7428571428571429,
  "best_validation_1_R": 0.9629629629629629,
  "best_validation_1_F1": 0.8387096774193057,
  "best_validation_0_P": 0.9473684210526315,
  "best_validation_0_R": 0.6666666666666666,
  "best_validation_0_F1": 0.7826086956521254,
  "best_validation_accuracy": 0.8148148148148148,
  "best_validation_average_F1": 0.8106591865357156,
  "best_validation_loss": 0.43820125406438654
}