{
  "peak_cpu_memory_MB": 4455.232,
  "peak_gpu_0_memory_MB": 11,
  "peak_gpu_1_memory_MB": 11,
  "peak_gpu_2_memory_MB": 11,
  "peak_gpu_3_memory_MB": 11,
  "peak_gpu_4_memory_MB": 11,
  "peak_gpu_5_memory_MB": 11,
  "peak_gpu_6_memory_MB": 1924,
  "peak_gpu_7_memory_MB": 11,
  "peak_gpu_8_memory_MB": 11,
  "peak_gpu_9_memory_MB": 11,
  "peak_gpu_10_memory_MB": 11,
  "peak_gpu_11_memory_MB": 2288,
  "peak_gpu_12_memory_MB": 11,
  "peak_gpu_13_memory_MB": 11,
  "peak_gpu_14_memory_MB": 11,
  "peak_gpu_15_memory_MB": 1242,
  "training_duration": "00:03:10",
  "training_start_epoch": 0,
  "training_epochs": 4,
  "epoch": 4,
  "training_1_P": 0.9893939393939394,
  "training_1_R": 0.9969465648854962,
  "training_1_F1": 0.9931558935360717,
  "training_0_P": 0.9969230769230769,
  "training_0_R": 0.9893129770992366,
  "training_0_F1": 0.993103448275812,
  "training_accuracy": 0.9931297709923664,
  "training_average_F1": 0.9931296709059418,
  "training_loss": 0.02712512494167086,
  "training_cpu_memory_MB": 4455.232,
  "training_gpu_0_memory_MB": 11,
  "training_gpu_1_memory_MB": 11,
  "training_gpu_2_memory_MB": 11,
  "training_gpu_3_memory_MB": 11,
  "training_gpu_4_memory_MB": 11,
  "training_gpu_5_memory_MB": 11,
  "training_gpu_6_memory_MB": 1924,
  "training_gpu_7_memory_MB": 11,
  "training_gpu_8_memory_MB": 11,
  "training_gpu_9_memory_MB": 11,
  "training_gpu_10_memory_MB": 11,
  "training_gpu_11_memory_MB": 2288,
  "training_gpu_12_memory_MB": 11,
  "training_gpu_13_memory_MB": 11,
  "training_gpu_14_memory_MB": 11,
  "training_gpu_15_memory_MB": 1242,
  "validation_1_P": 0.8375,
  "validation_1_R": 0.8271604938271605,
  "validation_1_F1": 0.8322981366459128,
  "validation_0_P": 0.8292682926829268,
  "validation_0_R": 0.8395061728395061,
  "validation_0_F1": 0.8343558282208088,
  "validation_accuracy": 0.8333333333333334,
  "validation_average_F1": 0.8333269824333608,
  "validation_loss": 0.6933747250586748,
  "best_epoch": 4,
  "best_validation_1_P": 0.8375,
  "best_validation_1_R": 0.8271604938271605,
  "best_validation_1_F1": 0.8322981366459128,
  "best_validation_0_P": 0.8292682926829268,
  "best_validation_0_R": 0.8395061728395061,
  "best_validation_0_F1": 0.8343558282208088,
  "best_validation_accuracy": 0.8333333333333334,
  "best_validation_average_F1": 0.8333269824333608,
  "best_validation_loss": 0.6933747250586748
}