{
  "peak_cpu_memory_MB": 2189.224,
  "peak_gpu_0_memory_MB": 704,
  "training_duration": "00:00:20",
  "training_start_epoch": 0,
  "training_epochs": 0,
  "epoch": 0,
  "training_1_P": 0.7584683357879234,
  "training_1_R": 0.7862595419847328,
  "training_1_F1": 0.7721139430284356,
  "training_0_P": 0.7781299524564184,
  "training_0_R": 0.749618320610687,
  "training_0_F1": 0.7636080870917075,
  "training_accuracy": 0.76793893129771,
  "training_average_F1": 0.7678610150600715,
  "training_loss": 0.49142050970254875,
  "training_cpu_memory_MB": 2189.224,
  "training_gpu_0_memory_MB": 704,
  "validation_1_P": 0.8311688311688312,
  "validation_1_R": 0.7901234567901234,
  "validation_1_F1": 0.8101265822784312,
  "validation_0_P": 0.8,
  "validation_0_R": 0.8395061728395061,
  "validation_0_F1": 0.8192771084336851,
  "validation_accuracy": 0.8148148148148148,
  "validation_average_F1": 0.8147018453560582,
  "validation_loss": 0.389369089495052,
  "best_epoch": 0,
  "best_validation_1_P": 0.8311688311688312,
  "best_validation_1_R": 0.7901234567901234,
  "best_validation_1_F1": 0.8101265822784312,
  "best_validation_0_P": 0.8,
  "best_validation_0_R": 0.8395061728395061,
  "best_validation_0_F1": 0.8192771084336851,
  "best_validation_accuracy": 0.8148148148148148,
  "best_validation_average_F1": 0.8147018453560582,
  "best_validation_loss": 0.389369089495052
}