{
  "peak_cpu_memory_MB": 2189.224,
  "peak_gpu_0_memory_MB": 1100,
  "training_duration": "00:00:41",
  "training_start_epoch": 0,
  "training_epochs": 1,
  "epoch": 1,
  "training_1_P": 0.8287373004354136,
  "training_1_R": 0.8717557251908397,
  "training_1_F1": 0.849702380952331,
  "training_0_P": 0.8647342995169082,
  "training_0_R": 0.8198473282442749,
  "training_0_F1": 0.8416927899686021,
  "training_accuracy": 0.8458015267175573,
  "training_average_F1": 0.8456975854604665,
  "training_loss": 0.36501951079543044,
  "training_cpu_memory_MB": 2189.224,
  "training_gpu_0_memory_MB": 1100,
  "validation_1_P": 0.7608695652173914,
  "validation_1_R": 0.8641975308641975,
  "validation_1_F1": 0.809248554913245,
  "validation_0_P": 0.8428571428571429,
  "validation_0_R": 0.7283950617283951,
  "validation_0_F1": 0.7814569536423345,
  "validation_accuracy": 0.7962962962962963,
  "validation_average_F1": 0.7953527542777897,
  "validation_loss": 0.3888944306156852,
  "best_epoch": 0,
  "best_validation_1_P": 0.8311688311688312,
  "best_validation_1_R": 0.7901234567901234,
  "best_validation_1_F1": 0.8101265822784312,
  "best_validation_0_P": 0.8,
  "best_validation_0_R": 0.8395061728395061,
  "best_validation_0_F1": 0.8192771084336851,
  "best_validation_accuracy": 0.8148148148148148,
  "best_validation_average_F1": 0.8147018453560582,
  "best_validation_loss": 0.389369089495052
}