{
  "peak_cpu_memory_MB": 2191.376,
  "peak_gpu_0_memory_MB": 1066,
  "training_duration": "00:00:42",
  "training_start_epoch": 0,
  "training_epochs": 1,
  "epoch": 1,
  "training_1_P": 0.8492753623188406,
  "training_1_R": 0.8946564885496183,
  "training_1_F1": 0.871375464683965,
  "training_0_P": 0.8887096774193548,
  "training_0_R": 0.8412213740458016,
  "training_0_F1": 0.8643137254901462,
  "training_accuracy": 0.8679389312977099,
  "training_average_F1": 0.8678445950870556,
  "training_loss": 0.34275397967274596,
  "training_cpu_memory_MB": 2191.376,
  "training_gpu_0_memory_MB": 1066,
  "validation_1_P": 0.7692307692307693,
  "validation_1_R": 0.8641975308641975,
  "validation_1_F1": 0.8139534883720433,
  "validation_0_P": 0.8450704225352113,
  "validation_0_R": 0.7407407407407407,
  "validation_0_F1": 0.7894736842104765,
  "validation_accuracy": 0.8024691358024691,
  "validation_average_F1": 0.8017135862912599,
  "validation_loss": 0.41962342912500555,
  "best_epoch": 0,
  "best_validation_1_P": 0.8170731707317073,
  "best_validation_1_R": 0.8271604938271605,
  "best_validation_1_F1": 0.8220858895705022,
  "best_validation_0_P": 0.825,
  "best_validation_0_R": 0.8148148148148148,
  "best_validation_0_F1": 0.8198757763974656,
  "best_validation_accuracy": 0.8209876543209876,
  "best_validation_average_F1": 0.8209808329839838,
  "best_validation_loss": 0.3793832768093456
}