{
  "peak_cpu_memory_MB": 2203.736,
  "peak_gpu_0_memory_MB": 1202,
  "training_duration": "00:01:07",
  "training_start_epoch": 0,
  "training_epochs": 2,
  "epoch": 2,
  "training_1_P": 0.9238653001464129,
  "training_1_R": 0.9633587786259542,
  "training_1_F1": 0.9431988041853013,
  "training_0_P": 0.9617224880382775,
  "training_0_R": 0.9206106870229007,
  "training_0_F1": 0.9407176287050982,
  "training_accuracy": 0.9419847328244275,
  "training_average_F1": 0.9419582164451998,
  "training_loss": 0.1796219224882562,
  "training_cpu_memory_MB": 2203.736,
  "training_gpu_0_memory_MB": 1202,
  "validation_1_P": 0.8375,
  "validation_1_R": 0.8271604938271605,
  "validation_1_F1": 0.8322981366459128,
  "validation_0_P": 0.8292682926829268,
  "validation_0_R": 0.8395061728395061,
  "validation_0_F1": 0.8343558282208088,
  "validation_accuracy": 0.8333333333333334,
  "validation_average_F1": 0.8333269824333608,
  "validation_loss": 0.430553254078735,
  "best_epoch": 1,
  "best_validation_1_P": 0.8202247191011236,
  "best_validation_1_R": 0.9012345679012346,
  "best_validation_1_F1": 0.8588235294117148,
  "best_validation_0_P": 0.8904109589041096,
  "best_validation_0_R": 0.8024691358024691,
  "best_validation_0_F1": 0.8441558441557944,
  "best_validation_accuracy": 0.8518518518518519,
  "best_validation_average_F1": 0.8514896867837546,
  "best_validation_loss": 0.38221449472687463
}