{
  "peak_cpu_memory_MB": 2203.736,
  "peak_gpu_0_memory_MB": 1202,
  "training_duration": "00:02:14",
  "training_start_epoch": 0,
  "training_epochs": 5,
  "epoch": 5,
  "training_1_P": 1.0,
  "training_1_R": 1.0,
  "training_1_F1": 0.99999999999995,
  "training_0_P": 1.0,
  "training_0_R": 1.0,
  "training_0_F1": 0.99999999999995,
  "training_accuracy": 1.0,
  "training_average_F1": 0.99999999999995,
  "training_loss": 0.005205728230421522,
  "training_cpu_memory_MB": 2203.736,
  "training_gpu_0_memory_MB": 1202,
  "validation_1_P": 0.8275862068965517,
  "validation_1_R": 0.8888888888888888,
  "validation_1_F1": 0.8571428571428074,
  "validation_0_P": 0.88,
  "validation_0_R": 0.8148148148148148,
  "validation_0_F1": 0.8461538461537963,
  "validation_accuracy": 0.8518518518518519,
  "validation_average_F1": 0.8516483516483018,
  "validation_loss": 0.6468273570591753,
  "best_epoch": 3,
  "best_validation_1_P": 0.8295454545454546,
  "best_validation_1_R": 0.9012345679012346,
  "best_validation_1_F1": 0.8639053254437372,
  "best_validation_0_P": 0.8918918918918919,
  "best_validation_0_R": 0.8148148148148148,
  "best_validation_0_F1": 0.8516129032257566,
  "best_validation_accuracy": 0.8580246913580247,
  "best_validation_average_F1": 0.8577591143347469,
  "best_validation_loss": 0.4924937879497355
}