{
  "peak_cpu_memory_MB": 2203.736,
  "peak_gpu_0_memory_MB": 1202,
  "training_duration": "00:01:28",
  "training_start_epoch": 0,
  "training_epochs": 3,
  "epoch": 3,
  "training_1_P": 0.9625187406296851,
  "training_1_R": 0.9801526717557252,
  "training_1_F1": 0.9712556732223403,
  "training_0_P": 0.9797822706065319,
  "training_0_R": 0.9618320610687023,
  "training_0_F1": 0.9707241910631241,
  "training_accuracy": 0.9709923664122138,
  "training_average_F1": 0.9709899321427322,
  "training_loss": 0.08033173288241392,
  "training_cpu_memory_MB": 2203.736,
  "training_gpu_0_memory_MB": 1202,
  "validation_1_P": 0.8295454545454546,
  "validation_1_R": 0.9012345679012346,
  "validation_1_F1": 0.8639053254437372,
  "validation_0_P": 0.8918918918918919,
  "validation_0_R": 0.8148148148148148,
  "validation_0_F1": 0.8516129032257566,
  "validation_accuracy": 0.8580246913580247,
  "validation_average_F1": 0.8577591143347469,
  "validation_loss": 0.4924937879497355,
  "best_epoch": 3,
  "best_validation_1_P": 0.8295454545454546,
  "best_validation_1_R": 0.9012345679012346,
  "best_validation_1_F1": 0.8639053254437372,
  "best_validation_0_P": 0.8918918918918919,
  "best_validation_0_R": 0.8148148148148148,
  "best_validation_0_F1": 0.8516129032257566,
  "best_validation_accuracy": 0.8580246913580247,
  "best_validation_average_F1": 0.8577591143347469,
  "best_validation_loss": 0.4924937879497355
}