{
  "peak_cpu_memory_MB": 2203.736,
  "peak_gpu_0_memory_MB": 1202,
  "training_duration": "00:01:53",
  "training_start_epoch": 0,
  "training_epochs": 4,
  "epoch": 4,
  "training_1_P": 0.9923896499238964,
  "training_1_R": 0.9954198473282443,
  "training_1_F1": 0.9939024390243403,
  "training_0_P": 0.9954058192955589,
  "training_0_R": 0.9923664122137404,
  "training_0_F1": 0.9938837920488798,
  "training_accuracy": 0.9938931297709923,
  "training_average_F1": 0.99389311553661,
  "training_loss": 0.025200379558089302,
  "training_cpu_memory_MB": 2203.736,
  "training_gpu_0_memory_MB": 1202,
  "validation_1_P": 0.8064516129032258,
  "validation_1_R": 0.9259259259259259,
  "validation_1_F1": 0.8620689655171917,
  "validation_0_P": 0.9130434782608695,
  "validation_0_R": 0.7777777777777778,
  "validation_0_F1": 0.8399999999999503,
  "validation_accuracy": 0.8518518518518519,
  "validation_average_F1": 0.851034482758571,
  "validation_loss": 0.5804730599576776,
  "best_epoch": 3,
  "best_validation_1_P": 0.8295454545454546,
  "best_validation_1_R": 0.9012345679012346,
  "best_validation_1_F1": 0.8639053254437372,
  "best_validation_0_P": 0.8918918918918919,
  "best_validation_0_R": 0.8148148148148148,
  "best_validation_0_F1": 0.8516129032257566,
  "best_validation_accuracy": 0.8580246913580247,
  "best_validation_average_F1": 0.8577591143347469,
  "best_validation_loss": 0.4924937879497355
}