{
  "peak_cpu_memory_MB": 2641.66,
  "peak_gpu_0_memory_MB": 2510,
  "training_duration": "00:05:47",
  "training_start_epoch": 0,
  "training_epochs": 13,
  "epoch": 13,
  "training_1_P": 0.9832826747720365,
  "training_1_R": 0.9877862595419847,
  "training_1_F1": 0.9855293221629357,
  "training_0_P": 0.9877300613496932,
  "training_0_R": 0.983206106870229,
  "training_0_F1": 0.9854628921193073,
  "training_accuracy": 0.9854961832061069,
  "training_average_F1": 0.9854961071411215,
  "training_loss": 0.05866744980306887,
  "training_cpu_memory_MB": 2641.66,
  "training_gpu_0_memory_MB": 2510,
  "validation_1_P": 0.8170731707317073,
  "validation_1_R": 0.8271604938271605,
  "validation_1_F1": 0.8220858895705022,
  "validation_0_P": 0.825,
  "validation_0_R": 0.8148148148148148,
  "validation_0_F1": 0.8198757763974656,
  "validation_accuracy": 0.8209876543209876,
  "validation_average_F1": 0.8209808329839838,
  "validation_loss": 0.5523614683611826,
  "best_epoch": 10,
  "best_validation_1_P": 0.8255813953488372,
  "best_validation_1_R": 0.8765432098765432,
  "best_validation_1_F1": 0.8502994011975549,
  "best_validation_0_P": 0.868421052631579,
  "best_validation_0_R": 0.8148148148148148,
  "best_validation_0_F1": 0.8407643312101413,
  "best_validation_accuracy": 0.845679012345679,
  "best_validation_average_F1": 0.845531866203848,
  "best_validation_loss": 0.6744552782990716,
  "test_1_P": 0.8395061728395061,
  "test_1_R": 0.8395061728395061,
  "test_1_F1": 0.8395061728394562,
  "test_0_P": 0.8395061728395061,
  "test_0_R": 0.8395061728395061,
  "test_0_F1": 0.8395061728394562,
  "test_accuracy": 0.8395061728395061,
  "test_average_F1": 0.8395061728394562,
  "test_loss": 0.5267870661548593
}