{
  "peak_cpu_memory_MB": 5764.36,
  "peak_gpu_0_memory_MB": 11,
  "peak_gpu_1_memory_MB": 3274,
  "peak_gpu_2_memory_MB": 11,
  "peak_gpu_3_memory_MB": 11,
  "peak_gpu_4_memory_MB": 11,
  "peak_gpu_5_memory_MB": 11,
  "peak_gpu_6_memory_MB": 1634,
  "peak_gpu_7_memory_MB": 11,
  "peak_gpu_8_memory_MB": 11,
  "peak_gpu_9_memory_MB": 11,
  "peak_gpu_10_memory_MB": 11,
  "peak_gpu_11_memory_MB": 3610,
  "peak_gpu_12_memory_MB": 11,
  "peak_gpu_13_memory_MB": 11,
  "peak_gpu_14_memory_MB": 11,
  "peak_gpu_15_memory_MB": 11,
  "training_duration": "00:00:31",
  "training_start_epoch": 0,
  "training_epochs": 0,
  "epoch": 0,
  "training_1_P": 0.7441130298273155,
  "training_1_R": 0.7236641221374046,
  "training_1_F1": 0.7337461300309097,
  "training_0_P": 0.7310549777117384,
  "training_0_R": 0.751145038167939,
  "training_0_F1": 0.7409638554216369,
  "training_accuracy": 0.7374045801526717,
  "training_average_F1": 0.7373549927262733,
  "training_loss": 0.5329823537570674,
  "training_cpu_memory_MB": 5764.36,
  "training_gpu_0_memory_MB": 11,
  "training_gpu_1_memory_MB": 3274,
  "training_gpu_2_memory_MB": 11,
  "training_gpu_3_memory_MB": 11,
  "training_gpu_4_memory_MB": 11,
  "training_gpu_5_memory_MB": 11,
  "training_gpu_6_memory_MB": 1634,
  "training_gpu_7_memory_MB": 11,
  "training_gpu_8_memory_MB": 11,
  "training_gpu_9_memory_MB": 11,
  "training_gpu_10_memory_MB": 11,
  "training_gpu_11_memory_MB": 3610,
  "training_gpu_12_memory_MB": 11,
  "training_gpu_13_memory_MB": 11,
  "training_gpu_14_memory_MB": 11,
  "training_gpu_15_memory_MB": 11,
  "validation_1_P": 0.7976190476190477,
  "validation_1_R": 0.8271604938271605,
  "validation_1_F1": 0.8121212121211623,
  "validation_0_P": 0.8205128205128205,
  "validation_0_R": 0.7901234567901234,
  "validation_0_F1": 0.8050314465408306,
  "validation_accuracy": 0.808641975308642,
  "validation_average_F1": 0.8085763293309964,
  "validation_loss": 0.4300926991484382,
  "best_epoch": 0,
  "best_validation_1_P": 0.7976190476190477,
  "best_validation_1_R": 0.8271604938271605,
  "best_validation_1_F1": 0.8121212121211623,
  "best_validation_0_P": 0.8205128205128205,
  "best_validation_0_R": 0.7901234567901234,
  "best_validation_0_F1": 0.8050314465408306,
  "best_validation_accuracy": 0.808641975308642,
  "best_validation_average_F1": 0.8085763293309964,
  "best_validation_loss": 0.4300926991484382
}