{
  "peak_cpu_memory_MB": 5764.36,
  "peak_gpu_0_memory_MB": 11,
  "peak_gpu_1_memory_MB": 3274,
  "peak_gpu_2_memory_MB": 11,
  "peak_gpu_3_memory_MB": 11,
  "peak_gpu_4_memory_MB": 11,
  "peak_gpu_5_memory_MB": 11,
  "peak_gpu_6_memory_MB": 1906,
  "peak_gpu_7_memory_MB": 11,
  "peak_gpu_8_memory_MB": 11,
  "peak_gpu_9_memory_MB": 11,
  "peak_gpu_10_memory_MB": 11,
  "peak_gpu_11_memory_MB": 3918,
  "peak_gpu_12_memory_MB": 11,
  "peak_gpu_13_memory_MB": 11,
  "peak_gpu_14_memory_MB": 11,
  "peak_gpu_15_memory_MB": 11,
  "training_duration": "00:03:09",
  "training_start_epoch": 0,
  "training_epochs": 4,
  "epoch": 4,
  "training_1_P": 0.9848484848484849,
  "training_1_R": 0.9923664122137404,
  "training_1_F1": 0.9885931558934862,
  "training_0_P": 0.9923076923076923,
  "training_0_R": 0.9847328244274809,
  "training_0_F1": 0.9885057471263868,
  "training_accuracy": 0.9885496183206107,
  "training_average_F1": 0.9885494515099364,
  "training_loss": 0.04029769356158085,
  "training_cpu_memory_MB": 5764.36,
  "training_gpu_0_memory_MB": 11,
  "training_gpu_1_memory_MB": 3274,
  "training_gpu_2_memory_MB": 11,
  "training_gpu_3_memory_MB": 11,
  "training_gpu_4_memory_MB": 11,
  "training_gpu_5_memory_MB": 11,
  "training_gpu_6_memory_MB": 1906,
  "training_gpu_7_memory_MB": 11,
  "training_gpu_8_memory_MB": 11,
  "training_gpu_9_memory_MB": 11,
  "training_gpu_10_memory_MB": 11,
  "training_gpu_11_memory_MB": 3918,
  "training_gpu_12_memory_MB": 11,
  "training_gpu_13_memory_MB": 11,
  "training_gpu_14_memory_MB": 11,
  "training_gpu_15_memory_MB": 11,
  "validation_1_P": 0.797752808988764,
  "validation_1_R": 0.8765432098765432,
  "validation_1_F1": 0.8352941176470089,
  "validation_0_P": 0.863013698630137,
  "validation_0_R": 0.7777777777777778,
  "validation_0_F1": 0.8181818181817684,
  "validation_accuracy": 0.8271604938271605,
  "validation_average_F1": 0.8267379679143887,
  "validation_loss": 0.5391823920336637,
  "best_epoch": 3,
  "best_validation_1_P": 0.8375,
  "best_validation_1_R": 0.8271604938271605,
  "best_validation_1_F1": 0.8322981366459128,
  "best_validation_0_P": 0.8292682926829268,
  "best_validation_0_R": 0.8395061728395061,
  "best_validation_0_F1": 0.8343558282208088,
  "best_validation_accuracy": 0.8333333333333334,
  "best_validation_average_F1": 0.8333269824333608,
  "best_validation_loss": 0.502130305225199
}