{
  "peak_cpu_memory_MB": 5764.36,
  "peak_gpu_0_memory_MB": 11,
  "peak_gpu_1_memory_MB": 3274,
  "peak_gpu_2_memory_MB": 11,
  "peak_gpu_3_memory_MB": 11,
  "peak_gpu_4_memory_MB": 11,
  "peak_gpu_5_memory_MB": 11,
  "peak_gpu_6_memory_MB": 1906,
  "peak_gpu_7_memory_MB": 11,
  "peak_gpu_8_memory_MB": 11,
  "peak_gpu_9_memory_MB": 11,
  "peak_gpu_10_memory_MB": 11,
  "peak_gpu_11_memory_MB": 4072,
  "peak_gpu_12_memory_MB": 11,
  "peak_gpu_13_memory_MB": 11,
  "peak_gpu_14_memory_MB": 11,
  "peak_gpu_15_memory_MB": 11,
  "training_duration": "00:03:40",
  "training_start_epoch": 0,
  "training_epochs": 5,
  "epoch": 5,
  "training_1_P": 0.9969558599695586,
  "training_1_R": 1.0,
  "training_1_F1": 0.9984756097560477,
  "training_0_P": 1.0,
  "training_0_R": 0.9969465648854962,
  "training_0_F1": 0.9984709480121825,
  "training_accuracy": 0.9984732824427481,
  "training_average_F1": 0.9984732788841151,
  "training_loss": 0.014892792011179575,
  "training_cpu_memory_MB": 5764.36,
  "training_gpu_0_memory_MB": 11,
  "training_gpu_1_memory_MB": 3274,
  "training_gpu_2_memory_MB": 11,
  "training_gpu_3_memory_MB": 11,
  "training_gpu_4_memory_MB": 11,
  "training_gpu_5_memory_MB": 11,
  "training_gpu_6_memory_MB": 1906,
  "training_gpu_7_memory_MB": 11,
  "training_gpu_8_memory_MB": 11,
  "training_gpu_9_memory_MB": 11,
  "training_gpu_10_memory_MB": 11,
  "training_gpu_11_memory_MB": 4072,
  "training_gpu_12_memory_MB": 11,
  "training_gpu_13_memory_MB": 11,
  "training_gpu_14_memory_MB": 11,
  "training_gpu_15_memory_MB": 11,
  "validation_1_P": 0.8023255813953488,
  "validation_1_R": 0.8518518518518519,
  "validation_1_F1": 0.8263473053891718,
  "validation_0_P": 0.8421052631578947,
  "validation_0_R": 0.7901234567901234,
  "validation_0_F1": 0.8152866242037717,
  "validation_accuracy": 0.8209876543209876,
  "validation_average_F1": 0.8208169647964718,
  "validation_loss": 1.0890450951727955,
  "best_epoch": 3,
  "best_validation_1_P": 0.8375,
  "best_validation_1_R": 0.8271604938271605,
  "best_validation_1_F1": 0.8322981366459128,
  "best_validation_0_P": 0.8292682926829268,
  "best_validation_0_R": 0.8395061728395061,
  "best_validation_0_F1": 0.8343558282208088,
  "best_validation_accuracy": 0.8333333333333334,
  "best_validation_average_F1": 0.8333269824333608,
  "best_validation_loss": 0.502130305225199
}