{
  "peak_cpu_memory_MB": 5764.36,
  "peak_gpu_0_memory_MB": 11,
  "peak_gpu_1_memory_MB": 3274,
  "peak_gpu_2_memory_MB": 11,
  "peak_gpu_3_memory_MB": 11,
  "peak_gpu_4_memory_MB": 11,
  "peak_gpu_5_memory_MB": 11,
  "peak_gpu_6_memory_MB": 1906,
  "peak_gpu_7_memory_MB": 11,
  "peak_gpu_8_memory_MB": 11,
  "peak_gpu_9_memory_MB": 11,
  "peak_gpu_10_memory_MB": 11,
  "peak_gpu_11_memory_MB": 3610,
  "peak_gpu_12_memory_MB": 11,
  "peak_gpu_13_memory_MB": 11,
  "peak_gpu_14_memory_MB": 11,
  "peak_gpu_15_memory_MB": 11,
  "training_duration": "00:02:18",
  "training_start_epoch": 0,
  "training_epochs": 3,
  "epoch": 3,
  "training_1_P": 0.9591527987897126,
  "training_1_R": 0.9679389312977099,
  "training_1_F1": 0.9635258358662115,
  "training_0_P": 0.9676425269645609,
  "training_0_R": 0.9587786259541985,
  "training_0_F1": 0.9631901840490298,
  "training_accuracy": 0.9633587786259542,
  "training_average_F1": 0.9633580099576207,
  "training_loss": 0.10531570837355969,
  "training_cpu_memory_MB": 5764.36,
  "training_gpu_0_memory_MB": 11,
  "training_gpu_1_memory_MB": 3274,
  "training_gpu_2_memory_MB": 11,
  "training_gpu_3_memory_MB": 11,
  "training_gpu_4_memory_MB": 11,
  "training_gpu_5_memory_MB": 11,
  "training_gpu_6_memory_MB": 1906,
  "training_gpu_7_memory_MB": 11,
  "training_gpu_8_memory_MB": 11,
  "training_gpu_9_memory_MB": 11,
  "training_gpu_10_memory_MB": 11,
  "training_gpu_11_memory_MB": 3610,
  "training_gpu_12_memory_MB": 11,
  "training_gpu_13_memory_MB": 11,
  "training_gpu_14_memory_MB": 11,
  "training_gpu_15_memory_MB": 11,
  "validation_1_P": 0.8375,
  "validation_1_R": 0.8271604938271605,
  "validation_1_F1": 0.8322981366459128,
  "validation_0_P": 0.8292682926829268,
  "validation_0_R": 0.8395061728395061,
  "validation_0_F1": 0.8343558282208088,
  "validation_accuracy": 0.8333333333333334,
  "validation_average_F1": 0.8333269824333608,
  "validation_loss": 0.502130305225199,
  "best_epoch": 3,
  "best_validation_1_P": 0.8375,
  "best_validation_1_R": 0.8271604938271605,
  "best_validation_1_F1": 0.8322981366459128,
  "best_validation_0_P": 0.8292682926829268,
  "best_validation_0_R": 0.8395061728395061,
  "best_validation_0_F1": 0.8343558282208088,
  "best_validation_accuracy": 0.8333333333333334,
  "best_validation_average_F1": 0.8333269824333608,
  "best_validation_loss": 0.502130305225199
}