{
  "peak_cpu_memory_MB": 2643.096,
  "peak_gpu_0_memory_MB": 2510,
  "training_duration": "00:08:53",
  "training_start_epoch": 0,
  "training_epochs": 20,
  "epoch": 20,
  "training_1_P": 0.8371757925072046,
  "training_1_R": 0.8870229007633588,
  "training_1_F1": 0.8613787991104022,
  "training_0_P": 0.8798701298701299,
  "training_0_R": 0.8274809160305343,
  "training_0_F1": 0.852871754523947,
  "training_accuracy": 0.8572519083969465,
  "training_average_F1": 0.8571252768171747,
  "training_loss": 0.3515194191074953,
  "training_cpu_memory_MB": 2643.096,
  "training_gpu_0_memory_MB": 2510,
  "validation_1_P": 0.7906976744186046,
  "validation_1_R": 0.8395061728395061,
  "validation_1_F1": 0.8143712574849801,
  "validation_0_P": 0.8289473684210527,
  "validation_0_R": 0.7777777777777778,
  "validation_0_F1": 0.802547770700587,
  "validation_accuracy": 0.808641975308642,
  "validation_average_F1": 0.8084595140927835,
  "validation_loss": 0.387930997393348,
  "best_epoch": 17,
  "best_validation_1_P": 0.8095238095238095,
  "best_validation_1_R": 0.8395061728395061,
  "best_validation_1_F1": 0.8242424242423743,
  "best_validation_0_P": 0.8333333333333334,
  "best_validation_0_R": 0.8024691358024691,
  "best_validation_0_F1": 0.8176100628930317,
  "best_validation_accuracy": 0.8209876543209876,
  "best_validation_average_F1": 0.8209262435677029,
  "best_validation_loss": 0.4829233315857974,
  "test_1_P": 0.7974683544303798,
  "test_1_R": 0.7777777777777778,
  "test_1_F1": 0.7874999999999501,
  "test_0_P": 0.7831325301204819,
  "test_0_R": 0.8024691358024691,
  "test_0_F1": 0.7926829268292183,
  "test_accuracy": 0.7901234567901234,
  "test_average_F1": 0.7900914634145841,
  "test_loss": 0.4106553102081472
}