{
  "peak_cpu_memory_MB": 2655.42,
  "peak_gpu_0_memory_MB": 11,
  "peak_gpu_1_memory_MB": 3034,
  "peak_gpu_2_memory_MB": 2958,
  "peak_gpu_3_memory_MB": 11,
  "peak_gpu_4_memory_MB": 11,
  "peak_gpu_5_memory_MB": 11,
  "peak_gpu_6_memory_MB": 11,
  "peak_gpu_7_memory_MB": 11,
  "peak_gpu_8_memory_MB": 11,
  "peak_gpu_9_memory_MB": 11,
  "peak_gpu_10_memory_MB": 11,
  "peak_gpu_11_memory_MB": 11,
  "peak_gpu_12_memory_MB": 11,
  "peak_gpu_13_memory_MB": 11,
  "peak_gpu_14_memory_MB": 11,
  "peak_gpu_15_memory_MB": 11,
  "training_duration": "00:02:14",
  "training_start_epoch": 0,
  "training_epochs": 4,
  "epoch": 4,
  "training_neg_F1": 0.9701230228470502,
  "training_pos_F1": 0.9441401971521954,
  "training_accuracy": 0.9610687022900763,
  "training_average_F1": 0.9571316099996228,
  "training_loss": 0.11703486990456174,
  "training_cpu_memory_MB": 2655.42,
  "training_gpu_0_memory_MB": 11,
  "training_gpu_1_memory_MB": 3034,
  "training_gpu_2_memory_MB": 2958,
  "training_gpu_3_memory_MB": 11,
  "training_gpu_4_memory_MB": 11,
  "training_gpu_5_memory_MB": 11,
  "training_gpu_6_memory_MB": 11,
  "training_gpu_7_memory_MB": 11,
  "training_gpu_8_memory_MB": 11,
  "training_gpu_9_memory_MB": 11,
  "training_gpu_10_memory_MB": 11,
  "training_gpu_11_memory_MB": 11,
  "training_gpu_12_memory_MB": 11,
  "training_gpu_13_memory_MB": 11,
  "training_gpu_14_memory_MB": 11,
  "training_gpu_15_memory_MB": 11,
  "validation_neg_F1": 0.7899999999999501,
  "validation_pos_F1": 0.6612903225805952,
  "validation_accuracy": 0.7407407407407407,
  "validation_average_F1": 0.7256451612902726,
  "validation_loss": 0.8394086794419722,
  "best_epoch": 2,
  "best_validation_neg_F1": 0.7899999999999501,
  "best_validation_pos_F1": 0.6612903225805952,
  "best_validation_accuracy": 0.7407407407407407,
  "best_validation_average_F1": 0.7256451612902726,
  "best_validation_loss": 0.6227496645667336,
  "test_neg_F1": 0.8355555555555055,
  "test_pos_F1": 0.6262626262625763,
  "test_accuracy": 0.7716049382716049,
  "test_average_F1": 0.730909090909041,
  "test_loss": 0.5784122564575889
}