{
  "peak_cpu_memory_MB": 2643.244,
  "peak_gpu_0_memory_MB": 2586,
  "training_duration": "00:01:32",
  "training_start_epoch": 0,
  "training_epochs": 3,
  "epoch": 3,
  "training_1_P": 0.9848714069591528,
  "training_1_R": 0.9938931297709923,
  "training_1_F1": 0.9893617021276095,
  "training_0_P": 0.9938366718027735,
  "training_0_R": 0.9847328244274809,
  "training_0_F1": 0.9892638036809315,
  "training_accuracy": 0.9893129770992366,
  "training_average_F1": 0.9893127529042705,
  "training_loss": 0.03432027406127351,
  "training_cpu_memory_MB": 2643.244,
  "training_gpu_0_memory_MB": 2586,
  "validation_1_P": 0.8461538461538461,
  "validation_1_R": 0.8148148148148148,
  "validation_1_F1": 0.830188679245233,
  "validation_0_P": 0.8214285714285714,
  "validation_0_R": 0.8518518518518519,
  "validation_0_F1": 0.8363636363635865,
  "validation_accuracy": 0.8333333333333334,
  "validation_average_F1": 0.8332761578044097,
  "validation_loss": 0.7367437441240657,
  "best_epoch": 0,
  "best_validation_1_P": 0.8043478260869565,
  "best_validation_1_R": 0.9135802469135802,
  "best_validation_1_F1": 0.855491329479719,
  "best_validation_0_P": 0.9,
  "best_validation_0_R": 0.7777777777777778,
  "best_validation_0_F1": 0.8344370860926656,
  "best_validation_accuracy": 0.845679012345679,
  "best_validation_average_F1": 0.8449642077861923,
  "best_validation_loss": 0.4505802108482881
}