{
  "peak_cpu_memory_MB": 2643.244,
  "peak_gpu_0_memory_MB": 2586,
  "training_duration": "00:01:09",
  "training_start_epoch": 0,
  "training_epochs": 2,
  "epoch": 2,
  "training_1_P": 0.9564564564564565,
  "training_1_R": 0.9725190839694656,
  "training_1_F1": 0.9644208932626298,
  "training_0_P": 0.9720496894409938,
  "training_0_R": 0.9557251908396946,
  "training_0_F1": 0.9638183217859392,
  "training_accuracy": 0.9641221374045802,
  "training_average_F1": 0.9641196075242845,
  "training_loss": 0.11103007877131969,
  "training_cpu_memory_MB": 2643.244,
  "training_gpu_0_memory_MB": 2586,
  "validation_1_P": 0.8192771084337349,
  "validation_1_R": 0.8395061728395061,
  "validation_1_F1": 0.8292682926828769,
  "validation_0_P": 0.8354430379746836,
  "validation_0_R": 0.8148148148148148,
  "validation_0_F1": 0.82499999999995,
  "validation_accuracy": 0.8271604938271605,
  "validation_average_F1": 0.8271341463414135,
  "validation_loss": 0.5388673679395155,
  "best_epoch": 0,
  "best_validation_1_P": 0.8043478260869565,
  "best_validation_1_R": 0.9135802469135802,
  "best_validation_1_F1": 0.855491329479719,
  "best_validation_0_P": 0.9,
  "best_validation_0_R": 0.7777777777777778,
  "best_validation_0_F1": 0.8344370860926656,
  "best_validation_accuracy": 0.845679012345679,
  "best_validation_average_F1": 0.8449642077861923,
  "best_validation_loss": 0.4505802108482881
}