{
  "training_duration": "00:06:13",
  "training_start_epoch": 0,
  "training_epochs": 5,
  "epoch": 5,
  "training_1_P": 1.0,
  "training_1_R": 1.0,
  "training_1_F1": 0.99999999999995,
  "training_0_P": 1.0,
  "training_0_R": 1.0,
  "training_0_F1": 0.99999999999995,
  "training_accuracy": 1.0,
  "training_average_F1": 0.99999999999995,
  "training_loss": 0.03157284556002152,
  "validation_1_P": 0.88,
  "validation_1_R": 0.8148148148148148,
  "validation_1_F1": 0.8461538461537963,
  "validation_0_P": 0.8275862068965517,
  "validation_0_R": 0.8888888888888888,
  "validation_0_F1": 0.8571428571428074,
  "validation_accuracy": 0.8518518518518519,
  "validation_average_F1": 0.8516483516483018,
  "validation_loss": 0.5909472880038348,
  "best_epoch": 3,
  "best_validation_1_P": 0.8933333333333333,
  "best_validation_1_R": 0.8271604938271605,
  "best_validation_1_F1": 0.8589743589743091,
  "best_validation_0_P": 0.8390804597701149,
  "best_validation_0_R": 0.9012345679012346,
  "best_validation_0_F1": 0.8690476190475692,
  "best_validation_accuracy": 0.8641975308641975,
  "best_validation_average_F1": 0.8640109890109391,
  "best_validation_loss": 0.5395706289193847,
  "test_1_P": 0.8059701492537313,
  "test_1_R": 0.6666666666666666,
  "test_1_F1": 0.7297297297296802,
  "test_0_P": 0.7157894736842105,
  "test_0_R": 0.8395061728395061,
  "test_0_F1": 0.7727272727272231,
  "test_accuracy": 0.7530864197530864,
  "test_average_F1": 0.7512285012284516,
  "test_loss": 0.6659344150261446
}