{
  "peak_cpu_memory_MB": 5769.484,
  "peak_gpu_0_memory_MB": 11,
  "peak_gpu_1_memory_MB": 11,
  "peak_gpu_2_memory_MB": 11,
  "peak_gpu_3_memory_MB": 11,
  "peak_gpu_4_memory_MB": 11,
  "peak_gpu_5_memory_MB": 11,
  "peak_gpu_6_memory_MB": 1894,
  "peak_gpu_7_memory_MB": 11,
  "peak_gpu_8_memory_MB": 11,
  "peak_gpu_9_memory_MB": 11,
  "peak_gpu_10_memory_MB": 11,
  "peak_gpu_11_memory_MB": 11,
  "peak_gpu_12_memory_MB": 11,
  "peak_gpu_13_memory_MB": 11,
  "peak_gpu_14_memory_MB": 11,
  "peak_gpu_15_memory_MB": 11,
  "training_duration": "00:02:08",
  "training_start_epoch": 0,
  "training_epochs": 3,
  "epoch": 3,
  "training_1_P": 0.9803921568627451,
  "training_1_R": 0.9923664122137404,
  "training_1_F1": 0.9863429438542748,
  "training_0_P": 0.9922720247295209,
  "training_0_R": 0.9801526717557252,
  "training_0_F1": 0.9861751152073233,
  "training_accuracy": 0.9862595419847329,
  "training_average_F1": 0.986259029530799,
  "training_loss": 0.045856600212751,
  "training_cpu_memory_MB": 5769.484,
  "training_gpu_0_memory_MB": 11,
  "training_gpu_1_memory_MB": 11,
  "training_gpu_2_memory_MB": 11,
  "training_gpu_3_memory_MB": 11,
  "training_gpu_4_memory_MB": 11,
  "training_gpu_5_memory_MB": 11,
  "training_gpu_6_memory_MB": 1894,
  "training_gpu_7_memory_MB": 11,
  "training_gpu_8_memory_MB": 11,
  "training_gpu_9_memory_MB": 11,
  "training_gpu_10_memory_MB": 11,
  "training_gpu_11_memory_MB": 11,
  "training_gpu_12_memory_MB": 11,
  "training_gpu_13_memory_MB": 11,
  "training_gpu_14_memory_MB": 11,
  "training_gpu_15_memory_MB": 11,
  "validation_1_P": 0.8450704225352113,
  "validation_1_R": 0.7407407407407407,
  "validation_1_F1": 0.7894736842104765,
  "validation_0_P": 0.7692307692307693,
  "validation_0_R": 0.8641975308641975,
  "validation_0_F1": 0.8139534883720433,
  "validation_accuracy": 0.8024691358024691,
  "validation_average_F1": 0.8017135862912599,
  "validation_loss": 0.6253026947379112,
  "best_epoch": 3,
  "best_validation_1_P": 0.8450704225352113,
  "best_validation_1_R": 0.7407407407407407,
  "best_validation_1_F1": 0.7894736842104765,
  "best_validation_0_P": 0.7692307692307693,
  "best_validation_0_R": 0.8641975308641975,
  "best_validation_0_F1": 0.8139534883720433,
  "best_validation_accuracy": 0.8024691358024691,
  "best_validation_average_F1": 0.8017135862912599,
  "best_validation_loss": 0.6253026947379112
}