{
  "peak_cpu_memory_MB": 5769.484,
  "peak_gpu_0_memory_MB": 11,
  "peak_gpu_1_memory_MB": 11,
  "peak_gpu_2_memory_MB": 11,
  "peak_gpu_3_memory_MB": 11,
  "peak_gpu_4_memory_MB": 11,
  "peak_gpu_5_memory_MB": 11,
  "peak_gpu_6_memory_MB": 1634,
  "peak_gpu_7_memory_MB": 11,
  "peak_gpu_8_memory_MB": 11,
  "peak_gpu_9_memory_MB": 11,
  "peak_gpu_10_memory_MB": 11,
  "peak_gpu_11_memory_MB": 11,
  "peak_gpu_12_memory_MB": 11,
  "peak_gpu_13_memory_MB": 11,
  "peak_gpu_14_memory_MB": 11,
  "peak_gpu_15_memory_MB": 11,
  "training_duration": "00:00:31",
  "training_start_epoch": 0,
  "training_epochs": 0,
  "epoch": 0,
  "training_1_P": 0.8023255813953488,
  "training_1_R": 0.8427480916030534,
  "training_1_F1": 0.8220402084884086,
  "training_0_P": 0.8344051446945338,
  "training_0_R": 0.7923664122137405,
  "training_0_F1": 0.812842599843333,
  "training_accuracy": 0.8175572519083969,
  "training_average_F1": 0.8174414041658709,
  "training_loss": 0.43811510648669266,
  "training_cpu_memory_MB": 5769.484,
  "training_gpu_0_memory_MB": 11,
  "training_gpu_1_memory_MB": 11,
  "training_gpu_2_memory_MB": 11,
  "training_gpu_3_memory_MB": 11,
  "training_gpu_4_memory_MB": 11,
  "training_gpu_5_memory_MB": 11,
  "training_gpu_6_memory_MB": 1634,
  "training_gpu_7_memory_MB": 11,
  "training_gpu_8_memory_MB": 11,
  "training_gpu_9_memory_MB": 11,
  "training_gpu_10_memory_MB": 11,
  "training_gpu_11_memory_MB": 11,
  "training_gpu_12_memory_MB": 11,
  "training_gpu_13_memory_MB": 11,
  "training_gpu_14_memory_MB": 11,
  "training_gpu_15_memory_MB": 11,
  "validation_1_P": 0.8484848484848485,
  "validation_1_R": 0.691358024691358,
  "validation_1_F1": 0.7619047619047125,
  "validation_0_P": 0.7395833333333334,
  "validation_0_R": 0.8765432098765432,
  "validation_0_F1": 0.8022598870056001,
  "validation_accuracy": 0.7839506172839507,
  "validation_average_F1": 0.7820823244551562,
  "validation_loss": 0.4397108338095925,
  "best_epoch": 0,
  "best_validation_1_P": 0.8484848484848485,
  "best_validation_1_R": 0.691358024691358,
  "best_validation_1_F1": 0.7619047619047125,
  "best_validation_0_P": 0.7395833333333334,
  "best_validation_0_R": 0.8765432098765432,
  "best_validation_0_F1": 0.8022598870056001,
  "best_validation_accuracy": 0.7839506172839507,
  "best_validation_average_F1": 0.7820823244551562,
  "best_validation_loss": 0.4397108338095925
}