{
  "peak_cpu_memory_MB": 2189.224,
  "peak_gpu_0_memory_MB": 1200,
  "training_duration": "00:01:02",
  "training_start_epoch": 0,
  "training_epochs": 2,
  "epoch": 2,
  "training_1_P": 0.8631732168850073,
  "training_1_R": 0.9053435114503817,
  "training_1_F1": 0.8837555886735716,
  "training_0_P": 0.9004815409309791,
  "training_0_R": 0.8564885496183207,
  "training_0_F1": 0.8779342723004195,
  "training_accuracy": 0.8809160305343512,
  "training_average_F1": 0.8808449304869956,
  "training_loss": 0.2974308889995261,
  "training_cpu_memory_MB": 2189.224,
  "training_gpu_0_memory_MB": 1200,
  "validation_1_P": 0.75,
  "validation_1_R": 0.9259259259259259,
  "validation_1_F1": 0.8287292817679063,
  "validation_0_P": 0.9032258064516129,
  "validation_0_R": 0.691358024691358,
  "validation_0_F1": 0.783216783216734,
  "validation_accuracy": 0.808641975308642,
  "validation_average_F1": 0.8059730324923202,
  "validation_loss": 0.442989780144258,
  "best_epoch": 0,
  "best_validation_1_P": 0.8311688311688312,
  "best_validation_1_R": 0.7901234567901234,
  "best_validation_1_F1": 0.8101265822784312,
  "best_validation_0_P": 0.8,
  "best_validation_0_R": 0.8395061728395061,
  "best_validation_0_F1": 0.8192771084336851,
  "best_validation_accuracy": 0.8148148148148148,
  "best_validation_average_F1": 0.8147018453560582,
  "best_validation_loss": 0.389369089495052,
  "test_1_P": 0.8333333333333334,
  "test_1_R": 0.8024691358024691,
  "test_1_F1": 0.8176100628930317,
  "test_0_P": 0.8095238095238095,
  "test_0_R": 0.8395061728395061,
  "test_0_F1": 0.8242424242423743,
  "test_accuracy": 0.8209876543209876,
  "test_average_F1": 0.8209262435677029,
  "test_loss": 0.4146853170611642
}