{
  "peak_cpu_memory_MB": 4456.276,
  "peak_gpu_0_memory_MB": 11,
  "peak_gpu_1_memory_MB": 2230,
  "peak_gpu_2_memory_MB": 11,
  "peak_gpu_3_memory_MB": 11,
  "peak_gpu_4_memory_MB": 11,
  "peak_gpu_5_memory_MB": 11,
  "peak_gpu_6_memory_MB": 1894,
  "peak_gpu_7_memory_MB": 11,
  "peak_gpu_8_memory_MB": 11,
  "peak_gpu_9_memory_MB": 11,
  "peak_gpu_10_memory_MB": 11,
  "peak_gpu_11_memory_MB": 2842,
  "peak_gpu_12_memory_MB": 11,
  "peak_gpu_13_memory_MB": 11,
  "peak_gpu_14_memory_MB": 11,
  "peak_gpu_15_memory_MB": 1242,
  "training_duration": "00:01:03",
  "training_start_epoch": 0,
  "training_epochs": 1,
  "epoch": 1,
  "training_1_P": 0.8533724340175953,
  "training_1_R": 0.8885496183206106,
  "training_1_F1": 0.8706058339565693,
  "training_0_P": 0.8837579617834395,
  "training_0_R": 0.8473282442748091,
  "training_0_F1": 0.8651597817614465,
  "training_accuracy": 0.8679389312977099,
  "training_average_F1": 0.867882807859008,
  "training_loss": 0.3275664140720193,
  "training_cpu_memory_MB": 4456.276,
  "training_gpu_0_memory_MB": 11,
  "training_gpu_1_memory_MB": 2230,
  "training_gpu_2_memory_MB": 11,
  "training_gpu_3_memory_MB": 11,
  "training_gpu_4_memory_MB": 11,
  "training_gpu_5_memory_MB": 11,
  "training_gpu_6_memory_MB": 1894,
  "training_gpu_7_memory_MB": 11,
  "training_gpu_8_memory_MB": 11,
  "training_gpu_9_memory_MB": 11,
  "training_gpu_10_memory_MB": 11,
  "training_gpu_11_memory_MB": 2842,
  "training_gpu_12_memory_MB": 11,
  "training_gpu_13_memory_MB": 11,
  "training_gpu_14_memory_MB": 11,
  "training_gpu_15_memory_MB": 1242,
  "validation_1_P": 0.8674698795180723,
  "validation_1_R": 0.8888888888888888,
  "validation_1_F1": 0.8780487804877548,
  "validation_0_P": 0.8860759493670886,
  "validation_0_R": 0.8641975308641975,
  "validation_0_F1": 0.8749999999999499,
  "validation_accuracy": 0.8765432098765432,
  "validation_average_F1": 0.8765243902438524,
  "validation_loss": 0.3127025325189937,
  "best_epoch": 1,
  "best_validation_1_P": 0.8674698795180723,
  "best_validation_1_R": 0.8888888888888888,
  "best_validation_1_F1": 0.8780487804877548,
  "best_validation_0_P": 0.8860759493670886,
  "best_validation_0_R": 0.8641975308641975,
  "best_validation_0_F1": 0.8749999999999499,
  "best_validation_accuracy": 0.8765432098765432,
  "best_validation_average_F1": 0.8765243902438524,
  "best_validation_loss": 0.3127025325189937
}