{
  "peak_cpu_memory_MB": 3073.024,
  "peak_gpu_0_memory_MB": 2510,
  "training_duration": "00:01:13",
  "training_start_epoch": 0,
  "training_epochs": 2,
  "epoch": 2,
  "training_1_F1": 0.9293233082706268,
  "training_0_F1": 0.9271317829456865,
  "training_accuracy": 0.9282442748091603,
  "training_average_F1": 0.9282275456081567,
  "training_loss": 0.20135561154201265,
  "training_cpu_memory_MB": 3073.024,
  "training_gpu_0_memory_MB": 2510,
  "validation_1_F1": 0.8496732026143293,
  "validation_0_F1": 0.865497076023342,
  "validation_accuracy": 0.8580246913580247,
  "validation_average_F1": 0.8575851393188356,
  "validation_loss": 0.43244752287864685,
  "best_epoch": 1,
  "best_validation_1_F1": 0.8834355828220359,
  "best_validation_0_F1": 0.8819875776397015,
  "best_validation_accuracy": 0.8827160493827161,
  "best_validation_average_F1": 0.8827115802308687,
  "best_validation_loss": 0.31042916395447473,
  "test_1_F1": 0.8641975308641475,
  "test_0_F1": 0.8641975308641475,
  "test_accuracy": 0.8641975308641975,
  "test_average_F1": 0.8641975308641475,
  "test_loss": 0.35632752965797077
}