{
  "peak_cpu_memory_MB": 2655.796,
  "peak_gpu_0_memory_MB": 11,
  "peak_gpu_1_memory_MB": 3034,
  "peak_gpu_2_memory_MB": 2958,
  "peak_gpu_3_memory_MB": 11,
  "peak_gpu_4_memory_MB": 11,
  "peak_gpu_5_memory_MB": 3034,
  "peak_gpu_6_memory_MB": 11,
  "peak_gpu_7_memory_MB": 11,
  "peak_gpu_8_memory_MB": 11,
  "peak_gpu_9_memory_MB": 11,
  "peak_gpu_10_memory_MB": 11,
  "peak_gpu_11_memory_MB": 11,
  "peak_gpu_12_memory_MB": 11,
  "peak_gpu_13_memory_MB": 11,
  "peak_gpu_14_memory_MB": 11,
  "peak_gpu_15_memory_MB": 11,
  "training_duration": "00:01:53",
  "training_start_epoch": 0,
  "training_epochs": 3,
  "epoch": 3,
  "training_1_F1": 0.9461077844310878,
  "training_0_F1": 0.9439252336448098,
  "training_accuracy": 0.9450381679389313,
  "training_average_F1": 0.9450165090379488,
  "training_loss": 0.15172203261087217,
  "training_cpu_memory_MB": 2655.796,
  "training_gpu_0_memory_MB": 11,
  "training_gpu_1_memory_MB": 3034,
  "training_gpu_2_memory_MB": 2958,
  "training_gpu_3_memory_MB": 11,
  "training_gpu_4_memory_MB": 11,
  "training_gpu_5_memory_MB": 3034,
  "training_gpu_6_memory_MB": 11,
  "training_gpu_7_memory_MB": 11,
  "training_gpu_8_memory_MB": 11,
  "training_gpu_9_memory_MB": 11,
  "training_gpu_10_memory_MB": 11,
  "training_gpu_11_memory_MB": 11,
  "training_gpu_12_memory_MB": 11,
  "training_gpu_13_memory_MB": 11,
  "training_gpu_14_memory_MB": 11,
  "training_gpu_15_memory_MB": 11,
  "validation_1_F1": 0.8522727272726777,
  "validation_0_F1": 0.8243243243242748,
  "validation_accuracy": 0.8395061728395061,
  "validation_average_F1": 0.8382985257984763,
  "validation_loss": 0.401430606842041,
  "best_epoch": 2,
  "best_validation_1_F1": 0.8466257668711156,
  "best_validation_0_F1": 0.84472049689436,
  "best_validation_accuracy": 0.845679012345679,
  "best_validation_average_F1": 0.8456731318827377,
  "best_validation_loss": 0.37308938665823504,
  "test_1_F1": 0.855421686746938,
  "test_0_F1": 0.8481012658227349,
  "test_accuracy": 0.8518518518518519,
  "test_average_F1": 0.8517614762848364,
  "test_loss": 0.36672813377597113
}