{
  "peak_cpu_memory_MB": 3088.592,
  "peak_gpu_0_memory_MB": 11,
  "peak_gpu_1_memory_MB": 11,
  "peak_gpu_2_memory_MB": 11,
  "peak_gpu_3_memory_MB": 11,
  "peak_gpu_4_memory_MB": 11,
  "peak_gpu_5_memory_MB": 11,
  "peak_gpu_6_memory_MB": 11,
  "peak_gpu_7_memory_MB": 11,
  "peak_gpu_8_memory_MB": 11,
  "peak_gpu_9_memory_MB": 11,
  "peak_gpu_10_memory_MB": 11,
  "peak_gpu_11_memory_MB": 3364,
  "peak_gpu_12_memory_MB": 11,
  "peak_gpu_13_memory_MB": 11,
  "peak_gpu_14_memory_MB": 7789,
  "peak_gpu_15_memory_MB": 4911,
  "training_duration": "00:01:28",
  "training_start_epoch": 0,
  "training_epochs": 2,
  "epoch": 2,
  "training_1_F1": 0.9425113464447307,
  "training_0_F1": 0.9414483821262983,
  "training_accuracy": 0.9419847328244275,
  "training_average_F1": 0.9419798642855145,
  "training_loss": 0.2743391156560037,
  "training_cpu_memory_MB": 3088.592,
  "training_gpu_0_memory_MB": 11,
  "training_gpu_1_memory_MB": 11,
  "training_gpu_2_memory_MB": 11,
  "training_gpu_3_memory_MB": 11,
  "training_gpu_4_memory_MB": 11,
  "training_gpu_5_memory_MB": 11,
  "training_gpu_6_memory_MB": 11,
  "training_gpu_7_memory_MB": 11,
  "training_gpu_8_memory_MB": 11,
  "training_gpu_9_memory_MB": 11,
  "training_gpu_10_memory_MB": 11,
  "training_gpu_11_memory_MB": 3364,
  "training_gpu_12_memory_MB": 11,
  "training_gpu_13_memory_MB": 11,
  "training_gpu_14_memory_MB": 7789,
  "training_gpu_15_memory_MB": 4911,
  "validation_1_F1": 0.8426966292134336,
  "validation_0_F1": 0.8082191780821424,
  "validation_accuracy": 0.8271604938271605,
  "validation_average_F1": 0.825457903647788,
  "validation_loss": 0.4785261641849171,
  "best_epoch": 0,
  "best_validation_1_F1": 0.8848484848484349,
  "best_validation_0_F1": 0.8805031446540381,
  "best_validation_accuracy": 0.8827160493827161,
  "best_validation_average_F1": 0.8826758147512366,
  "best_validation_loss": 0.49884742498397827,
  "test_1_F1": 0.8160919540229388,
  "test_0_F1": 0.7866666666666171,
  "test_accuracy": 0.8024691358024691,
  "test_average_F1": 0.8013793103447779,
  "test_loss": 0.4956673790108074
}