{
  "peak_cpu_memory_MB": 3072.0,
  "peak_gpu_0_memory_MB": 2510,
  "training_duration": "00:04:27",
  "training_start_epoch": 0,
  "training_epochs": 9,
  "epoch": 9,
  "training_1_P": 0.9938650306748467,
  "training_1_R": 0.9893129770992366,
  "training_1_F1": 0.9915837796479989,
  "training_0_P": 0.9893617021276596,
  "training_0_R": 0.9938931297709923,
  "training_0_F1": 0.9916222391469417,
  "training_accuracy": 0.9916030534351145,
  "training_average_F1": 0.9916030093974704,
  "training_loss": 0.03487073691425527,
  "training_cpu_memory_MB": 3072.0,
  "training_gpu_0_memory_MB": 2510,
  "validation_1_P": 0.8554216867469879,
  "validation_1_R": 0.8765432098765432,
  "validation_1_F1": 0.8658536585365354,
  "validation_0_P": 0.8734177215189873,
  "validation_0_R": 0.8518518518518519,
  "validation_0_F1": 0.86249999999995,
  "validation_accuracy": 0.8641975308641975,
  "validation_average_F1": 0.8641768292682427,
  "validation_loss": 0.43897292559797113,
  "best_epoch": 6,
  "best_validation_1_P": 0.8860759493670886,
  "best_validation_1_R": 0.8641975308641975,
  "best_validation_1_F1": 0.8749999999999499,
  "best_validation_0_P": 0.8674698795180723,
  "best_validation_0_R": 0.8888888888888888,
  "best_validation_0_F1": 0.8780487804877548,
  "best_validation_accuracy": 0.8765432098765432,
  "best_validation_average_F1": 0.8765243902438524,
  "best_validation_loss": 0.545763839374889,
  "test_1_P": 0.8625,
  "test_1_R": 0.8518518518518519,
  "test_1_F1": 0.8571428571428072,
  "test_0_P": 0.8536585365853658,
  "test_0_R": 0.8641975308641975,
  "test_0_F1": 0.8588957055214225,
  "test_accuracy": 0.8580246913580247,
  "test_average_F1": 0.8580192813321148,
  "test_loss": 0.5130354850129648
}