{
  "peak_cpu_memory_MB": 5774.06,
  "peak_gpu_0_memory_MB": 11,
  "peak_gpu_1_memory_MB": 11,
  "peak_gpu_2_memory_MB": 11,
  "peak_gpu_3_memory_MB": 11,
  "peak_gpu_4_memory_MB": 11,
  "peak_gpu_5_memory_MB": 11,
  "peak_gpu_6_memory_MB": 1906,
  "peak_gpu_7_memory_MB": 11,
  "peak_gpu_8_memory_MB": 11,
  "peak_gpu_9_memory_MB": 11,
  "peak_gpu_10_memory_MB": 11,
  "peak_gpu_11_memory_MB": 9990,
  "peak_gpu_12_memory_MB": 11,
  "peak_gpu_13_memory_MB": 11,
  "peak_gpu_14_memory_MB": 11,
  "peak_gpu_15_memory_MB": 11,
  "training_duration": "00:03:17",
  "training_start_epoch": 0,
  "training_epochs": 4,
  "epoch": 4,
  "training_1_P": 0.9924012158054711,
  "training_1_R": 0.9969465648854962,
  "training_1_F1": 0.9946686976389447,
  "training_0_P": 0.9969325153374233,
  "training_0_R": 0.9923664122137404,
  "training_0_F1": 0.9946442234123449,
  "training_accuracy": 0.9946564885496183,
  "training_average_F1": 0.9946564605256448,
  "training_loss": 0.027917677576358362,
  "training_cpu_memory_MB": 5774.06,
  "training_gpu_0_memory_MB": 11,
  "training_gpu_1_memory_MB": 11,
  "training_gpu_2_memory_MB": 11,
  "training_gpu_3_memory_MB": 11,
  "training_gpu_4_memory_MB": 11,
  "training_gpu_5_memory_MB": 11,
  "training_gpu_6_memory_MB": 1906,
  "training_gpu_7_memory_MB": 11,
  "training_gpu_8_memory_MB": 11,
  "training_gpu_9_memory_MB": 11,
  "training_gpu_10_memory_MB": 11,
  "training_gpu_11_memory_MB": 9990,
  "training_gpu_12_memory_MB": 11,
  "training_gpu_13_memory_MB": 11,
  "training_gpu_14_memory_MB": 11,
  "training_gpu_15_memory_MB": 11,
  "validation_1_P": 0.8095238095238095,
  "validation_1_R": 0.8395061728395061,
  "validation_1_F1": 0.8242424242423743,
  "validation_0_P": 0.8333333333333334,
  "validation_0_R": 0.8024691358024691,
  "validation_0_F1": 0.8176100628930317,
  "validation_accuracy": 0.8209876543209876,
  "validation_average_F1": 0.8209262435677029,
  "validation_loss": 0.6270844130353495,
  "best_epoch": 3,
  "best_validation_1_P": 0.8354430379746836,
  "best_validation_1_R": 0.8148148148148148,
  "best_validation_1_F1": 0.82499999999995,
  "best_validation_0_P": 0.8192771084337349,
  "best_validation_0_R": 0.8395061728395061,
  "best_validation_0_F1": 0.8292682926828769,
  "best_validation_accuracy": 0.8271604938271605,
  "best_validation_average_F1": 0.8271341463414135,
  "best_validation_loss": 0.5878690603104505
}