{
  "peak_cpu_memory_MB": 5774.06,
  "peak_gpu_0_memory_MB": 11,
  "peak_gpu_1_memory_MB": 11,
  "peak_gpu_2_memory_MB": 11,
  "peak_gpu_3_memory_MB": 11,
  "peak_gpu_4_memory_MB": 11,
  "peak_gpu_5_memory_MB": 11,
  "peak_gpu_6_memory_MB": 1906,
  "peak_gpu_7_memory_MB": 11,
  "peak_gpu_8_memory_MB": 11,
  "peak_gpu_9_memory_MB": 11,
  "peak_gpu_10_memory_MB": 11,
  "peak_gpu_11_memory_MB": 9990,
  "peak_gpu_12_memory_MB": 11,
  "peak_gpu_13_memory_MB": 11,
  "peak_gpu_14_memory_MB": 11,
  "peak_gpu_15_memory_MB": 11,
  "training_duration": "00:01:55",
  "training_start_epoch": 0,
  "training_epochs": 2,
  "epoch": 2,
  "training_1_P": 0.9451851851851852,
  "training_1_R": 0.9740458015267176,
  "training_1_F1": 0.9593984962405516,
  "training_0_P": 0.9732283464566929,
  "training_0_R": 0.9435114503816794,
  "training_0_F1": 0.9581395348836709,
  "training_accuracy": 0.9587786259541985,
  "training_average_F1": 0.9587690155621112,
  "training_loss": 0.13265341436263264,
  "training_cpu_memory_MB": 5774.06,
  "training_gpu_0_memory_MB": 11,
  "training_gpu_1_memory_MB": 11,
  "training_gpu_2_memory_MB": 11,
  "training_gpu_3_memory_MB": 11,
  "training_gpu_4_memory_MB": 11,
  "training_gpu_5_memory_MB": 11,
  "training_gpu_6_memory_MB": 1906,
  "training_gpu_7_memory_MB": 11,
  "training_gpu_8_memory_MB": 11,
  "training_gpu_9_memory_MB": 11,
  "training_gpu_10_memory_MB": 11,
  "training_gpu_11_memory_MB": 9990,
  "training_gpu_12_memory_MB": 11,
  "training_gpu_13_memory_MB": 11,
  "training_gpu_14_memory_MB": 11,
  "training_gpu_15_memory_MB": 11,
  "validation_1_P": 0.7931034482758621,
  "validation_1_R": 0.8518518518518519,
  "validation_1_F1": 0.8214285714285217,
  "validation_0_P": 0.84,
  "validation_0_R": 0.7777777777777778,
  "validation_0_F1": 0.8076923076922577,
  "validation_accuracy": 0.8148148148148148,
  "validation_average_F1": 0.8145604395603897,
  "validation_loss": 0.5497428314252333,
  "best_epoch": 1,
  "best_validation_1_P": 0.7931034482758621,
  "best_validation_1_R": 0.8518518518518519,
  "best_validation_1_F1": 0.8214285714285217,
  "best_validation_0_P": 0.84,
  "best_validation_0_R": 0.7777777777777778,
  "best_validation_0_F1": 0.8076923076922577,
  "best_validation_accuracy": 0.8148148148148148,
  "best_validation_average_F1": 0.8145604395603897,
  "best_validation_loss": 0.4139496846632524
}