{
  "peak_cpu_memory_MB": 2203.168,
  "peak_gpu_0_memory_MB": 2525,
  "training_duration": "00:01:21",
  "training_start_epoch": 0,
  "training_epochs": 1,
  "epoch": 1,
  "training_1_P": 0.8795888399412628,
  "training_1_R": 0.9145038167938931,
  "training_1_F1": 0.8967065868262972,
  "training_0_P": 0.9109697933227345,
  "training_0_R": 0.8748091603053435,
  "training_0_F1": 0.8925233644859315,
  "training_accuracy": 0.8946564885496183,
  "training_average_F1": 0.8946149756561144,
  "training_loss": 0.28235530971390443,
  "training_cpu_memory_MB": 2203.168,
  "training_gpu_0_memory_MB": 2525,
  "validation_1_P": 0.776595744680851,
  "validation_1_R": 0.9012345679012346,
  "validation_1_F1": 0.8342857142856646,
  "validation_0_P": 0.8823529411764706,
  "validation_0_R": 0.7407407407407407,
  "validation_0_F1": 0.8053691275167288,
  "validation_accuracy": 0.8209876543209876,
  "validation_average_F1": 0.8198274209011966,
  "validation_loss": 0.3900356184352528,
  "best_epoch": 1,
  "best_validation_1_P": 0.776595744680851,
  "best_validation_1_R": 0.9012345679012346,
  "best_validation_1_F1": 0.8342857142856646,
  "best_validation_0_P": 0.8823529411764706,
  "best_validation_0_R": 0.7407407407407407,
  "best_validation_0_F1": 0.8053691275167288,
  "best_validation_accuracy": 0.8209876543209876,
  "best_validation_average_F1": 0.8198274209011966,
  "best_validation_loss": 0.3900356184352528
}