{
  "peak_cpu_memory_MB": 2203.168,
  "peak_gpu_0_memory_MB": 2627,
  "training_duration": "00:03:35",
  "training_start_epoch": 0,
  "training_epochs": 4,
  "epoch": 4,
  "training_1_P": 0.992412746585736,
  "training_1_R": 0.9984732824427481,
  "training_1_F1": 0.995433789954288,
  "training_0_P": 0.9984639016897081,
  "training_0_R": 0.9923664122137404,
  "training_0_F1": 0.9954058192955091,
  "training_accuracy": 0.9954198473282443,
  "training_average_F1": 0.9954198046248985,
  "training_loss": 0.017818523690149916,
  "training_cpu_memory_MB": 2203.168,
  "training_gpu_0_memory_MB": 2525,
  "validation_1_P": 0.8,
  "validation_1_R": 0.8888888888888888,
  "validation_1_F1": 0.842105263157845,
  "validation_0_P": 0.875,
  "validation_0_R": 0.7777777777777778,
  "validation_0_F1": 0.8235294117646562,
  "validation_accuracy": 0.8333333333333334,
  "validation_average_F1": 0.8328173374612506,
  "validation_loss": 0.5525365485386415,
  "best_epoch": 2,
  "best_validation_1_P": 0.8275862068965517,
  "best_validation_1_R": 0.8888888888888888,
  "best_validation_1_F1": 0.8571428571428074,
  "best_validation_0_P": 0.88,
  "best_validation_0_R": 0.8148148148148148,
  "best_validation_0_F1": 0.8461538461537963,
  "best_validation_accuracy": 0.8518518518518519,
  "best_validation_average_F1": 0.8516483516483018,
  "best_validation_loss": 0.42931683971123263,
  "test_1_P": 0.7840909090909091,
  "test_1_R": 0.8518518518518519,
  "test_1_F1": 0.8165680473372283,
  "test_0_P": 0.8378378378378378,
  "test_0_R": 0.7654320987654321,
  "test_0_F1": 0.7999999999999502,
  "test_accuracy": 0.808641975308642,
  "test_average_F1": 0.8082840236685893,
  "test_loss": 0.4809173751961101
}