{
  "training_duration": "00:04:57",
  "training_start_epoch": 0,
  "training_epochs": 1,
  "epoch": 1,
  "training_1_F1": 0.7274074074073574,
  "training_0_F1": 0.710236220472391,
  "training_accuracy": 0.7190839694656489,
  "training_average_F1": 0.7188218139398742,
  "training_loss": 0.6820399564940754,
  "validation_1_F1": 0.7771428571428074,
  "validation_0_F1": 0.7382550335569974,
  "validation_accuracy": 0.7592592592592593,
  "validation_average_F1": 0.7576989453499023,
  "validation_loss": 0.6165748184377496,
  "best_epoch": 0,
  "best_validation_1_F1": 0.7692307692307193,
  "best_validation_0_F1": 0.7483870967741437,
  "best_validation_accuracy": 0.7592592592592593,
  "best_validation_average_F1": 0.7588089330024315,
  "best_validation_loss": 0.6537829583341425
}