{
  "training_duration": "00:23:27",
  "training_start_epoch": 0,
  "training_epochs": 8,
  "epoch": 8,
  "training_1_F1": 0.8867069486404334,
  "training_0_F1": 0.8842592592592093,
  "training_accuracy": 0.8854961832061069,
  "training_average_F1": 0.8854831039498214,
  "training_loss": 0.4454112830685406,
  "validation_1_F1": 0.8170731707316575,
  "validation_0_F1": 0.8124999999999502,
  "validation_accuracy": 0.8148148148148148,
  "validation_average_F1": 0.8147865853658038,
  "validation_loss": 0.4491833475503055,
  "best_epoch": 7,
  "best_validation_1_F1": 0.8323699421964821,
  "best_validation_0_F1": 0.8079470198675,
  "best_validation_accuracy": 0.8209876543209876,
  "best_validation_average_F1": 0.8201584810319911,
  "best_validation_loss": 0.43935609405690973
}