{
  "training_duration": "00:28:28",
  "training_start_epoch": 0,
  "training_epochs": 10,
  "epoch": 10,
  "training_1_F1": 0.9047981721248548,
  "training_0_F1": 0.9043611323641428,
  "training_accuracy": 0.9045801526717557,
  "training_average_F1": 0.9045796522444989,
  "training_loss": 0.4069922719059921,
  "validation_1_F1": 0.8313253012047693,
  "validation_0_F1": 0.8227848101265324,
  "validation_accuracy": 0.8271604938271605,
  "validation_average_F1": 0.8270550556656509,
  "validation_loss": 0.4115039083090695,
  "best_epoch": 10,
  "best_validation_1_F1": 0.8313253012047693,
  "best_validation_0_F1": 0.8227848101265324,
  "best_validation_accuracy": 0.8271604938271605,
  "best_validation_average_F1": 0.8270550556656509,
  "best_validation_loss": 0.4115039083090695
}