{
  "training_duration": "00:25:57",
  "training_start_epoch": 0,
  "training_epochs": 9,
  "epoch": 9,
  "training_1_F1": 0.8940998487140197,
  "training_0_F1": 0.8921417565484863,
  "training_accuracy": 0.8931297709923665,
  "training_average_F1": 0.8931208026312529,
  "training_loss": 0.42215084520781915,
  "validation_1_F1": 0.8143712574849801,
  "validation_0_F1": 0.802547770700587,
  "validation_accuracy": 0.808641975308642,
  "validation_average_F1": 0.8084595140927835,
  "validation_loss": 0.4188146618279544,
  "best_epoch": 7,
  "best_validation_1_F1": 0.8323699421964821,
  "best_validation_0_F1": 0.8079470198675,
  "best_validation_accuracy": 0.8209876543209876,
  "best_validation_average_F1": 0.8201584810319911,
  "best_validation_loss": 0.43935609405690973
}