{
  "training_duration": "00:31:08",
  "training_start_epoch": 0,
  "training_epochs": 11,
  "epoch": 11,
  "training_1_F1": 0.9104704097116343,
  "training_0_F1": 0.9093701996927305,
  "training_accuracy": 0.9099236641221374,
  "training_average_F1": 0.9099203047021824,
  "training_loss": 0.3966396581835863,
  "validation_1_F1": 0.8263473053891718,
  "validation_0_F1": 0.8152866242037717,
  "validation_accuracy": 0.8209876543209876,
  "validation_average_F1": 0.8208169647964718,
  "validation_loss": 0.43289509415626526,
  "best_epoch": 10,
  "best_validation_1_F1": 0.8313253012047693,
  "best_validation_0_F1": 0.8227848101265324,
  "best_validation_accuracy": 0.8271604938271605,
  "best_validation_average_F1": 0.8270550556656509,
  "best_validation_loss": 0.4115039083090695
}