{
  "peak_cpu_memory_MB": 4420.232,
  "peak_gpu_0_memory_MB": 11,
  "peak_gpu_1_memory_MB": 11,
  "peak_gpu_2_memory_MB": 11,
  "peak_gpu_3_memory_MB": 11,
  "peak_gpu_4_memory_MB": 11,
  "peak_gpu_5_memory_MB": 11,
  "peak_gpu_6_memory_MB": 11,
  "peak_gpu_7_memory_MB": 11,
  "peak_gpu_8_memory_MB": 11,
  "peak_gpu_9_memory_MB": 11,
  "peak_gpu_10_memory_MB": 11,
  "peak_gpu_11_memory_MB": 11,
  "peak_gpu_12_memory_MB": 11,
  "peak_gpu_13_memory_MB": 11,
  "peak_gpu_14_memory_MB": 8342,
  "peak_gpu_15_memory_MB": 11,
  "training_duration": "00:05:29",
  "training_start_epoch": 0,
  "training_epochs": 3,
  "epoch": 3,
  "training_1_F1": 0.9747513389440968,
  "training_0_F1": 0.9748667174409249,
  "training_accuracy": 0.9748091603053435,
  "training_average_F1": 0.9748090281925108,
  "training_loss": 0.0857897097153998,
  "training_cpu_memory_MB": 4420.232,
  "training_gpu_0_memory_MB": 11,
  "training_gpu_1_memory_MB": 11,
  "training_gpu_2_memory_MB": 11,
  "training_gpu_3_memory_MB": 11,
  "training_gpu_4_memory_MB": 11,
  "training_gpu_5_memory_MB": 11,
  "training_gpu_6_memory_MB": 11,
  "training_gpu_7_memory_MB": 11,
  "training_gpu_8_memory_MB": 11,
  "training_gpu_9_memory_MB": 11,
  "training_gpu_10_memory_MB": 11,
  "training_gpu_11_memory_MB": 11,
  "training_gpu_12_memory_MB": 11,
  "training_gpu_13_memory_MB": 11,
  "training_gpu_14_memory_MB": 8342,
  "training_gpu_15_memory_MB": 11,
  "validation_1_F1": 0.8571428571428072,
  "validation_0_F1": 0.8588957055214225,
  "validation_accuracy": 0.8580246913580247,
  "validation_average_F1": 0.8580192813321148,
  "validation_loss": 0.5021220547231761,
  "best_epoch": 1,
  "best_validation_1_F1": 0.8742514970059381,
  "best_validation_0_F1": 0.8662420382165106,
  "best_validation_accuracy": 0.8703703703703703,
  "best_validation_average_F1": 0.8702467676112243,
  "best_validation_loss": 0.44157574664462695,
  "test_1_F1": 0.8502994011975549,
  "test_0_F1": 0.8407643312101413,
  "test_accuracy": 0.845679012345679,
  "test_average_F1": 0.845531866203848,
  "test_loss": 0.3426633653315631
}