{
  "training_duration": "00:05:02",
  "training_start_epoch": 0,
  "training_epochs": 5,
  "epoch": 5,
  "training_1_F1": 0.8333333333332835,
  "training_0_F1": 0.8145161290322083,
  "training_accuracy": 0.8244274809160306,
  "training_average_F1": 0.8239247311827459,
  "training_loss": 0.5569433268250489,
  "validation_1_F1": 0.7682926829267793,
  "validation_0_F1": 0.76249999999995,
  "validation_accuracy": 0.7654320987654321,
  "validation_average_F1": 0.7653963414633647,
  "validation_loss": 0.5487434674393047,
  "best_epoch": 5,
  "best_validation_1_F1": 0.7682926829267793,
  "best_validation_0_F1": 0.76249999999995,
  "best_validation_accuracy": 0.7654320987654321,
  "best_validation_average_F1": 0.7653963414633647,
  "best_validation_loss": 0.5487434674393047
}