{
  "training_duration": "00:03:18",
  "training_start_epoch": 0,
  "training_epochs": 3,
  "epoch": 3,
  "training_1_F1": 0.7893217893217395,
  "training_0_F1": 0.7633711507292859,
  "training_accuracy": 0.7770992366412214,
  "training_average_F1": 0.7763464700255127,
  "training_loss": 0.6045882469270287,
  "validation_1_F1": 0.7431693989070544,
  "validation_0_F1": 0.6666666666666179,
  "validation_accuracy": 0.7098765432098766,
  "validation_average_F1": 0.7049180327868361,
  "validation_loss": 0.5831306658007882,
  "best_epoch": 2,
  "best_validation_1_F1": 0.729559748427623,
  "best_validation_0_F1": 0.7393939393938894,
  "best_validation_accuracy": 0.7345679012345679,
  "best_validation_average_F1": 0.7344768439107562,
  "best_validation_loss": 0.6070845777338202
}