{
  "training_duration": "00:00:47",
  "training_start_epoch": 0,
  "training_epochs": 0,
  "epoch": 0,
  "training_1_F1": 0.6816834617664018,
  "training_0_F1": 0.42443729903532795,
  "training_accuracy": 0.5900763358778626,
  "training_average_F1": 0.5530603804008649,
  "training_loss": 0.7183461094774851,
  "validation_1_F1": 0.5312499999999536,
  "validation_0_F1": 0.6938775510203598,
  "validation_accuracy": 0.6296296296296297,
  "validation_average_F1": 0.6125637755101567,
  "validation_loss": 0.6704019524834373,
  "best_epoch": 0,
  "best_validation_1_F1": 0.5312499999999536,
  "best_validation_0_F1": 0.6938775510203598,
  "best_validation_accuracy": 0.6296296296296297,
  "best_validation_average_F1": 0.6125637755101567,
  "best_validation_loss": 0.6704019524834373
}