{
  "training_duration": "00:02:27",
  "training_start_epoch": 0,
  "training_epochs": 2,
  "epoch": 2,
  "training_1_F1": 0.7695560253699292,
  "training_0_F1": 0.7277268942547381,
  "training_accuracy": 0.750381679389313,
  "training_average_F1": 0.7486414598123337,
  "training_loss": 0.6366409521277357,
  "validation_1_F1": 0.729559748427623,
  "validation_0_F1": 0.7393939393938894,
  "validation_accuracy": 0.7345679012345679,
  "validation_average_F1": 0.7344768439107562,
  "validation_loss": 0.6070845777338202,
  "best_epoch": 2,
  "best_validation_1_F1": 0.729559748427623,
  "best_validation_0_F1": 0.7393939393938894,
  "best_validation_accuracy": 0.7345679012345679,
  "best_validation_average_F1": 0.7344768439107562,
  "best_validation_loss": 0.6070845777338202
}