{
  "training_duration": "00:04:07",
  "training_start_epoch": 0,
  "training_epochs": 4,
  "epoch": 4,
  "training_1_F1": 0.8124999999999503,
  "training_0_F1": 0.7821782178217326,
  "training_accuracy": 0.7984732824427481,
  "training_average_F1": 0.7973391089108415,
  "training_loss": 0.5836704551446729,
  "validation_1_F1": 0.7515923566878482,
  "validation_0_F1": 0.7664670658682134,
  "validation_accuracy": 0.7592592592592593,
  "validation_average_F1": 0.7590297112780309,
  "validation_loss": 0.5481033975427801,
  "best_epoch": 4,
  "best_validation_1_F1": 0.7515923566878482,
  "best_validation_0_F1": 0.7664670658682134,
  "best_validation_accuracy": 0.7592592592592593,
  "best_validation_average_F1": 0.7590297112780309,
  "best_validation_loss": 0.5481033975427801
}