{
  "training_duration": "00:06:45",
  "training_start_epoch": 0,
  "training_epochs": 7,
  "epoch": 7,
  "training_1_F1": 0.8446389496717226,
  "training_0_F1": 0.8294635708566355,
  "training_accuracy": 0.8374045801526717,
  "training_average_F1": 0.8370512602641791,
  "training_loss": 0.5268241287004657,
  "validation_1_F1": 0.7857142857142358,
  "validation_0_F1": 0.7692307692307193,
  "validation_accuracy": 0.7777777777777778,
  "validation_average_F1": 0.7774725274724776,
  "validation_loss": 0.508032663301988,
  "best_epoch": 6,
  "best_validation_1_F1": 0.7777777777777278,
  "best_validation_0_F1": 0.7777777777777278,
  "best_validation_accuracy": 0.7777777777777778,
  "best_validation_average_F1": 0.7777777777777278,
  "best_validation_loss": 0.5365475876764818
}