{
  "peak_cpu_memory_MB": 3071.2,
  "peak_gpu_0_memory_MB": 2510,
  "training_duration": "00:03:34",
  "training_start_epoch": 0,
  "training_epochs": 7,
  "epoch": 7,
  "training_1_F1": 0.7879245283018369,
  "training_0_F1": 0.7830115830115331,
  "training_accuracy": 0.7854961832061069,
  "training_average_F1": 0.785468055656685,
  "training_loss": 0.5157002795760225,
  "training_cpu_memory_MB": 3071.2,
  "training_gpu_0_memory_MB": 2510,
  "validation_1_F1": 0.7672955974842267,
  "validation_0_F1": 0.7757575757575257,
  "validation_accuracy": 0.7716049382716049,
  "validation_average_F1": 0.7715265866208763,
  "validation_loss": 0.5619555332443931,
  "best_epoch": 6,
  "best_validation_1_F1": 0.7874999999999501,
  "best_validation_0_F1": 0.7926829268292183,
  "best_validation_accuracy": 0.7901234567901234,
  "best_validation_average_F1": 0.7900914634145841,
  "best_validation_loss": 0.5408572608774359,
  "test_1_F1": 0.7484662576686618,
  "test_0_F1": 0.7453416149067824,
  "test_accuracy": 0.7469135802469136,
  "test_average_F1": 0.7469039362877221,
  "test_loss": 0.5489688651128248
}