{
  "peak_cpu_memory_MB": 4455.484,
  "peak_gpu_0_memory_MB": 11,
  "peak_gpu_1_memory_MB": 1854,
  "peak_gpu_2_memory_MB": 11,
  "peak_gpu_3_memory_MB": 11,
  "peak_gpu_4_memory_MB": 11,
  "peak_gpu_5_memory_MB": 11,
  "peak_gpu_6_memory_MB": 1894,
  "peak_gpu_7_memory_MB": 11,
  "peak_gpu_8_memory_MB": 11,
  "peak_gpu_9_memory_MB": 11,
  "peak_gpu_10_memory_MB": 11,
  "peak_gpu_11_memory_MB": 2840,
  "peak_gpu_12_memory_MB": 11,
  "peak_gpu_13_memory_MB": 11,
  "peak_gpu_14_memory_MB": 11,
  "peak_gpu_15_memory_MB": 1242,
  "training_duration": "00:01:46",
  "training_start_epoch": 0,
  "training_epochs": 2,
  "epoch": 2,
  "training_1_P": 0.9051094890510949,
  "training_1_R": 0.9465648854961832,
  "training_1_F1": 0.9253731343283084,
  "training_0_P": 0.944,
  "training_0_R": 0.9007633587786259,
  "training_0_F1": 0.92187499999995,
  "training_accuracy": 0.9236641221374046,
  "training_average_F1": 0.9236240671641291,
  "training_loss": 0.20296242247085747,
  "training_cpu_memory_MB": 4455.484,
  "training_gpu_0_memory_MB": 11,
  "training_gpu_1_memory_MB": 1854,
  "training_gpu_2_memory_MB": 11,
  "training_gpu_3_memory_MB": 11,
  "training_gpu_4_memory_MB": 11,
  "training_gpu_5_memory_MB": 11,
  "training_gpu_6_memory_MB": 1894,
  "training_gpu_7_memory_MB": 11,
  "training_gpu_8_memory_MB": 11,
  "training_gpu_9_memory_MB": 11,
  "training_gpu_10_memory_MB": 11,
  "training_gpu_11_memory_MB": 2840,
  "training_gpu_12_memory_MB": 11,
  "training_gpu_13_memory_MB": 11,
  "training_gpu_14_memory_MB": 11,
  "training_gpu_15_memory_MB": 1242,
  "validation_1_P": 0.8620689655172413,
  "validation_1_R": 0.6172839506172839,
  "validation_1_F1": 0.7194244604316061,
  "validation_0_P": 0.7019230769230769,
  "validation_0_R": 0.9012345679012346,
  "validation_0_F1": 0.7891891891891399,
  "validation_accuracy": 0.7592592592592593,
  "validation_average_F1": 0.754306824810373,
  "validation_loss": 0.5500664846463637,
  "best_epoch": 1,
  "best_validation_1_P": 0.8636363636363636,
  "best_validation_1_R": 0.7037037037037037,
  "best_validation_1_F1": 0.7755102040815832,
  "best_validation_0_P": 0.75,
  "best_validation_0_R": 0.8888888888888888,
  "best_validation_0_F1": 0.8135593220338487,
  "best_validation_accuracy": 0.7962962962962963,
  "best_validation_average_F1": 0.794534763057716,
  "best_validation_loss": 0.4389658285812898
}