{
  "peak_cpu_memory_MB": 4429.024,
  "peak_gpu_0_memory_MB": 11,
  "peak_gpu_1_memory_MB": 8434,
  "peak_gpu_2_memory_MB": 11,
  "peak_gpu_3_memory_MB": 11,
  "peak_gpu_4_memory_MB": 11,
  "peak_gpu_5_memory_MB": 11,
  "peak_gpu_6_memory_MB": 11,
  "peak_gpu_7_memory_MB": 11,
  "peak_gpu_8_memory_MB": 11,
  "peak_gpu_9_memory_MB": 11,
  "peak_gpu_10_memory_MB": 8342,
  "peak_gpu_11_memory_MB": 11,
  "peak_gpu_12_memory_MB": 11,
  "peak_gpu_13_memory_MB": 11,
  "peak_gpu_14_memory_MB": 11,
  "peak_gpu_15_memory_MB": 11,
  "training_duration": "00:06:09",
  "training_start_epoch": 0,
  "training_epochs": 3,
  "epoch": 3,
  "training_1_F1": 0.9549961861174175,
  "training_0_F1": 0.9549274255156108,
  "training_accuracy": 0.9549618320610687,
  "training_average_F1": 0.9549618058165141,
  "training_loss": 0.21751381347819074,
  "training_cpu_memory_MB": 4429.024,
  "training_gpu_0_memory_MB": 11,
  "training_gpu_1_memory_MB": 8434,
  "training_gpu_2_memory_MB": 11,
  "training_gpu_3_memory_MB": 11,
  "training_gpu_4_memory_MB": 11,
  "training_gpu_5_memory_MB": 11,
  "training_gpu_6_memory_MB": 11,
  "training_gpu_7_memory_MB": 11,
  "training_gpu_8_memory_MB": 11,
  "training_gpu_9_memory_MB": 11,
  "training_gpu_10_memory_MB": 7162,
  "training_gpu_11_memory_MB": 11,
  "training_gpu_12_memory_MB": 11,
  "training_gpu_13_memory_MB": 11,
  "training_gpu_14_memory_MB": 11,
  "training_gpu_15_memory_MB": 11,
  "validation_1_F1": 0.8433734939758536,
  "validation_0_F1": 0.8354430379746336,
  "validation_accuracy": 0.8395061728395061,
  "validation_average_F1": 0.8394082659752435,
  "validation_loss": 0.44960375265641644,
  "best_epoch": 1,
  "best_validation_1_F1": 0.8520710059171098,
  "best_validation_0_F1": 0.8387096774193049,
  "best_validation_accuracy": 0.845679012345679,
  "best_validation_average_F1": 0.8453903416682074,
  "best_validation_loss": 0.4630836857990785,
  "test_1_F1": 0.8571428571428074,
  "test_0_F1": 0.8461538461537963,
  "test_accuracy": 0.8518518518518519,
  "test_average_F1": 0.8516483516483018,
  "test_loss": 0.36570766703649
}