{
  "peak_cpu_memory_MB": 3071.008,
  "peak_gpu_0_memory_MB": 1241,
  "training_duration": "00:00:22",
  "training_start_epoch": 0,
  "training_epochs": 0,
  "epoch": 0,
  "training_1_F1": 0.7771942985745938,
  "training_0_F1": 0.7692307692307193,
  "training_accuracy": 0.7732824427480917,
  "training_average_F1": 0.7732125339026565,
  "training_loss": 0.4746367924097108,
  "training_cpu_memory_MB": 3071.008,
  "training_gpu_0_memory_MB": 1241,
  "validation_1_F1": 0.785276073619582,
  "validation_0_F1": 0.782608695652124,
  "validation_accuracy": 0.7839506172839507,
  "validation_average_F1": 0.783942384635853,
  "validation_loss": 0.4686355523087762,
  "best_epoch": 0,
  "best_validation_1_F1": 0.785276073619582,
  "best_validation_0_F1": 0.782608695652124,
  "best_validation_accuracy": 0.7839506172839507,
  "best_validation_average_F1": 0.783942384635853,
  "best_validation_loss": 0.4686355523087762
}