{
  "peak_cpu_memory_MB": 3071.008,
  "peak_gpu_0_memory_MB": 2510,
  "training_duration": "00:00:46",
  "training_start_epoch": 0,
  "training_epochs": 1,
  "epoch": 1,
  "training_1_F1": 0.8892238131122334,
  "training_0_F1": 0.8863109048723398,
  "training_accuracy": 0.8877862595419848,
  "training_average_F1": 0.8877673589922865,
  "training_loss": 0.3013149693426562,
  "training_cpu_memory_MB": 3071.008,
  "training_gpu_0_memory_MB": 2510,
  "validation_1_F1": 0.7926829268292183,
  "validation_0_F1": 0.7874999999999501,
  "validation_accuracy": 0.7901234567901234,
  "validation_average_F1": 0.7900914634145841,
  "validation_loss": 0.382633931257508,
  "best_epoch": 1,
  "best_validation_1_F1": 0.7926829268292183,
  "best_validation_0_F1": 0.7874999999999501,
  "best_validation_accuracy": 0.7901234567901234,
  "best_validation_average_F1": 0.7900914634145841,
  "best_validation_loss": 0.382633931257508
}