{
  "training_duration": "00:04:58",
  "training_start_epoch": 0,
  "training_epochs": 1,
  "epoch": 1,
  "training_1_F1": 0.7374545454544956,
  "training_0_F1": 0.7100401606425206,
  "training_accuracy": 0.7244274809160305,
  "training_average_F1": 0.7237473530485081,
  "training_loss": 0.6754397306500411,
  "validation_1_F1": 0.8165680473372283,
  "validation_0_F1": 0.7999999999999502,
  "validation_accuracy": 0.808641975308642,
  "validation_average_F1": 0.8082840236685893,
  "validation_loss": 0.603345822204243,
  "best_epoch": 1,
  "best_validation_1_F1": 0.8165680473372283,
  "best_validation_0_F1": 0.7999999999999502,
  "best_validation_accuracy": 0.808641975308642,
  "best_validation_average_F1": 0.8082840236685893,
  "best_validation_loss": 0.603345822204243
}