{
  "training_duration": "00:07:40",
  "training_start_epoch": 0,
  "training_epochs": 2,
  "epoch": 2,
  "training_1_F1": 0.795269770879477,
  "training_0_F1": 0.7813733228097371,
  "training_accuracy": 0.7885496183206107,
  "training_average_F1": 0.7883215468446071,
  "training_loss": 0.6205989776588068,
  "validation_1_F1": 0.8313253012047693,
  "validation_0_F1": 0.8227848101265324,
  "validation_accuracy": 0.8271604938271605,
  "validation_average_F1": 0.8270550556656509,
  "validation_loss": 0.5274279876188799,
  "best_epoch": 2,
  "best_validation_1_F1": 0.8313253012047693,
  "best_validation_0_F1": 0.8227848101265324,
  "best_validation_accuracy": 0.8271604938271605,
  "best_validation_average_F1": 0.8270550556656509,
  "best_validation_loss": 0.5274279876188799
}