{
  "training_duration": "00:10:21",
  "training_start_epoch": 0,
  "training_epochs": 3,
  "epoch": 3,
  "training_1_F1": 0.8335809806834568,
  "training_0_F1": 0.8241758241757742,
  "training_accuracy": 0.8290076335877863,
  "training_average_F1": 0.8288784024296154,
  "training_loss": 0.5619865430564415,
  "validation_1_F1": 0.8139534883720433,
  "validation_0_F1": 0.7894736842104765,
  "validation_accuracy": 0.8024691358024691,
  "validation_average_F1": 0.8017135862912599,
  "validation_loss": 0.4952683394605463,
  "best_epoch": 2,
  "best_validation_1_F1": 0.8313253012047693,
  "best_validation_0_F1": 0.8227848101265324,
  "best_validation_accuracy": 0.8271604938271605,
  "best_validation_average_F1": 0.8270550556656509,
  "best_validation_loss": 0.5274279876188799
}