{
  "peak_cpu_memory_MB": 7053.652,
  "peak_gpu_0_memory_MB": 11,
  "peak_gpu_1_memory_MB": 11,
  "peak_gpu_2_memory_MB": 11,
  "peak_gpu_3_memory_MB": 11,
  "peak_gpu_4_memory_MB": 11,
  "peak_gpu_5_memory_MB": 11,
  "peak_gpu_6_memory_MB": 11,
  "peak_gpu_7_memory_MB": 8378,
  "peak_gpu_8_memory_MB": 11,
  "peak_gpu_9_memory_MB": 11,
  "peak_gpu_10_memory_MB": 8314,
  "peak_gpu_11_memory_MB": 11,
  "peak_gpu_12_memory_MB": 11,
  "peak_gpu_13_memory_MB": 11,
  "peak_gpu_14_memory_MB": 11,
  "peak_gpu_15_memory_MB": 11,
  "training_duration": "00:08:12",
  "training_start_epoch": 3,
  "training_epochs": 4,
  "epoch": 7,
  "training_1_F1": 0.9725609756097061,
  "training_0_F1": 0.9724770642201336,
  "training_accuracy": 0.9725190839694656,
  "training_average_F1": 0.9725190199149198,
  "training_loss": 0.16164852151783501,
  "training_cpu_memory_MB": 7053.652,
  "training_gpu_0_memory_MB": 11,
  "training_gpu_1_memory_MB": 11,
  "training_gpu_2_memory_MB": 11,
  "training_gpu_3_memory_MB": 11,
  "training_gpu_4_memory_MB": 11,
  "training_gpu_5_memory_MB": 11,
  "training_gpu_6_memory_MB": 11,
  "training_gpu_7_memory_MB": 8378,
  "training_gpu_8_memory_MB": 11,
  "training_gpu_9_memory_MB": 11,
  "training_gpu_10_memory_MB": 8314,
  "training_gpu_11_memory_MB": 11,
  "training_gpu_12_memory_MB": 11,
  "training_gpu_13_memory_MB": 11,
  "training_gpu_14_memory_MB": 11,
  "training_gpu_15_memory_MB": 11,
  "validation_1_F1": 0.8026315789473186,
  "validation_0_F1": 0.8255813953487874,
  "validation_accuracy": 0.8148148148148148,
  "validation_average_F1": 0.814106487148053,
  "validation_loss": 0.4388526705178348,
  "best_epoch": 5,
  "best_validation_1_F1": 0.8470588235293619,
  "best_validation_0_F1": 0.8311688311687814,
  "best_validation_accuracy": 0.8395061728395061,
  "best_validation_average_F1": 0.8391138273490717,
  "best_validation_loss": 0.4469654289158908,
  "test_1_F1": 0.8502994011975549,
  "test_0_F1": 0.8407643312101413,
  "test_accuracy": 0.845679012345679,
  "test_average_F1": 0.845531866203848,
  "test_loss": 0.4142251739447767
}