{
  "peak_cpu_memory_MB": 5766.428,
  "peak_gpu_0_memory_MB": 11,
  "peak_gpu_1_memory_MB": 3028,
  "peak_gpu_2_memory_MB": 11,
  "peak_gpu_3_memory_MB": 11,
  "peak_gpu_4_memory_MB": 11,
  "peak_gpu_5_memory_MB": 11,
  "peak_gpu_6_memory_MB": 11,
  "peak_gpu_7_memory_MB": 11,
  "peak_gpu_8_memory_MB": 11,
  "peak_gpu_9_memory_MB": 11,
  "peak_gpu_10_memory_MB": 11,
  "peak_gpu_11_memory_MB": 2856,
  "peak_gpu_12_memory_MB": 11,
  "peak_gpu_13_memory_MB": 11,
  "peak_gpu_14_memory_MB": 11,
  "peak_gpu_15_memory_MB": 1908,
  "training_duration": "00:04:06",
  "training_start_epoch": 0,
  "training_epochs": 6,
  "epoch": 6,
  "training_1_F1": 0.8170731707316573,
  "training_0_F1": 0.8165137614678399,
  "training_accuracy": 0.816793893129771,
  "training_average_F1": 0.8167934660997487,
  "training_loss": 0.39637990186854105,
  "training_cpu_memory_MB": 5766.428,
  "training_gpu_0_memory_MB": 11,
  "training_gpu_1_memory_MB": 3028,
  "training_gpu_2_memory_MB": 11,
  "training_gpu_3_memory_MB": 11,
  "training_gpu_4_memory_MB": 11,
  "training_gpu_5_memory_MB": 11,
  "training_gpu_6_memory_MB": 11,
  "training_gpu_7_memory_MB": 11,
  "training_gpu_8_memory_MB": 11,
  "training_gpu_9_memory_MB": 11,
  "training_gpu_10_memory_MB": 11,
  "training_gpu_11_memory_MB": 2856,
  "training_gpu_12_memory_MB": 11,
  "training_gpu_13_memory_MB": 11,
  "training_gpu_14_memory_MB": 11,
  "training_gpu_15_memory_MB": 1908,
  "validation_1_F1": 0.8292682926828769,
  "validation_0_F1": 0.82499999999995,
  "validation_accuracy": 0.8271604938271605,
  "validation_average_F1": 0.8271341463414135,
  "validation_loss": 0.4673161913048137,
  "best_epoch": 4,
  "best_validation_1_F1": 0.82499999999995,
  "best_validation_0_F1": 0.8292682926828769,
  "best_validation_accuracy": 0.8271604938271605,
  "best_validation_average_F1": 0.8271341463414135,
  "best_validation_loss": 0.5201311274008318,
  "test_1_F1": 0.7341772151898234,
  "test_0_F1": 0.7469879518071789,
  "test_accuracy": 0.7407407407407407,
  "test_average_F1": 0.7405825834985011,
  "test_loss": 0.5206734781915491
}