{
  "peak_cpu_memory_MB": 3069.956,
  "peak_gpu_0_memory_MB": 2486,
  "training_duration": "00:01:44",
  "training_start_epoch": 0,
  "training_epochs": 3,
  "epoch": 3,
  "training_1_P": 0.9446935724962631,
  "training_1_R": 0.9648854961832061,
  "training_1_F1": 0.9546827794561433,
  "training_0_P": 0.9641185647425897,
  "training_0_R": 0.9435114503816794,
  "training_0_F1": 0.9537037037036538,
  "training_accuracy": 0.9541984732824428,
  "training_average_F1": 0.9541932415798986,
  "training_loss": 0.14411775736001933,
  "training_cpu_memory_MB": 3069.956,
  "training_gpu_0_memory_MB": 2486,
  "validation_1_P": 0.8918918918918919,
  "validation_1_R": 0.8148148148148148,
  "validation_1_F1": 0.8516129032257566,
  "validation_0_P": 0.8295454545454546,
  "validation_0_R": 0.9012345679012346,
  "validation_0_F1": 0.8639053254437372,
  "validation_accuracy": 0.8580246913580247,
  "validation_average_F1": 0.8577591143347469,
  "validation_loss": 0.35811821709979663,
  "best_epoch": 2,
  "best_validation_1_P": 0.8554216867469879,
  "best_validation_1_R": 0.8765432098765432,
  "best_validation_1_F1": 0.8658536585365354,
  "best_validation_0_P": 0.8734177215189873,
  "best_validation_0_R": 0.8518518518518519,
  "best_validation_0_F1": 0.86249999999995,
  "best_validation_accuracy": 0.8641975308641975,
  "best_validation_average_F1": 0.8641768292682427,
  "best_validation_loss": 0.3345345461910421
}