{
  "peak_cpu_memory_MB": 3069.956,
  "peak_gpu_0_memory_MB": 2486,
  "training_duration": "00:01:15",
  "training_start_epoch": 0,
  "training_epochs": 2,
  "epoch": 2,
  "training_1_P": 0.9205397301349325,
  "training_1_R": 0.9374045801526718,
  "training_1_F1": 0.9288956127079683,
  "training_0_P": 0.9362363919129082,
  "training_0_R": 0.9190839694656489,
  "training_0_F1": 0.9275808936825386,
  "training_accuracy": 0.9282442748091603,
  "training_average_F1": 0.9282382531952534,
  "training_loss": 0.19817711299330723,
  "training_cpu_memory_MB": 3069.956,
  "training_gpu_0_memory_MB": 2486,
  "validation_1_P": 0.8554216867469879,
  "validation_1_R": 0.8765432098765432,
  "validation_1_F1": 0.8658536585365354,
  "validation_0_P": 0.8734177215189873,
  "validation_0_R": 0.8518518518518519,
  "validation_0_F1": 0.86249999999995,
  "validation_accuracy": 0.8641975308641975,
  "validation_average_F1": 0.8641768292682427,
  "validation_loss": 0.3345345461910421,
  "best_epoch": 2,
  "best_validation_1_P": 0.8554216867469879,
  "best_validation_1_R": 0.8765432098765432,
  "best_validation_1_F1": 0.8658536585365354,
  "best_validation_0_P": 0.8734177215189873,
  "best_validation_0_R": 0.8518518518518519,
  "best_validation_0_F1": 0.86249999999995,
  "best_validation_accuracy": 0.8641975308641975,
  "best_validation_average_F1": 0.8641768292682427,
  "best_validation_loss": 0.3345345461910421
}