{
  "peak_cpu_memory_MB": 2640.668,
  "peak_gpu_0_memory_MB": 1241,
  "training_duration": "00:00:22",
  "training_start_epoch": 0,
  "training_epochs": 0,
  "epoch": 0,
  "training_1_P": 0.52046783625731,
  "training_1_R": 0.5435114503816794,
  "training_1_F1": 0.5317401045555887,
  "training_0_P": 0.5223642172523961,
  "training_0_R": 0.49923664122137407,
  "training_0_F1": 0.5105386416861327,
  "training_accuracy": 0.5213740458015267,
  "training_average_F1": 0.5211393731208607,
  "training_loss": 0.7877783539091668,
  "training_cpu_memory_MB": 2640.668,
  "training_gpu_0_memory_MB": 1241,
  "validation_1_P": 0.5,
  "validation_1_R": 1.0,
  "validation_1_F1": 0.6666666666666222,
  "validation_0_P": 0.0,
  "validation_0_R": 0.0,
  "validation_0_F1": 0.0,
  "validation_accuracy": 0.5,
  "validation_average_F1": 0.3333333333333111,
  "validation_loss": 0.6955971013415944,
  "best_epoch": 0,
  "best_validation_1_P": 0.5,
  "best_validation_1_R": 1.0,
  "best_validation_1_F1": 0.6666666666666222,
  "best_validation_0_P": 0.0,
  "best_validation_0_R": 0.0,
  "best_validation_0_F1": 0.0,
  "best_validation_accuracy": 0.5,
  "best_validation_average_F1": 0.3333333333333111,
  "best_validation_loss": 0.6955971013415944
}