{
  "peak_cpu_memory_MB": 2640.668,
  "peak_gpu_0_memory_MB": 2510,
  "training_duration": "00:01:32",
  "training_start_epoch": 0,
  "training_epochs": 3,
  "epoch": 3,
  "training_1_P": 0.4930875576036866,
  "training_1_R": 0.4900763358778626,
  "training_1_F1": 0.4915773353751414,
  "training_0_P": 0.4931714719271624,
  "training_0_R": 0.4961832061068702,
  "training_0_F1": 0.49467275494667756,
  "training_accuracy": 0.49312977099236643,
  "training_average_F1": 0.4931250451609095,
  "training_loss": 0.713127275065678,
  "training_cpu_memory_MB": 2640.668,
  "training_gpu_0_memory_MB": 2510,
  "validation_1_P": 0.0,
  "validation_1_R": 0.0,
  "validation_1_F1": 0.0,
  "validation_0_P": 0.5,
  "validation_0_R": 1.0,
  "validation_0_F1": 0.6666666666666222,
  "validation_accuracy": 0.5,
  "validation_average_F1": 0.3333333333333111,
  "validation_loss": 0.7115229314023798,
  "best_epoch": 0,
  "best_validation_1_P": 0.5,
  "best_validation_1_R": 1.0,
  "best_validation_1_F1": 0.6666666666666222,
  "best_validation_0_P": 0.0,
  "best_validation_0_R": 0.0,
  "best_validation_0_F1": 0.0,
  "best_validation_accuracy": 0.5,
  "best_validation_average_F1": 0.3333333333333111,
  "best_validation_loss": 0.6955971013415944
}