{
  "peak_cpu_memory_MB": 2640.668,
  "peak_gpu_0_memory_MB": 2510,
  "training_duration": "00:00:45",
  "training_start_epoch": 0,
  "training_epochs": 1,
  "epoch": 1,
  "training_1_P": 0.47855917667238423,
  "training_1_R": 0.4259541984732824,
  "training_1_F1": 0.4507269789983346,
  "training_0_P": 0.4828060522696011,
  "training_0_R": 0.5358778625954198,
  "training_0_F1": 0.5079594790158691,
  "training_accuracy": 0.48091603053435117,
  "training_average_F1": 0.47934322900710186,
  "training_loss": 0.7085796318403105,
  "training_cpu_memory_MB": 2640.668,
  "training_gpu_0_memory_MB": 2510,
  "validation_1_P": 0.0,
  "validation_1_R": 0.0,
  "validation_1_F1": 0.0,
  "validation_0_P": 0.5,
  "validation_0_R": 1.0,
  "validation_0_F1": 0.6666666666666222,
  "validation_accuracy": 0.5,
  "validation_average_F1": 0.3333333333333111,
  "validation_loss": 0.7006137804551558,
  "best_epoch": 0,
  "best_validation_1_P": 0.5,
  "best_validation_1_R": 1.0,
  "best_validation_1_F1": 0.6666666666666222,
  "best_validation_0_P": 0.0,
  "best_validation_0_R": 0.0,
  "best_validation_0_F1": 0.0,
  "best_validation_accuracy": 0.5,
  "best_validation_average_F1": 0.3333333333333111,
  "best_validation_loss": 0.6955971013415944
}