{
  "peak_cpu_memory_MB": 2640.668,
  "peak_gpu_0_memory_MB": 2510,
  "training_duration": "00:01:08",
  "training_start_epoch": 0,
  "training_epochs": 2,
  "epoch": 2,
  "training_1_P": 0.47689463955637706,
  "training_1_R": 0.3938931297709924,
  "training_1_F1": 0.4314381270902514,
  "training_0_P": 0.4837451235370611,
  "training_0_R": 0.5679389312977099,
  "training_0_F1": 0.52247191011231,
  "training_accuracy": 0.48091603053435117,
  "training_average_F1": 0.4769550186012807,
  "training_loss": 0.7036078601348691,
  "training_cpu_memory_MB": 2640.668,
  "training_gpu_0_memory_MB": 2510,
  "validation_1_P": 0.0,
  "validation_1_R": 0.0,
  "validation_1_F1": 0.0,
  "validation_0_P": 0.5,
  "validation_0_R": 1.0,
  "validation_0_F1": 0.6666666666666222,
  "validation_accuracy": 0.5,
  "validation_average_F1": 0.3333333333333111,
  "validation_loss": 0.6940607970411127,
  "best_epoch": 0,
  "best_validation_1_P": 0.5,
  "best_validation_1_R": 1.0,
  "best_validation_1_F1": 0.6666666666666222,
  "best_validation_0_P": 0.0,
  "best_validation_0_R": 0.0,
  "best_validation_0_F1": 0.0,
  "best_validation_accuracy": 0.5,
  "best_validation_average_F1": 0.3333333333333111,
  "best_validation_loss": 0.6955971013415944
}