{
  "peak_cpu_memory_MB": 2203.128,
  "peak_gpu_0_memory_MB": 704,
  "training_duration": "00:00:20",
  "training_start_epoch": 0,
  "training_epochs": 0,
  "epoch": 0,
  "training_1_P": 0.7518910741301059,
  "training_1_R": 0.7587786259541984,
  "training_1_F1": 0.7553191489361202,
  "training_0_P": 0.7565485362095532,
  "training_0_R": 0.749618320610687,
  "training_0_F1": 0.7530674846625268,
  "training_accuracy": 0.7541984732824427,
  "training_average_F1": 0.7541933167993236,
  "training_loss": 0.5127950614181961,
  "training_cpu_memory_MB": 2203.128,
  "training_gpu_0_memory_MB": 704,
  "validation_1_P": 0.7222222222222222,
  "validation_1_R": 0.9629629629629629,
  "validation_1_F1": 0.8253968253967764,
  "validation_0_P": 0.9444444444444444,
  "validation_0_R": 0.6296296296296297,
  "validation_0_F1": 0.7555555555555077,
  "validation_accuracy": 0.7962962962962963,
  "validation_average_F1": 0.790476190476142,
  "validation_loss": 0.4770955741405487,
  "best_epoch": 0,
  "best_validation_1_P": 0.7222222222222222,
  "best_validation_1_R": 0.9629629629629629,
  "best_validation_1_F1": 0.8253968253967764,
  "best_validation_0_P": 0.9444444444444444,
  "best_validation_0_R": 0.6296296296296297,
  "best_validation_0_F1": 0.7555555555555077,
  "best_validation_accuracy": 0.7962962962962963,
  "best_validation_average_F1": 0.790476190476142,
  "best_validation_loss": 0.4770955741405487
}