{
  "peak_cpu_memory_MB": 2203.128,
  "peak_gpu_0_memory_MB": 1116,
  "training_duration": "00:00:42",
  "training_start_epoch": 0,
  "training_epochs": 1,
  "epoch": 1,
  "training_1_P": 0.8392857142857143,
  "training_1_R": 0.8610687022900764,
  "training_1_F1": 0.850037678975082,
  "training_0_P": 0.8573667711598746,
  "training_0_R": 0.8351145038167939,
  "training_0_F1": 0.8460943542149539,
  "training_accuracy": 0.8480916030534351,
  "training_average_F1": 0.848066016595018,
  "training_loss": 0.3637416534489248,
  "training_cpu_memory_MB": 2203.128,
  "training_gpu_0_memory_MB": 1116,
  "validation_1_P": 0.8,
  "validation_1_R": 0.8395061728395061,
  "validation_1_F1": 0.8192771084336851,
  "validation_0_P": 0.8311688311688312,
  "validation_0_R": 0.7901234567901234,
  "validation_0_F1": 0.8101265822784312,
  "validation_accuracy": 0.8148148148148148,
  "validation_average_F1": 0.8147018453560582,
  "validation_loss": 0.39559201354330237,
  "best_epoch": 1,
  "best_validation_1_P": 0.8,
  "best_validation_1_R": 0.8395061728395061,
  "best_validation_1_F1": 0.8192771084336851,
  "best_validation_0_P": 0.8311688311688312,
  "best_validation_0_R": 0.7901234567901234,
  "best_validation_0_F1": 0.8101265822784312,
  "best_validation_accuracy": 0.8148148148148148,
  "best_validation_average_F1": 0.8147018453560582,
  "best_validation_loss": 0.39559201354330237
}