{
  "peak_cpu_memory_MB": 3085.028,
  "peak_gpu_0_memory_MB": 11,
  "peak_gpu_1_memory_MB": 11,
  "peak_gpu_2_memory_MB": 11,
  "peak_gpu_3_memory_MB": 11,
  "peak_gpu_4_memory_MB": 3034,
  "peak_gpu_5_memory_MB": 3034,
  "peak_gpu_6_memory_MB": 11,
  "peak_gpu_7_memory_MB": 11,
  "peak_gpu_8_memory_MB": 11,
  "peak_gpu_9_memory_MB": 11,
  "peak_gpu_10_memory_MB": 11,
  "peak_gpu_11_memory_MB": 11,
  "peak_gpu_12_memory_MB": 11,
  "peak_gpu_13_memory_MB": 11,
  "peak_gpu_14_memory_MB": 11,
  "peak_gpu_15_memory_MB": 11,
  "training_duration": "00:02:40",
  "training_start_epoch": 0,
  "training_epochs": 5,
  "epoch": 5,
  "training_1_F1": 0.9674981103552033,
  "training_0_F1": 0.966846569005347,
  "training_accuracy": 0.9671755725190839,
  "training_average_F1": 0.9671723396802752,
  "training_loss": 0.11701588998207958,
  "training_cpu_memory_MB": 3085.028,
  "training_gpu_0_memory_MB": 11,
  "training_gpu_1_memory_MB": 11,
  "training_gpu_2_memory_MB": 11,
  "training_gpu_3_memory_MB": 11,
  "training_gpu_4_memory_MB": 3034,
  "training_gpu_5_memory_MB": 3034,
  "training_gpu_6_memory_MB": 11,
  "training_gpu_7_memory_MB": 11,
  "training_gpu_8_memory_MB": 11,
  "training_gpu_9_memory_MB": 11,
  "training_gpu_10_memory_MB": 11,
  "training_gpu_11_memory_MB": 11,
  "training_gpu_12_memory_MB": 11,
  "training_gpu_13_memory_MB": 11,
  "training_gpu_14_memory_MB": 11,
  "training_gpu_15_memory_MB": 11,
  "validation_1_F1": 0.8944099378881488,
  "validation_0_F1": 0.8957055214723427,
  "validation_accuracy": 0.8950617283950617,
  "validation_average_F1": 0.8950577296802458,
  "validation_loss": 0.3397268849340352,
  "best_epoch": 3,
  "best_validation_1_F1": 0.903225806451563,
  "best_validation_0_F1": 0.911242603550246,
  "best_validation_accuracy": 0.9074074074074074,
  "best_validation_average_F1": 0.9072342050009046,
  "best_validation_loss": 0.34149135784669354,
  "test_1_F1": 0.7770700636942176,
  "test_0_F1": 0.7904191616765968,
  "test_accuracy": 0.7839506172839507,
  "test_average_F1": 0.7837446126854072,
  "test_loss": 0.46915455568920483
}