{
  "peak_cpu_memory_MB": 3114.892,
  "peak_gpu_0_memory_MB": 11,
  "peak_gpu_1_memory_MB": 6895,
  "peak_gpu_2_memory_MB": 11,
  "peak_gpu_3_memory_MB": 11,
  "peak_gpu_4_memory_MB": 11,
  "peak_gpu_5_memory_MB": 11,
  "peak_gpu_6_memory_MB": 11,
  "peak_gpu_7_memory_MB": 11,
  "peak_gpu_8_memory_MB": 11,
  "peak_gpu_9_memory_MB": 11,
  "peak_gpu_10_memory_MB": 11,
  "peak_gpu_11_memory_MB": 11,
  "peak_gpu_12_memory_MB": 11,
  "peak_gpu_13_memory_MB": 11,
  "peak_gpu_14_memory_MB": 11,
  "peak_gpu_15_memory_MB": 11,
  "training_duration": "00:06:34",
  "training_start_epoch": 0,
  "training_epochs": 9,
  "epoch": 9,
  "training_1_F1": 0.9923547400611121,
  "training_0_F1": 0.9923780487804379,
  "training_accuracy": 0.9923664122137404,
  "training_average_F1": 0.992366394420775,
  "training_loss": 0.023432184835589242,
  "training_cpu_memory_MB": 3114.892,
  "training_gpu_0_memory_MB": 11,
  "training_gpu_1_memory_MB": 3454,
  "training_gpu_2_memory_MB": 11,
  "training_gpu_3_memory_MB": 11,
  "training_gpu_4_memory_MB": 11,
  "training_gpu_5_memory_MB": 11,
  "training_gpu_6_memory_MB": 11,
  "training_gpu_7_memory_MB": 11,
  "training_gpu_8_memory_MB": 11,
  "training_gpu_9_memory_MB": 11,
  "training_gpu_10_memory_MB": 11,
  "training_gpu_11_memory_MB": 11,
  "training_gpu_12_memory_MB": 11,
  "training_gpu_13_memory_MB": 11,
  "training_gpu_14_memory_MB": 11,
  "training_gpu_15_memory_MB": 11,
  "validation_1_F1": 0.783216783216734,
  "validation_0_F1": 0.8287292817679063,
  "validation_accuracy": 0.808641975308642,
  "validation_average_F1": 0.8059730324923202,
  "validation_loss": 0.6623835428194567,
  "best_epoch": 7,
  "best_validation_1_F1": 0.8834355828220359,
  "best_validation_0_F1": 0.8819875776397015,
  "best_validation_accuracy": 0.8827160493827161,
  "best_validation_average_F1": 0.8827115802308687,
  "best_validation_loss": 0.4500430634414608,
  "test_1_F1": 0.7874999999999501,
  "test_0_F1": 0.7926829268292183,
  "test_accuracy": 0.7901234567901234,
  "test_average_F1": 0.7900914634145841,
  "test_loss": 0.9400712874802676
}