{
  "peak_cpu_memory_MB": 5770.48,
  "peak_gpu_0_memory_MB": 11,
  "peak_gpu_1_memory_MB": 11,
  "peak_gpu_2_memory_MB": 11,
  "peak_gpu_3_memory_MB": 11,
  "peak_gpu_4_memory_MB": 11,
  "peak_gpu_5_memory_MB": 11,
  "peak_gpu_6_memory_MB": 1634,
  "peak_gpu_7_memory_MB": 11,
  "peak_gpu_8_memory_MB": 11,
  "peak_gpu_9_memory_MB": 11,
  "peak_gpu_10_memory_MB": 11,
  "peak_gpu_11_memory_MB": 9990,
  "peak_gpu_12_memory_MB": 11,
  "peak_gpu_13_memory_MB": 11,
  "peak_gpu_14_memory_MB": 11,
  "peak_gpu_15_memory_MB": 11,
  "training_duration": "00:00:31",
  "training_start_epoch": 0,
  "training_epochs": 0,
  "epoch": 0,
  "training_1_P": 0.7400568181818182,
  "training_1_R": 0.7954198473282442,
  "training_1_F1": 0.7667402501839089,
  "training_0_P": 0.7788778877887789,
  "training_0_R": 0.7206106870229008,
  "training_0_F1": 0.7486122125296885,
  "training_accuracy": 0.7580152671755725,
  "training_average_F1": 0.7576762313567986,
  "training_loss": 0.5156727585850692,
  "training_cpu_memory_MB": 5770.48,
  "training_gpu_0_memory_MB": 11,
  "training_gpu_1_memory_MB": 11,
  "training_gpu_2_memory_MB": 11,
  "training_gpu_3_memory_MB": 11,
  "training_gpu_4_memory_MB": 11,
  "training_gpu_5_memory_MB": 11,
  "training_gpu_6_memory_MB": 1634,
  "training_gpu_7_memory_MB": 11,
  "training_gpu_8_memory_MB": 11,
  "training_gpu_9_memory_MB": 11,
  "training_gpu_10_memory_MB": 11,
  "training_gpu_11_memory_MB": 9990,
  "training_gpu_12_memory_MB": 11,
  "training_gpu_13_memory_MB": 11,
  "training_gpu_14_memory_MB": 11,
  "training_gpu_15_memory_MB": 11,
  "validation_1_P": 0.8152173913043478,
  "validation_1_R": 0.9259259259259259,
  "validation_1_F1": 0.8670520231213374,
  "validation_0_P": 0.9142857142857143,
  "validation_0_R": 0.7901234567901234,
  "validation_0_F1": 0.8476821192052484,
  "validation_accuracy": 0.8580246913580247,
  "validation_average_F1": 0.8573670711632929,
  "validation_loss": 0.33753092857924377,
  "best_epoch": 0,
  "best_validation_1_P": 0.8152173913043478,
  "best_validation_1_R": 0.9259259259259259,
  "best_validation_1_F1": 0.8670520231213374,
  "best_validation_0_P": 0.9142857142857143,
  "best_validation_0_R": 0.7901234567901234,
  "best_validation_0_F1": 0.8476821192052484,
  "best_validation_accuracy": 0.8580246913580247,
  "best_validation_average_F1": 0.8573670711632929,
  "best_validation_loss": 0.33753092857924377
}