{
  "peak_cpu_memory_MB": 5770.48,
  "peak_gpu_0_memory_MB": 11,
  "peak_gpu_1_memory_MB": 11,
  "peak_gpu_2_memory_MB": 11,
  "peak_gpu_3_memory_MB": 11,
  "peak_gpu_4_memory_MB": 11,
  "peak_gpu_5_memory_MB": 11,
  "peak_gpu_6_memory_MB": 1890,
  "peak_gpu_7_memory_MB": 11,
  "peak_gpu_8_memory_MB": 11,
  "peak_gpu_9_memory_MB": 11,
  "peak_gpu_10_memory_MB": 11,
  "peak_gpu_11_memory_MB": 9990,
  "peak_gpu_12_memory_MB": 11,
  "peak_gpu_13_memory_MB": 11,
  "peak_gpu_14_memory_MB": 11,
  "peak_gpu_15_memory_MB": 11,
  "training_duration": "00:01:37",
  "training_start_epoch": 0,
  "training_epochs": 2,
  "epoch": 2,
  "training_1_P": 0.9423929098966026,
  "training_1_R": 0.9740458015267176,
  "training_1_F1": 0.9579579579579081,
  "training_0_P": 0.9731437598736177,
  "training_0_R": 0.9404580152671755,
  "training_0_F1": 0.9565217391303849,
  "training_accuracy": 0.9572519083969465,
  "training_average_F1": 0.9572398485441465,
  "training_loss": 0.13762216949153963,
  "training_cpu_memory_MB": 5770.48,
  "training_gpu_0_memory_MB": 11,
  "training_gpu_1_memory_MB": 11,
  "training_gpu_2_memory_MB": 11,
  "training_gpu_3_memory_MB": 11,
  "training_gpu_4_memory_MB": 11,
  "training_gpu_5_memory_MB": 11,
  "training_gpu_6_memory_MB": 1890,
  "training_gpu_7_memory_MB": 11,
  "training_gpu_8_memory_MB": 11,
  "training_gpu_9_memory_MB": 11,
  "training_gpu_10_memory_MB": 11,
  "training_gpu_11_memory_MB": 9990,
  "training_gpu_12_memory_MB": 11,
  "training_gpu_13_memory_MB": 11,
  "training_gpu_14_memory_MB": 11,
  "training_gpu_15_memory_MB": 11,
  "validation_1_P": 0.8202247191011236,
  "validation_1_R": 0.9012345679012346,
  "validation_1_F1": 0.8588235294117148,
  "validation_0_P": 0.8904109589041096,
  "validation_0_R": 0.8024691358024691,
  "validation_0_F1": 0.8441558441557944,
  "validation_accuracy": 0.8518518518518519,
  "validation_average_F1": 0.8514896867837546,
  "validation_loss": 0.4365839389237491,
  "best_epoch": 0,
  "best_validation_1_P": 0.8152173913043478,
  "best_validation_1_R": 0.9259259259259259,
  "best_validation_1_F1": 0.8670520231213374,
  "best_validation_0_P": 0.9142857142857143,
  "best_validation_0_R": 0.7901234567901234,
  "best_validation_0_F1": 0.8476821192052484,
  "best_validation_accuracy": 0.8580246913580247,
  "best_validation_average_F1": 0.8573670711632929,
  "best_validation_loss": 0.33753092857924377
}