{
  "peak_cpu_memory_MB": 5770.48,
  "peak_gpu_0_memory_MB": 11,
  "peak_gpu_1_memory_MB": 11,
  "peak_gpu_2_memory_MB": 11,
  "peak_gpu_3_memory_MB": 11,
  "peak_gpu_4_memory_MB": 11,
  "peak_gpu_5_memory_MB": 11,
  "peak_gpu_6_memory_MB": 1890,
  "peak_gpu_7_memory_MB": 11,
  "peak_gpu_8_memory_MB": 11,
  "peak_gpu_9_memory_MB": 11,
  "peak_gpu_10_memory_MB": 11,
  "peak_gpu_11_memory_MB": 9990,
  "peak_gpu_12_memory_MB": 11,
  "peak_gpu_13_memory_MB": 11,
  "peak_gpu_14_memory_MB": 11,
  "peak_gpu_15_memory_MB": 11,
  "training_duration": "00:01:05",
  "training_start_epoch": 0,
  "training_epochs": 1,
  "epoch": 1,
  "training_1_P": 0.8810572687224669,
  "training_1_R": 0.916030534351145,
  "training_1_F1": 0.8982035928143213,
  "training_0_P": 0.9125596184419714,
  "training_0_R": 0.8763358778625954,
  "training_0_F1": 0.8940809968846852,
  "training_accuracy": 0.8961832061068702,
  "training_average_F1": 0.8961422948495033,
  "training_loss": 0.28211485421875626,
  "training_cpu_memory_MB": 5770.48,
  "training_gpu_0_memory_MB": 11,
  "training_gpu_1_memory_MB": 11,
  "training_gpu_2_memory_MB": 11,
  "training_gpu_3_memory_MB": 11,
  "training_gpu_4_memory_MB": 11,
  "training_gpu_5_memory_MB": 11,
  "training_gpu_6_memory_MB": 1890,
  "training_gpu_7_memory_MB": 11,
  "training_gpu_8_memory_MB": 11,
  "training_gpu_9_memory_MB": 11,
  "training_gpu_10_memory_MB": 11,
  "training_gpu_11_memory_MB": 9990,
  "training_gpu_12_memory_MB": 11,
  "training_gpu_13_memory_MB": 11,
  "training_gpu_14_memory_MB": 11,
  "training_gpu_15_memory_MB": 11,
  "validation_1_P": 0.7956989247311828,
  "validation_1_R": 0.9135802469135802,
  "validation_1_F1": 0.8505747126436284,
  "validation_0_P": 0.8985507246376812,
  "validation_0_R": 0.7654320987654321,
  "validation_0_F1": 0.826666666666617,
  "validation_accuracy": 0.8395061728395061,
  "validation_average_F1": 0.8386206896551227,
  "validation_loss": 0.3721210773695599,
  "best_epoch": 0,
  "best_validation_1_P": 0.8152173913043478,
  "best_validation_1_R": 0.9259259259259259,
  "best_validation_1_F1": 0.8670520231213374,
  "best_validation_0_P": 0.9142857142857143,
  "best_validation_0_R": 0.7901234567901234,
  "best_validation_0_F1": 0.8476821192052484,
  "best_validation_accuracy": 0.8580246913580247,
  "best_validation_average_F1": 0.8573670711632929,
  "best_validation_loss": 0.33753092857924377
}