{
  "peak_cpu_memory_MB": 3068.892,
  "peak_gpu_0_memory_MB": 2498,
  "training_duration": "00:01:32",
  "training_start_epoch": 0,
  "training_epochs": 3,
  "epoch": 3,
  "training_1_P": 0.9476047904191617,
  "training_1_R": 0.966412213740458,
  "training_1_F1": 0.9569160997731927,
  "training_0_P": 0.9657320872274143,
  "training_0_R": 0.9465648854961832,
  "training_0_F1": 0.9560524286815228,
  "training_accuracy": 0.9564885496183206,
  "training_average_F1": 0.9564842642273578,
  "training_loss": 0.1502512421731542,
  "training_cpu_memory_MB": 3068.892,
  "training_gpu_0_memory_MB": 2498,
  "validation_1_P": 0.9078947368421053,
  "validation_1_R": 0.8518518518518519,
  "validation_1_F1": 0.8789808917196953,
  "validation_0_P": 0.8604651162790697,
  "validation_0_R": 0.9135802469135802,
  "validation_0_F1": 0.8862275449101298,
  "validation_accuracy": 0.8827160493827161,
  "validation_average_F1": 0.8826042183149125,
  "validation_loss": 0.33859140358187934,
  "best_epoch": 3,
  "best_validation_1_P": 0.9078947368421053,
  "best_validation_1_R": 0.8518518518518519,
  "best_validation_1_F1": 0.8789808917196953,
  "best_validation_0_P": 0.8604651162790697,
  "best_validation_0_R": 0.9135802469135802,
  "best_validation_0_F1": 0.8862275449101298,
  "best_validation_accuracy": 0.8827160493827161,
  "best_validation_average_F1": 0.8826042183149125,
  "best_validation_loss": 0.33859140358187934
}