{
  "peak_cpu_memory_MB": 3068.892,
  "peak_gpu_0_memory_MB": 2606,
  "training_duration": "00:02:46",
  "training_start_epoch": 0,
  "training_epochs": 6,
  "epoch": 6,
  "training_1_P": 0.9848254931714719,
  "training_1_R": 0.9908396946564886,
  "training_1_F1": 0.9878234398781844,
  "training_0_P": 0.9907834101382489,
  "training_0_R": 0.9847328244274809,
  "training_0_F1": 0.9877488514547739,
  "training_accuracy": 0.9877862595419847,
  "training_average_F1": 0.9877861456664792,
  "training_loss": 0.058198219801231126,
  "training_cpu_memory_MB": 3068.892,
  "training_gpu_0_memory_MB": 2606,
  "validation_1_P": 0.8588235294117647,
  "validation_1_R": 0.9012345679012346,
  "validation_1_F1": 0.8795180722891066,
  "validation_0_P": 0.8961038961038961,
  "validation_0_R": 0.8518518518518519,
  "validation_0_F1": 0.8734177215189374,
  "validation_accuracy": 0.8765432098765432,
  "validation_average_F1": 0.876467896904022,
  "validation_loss": 0.6700260639190674,
  "best_epoch": 3,
  "best_validation_1_P": 0.9078947368421053,
  "best_validation_1_R": 0.8518518518518519,
  "best_validation_1_F1": 0.8789808917196953,
  "best_validation_0_P": 0.8604651162790697,
  "best_validation_0_R": 0.9135802469135802,
  "best_validation_0_F1": 0.8862275449101298,
  "best_validation_accuracy": 0.8827160493827161,
  "best_validation_average_F1": 0.8826042183149125,
  "best_validation_loss": 0.33859140358187934
}