{
  "peak_cpu_memory_MB": 7054.92,
  "peak_gpu_0_memory_MB": 11,
  "peak_gpu_1_memory_MB": 11,
  "peak_gpu_2_memory_MB": 11,
  "peak_gpu_3_memory_MB": 11,
  "peak_gpu_4_memory_MB": 11,
  "peak_gpu_5_memory_MB": 11,
  "peak_gpu_6_memory_MB": 11,
  "peak_gpu_7_memory_MB": 11,
  "peak_gpu_8_memory_MB": 11,
  "peak_gpu_9_memory_MB": 11,
  "peak_gpu_10_memory_MB": 11,
  "peak_gpu_11_memory_MB": 8458,
  "peak_gpu_12_memory_MB": 11,
  "peak_gpu_13_memory_MB": 11,
  "peak_gpu_14_memory_MB": 11,
  "peak_gpu_15_memory_MB": 11,
  "training_duration": "00:01:16",
  "training_start_epoch": 5,
  "training_epochs": 0,
  "epoch": 5,
  "training_1_F1": 0.9757942511345945,
  "training_0_F1": 0.975346687211044,
  "training_accuracy": 0.9755725190839695,
  "training_average_F1": 0.9755704691728193,
  "training_loss": 0.14483093742917225,
  "training_cpu_memory_MB": 7054.92,
  "training_gpu_0_memory_MB": 11,
  "training_gpu_1_memory_MB": 11,
  "training_gpu_2_memory_MB": 11,
  "training_gpu_3_memory_MB": 11,
  "training_gpu_4_memory_MB": 11,
  "training_gpu_5_memory_MB": 11,
  "training_gpu_6_memory_MB": 11,
  "training_gpu_7_memory_MB": 11,
  "training_gpu_8_memory_MB": 11,
  "training_gpu_9_memory_MB": 11,
  "training_gpu_10_memory_MB": 11,
  "training_gpu_11_memory_MB": 4186,
  "training_gpu_12_memory_MB": 11,
  "training_gpu_13_memory_MB": 11,
  "training_gpu_14_memory_MB": 11,
  "training_gpu_15_memory_MB": 11,
  "validation_1_F1": 0.8481012658227349,
  "validation_0_F1": 0.855421686746938,
  "validation_accuracy": 0.8518518518518519,
  "validation_average_F1": 0.8517614762848364,
  "validation_loss": 0.3833418183706023,
  "best_epoch": 3,
  "best_validation_1_F1": 0.8705882352940678,
  "best_validation_0_F1": 0.8571428571428074,
  "best_validation_accuracy": 0.8641975308641975,
  "best_validation_average_F1": 0.8638655462184376,
  "best_validation_loss": 0.3737492954189127,
  "test_1_F1": 0.84472049689436,
  "test_0_F1": 0.8466257668711156,
  "test_accuracy": 0.845679012345679,
  "test_average_F1": 0.8456731318827377,
  "test_loss": 0.3978585147044875
}