{
  "peak_cpu_memory_MB": 3093.272,
  "peak_gpu_0_memory_MB": 11,
  "peak_gpu_1_memory_MB": 11,
  "peak_gpu_2_memory_MB": 11,
  "peak_gpu_3_memory_MB": 2944,
  "peak_gpu_4_memory_MB": 11,
  "peak_gpu_5_memory_MB": 11,
  "peak_gpu_6_memory_MB": 11,
  "peak_gpu_7_memory_MB": 11,
  "peak_gpu_8_memory_MB": 11,
  "peak_gpu_9_memory_MB": 11,
  "peak_gpu_10_memory_MB": 11,
  "peak_gpu_11_memory_MB": 11,
  "peak_gpu_12_memory_MB": 11,
  "peak_gpu_13_memory_MB": 11,
  "peak_gpu_14_memory_MB": 11,
  "peak_gpu_15_memory_MB": 11,
  "training_duration": "00:01:46",
  "training_start_epoch": 0,
  "training_epochs": 3,
  "epoch": 3,
  "training_1_F1": 0.9441469013006386,
  "training_0_F1": 0.9444021325208944,
  "training_accuracy": 0.9442748091603054,
  "training_average_F1": 0.9442745169107665,
  "training_loss": 0.2699586650947245,
  "training_cpu_memory_MB": 3093.272,
  "training_gpu_0_memory_MB": 11,
  "training_gpu_1_memory_MB": 11,
  "training_gpu_2_memory_MB": 11,
  "training_gpu_3_memory_MB": 2944,
  "training_gpu_4_memory_MB": 11,
  "training_gpu_5_memory_MB": 11,
  "training_gpu_6_memory_MB": 11,
  "training_gpu_7_memory_MB": 11,
  "training_gpu_8_memory_MB": 11,
  "training_gpu_9_memory_MB": 11,
  "training_gpu_10_memory_MB": 11,
  "training_gpu_11_memory_MB": 11,
  "training_gpu_12_memory_MB": 11,
  "training_gpu_13_memory_MB": 11,
  "training_gpu_14_memory_MB": 11,
  "training_gpu_15_memory_MB": 11,
  "validation_1_F1": 0.8588957055214225,
  "validation_0_F1": 0.8571428571428072,
  "validation_accuracy": 0.8580246913580247,
  "validation_average_F1": 0.8580192813321148,
  "validation_loss": 0.362601020119407,
  "best_epoch": 1,
  "best_validation_1_F1": 0.8758169934640025,
  "best_validation_0_F1": 0.8888888888888391,
  "best_validation_accuracy": 0.8827160493827161,
  "best_validation_average_F1": 0.8823529411764208,
  "best_validation_loss": 0.4031540778550235,
  "test_1_F1": 0.8227848101265324,
  "test_0_F1": 0.8313253012047693,
  "test_accuracy": 0.8271604938271605,
  "test_average_F1": 0.8270550556656509,
  "test_loss": 0.42542729729955847
}