{
  "peak_cpu_memory_MB": 3068.892,
  "peak_gpu_0_memory_MB": 2606,
  "training_duration": "00:01:59",
  "training_start_epoch": 0,
  "training_epochs": 4,
  "epoch": 4,
  "training_1_P": 0.9637462235649547,
  "training_1_R": 0.9740458015267176,
  "training_1_F1": 0.9688686408503676,
  "training_0_P": 0.9737654320987654,
  "training_0_R": 0.9633587786259542,
  "training_0_F1": 0.9685341519569722,
  "training_accuracy": 0.9687022900763359,
  "training_average_F1": 0.9687013964036699,
  "training_loss": 0.10980575899707108,
  "training_cpu_memory_MB": 3068.892,
  "training_gpu_0_memory_MB": 2606,
  "validation_1_P": 0.9054054054054054,
  "validation_1_R": 0.8271604938271605,
  "validation_1_F1": 0.8645161290322082,
  "validation_0_P": 0.8409090909090909,
  "validation_0_R": 0.9135802469135802,
  "validation_0_F1": 0.8757396449703644,
  "validation_accuracy": 0.8703703703703703,
  "validation_average_F1": 0.8701278870012863,
  "validation_loss": 0.593083414841782,
  "best_epoch": 3,
  "best_validation_1_P": 0.9078947368421053,
  "best_validation_1_R": 0.8518518518518519,
  "best_validation_1_F1": 0.8789808917196953,
  "best_validation_0_P": 0.8604651162790697,
  "best_validation_0_R": 0.9135802469135802,
  "best_validation_0_F1": 0.8862275449101298,
  "best_validation_accuracy": 0.8827160493827161,
  "best_validation_average_F1": 0.8826042183149125,
  "best_validation_loss": 0.33859140358187934
}