{
  "peak_cpu_memory_MB": 3068.892,
  "peak_gpu_0_memory_MB": 1241,
  "training_duration": "00:00:22",
  "training_start_epoch": 0,
  "training_epochs": 0,
  "epoch": 0,
  "training_1_P": 0.8132352941176471,
  "training_1_R": 0.8442748091603054,
  "training_1_F1": 0.8284644194756055,
  "training_0_P": 0.8380952380952381,
  "training_0_R": 0.8061068702290076,
  "training_0_F1": 0.8217898832684326,
  "training_accuracy": 0.8251908396946565,
  "training_average_F1": 0.8251271513720191,
  "training_loss": 0.41704352136428763,
  "training_cpu_memory_MB": 3068.892,
  "training_gpu_0_memory_MB": 1241,
  "validation_1_P": 0.8444444444444444,
  "validation_1_R": 0.9382716049382716,
  "validation_1_F1": 0.8888888888888391,
  "validation_0_P": 0.9305555555555556,
  "validation_0_R": 0.8271604938271605,
  "validation_0_F1": 0.8758169934640025,
  "validation_accuracy": 0.8827160493827161,
  "validation_average_F1": 0.8823529411764208,
  "validation_loss": 0.4182875386693261,
  "best_epoch": 0,
  "best_validation_1_P": 0.8444444444444444,
  "best_validation_1_R": 0.9382716049382716,
  "best_validation_1_F1": 0.8888888888888391,
  "best_validation_0_P": 0.9305555555555556,
  "best_validation_0_R": 0.8271604938271605,
  "best_validation_0_F1": 0.8758169934640025,
  "best_validation_accuracy": 0.8827160493827161,
  "best_validation_average_F1": 0.8823529411764208,
  "best_validation_loss": 0.4182875386693261
}