{
  "peak_cpu_memory_MB": 3068.892,
  "peak_gpu_0_memory_MB": 2498,
  "training_duration": "00:00:45",
  "training_start_epoch": 0,
  "training_epochs": 1,
  "epoch": 1,
  "training_1_P": 0.8874074074074074,
  "training_1_R": 0.9145038167938931,
  "training_1_F1": 0.9007518796991981,
  "training_0_P": 0.9118110236220472,
  "training_0_R": 0.8839694656488549,
  "training_0_F1": 0.8976744186046012,
  "training_accuracy": 0.899236641221374,
  "training_average_F1": 0.8992131491518996,
  "training_loss": 0.26598717717499265,
  "training_cpu_memory_MB": 3068.892,
  "training_gpu_0_memory_MB": 2498,
  "validation_1_P": 0.8674698795180723,
  "validation_1_R": 0.8888888888888888,
  "validation_1_F1": 0.8780487804877548,
  "validation_0_P": 0.8860759493670886,
  "validation_0_R": 0.8641975308641975,
  "validation_0_F1": 0.8749999999999499,
  "validation_accuracy": 0.8765432098765432,
  "validation_average_F1": 0.8765243902438524,
  "validation_loss": 0.4981842101974921,
  "best_epoch": 0,
  "best_validation_1_P": 0.8444444444444444,
  "best_validation_1_R": 0.9382716049382716,
  "best_validation_1_F1": 0.8888888888888391,
  "best_validation_0_P": 0.9305555555555556,
  "best_validation_0_R": 0.8271604938271605,
  "best_validation_0_F1": 0.8758169934640025,
  "best_validation_accuracy": 0.8827160493827161,
  "best_validation_average_F1": 0.8823529411764208,
  "best_validation_loss": 0.4182875386693261
}