{
  "peak_cpu_memory_MB": 3068.872,
  "peak_gpu_0_memory_MB": 2586,
  "training_duration": "00:00:45",
  "training_start_epoch": 0,
  "training_epochs": 1,
  "epoch": 1,
  "training_1_F1": 0.9033707865168039,
  "training_0_F1": 0.8996108949415843,
  "training_accuracy": 0.9015267175572519,
  "training_average_F1": 0.9014908407291942,
  "training_loss": 0.28489666568433364,
  "training_cpu_memory_MB": 3068.872,
  "training_gpu_0_memory_MB": 2586,
  "validation_1_F1": 0.7924528301886292,
  "validation_0_F1": 0.79999999999995,
  "validation_accuracy": 0.7962962962962963,
  "validation_average_F1": 0.7962264150942896,
  "validation_loss": 0.4978626018220728,
  "best_epoch": 1,
  "best_validation_1_F1": 0.7924528301886292,
  "best_validation_0_F1": 0.79999999999995,
  "best_validation_accuracy": 0.7962962962962963,
  "best_validation_average_F1": 0.7962264150942896,
  "best_validation_loss": 0.4978626018220728
}