{
  "peak_cpu_memory_MB": 5769.484,
  "peak_gpu_0_memory_MB": 11,
  "peak_gpu_1_memory_MB": 11,
  "peak_gpu_2_memory_MB": 11,
  "peak_gpu_3_memory_MB": 11,
  "peak_gpu_4_memory_MB": 11,
  "peak_gpu_5_memory_MB": 11,
  "peak_gpu_6_memory_MB": 1896,
  "peak_gpu_7_memory_MB": 11,
  "peak_gpu_8_memory_MB": 11,
  "peak_gpu_9_memory_MB": 11,
  "peak_gpu_10_memory_MB": 11,
  "peak_gpu_11_memory_MB": 4806,
  "peak_gpu_12_memory_MB": 11,
  "peak_gpu_13_memory_MB": 11,
  "peak_gpu_14_memory_MB": 11,
  "peak_gpu_15_memory_MB": 11,
  "training_duration": "00:03:47",
  "training_start_epoch": 0,
  "training_epochs": 5,
  "epoch": 5,
  "training_1_P": 0.9969558599695586,
  "training_1_R": 1.0,
  "training_1_F1": 0.9984756097560477,
  "training_0_P": 1.0,
  "training_0_R": 0.9969465648854962,
  "training_0_F1": 0.9984709480121825,
  "training_accuracy": 0.9984732824427481,
  "training_average_F1": 0.9984732788841151,
  "training_loss": 0.013262081383046036,
  "training_cpu_memory_MB": 5769.484,
  "training_gpu_0_memory_MB": 11,
  "training_gpu_1_memory_MB": 11,
  "training_gpu_2_memory_MB": 11,
  "training_gpu_3_memory_MB": 11,
  "training_gpu_4_memory_MB": 11,
  "training_gpu_5_memory_MB": 11,
  "training_gpu_6_memory_MB": 1896,
  "training_gpu_7_memory_MB": 11,
  "training_gpu_8_memory_MB": 11,
  "training_gpu_9_memory_MB": 11,
  "training_gpu_10_memory_MB": 11,
  "training_gpu_11_memory_MB": 4806,
  "training_gpu_12_memory_MB": 11,
  "training_gpu_13_memory_MB": 11,
  "training_gpu_14_memory_MB": 11,
  "training_gpu_15_memory_MB": 11,
  "validation_1_P": 0.8513513513513513,
  "validation_1_R": 0.7777777777777778,
  "validation_1_F1": 0.8129032258064018,
  "validation_0_P": 0.7954545454545454,
  "validation_0_R": 0.8641975308641975,
  "validation_0_F1": 0.8284023668638555,
  "validation_accuracy": 0.8209876543209876,
  "validation_average_F1": 0.8206527963351287,
  "validation_loss": 0.6470043232495134,
  "best_epoch": 3,
  "best_validation_1_P": 0.8441558441558441,
  "best_validation_1_R": 0.8024691358024691,
  "best_validation_1_F1": 0.8227848101265324,
  "best_validation_0_P": 0.8117647058823529,
  "best_validation_0_R": 0.8518518518518519,
  "best_validation_0_F1": 0.8313253012047693,
  "best_validation_accuracy": 0.8271604938271605,
  "best_validation_average_F1": 0.8270550556656509,
  "best_validation_loss": 0.5060686631636186,
  "test_1_P": 0.8481012658227848,
  "test_1_R": 0.8271604938271605,
  "test_1_F1": 0.83749999999995,
  "test_0_P": 0.8313253012048193,
  "test_0_R": 0.8518518518518519,
  "test_0_F1": 0.8414634146340965,
  "test_accuracy": 0.8395061728395061,
  "test_average_F1": 0.8394817073170232,
  "test_loss": 0.41696429726752365
}