{
  "peak_cpu_memory_MB": 5769.484,
  "peak_gpu_0_memory_MB": 11,
  "peak_gpu_1_memory_MB": 11,
  "peak_gpu_2_memory_MB": 11,
  "peak_gpu_3_memory_MB": 11,
  "peak_gpu_4_memory_MB": 11,
  "peak_gpu_5_memory_MB": 11,
  "peak_gpu_6_memory_MB": 1894,
  "peak_gpu_7_memory_MB": 11,
  "peak_gpu_8_memory_MB": 11,
  "peak_gpu_9_memory_MB": 11,
  "peak_gpu_10_memory_MB": 11,
  "peak_gpu_11_memory_MB": 4806,
  "peak_gpu_12_memory_MB": 11,
  "peak_gpu_13_memory_MB": 11,
  "peak_gpu_14_memory_MB": 11,
  "peak_gpu_15_memory_MB": 11,
  "training_duration": "00:01:05",
  "training_start_epoch": 0,
  "training_epochs": 1,
  "epoch": 1,
  "training_1_P": 0.8525073746312685,
  "training_1_R": 0.8824427480916031,
  "training_1_F1": 0.8672168042010003,
  "training_0_P": 0.8781645569620253,
  "training_0_R": 0.8473282442748091,
  "training_0_F1": 0.8624708624708126,
  "training_accuracy": 0.8648854961832061,
  "training_average_F1": 0.8648438333359065,
  "training_loss": 0.33714718089961426,
  "training_cpu_memory_MB": 5769.484,
  "training_gpu_0_memory_MB": 11,
  "training_gpu_1_memory_MB": 11,
  "training_gpu_2_memory_MB": 11,
  "training_gpu_3_memory_MB": 11,
  "training_gpu_4_memory_MB": 11,
  "training_gpu_5_memory_MB": 11,
  "training_gpu_6_memory_MB": 1894,
  "training_gpu_7_memory_MB": 11,
  "training_gpu_8_memory_MB": 11,
  "training_gpu_9_memory_MB": 11,
  "training_gpu_10_memory_MB": 11,
  "training_gpu_11_memory_MB": 4806,
  "training_gpu_12_memory_MB": 11,
  "training_gpu_13_memory_MB": 11,
  "training_gpu_14_memory_MB": 11,
  "training_gpu_15_memory_MB": 11,
  "validation_1_P": 0.8571428571428571,
  "validation_1_R": 0.6666666666666666,
  "validation_1_F1": 0.7499999999999508,
  "validation_0_P": 0.7272727272727273,
  "validation_0_R": 0.8888888888888888,
  "validation_0_F1": 0.7999999999999505,
  "validation_accuracy": 0.7777777777777778,
  "validation_average_F1": 0.7749999999999506,
  "validation_loss": 0.43088717284527694,
  "best_epoch": 1,
  "best_validation_1_P": 0.8571428571428571,
  "best_validation_1_R": 0.6666666666666666,
  "best_validation_1_F1": 0.7499999999999508,
  "best_validation_0_P": 0.7272727272727273,
  "best_validation_0_R": 0.8888888888888888,
  "best_validation_0_F1": 0.7999999999999505,
  "best_validation_accuracy": 0.7777777777777778,
  "best_validation_average_F1": 0.7749999999999506,
  "best_validation_loss": 0.43088717284527694
}