{
  "peak_cpu_memory_MB": 2645.668,
  "peak_gpu_0_memory_MB": 1241,
  "training_duration": "00:00:22",
  "training_start_epoch": 0,
  "training_epochs": 0,
  "epoch": 0,
  "training_1_F1": 0.7596664139499122,
  "training_0_F1": 0.7563412759415334,
  "training_accuracy": 0.7580152671755725,
  "training_average_F1": 0.7580038449457228,
  "training_loss": 0.49323142174540496,
  "training_cpu_memory_MB": 2645.668,
  "training_gpu_0_memory_MB": 1241,
  "validation_1_F1": 0.842105263157845,
  "validation_0_F1": 0.8235294117646562,
  "validation_accuracy": 0.8333333333333334,
  "validation_average_F1": 0.8328173374612506,
  "validation_loss": 0.48794041032140906,
  "best_epoch": 0,
  "best_validation_1_F1": 0.842105263157845,
  "best_validation_0_F1": 0.8235294117646562,
  "best_validation_accuracy": 0.8333333333333334,
  "best_validation_average_F1": 0.8328173374612506,
  "best_validation_loss": 0.48794041032140906
}