{
  "peak_cpu_memory_MB": 2645.668,
  "peak_gpu_0_memory_MB": 2510,
  "training_duration": "00:00:45",
  "training_start_epoch": 0,
  "training_epochs": 1,
  "epoch": 1,
  "training_1_F1": 0.8872292755787402,
  "training_0_F1": 0.8821233411396846,
  "training_accuracy": 0.8847328244274809,
  "training_average_F1": 0.8846763083592124,
  "training_loss": 0.2855556651768161,
  "training_cpu_memory_MB": 2645.668,
  "training_gpu_0_memory_MB": 2510,
  "validation_1_F1": 0.8176100628930317,
  "validation_0_F1": 0.8242424242423743,
  "validation_accuracy": 0.8209876543209876,
  "validation_average_F1": 0.8209262435677029,
  "validation_loss": 0.3754640086130662,
  "best_epoch": 0,
  "best_validation_1_F1": 0.842105263157845,
  "best_validation_0_F1": 0.8235294117646562,
  "best_validation_accuracy": 0.8333333333333334,
  "best_validation_average_F1": 0.8328173374612506,
  "best_validation_loss": 0.48794041032140906
}