{
  "peak_cpu_memory_MB": 2645.668,
  "peak_gpu_0_memory_MB": 2510,
  "training_duration": "00:02:01",
  "training_start_epoch": 0,
  "training_epochs": 4,
  "epoch": 4,
  "training_1_F1": 0.985551330798429,
  "training_0_F1": 0.9854406130267699,
  "training_accuracy": 0.9854961832061069,
  "training_average_F1": 0.9854959719125995,
  "training_loss": 0.05711166746914387,
  "training_cpu_memory_MB": 2645.668,
  "training_gpu_0_memory_MB": 2510,
  "validation_1_F1": 0.8520710059171098,
  "validation_0_F1": 0.8387096774193049,
  "validation_accuracy": 0.845679012345679,
  "validation_average_F1": 0.8453903416682074,
  "validation_loss": 0.6793251877481287,
  "best_epoch": 4,
  "best_validation_1_F1": 0.8520710059171098,
  "best_validation_0_F1": 0.8387096774193049,
  "best_validation_accuracy": 0.845679012345679,
  "best_validation_average_F1": 0.8453903416682074,
  "best_validation_loss": 0.6793251877481287
}