{
  "peak_cpu_memory_MB": 2645.668,
  "peak_gpu_0_memory_MB": 2510,
  "training_duration": "00:02:57",
  "training_start_epoch": 0,
  "training_epochs": 6,
  "epoch": 6,
  "training_1_F1": 0.996186117467532,
  "training_0_F1": 0.9961802902978875,
  "training_accuracy": 0.9961832061068703,
  "training_average_F1": 0.9961832038827098,
  "training_loss": 0.017407374629728134,
  "training_cpu_memory_MB": 2645.668,
  "training_gpu_0_memory_MB": 2510,
  "validation_1_F1": 0.83749999999995,
  "validation_0_F1": 0.8414634146340965,
  "validation_accuracy": 0.8395061728395061,
  "validation_average_F1": 0.8394817073170232,
  "validation_loss": 0.7958701490001245,
  "best_epoch": 5,
  "best_validation_1_F1": 0.8484848484847984,
  "best_validation_0_F1": 0.8427672955974342,
  "best_validation_accuracy": 0.845679012345679,
  "best_validation_average_F1": 0.8456260720411164,
  "best_validation_loss": 0.7646073827689345
}