{
  "peak_cpu_memory_MB": 2645.668,
  "peak_gpu_0_memory_MB": 2510,
  "training_duration": "00:02:29",
  "training_start_epoch": 0,
  "training_epochs": 5,
  "epoch": 5,
  "training_1_F1": 0.9916222391469417,
  "training_0_F1": 0.9915837796479989,
  "training_accuracy": 0.9916030534351145,
  "training_average_F1": 0.9916030093974704,
  "training_loss": 0.03342592571975618,
  "training_cpu_memory_MB": 2645.668,
  "training_gpu_0_memory_MB": 2510,
  "validation_1_F1": 0.8484848484847984,
  "validation_0_F1": 0.8427672955974342,
  "validation_accuracy": 0.845679012345679,
  "validation_average_F1": 0.8456260720411164,
  "validation_loss": 0.7646073827689345,
  "best_epoch": 5,
  "best_validation_1_F1": 0.8484848484847984,
  "best_validation_0_F1": 0.8427672955974342,
  "best_validation_accuracy": 0.845679012345679,
  "best_validation_average_F1": 0.8456260720411164,
  "best_validation_loss": 0.7646073827689345
}