{
  "peak_cpu_memory_MB": 2645.668,
  "peak_gpu_0_memory_MB": 2510,
  "training_duration": "00:01:32",
  "training_start_epoch": 0,
  "training_epochs": 3,
  "epoch": 3,
  "training_1_F1": 0.9688212927756155,
  "training_0_F1": 0.9685823754788772,
  "training_accuracy": 0.9687022900763359,
  "training_average_F1": 0.9687018341272463,
  "training_loss": 0.10644865712923247,
  "training_cpu_memory_MB": 2645.668,
  "training_gpu_0_memory_MB": 2510,
  "validation_1_F1": 0.8395061728394562,
  "validation_0_F1": 0.8395061728394562,
  "validation_accuracy": 0.8395061728395061,
  "validation_average_F1": 0.8395061728394562,
  "validation_loss": 0.6274475455284119,
  "best_epoch": 3,
  "best_validation_1_F1": 0.8395061728394562,
  "best_validation_0_F1": 0.8395061728394562,
  "best_validation_accuracy": 0.8395061728395061,
  "best_validation_average_F1": 0.8395061728394562,
  "best_validation_loss": 0.6274475455284119
}