{
  "peak_cpu_memory_MB": 2641.512,
  "peak_gpu_0_memory_MB": 2498,
  "training_duration": "00:01:08",
  "training_start_epoch": 0,
  "training_epochs": 2,
  "epoch": 2,
  "training_1_F1": 0.9486404833836358,
  "training_0_F1": 0.947530864197481,
  "training_accuracy": 0.9480916030534351,
  "training_average_F1": 0.9480856737905584,
  "training_loss": 0.16314645125189933,
  "training_cpu_memory_MB": 2641.512,
  "training_gpu_0_memory_MB": 2498,
  "validation_1_F1": 0.8205128205127706,
  "validation_0_F1": 0.8333333333332835,
  "validation_accuracy": 0.8271604938271605,
  "validation_average_F1": 0.8269230769230271,
  "validation_loss": 0.6612605967304923,
  "best_epoch": 0,
  "best_validation_1_F1": 0.855491329479719,
  "best_validation_0_F1": 0.8344370860926656,
  "best_validation_accuracy": 0.845679012345679,
  "best_validation_average_F1": 0.8449642077861923,
  "best_validation_loss": 0.4206763058900833
}