{
  "peak_cpu_memory_MB": 2641.512,
  "peak_gpu_0_memory_MB": 2498,
  "training_duration": "00:00:45",
  "training_start_epoch": 0,
  "training_epochs": 1,
  "epoch": 1,
  "training_1_F1": 0.8902165795369179,
  "training_0_F1": 0.8852459016392944,
  "training_accuracy": 0.8877862595419848,
  "training_average_F1": 0.8877312405881062,
  "training_loss": 0.28133742861086275,
  "training_cpu_memory_MB": 2641.512,
  "training_gpu_0_memory_MB": 2498,
  "validation_1_F1": 0.8280254777069566,
  "validation_0_F1": 0.8383233532933633,
  "validation_accuracy": 0.8333333333333334,
  "validation_average_F1": 0.8331744155001599,
  "validation_loss": 0.5400436222553253,
  "best_epoch": 0,
  "best_validation_1_F1": 0.855491329479719,
  "best_validation_0_F1": 0.8344370860926656,
  "best_validation_accuracy": 0.845679012345679,
  "best_validation_average_F1": 0.8449642077861923,
  "best_validation_loss": 0.4206763058900833
}