{
  "peak_cpu_memory_MB": 2641.512,
  "peak_gpu_0_memory_MB": 1241,
  "training_duration": "00:00:22",
  "training_start_epoch": 0,
  "training_epochs": 0,
  "epoch": 0,
  "training_1_F1": 0.7676470588234795,
  "training_0_F1": 0.7492063492062994,
  "training_accuracy": 0.7587786259541984,
  "training_average_F1": 0.7584267040148894,
  "training_loss": 0.5129884819432002,
  "training_cpu_memory_MB": 2641.512,
  "training_gpu_0_memory_MB": 1241,
  "validation_1_F1": 0.855491329479719,
  "validation_0_F1": 0.8344370860926656,
  "validation_accuracy": 0.845679012345679,
  "validation_average_F1": 0.8449642077861923,
  "validation_loss": 0.4206763058900833,
  "best_epoch": 0,
  "best_validation_1_F1": 0.855491329479719,
  "best_validation_0_F1": 0.8344370860926656,
  "best_validation_accuracy": 0.845679012345679,
  "best_validation_average_F1": 0.8449642077861923,
  "best_validation_loss": 0.4206763058900833
}