{
  "peak_cpu_memory_MB": 2658.272,
  "peak_gpu_0_memory_MB": 11,
  "peak_gpu_1_memory_MB": 11,
  "peak_gpu_2_memory_MB": 5907,
  "peak_gpu_3_memory_MB": 11,
  "peak_gpu_4_memory_MB": 11,
  "peak_gpu_5_memory_MB": 11,
  "peak_gpu_6_memory_MB": 11,
  "peak_gpu_7_memory_MB": 11,
  "peak_gpu_8_memory_MB": 11,
  "peak_gpu_9_memory_MB": 11,
  "peak_gpu_10_memory_MB": 11,
  "peak_gpu_11_memory_MB": 11,
  "peak_gpu_12_memory_MB": 11,
  "peak_gpu_13_memory_MB": 11,
  "peak_gpu_14_memory_MB": 11,
  "peak_gpu_15_memory_MB": 11,
  "training_duration": "00:08:18",
  "training_start_epoch": 0,
  "training_epochs": 11,
  "epoch": 11,
  "training_neg_F1": 0.8803611738148485,
  "training_pos_F1": 0.7499999999999502,
  "training_accuracy": 0.8381679389312977,
  "training_average_F1": 0.8151805869073994,
  "training_loss": 0.3669111439731063,
  "training_cpu_memory_MB": 2658.272,
  "training_gpu_0_memory_MB": 11,
  "training_gpu_1_memory_MB": 11,
  "training_gpu_2_memory_MB": 5903,
  "training_gpu_3_memory_MB": 11,
  "training_gpu_4_memory_MB": 11,
  "training_gpu_5_memory_MB": 11,
  "training_gpu_6_memory_MB": 11,
  "training_gpu_7_memory_MB": 11,
  "training_gpu_8_memory_MB": 11,
  "training_gpu_9_memory_MB": 11,
  "training_gpu_10_memory_MB": 11,
  "training_gpu_11_memory_MB": 11,
  "training_gpu_12_memory_MB": 11,
  "training_gpu_13_memory_MB": 11,
  "training_gpu_14_memory_MB": 11,
  "training_gpu_15_memory_MB": 11,
  "validation_neg_F1": 0.7403846153845655,
  "validation_pos_F1": 0.5344827586206402,
  "validation_accuracy": 0.6666666666666666,
  "validation_average_F1": 0.6374336870026028,
  "validation_loss": 0.6775018952109597,
  "best_epoch": 9,
  "best_validation_neg_F1": 0.7536231884057474,
  "best_validation_pos_F1": 0.5641025641025145,
  "best_validation_accuracy": 0.6851851851851852,
  "best_validation_average_F1": 0.6588628762541309,
  "best_validation_loss": 0.7070479528470472,
  "test_neg_F1": 0.8484848484847985,
  "test_pos_F1": 0.6236559139784448,
  "test_accuracy": 0.7839506172839507,
  "test_average_F1": 0.7360703812316216,
  "test_loss": 0.4490375830368562
}