{
  "training_duration": "00:07:11",
  "training_start_epoch": 0,
  "training_epochs": 5,
  "epoch": 5,
  "training_1_F1": 0.9533834586465667,
  "training_0_F1": 0.9519379844960741,
  "training_accuracy": 0.9526717557251908,
  "training_average_F1": 0.9526607215713204,
  "training_loss": 0.17231661244863417,
  "validation_1_F1": 0.8639053254437372,
  "validation_0_F1": 0.8516129032257566,
  "validation_accuracy": 0.8580246913580247,
  "validation_average_F1": 0.8577591143347469,
  "validation_loss": 0.41666961867700925,
  "best_epoch": 4,
  "best_validation_1_F1": 0.8834355828220359,
  "best_validation_0_F1": 0.8819875776397015,
  "best_validation_accuracy": 0.8827160493827161,
  "best_validation_average_F1": 0.8827115802308687,
  "best_validation_loss": 0.2973043437708508
}