{
  "training_duration": "00:08:44",
  "training_start_epoch": 0,
  "training_epochs": 7,
  "epoch": 7,
  "training_1_F1": 0.9757207890743052,
  "training_0_F1": 0.9754224270352803,
  "training_accuracy": 0.9755725190839695,
  "training_average_F1": 0.9755716080547927,
  "training_loss": 0.12054498943432075,
  "validation_1_F1": 0.8780487804877548,
  "validation_0_F1": 0.8749999999999499,
  "validation_accuracy": 0.8765432098765432,
  "validation_average_F1": 0.8765243902438524,
  "validation_loss": 0.3454333787614649,
  "best_epoch": 6,
  "best_validation_1_F1": 0.8888888888888389,
  "best_validation_0_F1": 0.8888888888888389,
  "best_validation_accuracy": 0.8888888888888888,
  "best_validation_average_F1": 0.8888888888888389,
  "best_validation_loss": 0.4577490904114463
}