{
  "training_duration": "00:02:07",
  "training_start_epoch": 0,
  "training_epochs": 1,
  "epoch": 1,
  "training_1_F1": 0.8497409326424371,
  "training_0_F1": 0.8400315208825347,
  "training_accuracy": 0.8450381679389313,
  "training_average_F1": 0.8448862267624859,
  "training_loss": 0.39099747414995983,
  "validation_1_F1": 0.8518518518518019,
  "validation_0_F1": 0.8518518518518019,
  "validation_accuracy": 0.8518518518518519,
  "validation_average_F1": 0.8518518518518019,
  "validation_loss": 0.34466451000083576,
  "best_epoch": 1,
  "best_validation_1_F1": 0.8518518518518019,
  "best_validation_0_F1": 0.8518518518518019,
  "best_validation_accuracy": 0.8518518518518519,
  "best_validation_average_F1": 0.8518518518518019,
  "best_validation_loss": 0.34466451000083576
}