{
  "training_duration": "00:07:56",
  "training_start_epoch": 0,
  "training_epochs": 6,
  "epoch": 6,
  "training_1_F1": 0.9652567975830315,
  "training_0_F1": 0.9645061728394563,
  "training_accuracy": 0.9648854961832061,
  "training_average_F1": 0.964881485211244,
  "training_loss": 0.14475547099804006,
  "validation_1_F1": 0.8888888888888389,
  "validation_0_F1": 0.8888888888888389,
  "validation_accuracy": 0.8888888888888888,
  "validation_average_F1": 0.8888888888888389,
  "validation_loss": 0.4577490904114463,
  "best_epoch": 6,
  "best_validation_1_F1": 0.8888888888888389,
  "best_validation_0_F1": 0.8888888888888389,
  "best_validation_accuracy": 0.8888888888888888,
  "best_validation_average_F1": 0.8888888888888389,
  "best_validation_loss": 0.4577490904114463
}