{
  "training_duration": "00:09:57",
  "training_start_epoch": 0,
  "training_epochs": 8,
  "epoch": 8,
  "training_1_F1": 0.9817629179330808,
  "training_0_F1": 0.9815950920244899,
  "training_accuracy": 0.981679389312977,
  "training_average_F1": 0.9816790049787854,
  "training_loss": 0.10350423983139236,
  "validation_1_F1": 0.8520710059171098,
  "validation_0_F1": 0.8387096774193049,
  "validation_accuracy": 0.845679012345679,
  "validation_average_F1": 0.8453903416682074,
  "validation_loss": 0.5066225359385664,
  "best_epoch": 6,
  "best_validation_1_F1": 0.8888888888888389,
  "best_validation_0_F1": 0.8888888888888389,
  "best_validation_accuracy": 0.8888888888888888,
  "best_validation_average_F1": 0.8888888888888389,
  "best_validation_loss": 0.4577490904114463
}