{
  "training_duration": "00:01:00",
  "training_start_epoch": 0,
  "training_epochs": 0,
  "epoch": 0,
  "training_1_F1": 0.7518142235122868,
  "training_0_F1": 0.7246376811593706,
  "training_accuracy": 0.7389312977099237,
  "training_average_F1": 0.7382259523358287,
  "training_loss": 0.5657122753015379,
  "validation_1_F1": 0.8311688311687814,
  "validation_0_F1": 0.8470588235293619,
  "validation_accuracy": 0.8395061728395061,
  "validation_average_F1": 0.8391138273490717,
  "validation_loss": 0.381353421644731,
  "best_epoch": 0,
  "best_validation_1_F1": 0.8311688311687814,
  "best_validation_0_F1": 0.8470588235293619,
  "best_validation_accuracy": 0.8395061728395061,
  "best_validation_average_F1": 0.8391138273490717,
  "best_validation_loss": 0.381353421644731
}