{
  "training_duration": "00:04:54",
  "training_start_epoch": 0,
  "training_epochs": 3,
  "epoch": 3,
  "training_1_F1": 0.9218045112781456,
  "training_0_F1": 0.9193798449611904,
  "training_accuracy": 0.9206106870229007,
  "training_average_F1": 0.920592178119668,
  "training_loss": 0.25803893468365435,
  "validation_1_F1": 0.8639053254437372,
  "validation_0_F1": 0.8516129032257566,
  "validation_accuracy": 0.8580246913580247,
  "validation_average_F1": 0.8577591143347469,
  "validation_loss": 0.3184255449609323,
  "best_epoch": 2,
  "best_validation_1_F1": 0.8553459119496356,
  "best_validation_0_F1": 0.8606060606060106,
  "best_validation_accuracy": 0.8580246913580247,
  "best_validation_average_F1": 0.8579759862778231,
  "best_validation_loss": 0.41447963362390344
}