{
  "peak_cpu_memory_MB": 2191.232,
  "peak_gpu_0_memory_MB": 6737,
  "training_duration": "00:08:14",
  "training_start_epoch": 0,
  "training_epochs": 6,
  "epoch": 6,
  "training_1_P": 0.9593984962406015,
  "training_1_R": 0.9740458015267176,
  "training_1_F1": 0.9666666666666167,
  "training_0_P": 0.9736434108527132,
  "training_0_R": 0.9587786259541985,
  "training_0_F1": 0.9661538461537963,
  "training_accuracy": 0.966412213740458,
  "training_average_F1": 0.9664102564102065,
  "training_loss": 0.10431621303191273,
  "training_cpu_memory_MB": 2191.232,
  "training_gpu_0_memory_MB": 6737,
  "validation_1_P": 0.7857142857142857,
  "validation_1_R": 0.8148148148148148,
  "validation_1_F1": 0.79999999999995,
  "validation_0_P": 0.8076923076923077,
  "validation_0_R": 0.7777777777777778,
  "validation_0_F1": 0.7924528301886292,
  "validation_accuracy": 0.7962962962962963,
  "validation_average_F1": 0.7962264150942896,
  "validation_loss": 0.6007763540202921,
  "best_epoch": 4,
  "best_validation_1_P": 0.8823529411764706,
  "best_validation_1_R": 0.7407407407407407,
  "best_validation_1_F1": 0.8053691275167288,
  "best_validation_0_P": 0.776595744680851,
  "best_validation_0_R": 0.9012345679012346,
  "best_validation_0_F1": 0.8342857142856646,
  "best_validation_accuracy": 0.8209876543209876,
  "best_validation_average_F1": 0.8198274209011966,
  "best_validation_loss": 0.5215203944932331,
  "test_1_P": 0.8428571428571429,
  "test_1_R": 0.7283950617283951,
  "test_1_F1": 0.7814569536423345,
  "test_0_P": 0.7608695652173914,
  "test_0_R": 0.8641975308641975,
  "test_0_F1": 0.809248554913245,
  "test_accuracy": 0.7962962962962963,
  "test_average_F1": 0.7953527542777897,
  "test_loss": 0.569514578038996
}