{
  "peak_cpu_memory_MB": 2190.372,
  "peak_gpu_0_memory_MB": 704,
  "training_duration": "00:00:20",
  "training_start_epoch": 0,
  "training_epochs": 0,
  "epoch": 0,
  "training_1_P": 0.7477611940298508,
  "training_1_R": 0.7648854961832061,
  "training_1_F1": 0.7562264150942897,
  "training_0_P": 0.759375,
  "training_0_R": 0.7419847328244275,
  "training_0_F1": 0.7505791505791006,
  "training_accuracy": 0.7534351145038168,
  "training_average_F1": 0.7534027828366952,
  "training_loss": 0.519745599569344,
  "training_cpu_memory_MB": 2190.372,
  "training_gpu_0_memory_MB": 704,
  "validation_1_P": 0.788235294117647,
  "validation_1_R": 0.8271604938271605,
  "validation_1_F1": 0.8072289156626007,
  "validation_0_P": 0.8181818181818182,
  "validation_0_R": 0.7777777777777778,
  "validation_0_F1": 0.7974683544303299,
  "validation_accuracy": 0.8024691358024691,
  "validation_average_F1": 0.8023486350464653,
  "validation_loss": 0.39291114698756824,
  "best_epoch": 0,
  "best_validation_1_P": 0.788235294117647,
  "best_validation_1_R": 0.8271604938271605,
  "best_validation_1_F1": 0.8072289156626007,
  "best_validation_0_P": 0.8181818181818182,
  "best_validation_0_R": 0.7777777777777778,
  "best_validation_0_F1": 0.7974683544303299,
  "best_validation_accuracy": 0.8024691358024691,
  "best_validation_average_F1": 0.8023486350464653,
  "best_validation_loss": 0.39291114698756824
}