{
  "peak_cpu_memory_MB": 2190.372,
  "peak_gpu_0_memory_MB": 1036,
  "training_duration": "00:01:07",
  "training_start_epoch": 0,
  "training_epochs": 2,
  "epoch": 2,
  "training_1_P": 0.8548850574712644,
  "training_1_R": 0.9083969465648855,
  "training_1_F1": 0.8808290155439915,
  "training_0_P": 0.9022801302931596,
  "training_0_R": 0.8458015267175573,
  "training_0_F1": 0.8731284475964827,
  "training_accuracy": 0.8770992366412214,
  "training_average_F1": 0.8769787315702371,
  "training_loss": 0.3048842259478278,
  "training_cpu_memory_MB": 2190.372,
  "training_gpu_0_memory_MB": 1036,
  "validation_1_P": 0.7525773195876289,
  "validation_1_R": 0.9012345679012346,
  "validation_1_F1": 0.820224719101074,
  "validation_0_P": 0.8769230769230769,
  "validation_0_R": 0.7037037037037037,
  "validation_0_F1": 0.7808219178081699,
  "validation_accuracy": 0.8024691358024691,
  "validation_average_F1": 0.8005233184546219,
  "validation_loss": 0.456009106202559,
  "best_epoch": 1,
  "best_validation_1_P": 0.7708333333333334,
  "best_validation_1_R": 0.9135802469135802,
  "best_validation_1_F1": 0.8361581920903458,
  "best_validation_0_P": 0.8939393939393939,
  "best_validation_0_R": 0.7283950617283951,
  "best_validation_0_F1": 0.8027210884353246,
  "best_validation_accuracy": 0.8209876543209876,
  "best_validation_average_F1": 0.8194396402628352,
  "best_validation_loss": 0.43489955162460153
}