{
  "training_duration": "00:07:21",
  "training_start_epoch": 0,
  "training_epochs": 6,
  "epoch": 6,
  "training_1_P": 0.9984756097560976,
  "training_1_R": 1.0,
  "training_1_F1": 0.9992372234934664,
  "training_0_P": 1.0,
  "training_0_R": 0.9984732824427481,
  "training_0_F1": 0.9992360580595376,
  "training_accuracy": 0.999236641221374,
  "training_average_F1": 0.9992366407765021,
  "training_loss": 0.028004203809470666,
  "validation_1_P": 0.8554216867469879,
  "validation_1_R": 0.8765432098765432,
  "validation_1_F1": 0.8658536585365354,
  "validation_0_P": 0.8734177215189873,
  "validation_0_R": 0.8518518518518519,
  "validation_0_F1": 0.86249999999995,
  "validation_accuracy": 0.8641975308641975,
  "validation_average_F1": 0.8641768292682427,
  "validation_loss": 0.5131797289306467,
  "best_epoch": 4,
  "best_validation_1_P": 0.8426966292134831,
  "best_validation_1_R": 0.9259259259259259,
  "best_validation_1_F1": 0.8823529411764207,
  "best_validation_0_P": 0.9178082191780822,
  "best_validation_0_R": 0.8271604938271605,
  "best_validation_0_F1": 0.8701298701298203,
  "best_validation_accuracy": 0.8765432098765432,
  "best_validation_average_F1": 0.8762414056531205,
  "best_validation_loss": 0.4198001745072278
}