{
  "training_duration": "00:00:57",
  "training_start_epoch": 0,
  "training_epochs": 0,
  "epoch": 0,
  "training_1_P": 0.7290419161676647,
  "training_1_R": 0.7435114503816794,
  "training_1_F1": 0.7362055933484005,
  "training_0_P": 0.7383177570093458,
  "training_0_R": 0.7236641221374046,
  "training_0_F1": 0.7309175019274752,
  "training_accuracy": 0.733587786259542,
  "training_average_F1": 0.7335615476379378,
  "training_loss": 0.5698419355037736,
  "validation_1_P": 0.7383177570093458,
  "validation_1_R": 0.9753086419753086,
  "validation_1_F1": 0.8404255319148447,
  "validation_0_P": 0.9636363636363636,
  "validation_0_R": 0.654320987654321,
  "validation_0_F1": 0.7794117647058343,
  "validation_accuracy": 0.8148148148148148,
  "validation_average_F1": 0.8099186483103396,
  "validation_loss": 0.4034795273434032,
  "best_epoch": 0,
  "best_validation_1_P": 0.7383177570093458,
  "best_validation_1_R": 0.9753086419753086,
  "best_validation_1_F1": 0.8404255319148447,
  "best_validation_0_P": 0.9636363636363636,
  "best_validation_0_R": 0.654320987654321,
  "best_validation_0_F1": 0.7794117647058343,
  "best_validation_accuracy": 0.8148148148148148,
  "best_validation_average_F1": 0.8099186483103396,
  "best_validation_loss": 0.4034795273434032
}