{
  "peak_cpu_memory_MB": 3117.46,
  "peak_gpu_0_memory_MB": 11,
  "peak_gpu_1_memory_MB": 3970,
  "peak_gpu_2_memory_MB": 11,
  "peak_gpu_3_memory_MB": 11,
  "peak_gpu_4_memory_MB": 11,
  "peak_gpu_5_memory_MB": 11,
  "peak_gpu_6_memory_MB": 11,
  "peak_gpu_7_memory_MB": 11,
  "peak_gpu_8_memory_MB": 11,
  "peak_gpu_9_memory_MB": 11,
  "peak_gpu_10_memory_MB": 11,
  "peak_gpu_11_memory_MB": 9142,
  "peak_gpu_12_memory_MB": 11,
  "peak_gpu_13_memory_MB": 11,
  "peak_gpu_14_memory_MB": 11,
  "peak_gpu_15_memory_MB": 938,
  "training_duration": "00:01:55",
  "training_start_epoch": 0,
  "training_epochs": 9,
  "epoch": 9,
  "training_1_F1": 0.799093655589074,
  "training_0_F1": 0.7947530864197031,
  "training_accuracy": 0.7969465648854962,
  "training_average_F1": 0.7969233710043886,
  "training_loss": 0.446672141006807,
  "training_cpu_memory_MB": 3117.46,
  "training_gpu_0_memory_MB": 11,
  "training_gpu_1_memory_MB": 3970,
  "training_gpu_2_memory_MB": 11,
  "training_gpu_3_memory_MB": 11,
  "training_gpu_4_memory_MB": 11,
  "training_gpu_5_memory_MB": 11,
  "training_gpu_6_memory_MB": 11,
  "training_gpu_7_memory_MB": 11,
  "training_gpu_8_memory_MB": 11,
  "training_gpu_9_memory_MB": 11,
  "training_gpu_10_memory_MB": 11,
  "training_gpu_11_memory_MB": 9142,
  "training_gpu_12_memory_MB": 11,
  "training_gpu_13_memory_MB": 11,
  "training_gpu_14_memory_MB": 11,
  "training_gpu_15_memory_MB": 938,
  "validation_1_F1": 0.8101265822784312,
  "validation_0_F1": 0.8192771084336851,
  "validation_accuracy": 0.8148148148148148,
  "validation_average_F1": 0.8147018453560582,
  "validation_loss": 0.42808126319538464,
  "best_epoch": 7,
  "best_validation_1_F1": 0.8354430379746336,
  "best_validation_0_F1": 0.8433734939758536,
  "best_validation_accuracy": 0.8395061728395061,
  "best_validation_average_F1": 0.8394082659752435,
  "best_validation_loss": 0.45653340220451355,
  "test_1_F1": 0.7534246575341972,
  "test_0_F1": 0.7977528089887145,
  "test_accuracy": 0.7777777777777778,
  "test_average_F1": 0.7755887332614558,
  "test_loss": 0.4832316528667103
}