{
  "peak_cpu_memory_MB": 3071.376,
  "peak_gpu_0_memory_MB": 1241,
  "training_duration": "00:00:22",
  "training_start_epoch": 0,
  "training_epochs": 0,
  "epoch": 0,
  "training_1_F1": 0.8207831325300705,
  "training_0_F1": 0.8157894736841607,
  "training_accuracy": 0.8183206106870229,
  "training_average_F1": 0.8182863031071156,
  "training_loss": 0.42561023082675004,
  "training_cpu_memory_MB": 3071.376,
  "training_gpu_0_memory_MB": 1241,
  "validation_1_F1": 0.8720930232557642,
  "validation_0_F1": 0.855263157894687,
  "validation_accuracy": 0.8641975308641975,
  "validation_average_F1": 0.8636780905752256,
  "validation_loss": 0.48287657580592414,
  "best_epoch": 0,
  "best_validation_1_F1": 0.8720930232557642,
  "best_validation_0_F1": 0.855263157894687,
  "best_validation_accuracy": 0.8641975308641975,
  "best_validation_average_F1": 0.8636780905752256,
  "best_validation_loss": 0.48287657580592414
}