{
  "peak_cpu_memory_MB": 3071.376,
  "peak_gpu_0_memory_MB": 2510,
  "training_duration": "00:01:13",
  "training_start_epoch": 0,
  "training_epochs": 2,
  "epoch": 2,
  "training_1_F1": 0.927231807951938,
  "training_0_F1": 0.9246309246308746,
  "training_accuracy": 0.9259541984732824,
  "training_average_F1": 0.9259313662914064,
  "training_loss": 0.22300411120238828,
  "training_cpu_memory_MB": 3071.376,
  "training_gpu_0_memory_MB": 2510,
  "validation_1_F1": 0.8645161290322082,
  "validation_0_F1": 0.8757396449703644,
  "validation_accuracy": 0.8703703703703703,
  "validation_average_F1": 0.8701278870012863,
  "validation_loss": 0.41910449076782574,
  "best_epoch": 2,
  "best_validation_1_F1": 0.8645161290322082,
  "best_validation_0_F1": 0.8757396449703644,
  "best_validation_accuracy": 0.8703703703703703,
  "best_validation_average_F1": 0.8701278870012863,
  "best_validation_loss": 0.41910449076782574
}