{
  "peak_cpu_memory_MB": 3071.376,
  "peak_gpu_0_memory_MB": 2510,
  "training_duration": "00:02:09",
  "training_start_epoch": 0,
  "training_epochs": 4,
  "epoch": 4,
  "training_1_F1": 0.9642585551330299,
  "training_0_F1": 0.9639846743294521,
  "training_accuracy": 0.9641221374045802,
  "training_average_F1": 0.964121614731241,
  "training_loss": 0.12637630109561654,
  "training_cpu_memory_MB": 3071.376,
  "training_gpu_0_memory_MB": 2510,
  "validation_1_F1": 0.8639053254437372,
  "validation_0_F1": 0.8516129032257566,
  "validation_accuracy": 0.8580246913580247,
  "validation_average_F1": 0.8577591143347469,
  "validation_loss": 0.4979618869044564,
  "best_epoch": 3,
  "best_validation_1_F1": 0.8734177215189374,
  "best_validation_0_F1": 0.8795180722891066,
  "best_validation_accuracy": 0.8765432098765432,
  "best_validation_average_F1": 0.876467896904022,
  "best_validation_loss": 0.4956873763691295,
  "test_1_F1": 0.8461538461537963,
  "test_0_F1": 0.8571428571428074,
  "test_accuracy": 0.8518518518518519,
  "test_average_F1": 0.8516483516483018,
  "test_loss": 0.43516167998313904
}