{
  "peak_cpu_memory_MB": 3071.376,
  "peak_gpu_0_memory_MB": 2510,
  "training_duration": "00:01:41",
  "training_start_epoch": 0,
  "training_epochs": 3,
  "epoch": 3,
  "training_1_F1": 0.9492808478424936,
  "training_0_F1": 0.9484218629714666,
  "training_accuracy": 0.9488549618320611,
  "training_average_F1": 0.9488513554069801,
  "training_loss": 0.17093541663957806,
  "training_cpu_memory_MB": 3071.376,
  "training_gpu_0_memory_MB": 2510,
  "validation_1_F1": 0.8734177215189374,
  "validation_0_F1": 0.8795180722891066,
  "validation_accuracy": 0.8765432098765432,
  "validation_average_F1": 0.876467896904022,
  "validation_loss": 0.4956873763691295,
  "best_epoch": 3,
  "best_validation_1_F1": 0.8734177215189374,
  "best_validation_0_F1": 0.8795180722891066,
  "best_validation_accuracy": 0.8765432098765432,
  "best_validation_average_F1": 0.876467896904022,
  "best_validation_loss": 0.4956873763691295
}