{
  "peak_cpu_memory_MB": 1850.432,
  "peak_gpu_0_memory_MB": 350,
  "training_duration": "00:00:03",
  "training_start_epoch": 0,
  "training_epochs": 2,
  "epoch": 2,
  "training_1_P": 0.8737151248164464,
  "training_1_R": 0.9083969465648855,
  "training_1_F1": 0.8907185628742016,
  "training_0_P": 0.904610492845787,
  "training_0_R": 0.8687022900763359,
  "training_0_F1": 0.8862928348909158,
  "training_accuracy": 0.8885496183206106,
  "training_average_F1": 0.8885056988825587,
  "training_loss": 0.30114647100974873,
  "training_cpu_memory_MB": 1850.432,
  "training_gpu_0_memory_MB": 350,
  "validation_1_P": 0.8,
  "validation_1_R": 0.8888888888888888,
  "validation_1_F1": 0.842105263157845,
  "validation_0_P": 0.875,
  "validation_0_R": 0.7777777777777778,
  "validation_0_F1": 0.8235294117646562,
  "validation_accuracy": 0.8333333333333334,
  "validation_average_F1": 0.8328173374612506,
  "validation_loss": 0.42809461734511634,
  "best_epoch": 2,
  "best_validation_1_P": 0.8,
  "best_validation_1_R": 0.8888888888888888,
  "best_validation_1_F1": 0.842105263157845,
  "best_validation_0_P": 0.875,
  "best_validation_0_R": 0.7777777777777778,
  "best_validation_0_F1": 0.8235294117646562,
  "best_validation_accuracy": 0.8333333333333334,
  "best_validation_average_F1": 0.8328173374612506,
  "best_validation_loss": 0.42809461734511634
}