{
  "peak_cpu_memory_MB": 3084.964,
  "peak_gpu_0_memory_MB": 11,
  "peak_gpu_1_memory_MB": 11,
  "peak_gpu_2_memory_MB": 11,
  "peak_gpu_3_memory_MB": 11,
  "peak_gpu_4_memory_MB": 3034,
  "peak_gpu_5_memory_MB": 11,
  "peak_gpu_6_memory_MB": 11,
  "peak_gpu_7_memory_MB": 11,
  "peak_gpu_8_memory_MB": 11,
  "peak_gpu_9_memory_MB": 11,
  "peak_gpu_10_memory_MB": 11,
  "peak_gpu_11_memory_MB": 11,
  "peak_gpu_12_memory_MB": 11,
  "peak_gpu_13_memory_MB": 11,
  "peak_gpu_14_memory_MB": 11,
  "peak_gpu_15_memory_MB": 11,
  "training_duration": "00:01:45",
  "training_start_epoch": 0,
  "training_epochs": 3,
  "epoch": 3,
  "training_1_F1": 0.9447388342164528,
  "training_0_F1": 0.9438029253271247,
  "training_accuracy": 0.9442748091603054,
  "training_average_F1": 0.9442708797717887,
  "training_loss": 0.16988548736383274,
  "training_cpu_memory_MB": 3084.964,
  "training_gpu_0_memory_MB": 11,
  "training_gpu_1_memory_MB": 11,
  "training_gpu_2_memory_MB": 11,
  "training_gpu_3_memory_MB": 11,
  "training_gpu_4_memory_MB": 3034,
  "training_gpu_5_memory_MB": 11,
  "training_gpu_6_memory_MB": 11,
  "training_gpu_7_memory_MB": 11,
  "training_gpu_8_memory_MB": 11,
  "training_gpu_9_memory_MB": 11,
  "training_gpu_10_memory_MB": 11,
  "training_gpu_11_memory_MB": 11,
  "training_gpu_12_memory_MB": 11,
  "training_gpu_13_memory_MB": 11,
  "training_gpu_14_memory_MB": 11,
  "training_gpu_15_memory_MB": 11,
  "validation_1_F1": 0.8734177215189374,
  "validation_0_F1": 0.8795180722891066,
  "validation_accuracy": 0.8765432098765432,
  "validation_average_F1": 0.876467896904022,
  "validation_loss": 0.289454846219583,
  "best_epoch": 2,
  "best_validation_1_F1": 0.8846153846153347,
  "best_validation_0_F1": 0.8928571428570931,
  "best_validation_accuracy": 0.8888888888888888,
  "best_validation_average_F1": 0.888736263736214,
  "best_validation_loss": 0.2953128909522837,
  "test_1_F1": 0.7874999999999501,
  "test_0_F1": 0.7926829268292183,
  "test_accuracy": 0.7901234567901234,
  "test_average_F1": 0.7900914634145841,
  "test_loss": 0.4535875672643835
}