{
  "training_duration": "00:01:58",
  "training_start_epoch": 0,
  "training_epochs": 1,
  "epoch": 1,
  "training_1_P": 0.8510028653295129,
  "training_1_R": 0.9068702290076336,
  "training_1_F1": 0.8780487804877549,
  "training_0_P": 0.9003267973856209,
  "training_0_R": 0.8412213740458016,
  "training_0_F1": 0.8697711128649857,
  "training_accuracy": 0.8740458015267175,
  "training_average_F1": 0.8739099466763702,
  "training_loss": 0.37094735726714134,
  "validation_1_P": 0.8450704225352113,
  "validation_1_R": 0.7407407407407407,
  "validation_1_F1": 0.7894736842104765,
  "validation_0_P": 0.7692307692307693,
  "validation_0_R": 0.8641975308641975,
  "validation_0_F1": 0.8139534883720433,
  "validation_accuracy": 0.8024691358024691,
  "validation_average_F1": 0.8017135862912599,
  "validation_loss": 0.4485434022816745,
  "best_epoch": 1,
  "best_validation_1_P": 0.8450704225352113,
  "best_validation_1_R": 0.7407407407407407,
  "best_validation_1_F1": 0.7894736842104765,
  "best_validation_0_P": 0.7692307692307693,
  "best_validation_0_R": 0.8641975308641975,
  "best_validation_0_F1": 0.8139534883720433,
  "best_validation_accuracy": 0.8024691358024691,
  "best_validation_average_F1": 0.8017135862912599,
  "best_validation_loss": 0.4485434022816745
}