{
  "training_duration": "00:04:06",
  "training_start_epoch": 0,
  "training_epochs": 3,
  "epoch": 3,
  "training_1_P": 0.9522388059701492,
  "training_1_R": 0.9740458015267176,
  "training_1_F1": 0.9630188679244783,
  "training_0_P": 0.9734375,
  "training_0_R": 0.9511450381679389,
  "training_0_F1": 0.9621621621621121,
  "training_accuracy": 0.9625954198473282,
  "training_average_F1": 0.9625905150432952,
  "training_loss": 0.13460536196646167,
  "validation_1_P": 0.8311688311688312,
  "validation_1_R": 0.7901234567901234,
  "validation_1_F1": 0.8101265822784312,
  "validation_0_P": 0.8,
  "validation_0_R": 0.8395061728395061,
  "validation_0_F1": 0.8192771084336851,
  "validation_accuracy": 0.8148148148148148,
  "validation_average_F1": 0.8147018453560582,
  "validation_loss": 0.5044382708993825,
  "best_epoch": 3,
  "best_validation_1_P": 0.8311688311688312,
  "best_validation_1_R": 0.7901234567901234,
  "best_validation_1_F1": 0.8101265822784312,
  "best_validation_0_P": 0.8,
  "best_validation_0_R": 0.8395061728395061,
  "best_validation_0_F1": 0.8192771084336851,
  "best_validation_accuracy": 0.8148148148148148,
  "best_validation_average_F1": 0.8147018453560582,
  "best_validation_loss": 0.5044382708993825
}