{
  "peak_cpu_memory_MB": 2682.1,
  "peak_gpu_0_memory_MB": 11,
  "peak_gpu_1_memory_MB": 3456,
  "peak_gpu_2_memory_MB": 11,
  "peak_gpu_3_memory_MB": 11,
  "peak_gpu_4_memory_MB": 11,
  "peak_gpu_5_memory_MB": 11,
  "peak_gpu_6_memory_MB": 11,
  "peak_gpu_7_memory_MB": 11,
  "peak_gpu_8_memory_MB": 11,
  "peak_gpu_9_memory_MB": 11,
  "peak_gpu_10_memory_MB": 11,
  "peak_gpu_11_memory_MB": 11,
  "peak_gpu_12_memory_MB": 11,
  "peak_gpu_13_memory_MB": 11,
  "peak_gpu_14_memory_MB": 11,
  "peak_gpu_15_memory_MB": 11,
  "training_duration": "00:04:32",
  "training_start_epoch": 0,
  "training_epochs": 8,
  "epoch": 8,
  "training_1_F1": 0.9559372666168283,
  "training_0_F1": 0.9539422326307072,
  "training_accuracy": 0.9549618320610687,
  "training_average_F1": 0.9549397496237677,
  "training_loss": 0.1420841750847857,
  "training_cpu_memory_MB": 2682.1,
  "training_gpu_0_memory_MB": 11,
  "training_gpu_1_memory_MB": 3456,
  "training_gpu_2_memory_MB": 11,
  "training_gpu_3_memory_MB": 11,
  "training_gpu_4_memory_MB": 11,
  "training_gpu_5_memory_MB": 11,
  "training_gpu_6_memory_MB": 11,
  "training_gpu_7_memory_MB": 11,
  "training_gpu_8_memory_MB": 11,
  "training_gpu_9_memory_MB": 11,
  "training_gpu_10_memory_MB": 11,
  "training_gpu_11_memory_MB": 11,
  "training_gpu_12_memory_MB": 11,
  "training_gpu_13_memory_MB": 11,
  "training_gpu_14_memory_MB": 11,
  "training_gpu_15_memory_MB": 11,
  "validation_1_F1": 0.8050314465408306,
  "validation_0_F1": 0.8121212121211623,
  "validation_accuracy": 0.808641975308642,
  "validation_average_F1": 0.8085763293309964,
  "validation_loss": 0.5985002219676971,
  "best_epoch": 6,
  "best_validation_1_F1": 0.8499999999999501,
  "best_validation_0_F1": 0.8536585365853159,
  "best_validation_accuracy": 0.8518518518518519,
  "best_validation_average_F1": 0.851829268292633,
  "best_validation_loss": 0.4415597685358741,
  "test_1_F1": 0.8284023668638555,
  "test_0_F1": 0.8129032258064018,
  "test_accuracy": 0.8209876543209876,
  "test_average_F1": 0.8206527963351287,
  "test_loss": 0.5242831239646132
}