{
  "peak_cpu_memory_MB": 5776.704,
  "peak_gpu_0_memory_MB": 11,
  "peak_gpu_1_memory_MB": 11,
  "peak_gpu_2_memory_MB": 11,
  "peak_gpu_3_memory_MB": 11,
  "peak_gpu_4_memory_MB": 11,
  "peak_gpu_5_memory_MB": 11,
  "peak_gpu_6_memory_MB": 1906,
  "peak_gpu_7_memory_MB": 11,
  "peak_gpu_8_memory_MB": 11,
  "peak_gpu_9_memory_MB": 11,
  "peak_gpu_10_memory_MB": 11,
  "peak_gpu_11_memory_MB": 4036,
  "peak_gpu_12_memory_MB": 11,
  "peak_gpu_13_memory_MB": 11,
  "peak_gpu_14_memory_MB": 11,
  "peak_gpu_15_memory_MB": 11,
  "training_duration": "00:04:23",
  "training_start_epoch": 0,
  "training_epochs": 6,
  "epoch": 6,
  "training_1_P": 1.0,
  "training_1_R": 1.0,
  "training_1_F1": 0.99999999999995,
  "training_0_P": 1.0,
  "training_0_R": 1.0,
  "training_0_F1": 0.99999999999995,
  "training_accuracy": 1.0,
  "training_average_F1": 0.99999999999995,
  "training_loss": 0.003714491959615815,
  "training_cpu_memory_MB": 5776.704,
  "training_gpu_0_memory_MB": 11,
  "training_gpu_1_memory_MB": 11,
  "training_gpu_2_memory_MB": 11,
  "training_gpu_3_memory_MB": 11,
  "training_gpu_4_memory_MB": 11,
  "training_gpu_5_memory_MB": 11,
  "training_gpu_6_memory_MB": 1906,
  "training_gpu_7_memory_MB": 11,
  "training_gpu_8_memory_MB": 11,
  "training_gpu_9_memory_MB": 11,
  "training_gpu_10_memory_MB": 11,
  "training_gpu_11_memory_MB": 4036,
  "training_gpu_12_memory_MB": 11,
  "training_gpu_13_memory_MB": 11,
  "training_gpu_14_memory_MB": 11,
  "training_gpu_15_memory_MB": 11,
  "validation_1_P": 0.8024691358024691,
  "validation_1_R": 0.8024691358024691,
  "validation_1_F1": 0.8024691358024192,
  "validation_0_P": 0.8024691358024691,
  "validation_0_R": 0.8024691358024691,
  "validation_0_F1": 0.8024691358024192,
  "validation_accuracy": 0.8024691358024691,
  "validation_average_F1": 0.8024691358024192,
  "validation_loss": 0.9949940173802051,
  "best_epoch": 5,
  "best_validation_1_P": 0.8072289156626506,
  "best_validation_1_R": 0.8271604938271605,
  "best_validation_1_F1": 0.8170731707316575,
  "best_validation_0_P": 0.8227848101265823,
  "best_validation_0_R": 0.8024691358024691,
  "best_validation_0_F1": 0.8124999999999502,
  "best_validation_accuracy": 0.8148148148148148,
  "best_validation_average_F1": 0.8147865853658038,
  "best_validation_loss": 1.1436140794645657
}