{
  "peak_cpu_memory_MB": 5776.704,
  "peak_gpu_0_memory_MB": 11,
  "peak_gpu_1_memory_MB": 11,
  "peak_gpu_2_memory_MB": 11,
  "peak_gpu_3_memory_MB": 11,
  "peak_gpu_4_memory_MB": 11,
  "peak_gpu_5_memory_MB": 11,
  "peak_gpu_6_memory_MB": 1906,
  "peak_gpu_7_memory_MB": 11,
  "peak_gpu_8_memory_MB": 11,
  "peak_gpu_9_memory_MB": 11,
  "peak_gpu_10_memory_MB": 11,
  "peak_gpu_11_memory_MB": 4036,
  "peak_gpu_12_memory_MB": 11,
  "peak_gpu_13_memory_MB": 11,
  "peak_gpu_14_memory_MB": 11,
  "peak_gpu_15_memory_MB": 11,
  "training_duration": "00:01:37",
  "training_start_epoch": 0,
  "training_epochs": 2,
  "epoch": 2,
  "training_1_P": 0.9444444444444444,
  "training_1_R": 0.9603053435114504,
  "training_1_F1": 0.9523088569265208,
  "training_0_P": 0.9596273291925466,
  "training_0_R": 0.9435114503816794,
  "training_0_F1": 0.9515011547343611,
  "training_accuracy": 0.9519083969465649,
  "training_average_F1": 0.951905005830441,
  "training_loss": 0.13594733544330045,
  "training_cpu_memory_MB": 5776.704,
  "training_gpu_0_memory_MB": 11,
  "training_gpu_1_memory_MB": 11,
  "training_gpu_2_memory_MB": 11,
  "training_gpu_3_memory_MB": 11,
  "training_gpu_4_memory_MB": 11,
  "training_gpu_5_memory_MB": 11,
  "training_gpu_6_memory_MB": 1906,
  "training_gpu_7_memory_MB": 11,
  "training_gpu_8_memory_MB": 11,
  "training_gpu_9_memory_MB": 11,
  "training_gpu_10_memory_MB": 11,
  "training_gpu_11_memory_MB": 4036,
  "training_gpu_12_memory_MB": 11,
  "training_gpu_13_memory_MB": 11,
  "training_gpu_14_memory_MB": 11,
  "training_gpu_15_memory_MB": 11,
  "validation_1_P": 0.7816091954022989,
  "validation_1_R": 0.8395061728395061,
  "validation_1_F1": 0.8095238095237596,
  "validation_0_P": 0.8266666666666667,
  "validation_0_R": 0.7654320987654321,
  "validation_0_F1": 0.794871794871745,
  "validation_accuracy": 0.8024691358024691,
  "validation_average_F1": 0.8021978021977523,
  "validation_loss": 0.5623256211931055,
  "best_epoch": 0,
  "best_validation_1_P": 0.84,
  "best_validation_1_R": 0.7777777777777778,
  "best_validation_1_F1": 0.8076923076922577,
  "best_validation_0_P": 0.7931034482758621,
  "best_validation_0_R": 0.8518518518518519,
  "best_validation_0_F1": 0.8214285714285217,
  "best_validation_accuracy": 0.8148148148148148,
  "best_validation_average_F1": 0.8145604395603897,
  "best_validation_loss": 0.43651796877384186
}