{
  "peak_cpu_memory_MB": 3125.212,
  "peak_gpu_0_memory_MB": 11,
  "peak_gpu_1_memory_MB": 8095,
  "peak_gpu_2_memory_MB": 11,
  "peak_gpu_3_memory_MB": 11,
  "peak_gpu_4_memory_MB": 11,
  "peak_gpu_5_memory_MB": 11,
  "peak_gpu_6_memory_MB": 2050,
  "peak_gpu_7_memory_MB": 11,
  "peak_gpu_8_memory_MB": 11,
  "peak_gpu_9_memory_MB": 11,
  "peak_gpu_10_memory_MB": 11,
  "peak_gpu_11_memory_MB": 11,
  "peak_gpu_12_memory_MB": 11,
  "peak_gpu_13_memory_MB": 11,
  "peak_gpu_14_memory_MB": 11,
  "peak_gpu_15_memory_MB": 1242,
  "training_duration": "00:22:33",
  "training_start_epoch": 0,
  "training_epochs": 5,
  "epoch": 5,
  "training_joy_F1": 0.9830777891843061,
  "training_sadness_F1": 0.8943035453458537,
  "training_fear_F1": 0.8475928211945184,
  "training_anger_F1": 0.8691449814125896,
  "training_surprise_F1": 0.8696136701336797,
  "training_disgust_F1": 0.9044667664030276,
  "training_trust_F1": 0.9262976770862706,
  "training_anticipation_F1": 0.8903274942878403,
  "training_accuracy": 0.9210560339254777,
  "training_average_F1": 0.8981030931310107,
  "training_loss": 0.2590293558144971,
  "training_cpu_memory_MB": 3125.212,
  "training_gpu_0_memory_MB": 11,
  "training_gpu_1_memory_MB": 8095,
  "training_gpu_2_memory_MB": 11,
  "training_gpu_3_memory_MB": 11,
  "training_gpu_4_memory_MB": 11,
  "training_gpu_5_memory_MB": 11,
  "training_gpu_6_memory_MB": 11,
  "training_gpu_7_memory_MB": 11,
  "training_gpu_8_memory_MB": 11,
  "training_gpu_9_memory_MB": 11,
  "training_gpu_10_memory_MB": 11,
  "training_gpu_11_memory_MB": 11,
  "training_gpu_12_memory_MB": 11,
  "training_gpu_13_memory_MB": 11,
  "training_gpu_14_memory_MB": 11,
  "training_gpu_15_memory_MB": 1242,
  "validation_joy_F1": 0.9914984059510659,
  "validation_sadness_F1": 0.9275970619097088,
  "validation_fear_F1": 0.9044684129429392,
  "validation_anger_F1": 0.9267563527652716,
  "validation_surprise_F1": 0.9177877428998006,
  "validation_disgust_F1": 0.9492635024549418,
  "validation_trust_F1": 0.9632829373649608,
  "validation_anticipation_F1": 0.888111888111838,
  "validation_accuracy": 0.9505483136768053,
  "validation_average_F1": 0.9335957880500658,
  "validation_loss": 0.16492090034897966,
  "best_epoch": 5,
  "best_validation_joy_F1": 0.9914984059510659,
  "best_validation_sadness_F1": 0.9275970619097088,
  "best_validation_fear_F1": 0.9044684129429392,
  "best_validation_anger_F1": 0.9267563527652716,
  "best_validation_surprise_F1": 0.9177877428998006,
  "best_validation_disgust_F1": 0.9492635024549418,
  "best_validation_trust_F1": 0.9632829373649608,
  "best_validation_anticipation_F1": 0.888111888111838,
  "best_validation_accuracy": 0.9505483136768053,
  "best_validation_average_F1": 0.9335957880500658,
  "best_validation_loss": 0.16492090034897966
}