{
  "peak_cpu_memory_MB": 3236.608,
  "peak_gpu_0_memory_MB": 11,
  "peak_gpu_1_memory_MB": 11,
  "peak_gpu_2_memory_MB": 11,
  "peak_gpu_3_memory_MB": 11,
  "peak_gpu_4_memory_MB": 11,
  "peak_gpu_5_memory_MB": 11,
  "peak_gpu_6_memory_MB": 2026,
  "peak_gpu_7_memory_MB": 11,
  "peak_gpu_8_memory_MB": 11,
  "peak_gpu_9_memory_MB": 11,
  "peak_gpu_10_memory_MB": 11,
  "peak_gpu_11_memory_MB": 2288,
  "peak_gpu_12_memory_MB": 11,
  "peak_gpu_13_memory_MB": 11,
  "peak_gpu_14_memory_MB": 11,
  "peak_gpu_15_memory_MB": 1242,
  "training_duration": "00:33:19",
  "training_start_epoch": 7,
  "training_epochs": 8,
  "epoch": 15,
  "training_joy_F1": 0.9858407666544582,
  "training_sadness_F1": 0.9114767201757975,
  "training_fear_F1": 0.8679893170545094,
  "training_anger_F1": 0.8822027716994394,
  "training_surprise_F1": 0.8881105990782912,
  "training_disgust_F1": 0.9186396900559121,
  "training_trust_F1": 0.9447922595332454,
  "training_anticipation_F1": 0.9165078154784099,
  "training_accuracy": 0.9329764952292297,
  "training_average_F1": 0.9144449924662579,
  "training_loss": 0.21149403280274276,
  "training_cpu_memory_MB": 3236.608,
  "training_gpu_0_memory_MB": 11,
  "training_gpu_1_memory_MB": 11,
  "training_gpu_2_memory_MB": 11,
  "training_gpu_3_memory_MB": 11,
  "training_gpu_4_memory_MB": 11,
  "training_gpu_5_memory_MB": 11,
  "training_gpu_6_memory_MB": 1924,
  "training_gpu_7_memory_MB": 11,
  "training_gpu_8_memory_MB": 11,
  "training_gpu_9_memory_MB": 11,
  "training_gpu_10_memory_MB": 11,
  "training_gpu_11_memory_MB": 2288,
  "training_gpu_12_memory_MB": 11,
  "training_gpu_13_memory_MB": 11,
  "training_gpu_14_memory_MB": 11,
  "training_gpu_15_memory_MB": 1242,
  "validation_joy_F1": 0.9925611052071764,
  "validation_sadness_F1": 0.9422459893047628,
  "validation_fear_F1": 0.921193573068045,
  "validation_anger_F1": 0.9439528023598321,
  "validation_surprise_F1": 0.9385964912280202,
  "validation_disgust_F1": 0.9590834697217175,
  "validation_trust_F1": 0.9695652173912545,
  "validation_anticipation_F1": 0.9178082191780323,
  "validation_accuracy": 0.9604800331057314,
  "validation_average_F1": 0.9481258584323551,
  "validation_loss": 0.1310074716167088,
  "best_epoch": 15,
  "best_validation_joy_F1": 0.9925611052071764,
  "best_validation_sadness_F1": 0.9422459893047628,
  "best_validation_fear_F1": 0.921193573068045,
  "best_validation_anger_F1": 0.9439528023598321,
  "best_validation_surprise_F1": 0.9385964912280202,
  "best_validation_disgust_F1": 0.9590834697217175,
  "best_validation_trust_F1": 0.9695652173912545,
  "best_validation_anticipation_F1": 0.9178082191780323,
  "best_validation_accuracy": 0.9604800331057314,
  "best_validation_average_F1": 0.9481258584323551,
  "best_validation_loss": 0.1310074716167088
}