{
  "peak_cpu_memory_MB": 3125.212,
  "peak_gpu_0_memory_MB": 11,
  "peak_gpu_1_memory_MB": 8095,
  "peak_gpu_2_memory_MB": 11,
  "peak_gpu_3_memory_MB": 11,
  "peak_gpu_4_memory_MB": 11,
  "peak_gpu_5_memory_MB": 11,
  "peak_gpu_6_memory_MB": 2050,
  "peak_gpu_7_memory_MB": 11,
  "peak_gpu_8_memory_MB": 11,
  "peak_gpu_9_memory_MB": 11,
  "peak_gpu_10_memory_MB": 11,
  "peak_gpu_11_memory_MB": 11,
  "peak_gpu_12_memory_MB": 11,
  "peak_gpu_13_memory_MB": 11,
  "peak_gpu_14_memory_MB": 11,
  "peak_gpu_15_memory_MB": 1140,
  "training_duration": "00:07:36",
  "training_start_epoch": 0,
  "training_epochs": 1,
  "epoch": 1,
  "training_joy_F1": 0.97510167642094,
  "training_sadness_F1": 0.8514952496333111,
  "training_fear_F1": 0.796672653369834,
  "training_anger_F1": 0.8148293448410647,
  "training_surprise_F1": 0.821003318368094,
  "training_disgust_F1": 0.8644962604486963,
  "training_trust_F1": 0.893243638490737,
  "training_anticipation_F1": 0.8286252354048464,
  "training_accuracy": 0.8897163395650712,
  "training_average_F1": 0.8556834221221904,
  "training_loss": 0.3802038967329007,
  "training_cpu_memory_MB": 3125.212,
  "training_gpu_0_memory_MB": 11,
  "training_gpu_1_memory_MB": 8095,
  "training_gpu_2_memory_MB": 11,
  "training_gpu_3_memory_MB": 11,
  "training_gpu_4_memory_MB": 11,
  "training_gpu_5_memory_MB": 11,
  "training_gpu_6_memory_MB": 11,
  "training_gpu_7_memory_MB": 11,
  "training_gpu_8_memory_MB": 11,
  "training_gpu_9_memory_MB": 11,
  "training_gpu_10_memory_MB": 11,
  "training_gpu_11_memory_MB": 11,
  "training_gpu_12_memory_MB": 11,
  "training_gpu_13_memory_MB": 11,
  "training_gpu_14_memory_MB": 11,
  "training_gpu_15_memory_MB": 1140,
  "validation_joy_F1": 0.9841185812598758,
  "validation_sadness_F1": 0.8974630021141151,
  "validation_fear_F1": 0.8588770864946391,
  "validation_anger_F1": 0.9088098918082965,
  "validation_surprise_F1": 0.8842105263157395,
  "validation_disgust_F1": 0.9315960912051617,
  "validation_trust_F1": 0.9427312775329897,
  "validation_anticipation_F1": 0.8053691275167286,
  "validation_accuracy": 0.9273743016759777,
  "validation_average_F1": 0.9016469480309433,
  "validation_loss": 0.24654802758701563,
  "best_epoch": 1,
  "best_validation_joy_F1": 0.9841185812598758,
  "best_validation_sadness_F1": 0.8974630021141151,
  "best_validation_fear_F1": 0.8588770864946391,
  "best_validation_anger_F1": 0.9088098918082965,
  "best_validation_surprise_F1": 0.8842105263157395,
  "best_validation_disgust_F1": 0.9315960912051617,
  "best_validation_trust_F1": 0.9427312775329897,
  "best_validation_anticipation_F1": 0.8053691275167286,
  "best_validation_accuracy": 0.9273743016759777,
  "best_validation_average_F1": 0.9016469480309433,
  "best_validation_loss": 0.24654802758701563
}