{
  "peak_cpu_memory_MB": 3236.608,
  "peak_gpu_0_memory_MB": 11,
  "peak_gpu_1_memory_MB": 1854,
  "peak_gpu_2_memory_MB": 11,
  "peak_gpu_3_memory_MB": 11,
  "peak_gpu_4_memory_MB": 11,
  "peak_gpu_5_memory_MB": 11,
  "peak_gpu_6_memory_MB": 2026,
  "peak_gpu_7_memory_MB": 11,
  "peak_gpu_8_memory_MB": 11,
  "peak_gpu_9_memory_MB": 11,
  "peak_gpu_10_memory_MB": 11,
  "peak_gpu_11_memory_MB": 2840,
  "peak_gpu_12_memory_MB": 11,
  "peak_gpu_13_memory_MB": 11,
  "peak_gpu_14_memory_MB": 11,
  "peak_gpu_15_memory_MB": 1242,
  "training_duration": "00:40:42",
  "training_start_epoch": 7,
  "training_epochs": 10,
  "epoch": 17,
  "training_joy_F1": 0.9859678221926852,
  "training_sadness_F1": 0.9122386469569351,
  "training_fear_F1": 0.8734443806241124,
  "training_anger_F1": 0.8880393227743903,
  "training_surprise_F1": 0.889092912229109,
  "training_disgust_F1": 0.9282954057534923,
  "training_trust_F1": 0.9429463525403986,
  "training_anticipation_F1": 0.9102025219716733,
  "training_accuracy": 0.9346831122488558,
  "training_average_F1": 0.9162784206303496,
  "training_loss": 0.20410079149335986,
  "training_cpu_memory_MB": 3236.608,
  "training_gpu_0_memory_MB": 11,
  "training_gpu_1_memory_MB": 1854,
  "training_gpu_2_memory_MB": 11,
  "training_gpu_3_memory_MB": 11,
  "training_gpu_4_memory_MB": 11,
  "training_gpu_5_memory_MB": 11,
  "training_gpu_6_memory_MB": 11,
  "training_gpu_7_memory_MB": 11,
  "training_gpu_8_memory_MB": 11,
  "training_gpu_9_memory_MB": 11,
  "training_gpu_10_memory_MB": 11,
  "training_gpu_11_memory_MB": 2840,
  "training_gpu_12_memory_MB": 11,
  "training_gpu_13_memory_MB": 11,
  "training_gpu_14_memory_MB": 11,
  "training_gpu_15_memory_MB": 1242,
  "validation_joy_F1": 0.9928400954653438,
  "validation_sadness_F1": 0.9473684210525817,
  "validation_fear_F1": 0.9253956292388348,
  "validation_anger_F1": 0.9453471196454449,
  "validation_surprise_F1": 0.9378698224851572,
  "validation_disgust_F1": 0.955518945634217,
  "validation_trust_F1": 0.9763440860214555,
  "validation_anticipation_F1": 0.9252669039145407,
  "validation_accuracy": 0.9625491413200911,
  "validation_average_F1": 0.9507438779321971,
  "validation_loss": 0.12516250242494514,
  "best_epoch": 17,
  "best_validation_joy_F1": 0.9928400954653438,
  "best_validation_sadness_F1": 0.9473684210525817,
  "best_validation_fear_F1": 0.9253956292388348,
  "best_validation_anger_F1": 0.9453471196454449,
  "best_validation_surprise_F1": 0.9378698224851572,
  "best_validation_disgust_F1": 0.955518945634217,
  "best_validation_trust_F1": 0.9763440860214555,
  "best_validation_anticipation_F1": 0.9252669039145407,
  "best_validation_accuracy": 0.9625491413200911,
  "best_validation_average_F1": 0.9507438779321971,
  "best_validation_loss": 0.12516250242494514
}