{
  "peak_cpu_memory_MB": 3236.608,
  "peak_gpu_0_memory_MB": 11,
  "peak_gpu_1_memory_MB": 11,
  "peak_gpu_2_memory_MB": 11,
  "peak_gpu_3_memory_MB": 11,
  "peak_gpu_4_memory_MB": 11,
  "peak_gpu_5_memory_MB": 11,
  "peak_gpu_6_memory_MB": 2026,
  "peak_gpu_7_memory_MB": 11,
  "peak_gpu_8_memory_MB": 11,
  "peak_gpu_9_memory_MB": 11,
  "peak_gpu_10_memory_MB": 11,
  "peak_gpu_11_memory_MB": 2288,
  "peak_gpu_12_memory_MB": 11,
  "peak_gpu_13_memory_MB": 11,
  "peak_gpu_14_memory_MB": 11,
  "peak_gpu_15_memory_MB": 1242,
  "training_duration": "00:37:02",
  "training_start_epoch": 7,
  "training_epochs": 9,
  "epoch": 16,
  "training_joy_F1": 0.9851647804586139,
  "training_sadness_F1": 0.9069209227896554,
  "training_fear_F1": 0.8721041547003139,
  "training_anger_F1": 0.8816503800216655,
  "training_surprise_F1": 0.8854262144820764,
  "training_disgust_F1": 0.9173996996352214,
  "training_trust_F1": 0.940243557065937,
  "training_anticipation_F1": 0.9153194765203504,
  "training_accuracy": 0.9318128927158482,
  "training_average_F1": 0.9130286482092292,
  "training_loss": 0.2129429109125707,
  "training_cpu_memory_MB": 3236.608,
  "training_gpu_0_memory_MB": 11,
  "training_gpu_1_memory_MB": 11,
  "training_gpu_2_memory_MB": 11,
  "training_gpu_3_memory_MB": 11,
  "training_gpu_4_memory_MB": 11,
  "training_gpu_5_memory_MB": 11,
  "training_gpu_6_memory_MB": 1924,
  "training_gpu_7_memory_MB": 11,
  "training_gpu_8_memory_MB": 11,
  "training_gpu_9_memory_MB": 11,
  "training_gpu_10_memory_MB": 11,
  "training_gpu_11_memory_MB": 2288,
  "training_gpu_12_memory_MB": 11,
  "training_gpu_13_memory_MB": 11,
  "training_gpu_14_memory_MB": 11,
  "training_gpu_15_memory_MB": 1242,
  "validation_joy_F1": 0.9928286852589142,
  "validation_sadness_F1": 0.938127974616555,
  "validation_fear_F1": 0.9240214888717843,
  "validation_anger_F1": 0.9522388059700994,
  "validation_surprise_F1": 0.9345238095237595,
  "validation_disgust_F1": 0.960655737704868,
  "validation_trust_F1": 0.973913043478211,
  "validation_anticipation_F1": 0.9084745762711365,
  "validation_accuracy": 0.9604800331057314,
  "validation_average_F1": 0.948098015211916,
  "validation_loss": 0.12774519303278759,
  "best_epoch": 15,
  "best_validation_joy_F1": 0.9925611052071764,
  "best_validation_sadness_F1": 0.9422459893047628,
  "best_validation_fear_F1": 0.921193573068045,
  "best_validation_anger_F1": 0.9439528023598321,
  "best_validation_surprise_F1": 0.9385964912280202,
  "best_validation_disgust_F1": 0.9590834697217175,
  "best_validation_trust_F1": 0.9695652173912545,
  "best_validation_anticipation_F1": 0.9178082191780323,
  "best_validation_accuracy": 0.9604800331057314,
  "best_validation_average_F1": 0.9481258584323551,
  "best_validation_loss": 0.1310074716167088
}