{
  "peak_cpu_memory_MB": 3236.608,
  "peak_gpu_0_memory_MB": 11,
  "peak_gpu_1_memory_MB": 1854,
  "peak_gpu_2_memory_MB": 11,
  "peak_gpu_3_memory_MB": 11,
  "peak_gpu_4_memory_MB": 11,
  "peak_gpu_5_memory_MB": 11,
  "peak_gpu_6_memory_MB": 2026,
  "peak_gpu_7_memory_MB": 11,
  "peak_gpu_8_memory_MB": 11,
  "peak_gpu_9_memory_MB": 11,
  "peak_gpu_10_memory_MB": 11,
  "peak_gpu_11_memory_MB": 2840,
  "peak_gpu_12_memory_MB": 11,
  "peak_gpu_13_memory_MB": 11,
  "peak_gpu_14_memory_MB": 11,
  "peak_gpu_15_memory_MB": 1242,
  "training_duration": "00:44:25",
  "training_start_epoch": 7,
  "training_epochs": 11,
  "epoch": 18,
  "training_joy_F1": 0.9867683634554301,
  "training_sadness_F1": 0.9132870864460547,
  "training_fear_F1": 0.8766233766233267,
  "training_anger_F1": 0.8935472110827063,
  "training_surprise_F1": 0.8884799411114701,
  "training_disgust_F1": 0.9222842421639689,
  "training_trust_F1": 0.9450736126839817,
  "training_anticipation_F1": 0.9140236912494724,
  "training_accuracy": 0.9358467147622372,
  "training_average_F1": 0.9175109406020514,
  "training_loss": 0.20555318308327072,
  "training_cpu_memory_MB": 3236.608,
  "training_gpu_0_memory_MB": 11,
  "training_gpu_1_memory_MB": 1854,
  "training_gpu_2_memory_MB": 11,
  "training_gpu_3_memory_MB": 11,
  "training_gpu_4_memory_MB": 11,
  "training_gpu_5_memory_MB": 11,
  "training_gpu_6_memory_MB": 1896,
  "training_gpu_7_memory_MB": 11,
  "training_gpu_8_memory_MB": 11,
  "training_gpu_9_memory_MB": 11,
  "training_gpu_10_memory_MB": 11,
  "training_gpu_11_memory_MB": 2840,
  "training_gpu_12_memory_MB": 11,
  "training_gpu_13_memory_MB": 11,
  "training_gpu_14_memory_MB": 11,
  "training_gpu_15_memory_MB": 1242,
  "validation_joy_F1": 0.9936170212765457,
  "validation_sadness_F1": 0.9434759640781328,
  "validation_fear_F1": 0.9253499222394523,
  "validation_anger_F1": 0.9428989751097597,
  "validation_surprise_F1": 0.9347181008901576,
  "validation_disgust_F1": 0.9512987012986514,
  "validation_trust_F1": 0.9762419006478982,
  "validation_anticipation_F1": 0.9140893470789878,
  "validation_accuracy": 0.9611007655700393,
  "validation_average_F1": 0.9477112415774482,
  "validation_loss": 0.12456975384268036,
  "best_epoch": 17,
  "best_validation_joy_F1": 0.9928400954653438,
  "best_validation_sadness_F1": 0.9473684210525817,
  "best_validation_fear_F1": 0.9253956292388348,
  "best_validation_anger_F1": 0.9453471196454449,
  "best_validation_surprise_F1": 0.9378698224851572,
  "best_validation_disgust_F1": 0.955518945634217,
  "best_validation_trust_F1": 0.9763440860214555,
  "best_validation_anticipation_F1": 0.9252669039145407,
  "best_validation_accuracy": 0.9625491413200911,
  "best_validation_average_F1": 0.9507438779321971,
  "best_validation_loss": 0.12516250242494514
}