{
  "peak_cpu_memory_MB": 3125.212,
  "peak_gpu_0_memory_MB": 11,
  "peak_gpu_1_memory_MB": 8095,
  "peak_gpu_2_memory_MB": 11,
  "peak_gpu_3_memory_MB": 11,
  "peak_gpu_4_memory_MB": 11,
  "peak_gpu_5_memory_MB": 11,
  "peak_gpu_6_memory_MB": 2050,
  "peak_gpu_7_memory_MB": 11,
  "peak_gpu_8_memory_MB": 11,
  "peak_gpu_9_memory_MB": 11,
  "peak_gpu_10_memory_MB": 11,
  "peak_gpu_11_memory_MB": 11,
  "peak_gpu_12_memory_MB": 11,
  "peak_gpu_13_memory_MB": 11,
  "peak_gpu_14_memory_MB": 11,
  "peak_gpu_15_memory_MB": 1242,
  "training_duration": "00:15:10",
  "training_start_epoch": 0,
  "training_epochs": 3,
  "epoch": 3,
  "training_joy_F1": 0.9802583636965382,
  "training_sadness_F1": 0.8818432453721439,
  "training_fear_F1": 0.8314542870676904,
  "training_anger_F1": 0.8541979010494254,
  "training_surprise_F1": 0.8488262910797624,
  "training_disgust_F1": 0.8995236032914181,
  "training_trust_F1": 0.9123919308356849,
  "training_anticipation_F1": 0.8716577540106452,
  "training_accuracy": 0.9112817728130738,
  "training_average_F1": 0.8850191720504135,
  "training_loss": 0.2913435818211501,
  "training_cpu_memory_MB": 3125.212,
  "training_gpu_0_memory_MB": 11,
  "training_gpu_1_memory_MB": 8095,
  "training_gpu_2_memory_MB": 11,
  "training_gpu_3_memory_MB": 11,
  "training_gpu_4_memory_MB": 11,
  "training_gpu_5_memory_MB": 11,
  "training_gpu_6_memory_MB": 2030,
  "training_gpu_7_memory_MB": 11,
  "training_gpu_8_memory_MB": 11,
  "training_gpu_9_memory_MB": 11,
  "training_gpu_10_memory_MB": 11,
  "training_gpu_11_memory_MB": 11,
  "training_gpu_12_memory_MB": 11,
  "training_gpu_13_memory_MB": 11,
  "training_gpu_14_memory_MB": 11,
  "training_gpu_15_memory_MB": 1242,
  "validation_joy_F1": 0.9893899204243533,
  "validation_sadness_F1": 0.9227513227512728,
  "validation_fear_F1": 0.8994627782040944,
  "validation_anger_F1": 0.9195751138087515,
  "validation_surprise_F1": 0.9093610698365028,
  "validation_disgust_F1": 0.9459901800326832,
  "validation_trust_F1": 0.9658119658119159,
  "validation_anticipation_F1": 0.8630136986300871,
  "validation_accuracy": 0.9462031864266501,
  "validation_average_F1": 0.9269195061874576,
  "validation_loss": 0.1879702692132185,
  "best_epoch": 3,
  "best_validation_joy_F1": 0.9893899204243533,
  "best_validation_sadness_F1": 0.9227513227512728,
  "best_validation_fear_F1": 0.8994627782040944,
  "best_validation_anger_F1": 0.9195751138087515,
  "best_validation_surprise_F1": 0.9093610698365028,
  "best_validation_disgust_F1": 0.9459901800326832,
  "best_validation_trust_F1": 0.9658119658119159,
  "best_validation_anticipation_F1": 0.8630136986300871,
  "best_validation_accuracy": 0.9462031864266501,
  "best_validation_average_F1": 0.9269195061874576,
  "best_validation_loss": 0.1879702692132185
}