{
  "peak_cpu_memory_MB": 3236.608,
  "peak_gpu_0_memory_MB": 11,
  "peak_gpu_1_memory_MB": 11,
  "peak_gpu_2_memory_MB": 11,
  "peak_gpu_3_memory_MB": 11,
  "peak_gpu_4_memory_MB": 11,
  "peak_gpu_5_memory_MB": 11,
  "peak_gpu_6_memory_MB": 2026,
  "peak_gpu_7_memory_MB": 11,
  "peak_gpu_8_memory_MB": 11,
  "peak_gpu_9_memory_MB": 11,
  "peak_gpu_10_memory_MB": 11,
  "peak_gpu_11_memory_MB": 11,
  "peak_gpu_12_memory_MB": 11,
  "peak_gpu_13_memory_MB": 11,
  "peak_gpu_14_memory_MB": 11,
  "peak_gpu_15_memory_MB": 1242,
  "training_duration": "00:25:59",
  "training_start_epoch": 7,
  "training_epochs": 6,
  "epoch": 13,
  "training_joy_F1": 0.9856697405957174,
  "training_sadness_F1": 0.9101445413974056,
  "training_fear_F1": 0.8728070175438097,
  "training_anger_F1": 0.8864468864468364,
  "training_surprise_F1": 0.8870493009565357,
  "training_disgust_F1": 0.9221170395868692,
  "training_trust_F1": 0.941243258586382,
  "training_anticipation_F1": 0.9103343465045093,
  "training_accuracy": 0.9333643627336902,
  "training_average_F1": 0.9144765164522581,
  "training_loss": 0.21015933376528567,
  "training_cpu_memory_MB": 3236.608,
  "training_gpu_0_memory_MB": 11,
  "training_gpu_1_memory_MB": 11,
  "training_gpu_2_memory_MB": 11,
  "training_gpu_3_memory_MB": 11,
  "training_gpu_4_memory_MB": 11,
  "training_gpu_5_memory_MB": 11,
  "training_gpu_6_memory_MB": 11,
  "training_gpu_7_memory_MB": 11,
  "training_gpu_8_memory_MB": 11,
  "training_gpu_9_memory_MB": 11,
  "training_gpu_10_memory_MB": 11,
  "training_gpu_11_memory_MB": 11,
  "training_gpu_12_memory_MB": 11,
  "training_gpu_13_memory_MB": 11,
  "training_gpu_14_memory_MB": 11,
  "training_gpu_15_memory_MB": 1242,
  "validation_joy_F1": 0.9930851063829288,
  "validation_sadness_F1": 0.9404255319148437,
  "validation_fear_F1": 0.9122541603630363,
  "validation_anger_F1": 0.9404761904761405,
  "validation_surprise_F1": 0.930576070900984,
  "validation_disgust_F1": 0.9539473684210026,
  "validation_trust_F1": 0.9737991266375047,
  "validation_anticipation_F1": 0.9065743944636179,
  "validation_accuracy": 0.957790192427064,
  "validation_average_F1": 0.9438922436950072,
  "validation_loss": 0.13223627700528787,
  "best_epoch": 12,
  "best_validation_joy_F1": 0.9930924548352316,
  "best_validation_sadness_F1": 0.9419831223628192,
  "best_validation_fear_F1": 0.9214175654853123,
  "best_validation_anger_F1": 0.940652818991048,
  "best_validation_surprise_F1": 0.9378698224851572,
  "best_validation_disgust_F1": 0.9556650246304919,
  "best_validation_trust_F1": 0.9696969696969198,
  "best_validation_anticipation_F1": 0.9059233449476852,
  "best_validation_accuracy": 0.9598593006414236,
  "best_validation_average_F1": 0.9457876404293332,
  "best_validation_loss": 0.1327840850162919
}