{
  "peak_cpu_memory_MB": 3125.212,
  "peak_gpu_0_memory_MB": 11,
  "peak_gpu_1_memory_MB": 8095,
  "peak_gpu_2_memory_MB": 11,
  "peak_gpu_3_memory_MB": 11,
  "peak_gpu_4_memory_MB": 11,
  "peak_gpu_5_memory_MB": 11,
  "peak_gpu_6_memory_MB": 2050,
  "peak_gpu_7_memory_MB": 11,
  "peak_gpu_8_memory_MB": 11,
  "peak_gpu_9_memory_MB": 11,
  "peak_gpu_10_memory_MB": 11,
  "peak_gpu_11_memory_MB": 11,
  "peak_gpu_12_memory_MB": 11,
  "peak_gpu_13_memory_MB": 11,
  "peak_gpu_14_memory_MB": 11,
  "peak_gpu_15_memory_MB": 1242,
  "training_duration": "00:26:16",
  "training_start_epoch": 0,
  "training_epochs": 6,
  "epoch": 6,
  "training_joy_F1": 0.9833554376657324,
  "training_sadness_F1": 0.9000795123243603,
  "training_fear_F1": 0.8555629707311921,
  "training_anger_F1": 0.8736141906873114,
  "training_surprise_F1": 0.87143386439417,
  "training_disgust_F1": 0.9080731969859566,
  "training_trust_F1": 0.928409090909041,
  "training_anticipation_F1": 0.8874524714828397,
  "training_accuracy": 0.9240038269593773,
  "training_average_F1": 0.9009975918975754,
  "training_loss": 0.24370177564842085,
  "training_cpu_memory_MB": 3125.212,
  "training_gpu_0_memory_MB": 11,
  "training_gpu_1_memory_MB": 8095,
  "training_gpu_2_memory_MB": 11,
  "training_gpu_3_memory_MB": 11,
  "training_gpu_4_memory_MB": 11,
  "training_gpu_5_memory_MB": 11,
  "training_gpu_6_memory_MB": 1990,
  "training_gpu_7_memory_MB": 11,
  "training_gpu_8_memory_MB": 11,
  "training_gpu_9_memory_MB": 11,
  "training_gpu_10_memory_MB": 11,
  "training_gpu_11_memory_MB": 11,
  "training_gpu_12_memory_MB": 11,
  "training_gpu_13_memory_MB": 11,
  "training_gpu_14_memory_MB": 11,
  "training_gpu_15_memory_MB": 1242,
  "validation_joy_F1": 0.9922851822292664,
  "validation_sadness_F1": 0.9316375198727641,
  "validation_fear_F1": 0.899622641509384,
  "validation_anger_F1": 0.9299552906109785,
  "validation_surprise_F1": 0.9166666666666167,
  "validation_disgust_F1": 0.949096880131313,
  "validation_trust_F1": 0.9649122807017044,
  "validation_anticipation_F1": 0.8919860627177201,
  "validation_accuracy": 0.9511690461411132,
  "validation_average_F1": 0.9345203155549683,
  "validation_loss": 0.15905487634512064,
  "best_epoch": 6,
  "best_validation_joy_F1": 0.9922851822292664,
  "best_validation_sadness_F1": 0.9316375198727641,
  "best_validation_fear_F1": 0.899622641509384,
  "best_validation_anger_F1": 0.9299552906109785,
  "best_validation_surprise_F1": 0.9166666666666167,
  "best_validation_disgust_F1": 0.949096880131313,
  "best_validation_trust_F1": 0.9649122807017044,
  "best_validation_anticipation_F1": 0.8919860627177201,
  "best_validation_accuracy": 0.9511690461411132,
  "best_validation_average_F1": 0.9345203155549683,
  "best_validation_loss": 0.15905487634512064
}