{
  "peak_cpu_memory_MB": 3236.608,
  "peak_gpu_0_memory_MB": 11,
  "peak_gpu_1_memory_MB": 11,
  "peak_gpu_2_memory_MB": 11,
  "peak_gpu_3_memory_MB": 11,
  "peak_gpu_4_memory_MB": 11,
  "peak_gpu_5_memory_MB": 11,
  "peak_gpu_6_memory_MB": 1990,
  "peak_gpu_7_memory_MB": 11,
  "peak_gpu_8_memory_MB": 11,
  "peak_gpu_9_memory_MB": 11,
  "peak_gpu_10_memory_MB": 11,
  "peak_gpu_11_memory_MB": 11,
  "peak_gpu_12_memory_MB": 11,
  "peak_gpu_13_memory_MB": 11,
  "peak_gpu_14_memory_MB": 11,
  "peak_gpu_15_memory_MB": 1140,
  "training_duration": "00:07:39",
  "training_start_epoch": 7,
  "training_epochs": 1,
  "epoch": 8,
  "training_joy_F1": 0.9838618815653806,
  "training_sadness_F1": 0.9015619807244433,
  "training_fear_F1": 0.8632160899818393,
  "training_anger_F1": 0.8764867337602427,
  "training_surprise_F1": 0.8784735087068786,
  "training_disgust_F1": 0.9119793902962146,
  "training_trust_F1": 0.9365351629502072,
  "training_anticipation_F1": 0.8944146901300188,
  "training_accuracy": 0.9270550513277998,
  "training_average_F1": 0.9058161797644032,
  "training_loss": 0.23362432378617703,
  "training_cpu_memory_MB": 3236.608,
  "training_gpu_0_memory_MB": 11,
  "training_gpu_1_memory_MB": 11,
  "training_gpu_2_memory_MB": 11,
  "training_gpu_3_memory_MB": 11,
  "training_gpu_4_memory_MB": 11,
  "training_gpu_5_memory_MB": 11,
  "training_gpu_6_memory_MB": 11,
  "training_gpu_7_memory_MB": 11,
  "training_gpu_8_memory_MB": 11,
  "training_gpu_9_memory_MB": 11,
  "training_gpu_10_memory_MB": 11,
  "training_gpu_11_memory_MB": 11,
  "training_gpu_12_memory_MB": 11,
  "training_gpu_13_memory_MB": 11,
  "training_gpu_14_memory_MB": 11,
  "training_gpu_15_memory_MB": 1140,
  "validation_joy_F1": 0.9917575113001361,
  "validation_sadness_F1": 0.9346787041953829,
  "validation_fear_F1": 0.9097859327216624,
  "validation_anger_F1": 0.9345238095237597,
  "validation_surprise_F1": 0.9246676514031995,
  "validation_disgust_F1": 0.9540983606556878,
  "validation_trust_F1": 0.9698275862068465,
  "validation_anticipation_F1": 0.8865979381442799,
  "validation_accuracy": 0.9542727084626526,
  "validation_average_F1": 0.9382421867688693,
  "validation_loss": 0.15054542271315854,
  "best_epoch": 7,
  "best_validation_joy_F1": 0.9912443618996581,
  "best_validation_sadness_F1": 0.9331210191082303,
  "best_validation_fear_F1": 0.9114114114113616,
  "best_validation_anger_F1": 0.9355322338830087,
  "best_validation_surprise_F1": 0.9240121580546614,
  "best_validation_disgust_F1": 0.9509803921568128,
  "best_validation_trust_F1": 0.9673202614378585,
  "best_validation_anticipation_F1": 0.9052631578946869,
  "best_validation_accuracy": 0.9542727084626526,
  "best_validation_average_F1": 0.939860624480785,
  "best_validation_loss": 0.15379500489915557
}