{
  "peak_cpu_memory_MB": 3125.212,
  "peak_gpu_0_memory_MB": 11,
  "peak_gpu_1_memory_MB": 8095,
  "peak_gpu_2_memory_MB": 11,
  "peak_gpu_3_memory_MB": 11,
  "peak_gpu_4_memory_MB": 11,
  "peak_gpu_5_memory_MB": 11,
  "peak_gpu_6_memory_MB": 2050,
  "peak_gpu_7_memory_MB": 11,
  "peak_gpu_8_memory_MB": 11,
  "peak_gpu_9_memory_MB": 11,
  "peak_gpu_10_memory_MB": 11,
  "peak_gpu_11_memory_MB": 11,
  "peak_gpu_12_memory_MB": 11,
  "peak_gpu_13_memory_MB": 11,
  "peak_gpu_14_memory_MB": 11,
  "peak_gpu_15_memory_MB": 1242,
  "training_duration": "00:18:52",
  "training_start_epoch": 0,
  "training_epochs": 4,
  "epoch": 4,
  "training_joy_F1": 0.9814109148745317,
  "training_sadness_F1": 0.8909414791844853,
  "training_fear_F1": 0.8387403672342759,
  "training_anger_F1": 0.8601074671113083,
  "training_surprise_F1": 0.8564513126046791,
  "training_disgust_F1": 0.9069264069263571,
  "training_trust_F1": 0.9204805491990348,
  "training_anticipation_F1": 0.8780114722752848,
  "training_accuracy": 0.9164533395392134,
  "training_average_F1": 0.8916337461762446,
  "training_loss": 0.27054539944351064,
  "training_cpu_memory_MB": 3125.212,
  "training_gpu_0_memory_MB": 11,
  "training_gpu_1_memory_MB": 8095,
  "training_gpu_2_memory_MB": 11,
  "training_gpu_3_memory_MB": 11,
  "training_gpu_4_memory_MB": 11,
  "training_gpu_5_memory_MB": 11,
  "training_gpu_6_memory_MB": 11,
  "training_gpu_7_memory_MB": 11,
  "training_gpu_8_memory_MB": 11,
  "training_gpu_9_memory_MB": 11,
  "training_gpu_10_memory_MB": 11,
  "training_gpu_11_memory_MB": 11,
  "training_gpu_12_memory_MB": 11,
  "training_gpu_13_memory_MB": 11,
  "training_gpu_14_memory_MB": 11,
  "training_gpu_15_memory_MB": 1242,
  "validation_joy_F1": 0.9904407859797695,
  "validation_sadness_F1": 0.9185496584340015,
  "validation_fear_F1": 0.9013006885997971,
  "validation_anger_F1": 0.9223744292236946,
  "validation_surprise_F1": 0.9121212121211623,
  "validation_disgust_F1": 0.9444444444443945,
  "validation_trust_F1": 0.9652173913042978,
  "validation_anticipation_F1": 0.8504983388703822,
  "validation_accuracy": 0.9457893647837782,
  "validation_average_F1": 0.9256183686221875,
  "validation_loss": 0.17864145861059524,
  "best_epoch": 3,
  "best_validation_joy_F1": 0.9893899204243533,
  "best_validation_sadness_F1": 0.9227513227512728,
  "best_validation_fear_F1": 0.8994627782040944,
  "best_validation_anger_F1": 0.9195751138087515,
  "best_validation_surprise_F1": 0.9093610698365028,
  "best_validation_disgust_F1": 0.9459901800326832,
  "best_validation_trust_F1": 0.9658119658119159,
  "best_validation_anticipation_F1": 0.8630136986300871,
  "best_validation_accuracy": 0.9462031864266501,
  "best_validation_average_F1": 0.9269195061874576,
  "best_validation_loss": 0.1879702692132185
}