{
  "peak_cpu_memory_MB": 3236.608,
  "peak_gpu_0_memory_MB": 11,
  "peak_gpu_1_memory_MB": 11,
  "peak_gpu_2_memory_MB": 11,
  "peak_gpu_3_memory_MB": 11,
  "peak_gpu_4_memory_MB": 11,
  "peak_gpu_5_memory_MB": 11,
  "peak_gpu_6_memory_MB": 2026,
  "peak_gpu_7_memory_MB": 11,
  "peak_gpu_8_memory_MB": 11,
  "peak_gpu_9_memory_MB": 11,
  "peak_gpu_10_memory_MB": 11,
  "peak_gpu_11_memory_MB": 11,
  "peak_gpu_12_memory_MB": 11,
  "peak_gpu_13_memory_MB": 11,
  "peak_gpu_14_memory_MB": 11,
  "peak_gpu_15_memory_MB": 1242,
  "training_duration": "00:15:00",
  "training_start_epoch": 7,
  "training_epochs": 3,
  "epoch": 10,
  "training_joy_F1": 0.9844164456232922,
  "training_sadness_F1": 0.9057434460675907,
  "training_fear_F1": 0.8633723697990552,
  "training_anger_F1": 0.8817283046502614,
  "training_surprise_F1": 0.8747931605073962,
  "training_disgust_F1": 0.9192439862542456,
  "training_trust_F1": 0.9367881548974444,
  "training_anticipation_F1": 0.9012581014105486,
  "training_accuracy": 0.9288650996819486,
  "training_average_F1": 0.9084179961512292,
  "training_loss": 0.2276740106058787,
  "training_cpu_memory_MB": 3236.608,
  "training_gpu_0_memory_MB": 11,
  "training_gpu_1_memory_MB": 11,
  "training_gpu_2_memory_MB": 11,
  "training_gpu_3_memory_MB": 11,
  "training_gpu_4_memory_MB": 11,
  "training_gpu_5_memory_MB": 11,
  "training_gpu_6_memory_MB": 2026,
  "training_gpu_7_memory_MB": 11,
  "training_gpu_8_memory_MB": 11,
  "training_gpu_9_memory_MB": 11,
  "training_gpu_10_memory_MB": 11,
  "training_gpu_11_memory_MB": 11,
  "training_gpu_12_memory_MB": 11,
  "training_gpu_13_memory_MB": 11,
  "training_gpu_14_memory_MB": 11,
  "training_gpu_15_memory_MB": 1242,
  "validation_joy_F1": 0.9920339883164663,
  "validation_sadness_F1": 0.9401709401708902,
  "validation_fear_F1": 0.9173047473200113,
  "validation_anger_F1": 0.9448584202682063,
  "validation_surprise_F1": 0.9309838472833568,
  "validation_disgust_F1": 0.9525368248772005,
  "validation_trust_F1": 0.9764453961455604,
  "validation_anticipation_F1": 0.8972602739725527,
  "validation_accuracy": 0.9582040140699358,
  "validation_average_F1": 0.9439493047942806,
  "validation_loss": 0.13839104898249355,
  "best_epoch": 10,
  "best_validation_joy_F1": 0.9920339883164663,
  "best_validation_sadness_F1": 0.9401709401708902,
  "best_validation_fear_F1": 0.9173047473200113,
  "best_validation_anger_F1": 0.9448584202682063,
  "best_validation_surprise_F1": 0.9309838472833568,
  "best_validation_disgust_F1": 0.9525368248772005,
  "best_validation_trust_F1": 0.9764453961455604,
  "best_validation_anticipation_F1": 0.8972602739725527,
  "best_validation_accuracy": 0.9582040140699358,
  "best_validation_average_F1": 0.9439493047942806,
  "best_validation_loss": 0.13839104898249355
}