{
  "peak_cpu_memory_MB": 3236.608,
  "peak_gpu_0_memory_MB": 11,
  "peak_gpu_1_memory_MB": 11,
  "peak_gpu_2_memory_MB": 11,
  "peak_gpu_3_memory_MB": 11,
  "peak_gpu_4_memory_MB": 11,
  "peak_gpu_5_memory_MB": 11,
  "peak_gpu_6_memory_MB": 2026,
  "peak_gpu_7_memory_MB": 11,
  "peak_gpu_8_memory_MB": 11,
  "peak_gpu_9_memory_MB": 11,
  "peak_gpu_10_memory_MB": 11,
  "peak_gpu_11_memory_MB": 2288,
  "peak_gpu_12_memory_MB": 11,
  "peak_gpu_13_memory_MB": 11,
  "peak_gpu_14_memory_MB": 11,
  "peak_gpu_15_memory_MB": 1242,
  "training_duration": "00:29:39",
  "training_start_epoch": 7,
  "training_epochs": 7,
  "epoch": 14,
  "training_joy_F1": 0.9840437883562282,
  "training_sadness_F1": 0.9084483563378845,
  "training_fear_F1": 0.8693486590037814,
  "training_anger_F1": 0.8890909090908591,
  "training_surprise_F1": 0.8858296622613304,
  "training_disgust_F1": 0.9200085781685111,
  "training_trust_F1": 0.939943342776154,
  "training_anticipation_F1": 0.9119329012580514,
  "training_accuracy": 0.9319163240503711,
  "training_average_F1": 0.9135807746566,
  "training_loss": 0.2131635883004182,
  "training_cpu_memory_MB": 3236.608,
  "training_gpu_0_memory_MB": 11,
  "training_gpu_1_memory_MB": 11,
  "training_gpu_2_memory_MB": 11,
  "training_gpu_3_memory_MB": 11,
  "training_gpu_4_memory_MB": 11,
  "training_gpu_5_memory_MB": 11,
  "training_gpu_6_memory_MB": 1906,
  "training_gpu_7_memory_MB": 11,
  "training_gpu_8_memory_MB": 11,
  "training_gpu_9_memory_MB": 11,
  "training_gpu_10_memory_MB": 11,
  "training_gpu_11_memory_MB": 2288,
  "training_gpu_12_memory_MB": 11,
  "training_gpu_13_memory_MB": 11,
  "training_gpu_14_memory_MB": 11,
  "training_gpu_15_memory_MB": 1242,
  "validation_joy_F1": 0.9930777422789703,
  "validation_sadness_F1": 0.9390115667717691,
  "validation_fear_F1": 0.9228371005455464,
  "validation_anger_F1": 0.9437869822484708,
  "validation_surprise_F1": 0.9307805596464891,
  "validation_disgust_F1": 0.9480519480518982,
  "validation_trust_F1": 0.9740259740259241,
  "validation_anticipation_F1": 0.9109589041095392,
  "validation_accuracy": 0.9590316573556797,
  "validation_average_F1": 0.9453163472098258,
  "validation_loss": 0.13321314698005274,
  "best_epoch": 12,
  "best_validation_joy_F1": 0.9930924548352316,
  "best_validation_sadness_F1": 0.9419831223628192,
  "best_validation_fear_F1": 0.9214175654853123,
  "best_validation_anger_F1": 0.940652818991048,
  "best_validation_surprise_F1": 0.9378698224851572,
  "best_validation_disgust_F1": 0.9556650246304919,
  "best_validation_trust_F1": 0.9696969696969198,
  "best_validation_anticipation_F1": 0.9059233449476852,
  "best_validation_accuracy": 0.9598593006414236,
  "best_validation_average_F1": 0.9457876404293332,
  "best_validation_loss": 0.1327840850162919
}