{
  "peak_cpu_memory_MB": 3125.212,
  "peak_gpu_0_memory_MB": 11,
  "peak_gpu_1_memory_MB": 8095,
  "peak_gpu_2_memory_MB": 11,
  "peak_gpu_3_memory_MB": 11,
  "peak_gpu_4_memory_MB": 11,
  "peak_gpu_5_memory_MB": 11,
  "peak_gpu_6_memory_MB": 2050,
  "peak_gpu_7_memory_MB": 11,
  "peak_gpu_8_memory_MB": 11,
  "peak_gpu_9_memory_MB": 11,
  "peak_gpu_10_memory_MB": 11,
  "peak_gpu_11_memory_MB": 11,
  "peak_gpu_12_memory_MB": 11,
  "peak_gpu_13_memory_MB": 11,
  "peak_gpu_14_memory_MB": 11,
  "peak_gpu_15_memory_MB": 793,
  "training_duration": "00:03:56",
  "training_start_epoch": 0,
  "training_epochs": 0,
  "epoch": 0,
  "training_joy_F1": 0.9212121212120713,
  "training_sadness_F1": 0.7417613962566969,
  "training_fear_F1": 0.6721148096471496,
  "training_anger_F1": 0.6406787434074294,
  "training_surprise_F1": 0.6785875961973276,
  "training_disgust_F1": 0.6983556012332515,
  "training_trust_F1": 0.7765472312703096,
  "training_anticipation_F1": 0.6655112651645957,
  "training_accuracy": 0.794223359966902,
  "training_average_F1": 0.7243460955486039,
  "training_loss": 0.6894787638529063,
  "training_cpu_memory_MB": 3125.212,
  "training_gpu_0_memory_MB": 11,
  "training_gpu_1_memory_MB": 8095,
  "training_gpu_2_memory_MB": 11,
  "training_gpu_3_memory_MB": 11,
  "training_gpu_4_memory_MB": 11,
  "training_gpu_5_memory_MB": 11,
  "training_gpu_6_memory_MB": 2050,
  "training_gpu_7_memory_MB": 11,
  "training_gpu_8_memory_MB": 11,
  "training_gpu_9_memory_MB": 11,
  "training_gpu_10_memory_MB": 11,
  "training_gpu_11_memory_MB": 11,
  "training_gpu_12_memory_MB": 11,
  "training_gpu_13_memory_MB": 11,
  "training_gpu_14_memory_MB": 11,
  "training_gpu_15_memory_MB": 793,
  "validation_joy_F1": 0.976658798846003,
  "validation_sadness_F1": 0.8528678304238905,
  "validation_fear_F1": 0.8084784254352264,
  "validation_anger_F1": 0.8457711442785582,
  "validation_surprise_F1": 0.8308207705192141,
  "validation_disgust_F1": 0.9148580968279969,
  "validation_trust_F1": 0.9082774049216503,
  "validation_anticipation_F1": 0.8185053380782419,
  "validation_accuracy": 0.8992344299606869,
  "validation_average_F1": 0.8695297261663476,
  "validation_loss": 0.34190401173021534,
  "best_epoch": 0,
  "best_validation_joy_F1": 0.976658798846003,
  "best_validation_sadness_F1": 0.8528678304238905,
  "best_validation_fear_F1": 0.8084784254352264,
  "best_validation_anger_F1": 0.8457711442785582,
  "best_validation_surprise_F1": 0.8308207705192141,
  "best_validation_disgust_F1": 0.9148580968279969,
  "best_validation_trust_F1": 0.9082774049216503,
  "best_validation_anticipation_F1": 0.8185053380782419,
  "best_validation_accuracy": 0.8992344299606869,
  "best_validation_average_F1": 0.8695297261663476,
  "best_validation_loss": 0.34190401173021534
}