{
  "peak_cpu_memory_MB": 3236.608,
  "peak_gpu_0_memory_MB": 11,
  "peak_gpu_1_memory_MB": 2512,
  "peak_gpu_2_memory_MB": 11,
  "peak_gpu_3_memory_MB": 11,
  "peak_gpu_4_memory_MB": 11,
  "peak_gpu_5_memory_MB": 11,
  "peak_gpu_6_memory_MB": 2026,
  "peak_gpu_7_memory_MB": 11,
  "peak_gpu_8_memory_MB": 11,
  "peak_gpu_9_memory_MB": 11,
  "peak_gpu_10_memory_MB": 11,
  "peak_gpu_11_memory_MB": 2842,
  "peak_gpu_12_memory_MB": 11,
  "peak_gpu_13_memory_MB": 11,
  "peak_gpu_14_memory_MB": 11,
  "peak_gpu_15_memory_MB": 1242,
  "training_duration": "00:48:05",
  "training_start_epoch": 7,
  "training_epochs": 12,
  "epoch": 19,
  "training_joy_F1": 0.9854428490897136,
  "training_sadness_F1": 0.9103650804244311,
  "training_fear_F1": 0.8785495011511396,
  "training_anger_F1": 0.8904208998548121,
  "training_surprise_F1": 0.8892574166205507,
  "training_disgust_F1": 0.9290460878884816,
  "training_trust_F1": 0.9441309255078507,
  "training_anticipation_F1": 0.9149582384206031,
  "training_accuracy": 0.9352778424223619,
  "training_average_F1": 0.9177713748696978,
  "training_loss": 0.20763391040699253,
  "training_cpu_memory_MB": 3236.608,
  "training_gpu_0_memory_MB": 11,
  "training_gpu_1_memory_MB": 2094,
  "training_gpu_2_memory_MB": 11,
  "training_gpu_3_memory_MB": 11,
  "training_gpu_4_memory_MB": 11,
  "training_gpu_5_memory_MB": 11,
  "training_gpu_6_memory_MB": 1850,
  "training_gpu_7_memory_MB": 11,
  "training_gpu_8_memory_MB": 11,
  "training_gpu_9_memory_MB": 11,
  "training_gpu_10_memory_MB": 11,
  "training_gpu_11_memory_MB": 2842,
  "training_gpu_12_memory_MB": 11,
  "training_gpu_13_memory_MB": 11,
  "training_gpu_14_memory_MB": 11,
  "training_gpu_15_memory_MB": 1242,
  "validation_joy_F1": 0.9936170212765457,
  "validation_sadness_F1": 0.9436997319034353,
  "validation_fear_F1": 0.919939577039225,
  "validation_anger_F1": 0.9525222551928284,
  "validation_surprise_F1": 0.9384164222873401,
  "validation_disgust_F1": 0.960655737704868,
  "validation_trust_F1": 0.9718004338394295,
  "validation_anticipation_F1": 0.9172413793102949,
  "validation_accuracy": 0.9617214980343471,
  "validation_average_F1": 0.9497365698192458,
  "validation_loss": 0.12428813299821942,
  "best_epoch": 17,
  "best_validation_joy_F1": 0.9928400954653438,
  "best_validation_sadness_F1": 0.9473684210525817,
  "best_validation_fear_F1": 0.9253956292388348,
  "best_validation_anger_F1": 0.9453471196454449,
  "best_validation_surprise_F1": 0.9378698224851572,
  "best_validation_disgust_F1": 0.955518945634217,
  "best_validation_trust_F1": 0.9763440860214555,
  "best_validation_anticipation_F1": 0.9252669039145407,
  "best_validation_accuracy": 0.9625491413200911,
  "best_validation_average_F1": 0.9507438779321971,
  "best_validation_loss": 0.12516250242494514,
  "test_joy_F1": 0.9907821964708481,
  "test_sadness_F1": 0.9510410804726569,
  "test_fear_F1": 0.9279141104293979,
  "test_anger_F1": 0.9512516469037707,
  "test_surprise_F1": 0.9481268011526878,
  "test_disgust_F1": 0.9647435897435398,
  "test_trust_F1": 0.976303317535495,
  "test_anticipation_F1": 0.9619377162629258,
  "test_accuracy": 0.9656528036416304,
  "test_average_F1": 0.9590125573714153,
  "test_loss": 0.1289656023301258
}