{
  "peak_cpu_memory_MB": 3236.608,
  "peak_gpu_0_memory_MB": 11,
  "peak_gpu_1_memory_MB": 11,
  "peak_gpu_2_memory_MB": 11,
  "peak_gpu_3_memory_MB": 11,
  "peak_gpu_4_memory_MB": 11,
  "peak_gpu_5_memory_MB": 11,
  "peak_gpu_6_memory_MB": 2026,
  "peak_gpu_7_memory_MB": 11,
  "peak_gpu_8_memory_MB": 11,
  "peak_gpu_9_memory_MB": 11,
  "peak_gpu_10_memory_MB": 11,
  "peak_gpu_11_memory_MB": 11,
  "peak_gpu_12_memory_MB": 11,
  "peak_gpu_13_memory_MB": 11,
  "peak_gpu_14_memory_MB": 11,
  "peak_gpu_15_memory_MB": 1242,
  "training_duration": "00:18:40",
  "training_start_epoch": 7,
  "training_epochs": 4,
  "epoch": 11,
  "training_joy_F1": 0.9848449676670035,
  "training_sadness_F1": 0.9094425180047513,
  "training_fear_F1": 0.864607170099111,
  "training_anger_F1": 0.8849235251274082,
  "training_surprise_F1": 0.881000551774826,
  "training_disgust_F1": 0.9228122984303953,
  "training_trust_F1": 0.9382294335325433,
  "training_anticipation_F1": 0.9074215761284887,
  "training_accuracy": 0.931063015540558,
  "training_average_F1": 0.9116602550955659,
  "training_loss": 0.22098673003239633,
  "training_cpu_memory_MB": 3236.608,
  "training_gpu_0_memory_MB": 11,
  "training_gpu_1_memory_MB": 11,
  "training_gpu_2_memory_MB": 11,
  "training_gpu_3_memory_MB": 11,
  "training_gpu_4_memory_MB": 11,
  "training_gpu_5_memory_MB": 11,
  "training_gpu_6_memory_MB": 11,
  "training_gpu_7_memory_MB": 11,
  "training_gpu_8_memory_MB": 11,
  "training_gpu_9_memory_MB": 11,
  "training_gpu_10_memory_MB": 11,
  "training_gpu_11_memory_MB": 11,
  "training_gpu_12_memory_MB": 11,
  "training_gpu_13_memory_MB": 11,
  "training_gpu_14_memory_MB": 11,
  "training_gpu_15_memory_MB": 1242,
  "validation_joy_F1": 0.9925571504518373,
  "validation_sadness_F1": 0.9356540084387686,
  "validation_fear_F1": 0.9159021406727329,
  "validation_anger_F1": 0.9397590361445285,
  "validation_surprise_F1": 0.9239940387480873,
  "validation_disgust_F1": 0.9540983606556878,
  "validation_trust_F1": 0.9718004338394295,
  "validation_anticipation_F1": 0.8979591836734195,
  "validation_accuracy": 0.9563418166770122,
  "validation_average_F1": 0.9414655440780614,
  "validation_loss": 0.14008041047076186,
  "best_epoch": 10,
  "best_validation_joy_F1": 0.9920339883164663,
  "best_validation_sadness_F1": 0.9401709401708902,
  "best_validation_fear_F1": 0.9173047473200113,
  "best_validation_anger_F1": 0.9448584202682063,
  "best_validation_surprise_F1": 0.9309838472833568,
  "best_validation_disgust_F1": 0.9525368248772005,
  "best_validation_trust_F1": 0.9764453961455604,
  "best_validation_anticipation_F1": 0.8972602739725527,
  "best_validation_accuracy": 0.9582040140699358,
  "best_validation_average_F1": 0.9439493047942806,
  "best_validation_loss": 0.13839104898249355
}