{
  "peak_cpu_memory_MB": 3236.608,
  "peak_gpu_0_memory_MB": 11,
  "peak_gpu_1_memory_MB": 11,
  "peak_gpu_2_memory_MB": 11,
  "peak_gpu_3_memory_MB": 11,
  "peak_gpu_4_memory_MB": 11,
  "peak_gpu_5_memory_MB": 11,
  "peak_gpu_6_memory_MB": 1990,
  "peak_gpu_7_memory_MB": 11,
  "peak_gpu_8_memory_MB": 11,
  "peak_gpu_9_memory_MB": 11,
  "peak_gpu_10_memory_MB": 11,
  "peak_gpu_11_memory_MB": 11,
  "peak_gpu_12_memory_MB": 11,
  "peak_gpu_13_memory_MB": 11,
  "peak_gpu_14_memory_MB": 11,
  "peak_gpu_15_memory_MB": 793,
  "training_duration": "00:03:56",
  "training_start_epoch": 7,
  "training_epochs": 0,
  "epoch": 7,
  "training_joy_F1": 0.9834510662288494,
  "training_sadness_F1": 0.90106969636564,
  "training_fear_F1": 0.8586697203931173,
  "training_anger_F1": 0.8801025077795583,
  "training_surprise_F1": 0.8751385297376671,
  "training_disgust_F1": 0.9078410311492519,
  "training_trust_F1": 0.934733257661698,
  "training_anticipation_F1": 0.8929804372841849,
  "training_accuracy": 0.9258138753135262,
  "training_average_F1": 0.9042482808249958,
  "training_loss": 0.235719726404377,
  "training_cpu_memory_MB": 3236.608,
  "training_gpu_0_memory_MB": 11,
  "training_gpu_1_memory_MB": 11,
  "training_gpu_2_memory_MB": 11,
  "training_gpu_3_memory_MB": 11,
  "training_gpu_4_memory_MB": 11,
  "training_gpu_5_memory_MB": 11,
  "training_gpu_6_memory_MB": 1990,
  "training_gpu_7_memory_MB": 11,
  "training_gpu_8_memory_MB": 11,
  "training_gpu_9_memory_MB": 11,
  "training_gpu_10_memory_MB": 11,
  "training_gpu_11_memory_MB": 11,
  "training_gpu_12_memory_MB": 11,
  "training_gpu_13_memory_MB": 11,
  "training_gpu_14_memory_MB": 11,
  "training_gpu_15_memory_MB": 793,
  "validation_joy_F1": 0.9912443618996581,
  "validation_sadness_F1": 0.9331210191082303,
  "validation_fear_F1": 0.9114114114113616,
  "validation_anger_F1": 0.9355322338830087,
  "validation_surprise_F1": 0.9240121580546614,
  "validation_disgust_F1": 0.9509803921568128,
  "validation_trust_F1": 0.9673202614378585,
  "validation_anticipation_F1": 0.9052631578946869,
  "validation_accuracy": 0.9542727084626526,
  "validation_average_F1": 0.939860624480785,
  "validation_loss": 0.15379500489915557,
  "best_epoch": 7,
  "best_validation_joy_F1": 0.9912443618996581,
  "best_validation_sadness_F1": 0.9331210191082303,
  "best_validation_fear_F1": 0.9114114114113616,
  "best_validation_anger_F1": 0.9355322338830087,
  "best_validation_surprise_F1": 0.9240121580546614,
  "best_validation_disgust_F1": 0.9509803921568128,
  "best_validation_trust_F1": 0.9673202614378585,
  "best_validation_anticipation_F1": 0.9052631578946869,
  "best_validation_accuracy": 0.9542727084626526,
  "best_validation_average_F1": 0.939860624480785,
  "best_validation_loss": 0.15379500489915557
}