{
  "peak_cpu_memory_MB": 3236.608,
  "peak_gpu_0_memory_MB": 11,
  "peak_gpu_1_memory_MB": 11,
  "peak_gpu_2_memory_MB": 11,
  "peak_gpu_3_memory_MB": 11,
  "peak_gpu_4_memory_MB": 11,
  "peak_gpu_5_memory_MB": 11,
  "peak_gpu_6_memory_MB": 2010,
  "peak_gpu_7_memory_MB": 11,
  "peak_gpu_8_memory_MB": 11,
  "peak_gpu_9_memory_MB": 11,
  "peak_gpu_10_memory_MB": 11,
  "peak_gpu_11_memory_MB": 11,
  "peak_gpu_12_memory_MB": 11,
  "peak_gpu_13_memory_MB": 11,
  "peak_gpu_14_memory_MB": 11,
  "peak_gpu_15_memory_MB": 1242,
  "training_duration": "00:11:18",
  "training_start_epoch": 7,
  "training_epochs": 2,
  "epoch": 9,
  "training_joy_F1": 0.9849736292167875,
  "training_sadness_F1": 0.9028874875538832,
  "training_fear_F1": 0.8640962015651342,
  "training_anger_F1": 0.8781473993750649,
  "training_surprise_F1": 0.8835920177383092,
  "training_disgust_F1": 0.9201455791050667,
  "training_trust_F1": 0.9380681818181319,
  "training_anticipation_F1": 0.9042879019907617,
  "training_accuracy": 0.9292271093527784,
  "training_average_F1": 0.9095247997953924,
  "training_loss": 0.2275892437121394,
  "training_cpu_memory_MB": 3236.608,
  "training_gpu_0_memory_MB": 11,
  "training_gpu_1_memory_MB": 11,
  "training_gpu_2_memory_MB": 11,
  "training_gpu_3_memory_MB": 11,
  "training_gpu_4_memory_MB": 11,
  "training_gpu_5_memory_MB": 11,
  "training_gpu_6_memory_MB": 2010,
  "training_gpu_7_memory_MB": 11,
  "training_gpu_8_memory_MB": 11,
  "training_gpu_9_memory_MB": 11,
  "training_gpu_10_memory_MB": 11,
  "training_gpu_11_memory_MB": 11,
  "training_gpu_12_memory_MB": 11,
  "training_gpu_13_memory_MB": 11,
  "training_gpu_14_memory_MB": 11,
  "training_gpu_15_memory_MB": 1242,
  "validation_joy_F1": 0.9909766454351941,
  "validation_sadness_F1": 0.9367357788409921,
  "validation_fear_F1": 0.9147640791475908,
  "validation_anger_F1": 0.942942942942893,
  "validation_surprise_F1": 0.924698795180673,
  "validation_disgust_F1": 0.9528455284552346,
  "validation_trust_F1": 0.9718004338394295,
  "validation_anticipation_F1": 0.8888888888888389,
  "validation_accuracy": 0.9557210842127043,
  "validation_average_F1": 0.9404566365913556,
  "validation_loss": 0.14664080282888398,
  "best_epoch": 9,
  "best_validation_joy_F1": 0.9909766454351941,
  "best_validation_sadness_F1": 0.9367357788409921,
  "best_validation_fear_F1": 0.9147640791475908,
  "best_validation_anger_F1": 0.942942942942893,
  "best_validation_surprise_F1": 0.924698795180673,
  "best_validation_disgust_F1": 0.9528455284552346,
  "best_validation_trust_F1": 0.9718004338394295,
  "best_validation_anticipation_F1": 0.8888888888888389,
  "best_validation_accuracy": 0.9557210842127043,
  "best_validation_average_F1": 0.9404566365913556,
  "best_validation_loss": 0.14664080282888398
}