{
  "peak_cpu_memory_MB": 3125.212,
  "peak_gpu_0_memory_MB": 11,
  "peak_gpu_1_memory_MB": 8095,
  "peak_gpu_2_memory_MB": 11,
  "peak_gpu_3_memory_MB": 11,
  "peak_gpu_4_memory_MB": 11,
  "peak_gpu_5_memory_MB": 11,
  "peak_gpu_6_memory_MB": 2050,
  "peak_gpu_7_memory_MB": 11,
  "peak_gpu_8_memory_MB": 11,
  "peak_gpu_9_memory_MB": 11,
  "peak_gpu_10_memory_MB": 11,
  "peak_gpu_11_memory_MB": 11,
  "peak_gpu_12_memory_MB": 11,
  "peak_gpu_13_memory_MB": 11,
  "peak_gpu_14_memory_MB": 11,
  "peak_gpu_15_memory_MB": 1242,
  "training_duration": "00:11:21",
  "training_start_epoch": 0,
  "training_epochs": 2,
  "epoch": 2,
  "training_joy_F1": 0.9782968305431909,
  "training_sadness_F1": 0.8741713245807379,
  "training_fear_F1": 0.825239950584384,
  "training_anger_F1": 0.843589255096159,
  "training_surprise_F1": 0.8413635497999883,
  "training_disgust_F1": 0.8901909722221722,
  "training_trust_F1": 0.9118155619596043,
  "training_anticipation_F1": 0.8568173186478801,
  "training_accuracy": 0.9059550590851498,
  "training_average_F1": 0.8776855954292646,
  "training_loss": 0.3177212828672449,
  "training_cpu_memory_MB": 3125.212,
  "training_gpu_0_memory_MB": 11,
  "training_gpu_1_memory_MB": 8095,
  "training_gpu_2_memory_MB": 11,
  "training_gpu_3_memory_MB": 11,
  "training_gpu_4_memory_MB": 11,
  "training_gpu_5_memory_MB": 11,
  "training_gpu_6_memory_MB": 2010,
  "training_gpu_7_memory_MB": 11,
  "training_gpu_8_memory_MB": 11,
  "training_gpu_9_memory_MB": 11,
  "training_gpu_10_memory_MB": 11,
  "training_gpu_11_memory_MB": 11,
  "training_gpu_12_memory_MB": 11,
  "training_gpu_13_memory_MB": 11,
  "training_gpu_14_memory_MB": 11,
  "training_gpu_15_memory_MB": 1242,
  "validation_joy_F1": 0.985461274121018,
  "validation_sadness_F1": 0.9111928533893353,
  "validation_fear_F1": 0.8878648233486445,
  "validation_anger_F1": 0.9113149847094303,
  "validation_surprise_F1": 0.8992248062015007,
  "validation_disgust_F1": 0.9385113268607914,
  "validation_trust_F1": 0.9475982532750592,
  "validation_anticipation_F1": 0.8316831683167819,
  "validation_accuracy": 0.9373060211049038,
  "validation_average_F1": 0.9141064362778201,
  "validation_loss": 0.2122517745364027,
  "best_epoch": 2,
  "best_validation_joy_F1": 0.985461274121018,
  "best_validation_sadness_F1": 0.9111928533893353,
  "best_validation_fear_F1": 0.8878648233486445,
  "best_validation_anger_F1": 0.9113149847094303,
  "best_validation_surprise_F1": 0.8992248062015007,
  "best_validation_disgust_F1": 0.9385113268607914,
  "best_validation_trust_F1": 0.9475982532750592,
  "best_validation_anticipation_F1": 0.8316831683167819,
  "best_validation_accuracy": 0.9373060211049038,
  "best_validation_average_F1": 0.9141064362778201,
  "best_validation_loss": 0.2122517745364027
}