{
  "peak_cpu_memory_MB": 3236.608,
  "peak_gpu_0_memory_MB": 11,
  "peak_gpu_1_memory_MB": 11,
  "peak_gpu_2_memory_MB": 11,
  "peak_gpu_3_memory_MB": 11,
  "peak_gpu_4_memory_MB": 11,
  "peak_gpu_5_memory_MB": 11,
  "peak_gpu_6_memory_MB": 2026,
  "peak_gpu_7_memory_MB": 11,
  "peak_gpu_8_memory_MB": 11,
  "peak_gpu_9_memory_MB": 11,
  "peak_gpu_10_memory_MB": 11,
  "peak_gpu_11_memory_MB": 11,
  "peak_gpu_12_memory_MB": 11,
  "peak_gpu_13_memory_MB": 11,
  "peak_gpu_14_memory_MB": 11,
  "peak_gpu_15_memory_MB": 1242,
  "training_duration": "00:22:18",
  "training_start_epoch": 7,
  "training_epochs": 5,
  "epoch": 12,
  "training_joy_F1": 0.985583137241855,
  "training_sadness_F1": 0.9089086413151943,
  "training_fear_F1": 0.8681506849314569,
  "training_anger_F1": 0.8853899670449885,
  "training_surprise_F1": 0.8892574166205507,
  "training_disgust_F1": 0.9200513039760082,
  "training_trust_F1": 0.9385665529009739,
  "training_anticipation_F1": 0.9124282982791087,
  "training_accuracy": 0.9323817650557237,
  "training_average_F1": 0.913542000288767,
  "training_loss": 0.21806835484936699,
  "training_cpu_memory_MB": 3236.608,
  "training_gpu_0_memory_MB": 11,
  "training_gpu_1_memory_MB": 11,
  "training_gpu_2_memory_MB": 11,
  "training_gpu_3_memory_MB": 11,
  "training_gpu_4_memory_MB": 11,
  "training_gpu_5_memory_MB": 11,
  "training_gpu_6_memory_MB": 11,
  "training_gpu_7_memory_MB": 11,
  "training_gpu_8_memory_MB": 11,
  "training_gpu_9_memory_MB": 11,
  "training_gpu_10_memory_MB": 11,
  "training_gpu_11_memory_MB": 11,
  "training_gpu_12_memory_MB": 11,
  "training_gpu_13_memory_MB": 11,
  "training_gpu_14_memory_MB": 11,
  "training_gpu_15_memory_MB": 1242,
  "validation_joy_F1": 0.9930924548352316,
  "validation_sadness_F1": 0.9419831223628192,
  "validation_fear_F1": 0.9214175654853123,
  "validation_anger_F1": 0.940652818991048,
  "validation_surprise_F1": 0.9378698224851572,
  "validation_disgust_F1": 0.9556650246304919,
  "validation_trust_F1": 0.9696969696969198,
  "validation_anticipation_F1": 0.9059233449476852,
  "validation_accuracy": 0.9598593006414236,
  "validation_average_F1": 0.9457876404293332,
  "validation_loss": 0.1327840850162919,
  "best_epoch": 12,
  "best_validation_joy_F1": 0.9930924548352316,
  "best_validation_sadness_F1": 0.9419831223628192,
  "best_validation_fear_F1": 0.9214175654853123,
  "best_validation_anger_F1": 0.940652818991048,
  "best_validation_surprise_F1": 0.9378698224851572,
  "best_validation_disgust_F1": 0.9556650246304919,
  "best_validation_trust_F1": 0.9696969696969198,
  "best_validation_anticipation_F1": 0.9059233449476852,
  "best_validation_accuracy": 0.9598593006414236,
  "best_validation_average_F1": 0.9457876404293332,
  "best_validation_loss": 0.1327840850162919
}