{
  "peak_cpu_memory_MB": 2657.34,
  "peak_gpu_0_memory_MB": 11,
  "peak_gpu_1_memory_MB": 3034,
  "peak_gpu_2_memory_MB": 2958,
  "peak_gpu_3_memory_MB": 11,
  "peak_gpu_4_memory_MB": 11,
  "peak_gpu_5_memory_MB": 11,
  "peak_gpu_6_memory_MB": 11,
  "peak_gpu_7_memory_MB": 11,
  "peak_gpu_8_memory_MB": 11,
  "peak_gpu_9_memory_MB": 11,
  "peak_gpu_10_memory_MB": 11,
  "peak_gpu_11_memory_MB": 11,
  "peak_gpu_12_memory_MB": 11,
  "peak_gpu_13_memory_MB": 11,
  "peak_gpu_14_memory_MB": 11,
  "peak_gpu_15_memory_MB": 11,
  "training_duration": "00:01:43",
  "training_start_epoch": 0,
  "training_epochs": 3,
  "epoch": 3,
  "training_1_F1": 0.9704769114306844,
  "training_0_F1": 0.9699769053117284,
  "training_accuracy": 0.9702290076335878,
  "training_average_F1": 0.9702269083712064,
  "training_loss": 0.09448525868356228,
  "training_cpu_memory_MB": 2657.34,
  "training_gpu_0_memory_MB": 11,
  "training_gpu_1_memory_MB": 3034,
  "training_gpu_2_memory_MB": 2954,
  "training_gpu_3_memory_MB": 11,
  "training_gpu_4_memory_MB": 11,
  "training_gpu_5_memory_MB": 11,
  "training_gpu_6_memory_MB": 11,
  "training_gpu_7_memory_MB": 11,
  "training_gpu_8_memory_MB": 11,
  "training_gpu_9_memory_MB": 11,
  "training_gpu_10_memory_MB": 11,
  "training_gpu_11_memory_MB": 11,
  "training_gpu_12_memory_MB": 11,
  "training_gpu_13_memory_MB": 11,
  "training_gpu_14_memory_MB": 11,
  "training_gpu_15_memory_MB": 11,
  "validation_1_F1": 0.865497076023342,
  "validation_0_F1": 0.8496732026143293,
  "validation_accuracy": 0.8580246913580247,
  "validation_average_F1": 0.8575851393188356,
  "validation_loss": 0.3165844137018377,
  "best_epoch": 1,
  "best_validation_1_F1": 0.8695652173912544,
  "best_validation_0_F1": 0.8711656441717291,
  "best_validation_accuracy": 0.8703703703703703,
  "best_validation_average_F1": 0.8703654307814918,
  "best_validation_loss": 0.3139792044054378,
  "test_1_F1": 0.7733333333332837,
  "test_0_F1": 0.8045977011493756,
  "test_accuracy": 0.7901234567901234,
  "test_average_F1": 0.7889655172413297,
  "test_loss": 0.414109696041454
}