{
  "peak_cpu_memory_MB": 3071.56,
  "peak_gpu_0_memory_MB": 2510,
  "training_duration": "00:01:41",
  "training_start_epoch": 0,
  "training_epochs": 3,
  "epoch": 3,
  "training_1_P": 0.9414414414414415,
  "training_1_R": 0.9572519083969465,
  "training_1_F1": 0.9492808478424936,
  "training_0_P": 0.9565217391304348,
  "training_0_R": 0.9404580152671755,
  "training_0_F1": 0.9484218629714666,
  "training_accuracy": 0.9488549618320611,
  "training_average_F1": 0.9488513554069801,
  "training_loss": 0.17093541663957806,
  "training_cpu_memory_MB": 3071.56,
  "training_gpu_0_memory_MB": 2510,
  "validation_1_P": 0.8961038961038961,
  "validation_1_R": 0.8518518518518519,
  "validation_1_F1": 0.8734177215189374,
  "validation_0_P": 0.8588235294117647,
  "validation_0_R": 0.9012345679012346,
  "validation_0_F1": 0.8795180722891066,
  "validation_accuracy": 0.8765432098765432,
  "validation_average_F1": 0.876467896904022,
  "validation_loss": 0.4956873763691295,
  "best_epoch": 3,
  "best_validation_1_P": 0.8961038961038961,
  "best_validation_1_R": 0.8518518518518519,
  "best_validation_1_F1": 0.8734177215189374,
  "best_validation_0_P": 0.8588235294117647,
  "best_validation_0_R": 0.9012345679012346,
  "best_validation_0_F1": 0.8795180722891066,
  "best_validation_accuracy": 0.8765432098765432,
  "best_validation_average_F1": 0.876467896904022,
  "best_validation_loss": 0.4956873763691295
}