{
  "training_duration": "00:02:20",
  "training_start_epoch": 0,
  "training_epochs": 0,
  "epoch": 0,
  "training_1_F1": 0.6143790849672705,
  "training_0_F1": 0.5728077232501513,
  "training_accuracy": 0.5946564885496183,
  "training_average_F1": 0.5935934041087109,
  "training_loss": 0.7184712799583993,
  "validation_1_F1": 0.7699999999999518,
  "validation_0_F1": 0.6290322580644708,
  "validation_accuracy": 0.7160493827160493,
  "validation_average_F1": 0.6995161290322114,
  "validation_loss": 0.6561071168292653,
  "best_epoch": 0,
  "best_validation_1_F1": 0.7699999999999518,
  "best_validation_0_F1": 0.6290322580644708,
  "best_validation_accuracy": 0.7160493827160493,
  "best_validation_average_F1": 0.6995161290322114,
  "best_validation_loss": 0.6561071168292653
}