{
  "peak_cpu_memory_MB": 3084.768,
  "peak_gpu_0_memory_MB": 11,
  "peak_gpu_1_memory_MB": 11,
  "peak_gpu_2_memory_MB": 11,
  "peak_gpu_3_memory_MB": 11,
  "peak_gpu_4_memory_MB": 3034,
  "peak_gpu_5_memory_MB": 3034,
  "peak_gpu_6_memory_MB": 11,
  "peak_gpu_7_memory_MB": 11,
  "peak_gpu_8_memory_MB": 11,
  "peak_gpu_9_memory_MB": 11,
  "peak_gpu_10_memory_MB": 11,
  "peak_gpu_11_memory_MB": 11,
  "peak_gpu_12_memory_MB": 11,
  "peak_gpu_13_memory_MB": 11,
  "peak_gpu_14_memory_MB": 11,
  "peak_gpu_15_memory_MB": 11,
  "training_duration": "00:02:13",
  "training_start_epoch": 0,
  "training_epochs": 4,
  "epoch": 4,
  "training_1_F1": 0.9567854435177665,
  "training_0_F1": 0.9561875480399195,
  "training_accuracy": 0.9564885496183206,
  "training_average_F1": 0.956486495778843,
  "training_loss": 0.13955649749444024,
  "training_cpu_memory_MB": 3084.768,
  "training_gpu_0_memory_MB": 11,
  "training_gpu_1_memory_MB": 11,
  "training_gpu_2_memory_MB": 11,
  "training_gpu_3_memory_MB": 11,
  "training_gpu_4_memory_MB": 3034,
  "training_gpu_5_memory_MB": 3034,
  "training_gpu_6_memory_MB": 11,
  "training_gpu_7_memory_MB": 11,
  "training_gpu_8_memory_MB": 11,
  "training_gpu_9_memory_MB": 11,
  "training_gpu_10_memory_MB": 11,
  "training_gpu_11_memory_MB": 11,
  "training_gpu_12_memory_MB": 11,
  "training_gpu_13_memory_MB": 11,
  "training_gpu_14_memory_MB": 11,
  "training_gpu_15_memory_MB": 11,
  "validation_1_F1": 0.8957055214723427,
  "validation_0_F1": 0.8944099378881488,
  "validation_accuracy": 0.8950617283950617,
  "validation_average_F1": 0.8950577296802458,
  "validation_loss": 0.32033743370663037,
  "best_epoch": 2,
  "best_validation_1_F1": 0.89999999999995,
  "best_validation_0_F1": 0.9024390243901939,
  "best_validation_accuracy": 0.9012345679012346,
  "best_validation_average_F1": 0.9012195121950719,
  "best_validation_loss": 0.31850863180377265,
  "test_1_F1": 0.7672955974842267,
  "test_0_F1": 0.7757575757575257,
  "test_accuracy": 0.7716049382716049,
  "test_average_F1": 0.7715265866208763,
  "test_loss": 0.5042500631375746
}