{
  "peak_cpu_memory_MB": 3111.152,
  "peak_gpu_0_memory_MB": 11,
  "peak_gpu_1_memory_MB": 11,
  "peak_gpu_2_memory_MB": 11,
  "peak_gpu_3_memory_MB": 2942,
  "peak_gpu_4_memory_MB": 3034,
  "peak_gpu_5_memory_MB": 11,
  "peak_gpu_6_memory_MB": 11,
  "peak_gpu_7_memory_MB": 11,
  "peak_gpu_8_memory_MB": 11,
  "peak_gpu_9_memory_MB": 11,
  "peak_gpu_10_memory_MB": 11,
  "peak_gpu_11_memory_MB": 11,
  "peak_gpu_12_memory_MB": 11,
  "peak_gpu_13_memory_MB": 11,
  "peak_gpu_14_memory_MB": 11,
  "peak_gpu_15_memory_MB": 11,
  "training_duration": "00:00:51",
  "training_start_epoch": 0,
  "training_epochs": 1,
  "epoch": 1,
  "training_1_F1": 0.8748137108792347,
  "training_0_F1": 0.8685446009389172,
  "training_accuracy": 0.8717557251908397,
  "training_average_F1": 0.871679155909076,
  "training_loss": 0.3311768203246884,
  "training_cpu_memory_MB": 3111.152,
  "training_gpu_0_memory_MB": 11,
  "training_gpu_1_memory_MB": 11,
  "training_gpu_2_memory_MB": 11,
  "training_gpu_3_memory_MB": 2942,
  "training_gpu_4_memory_MB": 3034,
  "training_gpu_5_memory_MB": 11,
  "training_gpu_6_memory_MB": 11,
  "training_gpu_7_memory_MB": 11,
  "training_gpu_8_memory_MB": 11,
  "training_gpu_9_memory_MB": 11,
  "training_gpu_10_memory_MB": 11,
  "training_gpu_11_memory_MB": 11,
  "training_gpu_12_memory_MB": 11,
  "training_gpu_13_memory_MB": 11,
  "training_gpu_14_memory_MB": 11,
  "training_gpu_15_memory_MB": 11,
  "validation_1_F1": 0.86249999999995,
  "validation_0_F1": 0.8658536585365354,
  "validation_accuracy": 0.8641975308641975,
  "validation_average_F1": 0.8641768292682427,
  "validation_loss": 0.31485632874748926,
  "best_epoch": 0,
  "best_validation_1_F1": 0.8662420382165106,
  "best_validation_0_F1": 0.8742514970059381,
  "best_validation_accuracy": 0.8703703703703703,
  "best_validation_average_F1": 0.8702467676112243,
  "best_validation_loss": 0.3467765613035722,
  "test_1_F1": 0.8121212121211623,
  "test_0_F1": 0.8050314465408306,
  "test_accuracy": 0.808641975308642,
  "test_average_F1": 0.8085763293309964,
  "test_loss": 0.3685980059883811
}