{
  "peak_cpu_memory_MB": 2643.8,
  "peak_gpu_0_memory_MB": 2506,
  "training_duration": "00:00:45",
  "training_start_epoch": 0,
  "training_epochs": 1,
  "epoch": 1,
  "training_1_F1": 0.8758265980895902,
  "training_0_F1": 0.8657664813343425,
  "training_accuracy": 0.8709923664122138,
  "training_average_F1": 0.8707965397119664,
  "training_loss": 0.31360593474492793,
  "training_cpu_memory_MB": 2643.8,
  "training_gpu_0_memory_MB": 2506,
  "validation_1_F1": 0.8220858895705022,
  "validation_0_F1": 0.8198757763974656,
  "validation_accuracy": 0.8209876543209876,
  "validation_average_F1": 0.8209808329839838,
  "validation_loss": 0.4590704027901996,
  "best_epoch": 0,
  "best_validation_1_F1": 0.8484848484847984,
  "best_validation_0_F1": 0.8427672955974342,
  "best_validation_accuracy": 0.845679012345679,
  "best_validation_average_F1": 0.8456260720411164,
  "best_validation_loss": 0.367850506847555
}