{
  "peak_cpu_memory_MB": 2643.8,
  "peak_gpu_0_memory_MB": 1241,
  "training_duration": "00:00:22",
  "training_start_epoch": 0,
  "training_epochs": 0,
  "epoch": 0,
  "training_1_F1": 0.7385524372229929,
  "training_0_F1": 0.7203791469193814,
  "training_accuracy": 0.7297709923664122,
  "training_average_F1": 0.7294657920711871,
  "training_loss": 0.5463446122480602,
  "training_cpu_memory_MB": 2643.8,
  "training_gpu_0_memory_MB": 1241,
  "validation_1_F1": 0.8484848484847984,
  "validation_0_F1": 0.8427672955974342,
  "validation_accuracy": 0.845679012345679,
  "validation_average_F1": 0.8456260720411164,
  "validation_loss": 0.367850506847555,
  "best_epoch": 0,
  "best_validation_1_F1": 0.8484848484847984,
  "best_validation_0_F1": 0.8427672955974342,
  "best_validation_accuracy": 0.845679012345679,
  "best_validation_average_F1": 0.8456260720411164,
  "best_validation_loss": 0.367850506847555
}