{
  "peak_cpu_memory_MB": 2643.8,
  "peak_gpu_0_memory_MB": 2506,
  "training_duration": "00:01:08",
  "training_start_epoch": 0,
  "training_epochs": 2,
  "epoch": 2,
  "training_1_F1": 0.9430284857570715,
  "training_0_F1": 0.9409020217728894,
  "training_accuracy": 0.9419847328244275,
  "training_average_F1": 0.9419652537649805,
  "training_loss": 0.1797889551920135,
  "training_cpu_memory_MB": 2643.8,
  "training_gpu_0_memory_MB": 2506,
  "validation_1_F1": 0.8402366863904827,
  "validation_0_F1": 0.8258064516128534,
  "validation_accuracy": 0.8333333333333334,
  "validation_average_F1": 0.833021569001668,
  "validation_loss": 0.597557008266449,
  "best_epoch": 0,
  "best_validation_1_F1": 0.8484848484847984,
  "best_validation_0_F1": 0.8427672955974342,
  "best_validation_accuracy": 0.845679012345679,
  "best_validation_average_F1": 0.8456260720411164,
  "best_validation_loss": 0.367850506847555
}