{
  "peak_cpu_memory_MB": 5767.952,
  "peak_gpu_0_memory_MB": 11,
  "peak_gpu_1_memory_MB": 11,
  "peak_gpu_2_memory_MB": 11,
  "peak_gpu_3_memory_MB": 11,
  "peak_gpu_4_memory_MB": 11,
  "peak_gpu_5_memory_MB": 11,
  "peak_gpu_6_memory_MB": 1894,
  "peak_gpu_7_memory_MB": 11,
  "peak_gpu_8_memory_MB": 11,
  "peak_gpu_9_memory_MB": 11,
  "peak_gpu_10_memory_MB": 11,
  "peak_gpu_11_memory_MB": 11,
  "peak_gpu_12_memory_MB": 11,
  "peak_gpu_13_memory_MB": 11,
  "peak_gpu_14_memory_MB": 11,
  "peak_gpu_15_memory_MB": 11,
  "training_duration": "00:01:04",
  "training_start_epoch": 0,
  "training_epochs": 1,
  "epoch": 1,
  "training_1_P": 0.8753623188405797,
  "training_1_R": 0.9221374045801527,
  "training_1_F1": 0.8981412639404706,
  "training_0_P": 0.917741935483871,
  "training_0_R": 0.8687022900763359,
  "training_0_F1": 0.8925490196077932,
  "training_accuracy": 0.8954198473282443,
  "training_average_F1": 0.8953451417741318,
  "training_loss": 0.28045467659831047,
  "training_cpu_memory_MB": 5767.952,
  "training_gpu_0_memory_MB": 11,
  "training_gpu_1_memory_MB": 11,
  "training_gpu_2_memory_MB": 11,
  "training_gpu_3_memory_MB": 11,
  "training_gpu_4_memory_MB": 11,
  "training_gpu_5_memory_MB": 11,
  "training_gpu_6_memory_MB": 1894,
  "training_gpu_7_memory_MB": 11,
  "training_gpu_8_memory_MB": 11,
  "training_gpu_9_memory_MB": 11,
  "training_gpu_10_memory_MB": 11,
  "training_gpu_11_memory_MB": 11,
  "training_gpu_12_memory_MB": 11,
  "training_gpu_13_memory_MB": 11,
  "training_gpu_14_memory_MB": 11,
  "training_gpu_15_memory_MB": 11,
  "validation_1_P": 0.8709677419354839,
  "validation_1_R": 0.6666666666666666,
  "validation_1_F1": 0.7552447552447061,
  "validation_0_P": 0.73,
  "validation_0_R": 0.9012345679012346,
  "validation_0_F1": 0.8066298342540942,
  "validation_accuracy": 0.7839506172839507,
  "validation_average_F1": 0.7809372947494002,
  "validation_loss": 0.4434263218532909,
  "best_epoch": 1,
  "best_validation_1_P": 0.8709677419354839,
  "best_validation_1_R": 0.6666666666666666,
  "best_validation_1_F1": 0.7552447552447061,
  "best_validation_0_P": 0.73,
  "best_validation_0_R": 0.9012345679012346,
  "best_validation_0_F1": 0.8066298342540942,
  "best_validation_accuracy": 0.7839506172839507,
  "best_validation_average_F1": 0.7809372947494002,
  "best_validation_loss": 0.4434263218532909
}