{
  "peak_cpu_memory_MB": 2657.144,
  "peak_gpu_0_memory_MB": 11,
  "peak_gpu_1_memory_MB": 11,
  "peak_gpu_2_memory_MB": 11,
  "peak_gpu_3_memory_MB": 11,
  "peak_gpu_4_memory_MB": 11,
  "peak_gpu_5_memory_MB": 11,
  "peak_gpu_6_memory_MB": 3432,
  "peak_gpu_7_memory_MB": 11,
  "peak_gpu_8_memory_MB": 11,
  "peak_gpu_9_memory_MB": 11,
  "peak_gpu_10_memory_MB": 11,
  "peak_gpu_11_memory_MB": 11,
  "peak_gpu_12_memory_MB": 11,
  "peak_gpu_13_memory_MB": 11,
  "peak_gpu_14_memory_MB": 7789,
  "peak_gpu_15_memory_MB": 4911,
  "training_duration": "00:01:59",
  "training_start_epoch": 0,
  "training_epochs": 3,
  "epoch": 3,
  "training_1_F1": 0.9794364051789295,
  "training_0_F1": 0.9793420045906156,
  "training_accuracy": 0.9793893129770992,
  "training_average_F1": 0.9793892048847725,
  "training_loss": 0.05386596180146515,
  "training_cpu_memory_MB": 2657.144,
  "training_gpu_0_memory_MB": 11,
  "training_gpu_1_memory_MB": 11,
  "training_gpu_2_memory_MB": 11,
  "training_gpu_3_memory_MB": 11,
  "training_gpu_4_memory_MB": 11,
  "training_gpu_5_memory_MB": 11,
  "training_gpu_6_memory_MB": 3432,
  "training_gpu_7_memory_MB": 11,
  "training_gpu_8_memory_MB": 11,
  "training_gpu_9_memory_MB": 11,
  "training_gpu_10_memory_MB": 11,
  "training_gpu_11_memory_MB": 11,
  "training_gpu_12_memory_MB": 11,
  "training_gpu_13_memory_MB": 11,
  "training_gpu_14_memory_MB": 7789,
  "training_gpu_15_memory_MB": 4911,
  "validation_1_F1": 0.8108108108107612,
  "validation_0_F1": 0.8409090909090413,
  "validation_accuracy": 0.8271604938271605,
  "validation_average_F1": 0.8258599508599013,
  "validation_loss": 0.7093200233172287,
  "best_epoch": 1,
  "best_validation_1_F1": 0.8383233532933633,
  "best_validation_0_F1": 0.8280254777069566,
  "best_validation_accuracy": 0.8333333333333334,
  "best_validation_average_F1": 0.8331744155001599,
  "best_validation_loss": 0.5028591359203513,
  "test_1_F1": 0.8606060606060106,
  "test_0_F1": 0.8553459119496356,
  "test_accuracy": 0.8580246913580247,
  "test_average_F1": 0.8579759862778231,
  "test_loss": 0.3242806561968543
}