{
  "peak_cpu_memory_MB": 4427.808,
  "peak_gpu_0_memory_MB": 11,
  "peak_gpu_1_memory_MB": 11,
  "peak_gpu_2_memory_MB": 11,
  "peak_gpu_3_memory_MB": 11,
  "peak_gpu_4_memory_MB": 11,
  "peak_gpu_5_memory_MB": 11,
  "peak_gpu_6_memory_MB": 11,
  "peak_gpu_7_memory_MB": 8326,
  "peak_gpu_8_memory_MB": 11,
  "peak_gpu_9_memory_MB": 11,
  "peak_gpu_10_memory_MB": 11,
  "peak_gpu_11_memory_MB": 11,
  "peak_gpu_12_memory_MB": 11,
  "peak_gpu_13_memory_MB": 11,
  "peak_gpu_14_memory_MB": 11,
  "peak_gpu_15_memory_MB": 11,
  "training_duration": "00:04:01",
  "training_start_epoch": 0,
  "training_epochs": 2,
  "epoch": 2,
  "training_1_F1": 0.918429003021098,
  "training_0_F1": 0.9166666666666167,
  "training_accuracy": 0.917557251908397,
  "training_average_F1": 0.9175478348438573,
  "training_loss": 0.29901455579007546,
  "training_cpu_memory_MB": 4427.808,
  "training_gpu_0_memory_MB": 11,
  "training_gpu_1_memory_MB": 11,
  "training_gpu_2_memory_MB": 11,
  "training_gpu_3_memory_MB": 11,
  "training_gpu_4_memory_MB": 11,
  "training_gpu_5_memory_MB": 11,
  "training_gpu_6_memory_MB": 11,
  "training_gpu_7_memory_MB": 8326,
  "training_gpu_8_memory_MB": 11,
  "training_gpu_9_memory_MB": 11,
  "training_gpu_10_memory_MB": 11,
  "training_gpu_11_memory_MB": 11,
  "training_gpu_12_memory_MB": 11,
  "training_gpu_13_memory_MB": 11,
  "training_gpu_14_memory_MB": 11,
  "training_gpu_15_memory_MB": 11,
  "validation_1_F1": 0.8220858895705022,
  "validation_0_F1": 0.8198757763974656,
  "validation_accuracy": 0.8209876543209876,
  "validation_average_F1": 0.8209808329839838,
  "validation_loss": 0.40028882839462976,
  "best_epoch": 0,
  "best_validation_1_F1": 0.8198757763974656,
  "best_validation_0_F1": 0.8220858895705022,
  "best_validation_accuracy": 0.8209876543209876,
  "best_validation_average_F1": 0.8209808329839838,
  "best_validation_loss": 0.4323259808800437,
  "test_1_F1": 0.8407643312101413,
  "test_0_F1": 0.8502994011975549,
  "test_accuracy": 0.845679012345679,
  "test_average_F1": 0.845531866203848,
  "test_loss": 0.4467789043079723
}