{
  "peak_cpu_memory_MB": 3094.908,
  "peak_gpu_0_memory_MB": 11,
  "peak_gpu_1_memory_MB": 6059,
  "peak_gpu_2_memory_MB": 11,
  "peak_gpu_3_memory_MB": 11,
  "peak_gpu_4_memory_MB": 11,
  "peak_gpu_5_memory_MB": 11,
  "peak_gpu_6_memory_MB": 11,
  "peak_gpu_7_memory_MB": 11,
  "peak_gpu_8_memory_MB": 11,
  "peak_gpu_9_memory_MB": 11,
  "peak_gpu_10_memory_MB": 11,
  "peak_gpu_11_memory_MB": 11,
  "peak_gpu_12_memory_MB": 11,
  "peak_gpu_13_memory_MB": 11,
  "peak_gpu_14_memory_MB": 11,
  "peak_gpu_15_memory_MB": 11,
  "training_duration": "00:05:12",
  "training_start_epoch": 0,
  "training_epochs": 6,
  "epoch": 6,
  "training_1_F1": 0.9893129770991866,
  "training_0_F1": 0.9893129770991866,
  "training_accuracy": 0.9893129770992366,
  "training_average_F1": 0.9893129770991866,
  "training_loss": 0.03723377056374419,
  "training_cpu_memory_MB": 3094.908,
  "training_gpu_0_memory_MB": 11,
  "training_gpu_1_memory_MB": 6059,
  "training_gpu_2_memory_MB": 11,
  "training_gpu_3_memory_MB": 11,
  "training_gpu_4_memory_MB": 11,
  "training_gpu_5_memory_MB": 11,
  "training_gpu_6_memory_MB": 11,
  "training_gpu_7_memory_MB": 11,
  "training_gpu_8_memory_MB": 11,
  "training_gpu_9_memory_MB": 11,
  "training_gpu_10_memory_MB": 11,
  "training_gpu_11_memory_MB": 11,
  "training_gpu_12_memory_MB": 11,
  "training_gpu_13_memory_MB": 11,
  "training_gpu_14_memory_MB": 11,
  "training_gpu_15_memory_MB": 11,
  "validation_1_F1": 0.89171974522288,
  "validation_0_F1": 0.8982035928143214,
  "validation_accuracy": 0.8950617283950617,
  "validation_average_F1": 0.8949616690186006,
  "validation_loss": 0.3412786817008799,
  "best_epoch": 4,
  "best_validation_1_F1": 0.9056603773584406,
  "best_validation_0_F1": 0.9090909090908591,
  "best_validation_accuracy": 0.9074074074074074,
  "best_validation_average_F1": 0.9073756432246498,
  "best_validation_loss": 0.32035156237808143,
  "test_1_F1": 0.7848101265822286,
  "test_0_F1": 0.7951807228915163,
  "test_accuracy": 0.7901234567901234,
  "test_average_F1": 0.7899954247368725,
  "test_loss": 0.5385974469509992
}