{
  "training_duration": "00:18:39",
  "training_start_epoch": 0,
  "training_epochs": 6,
  "epoch": 6,
  "training_1_F1": 0.8522130532632659,
  "training_0_F1": 0.846930846930797,
  "training_accuracy": 0.849618320610687,
  "training_average_F1": 0.8495719500970315,
  "training_loss": 0.49117713839542576,
  "validation_1_F1": 0.7898089171974022,
  "validation_0_F1": 0.8023952095807884,
  "validation_accuracy": 0.7962962962962963,
  "validation_average_F1": 0.7961020633890953,
  "validation_loss": 0.49538406458767975,
  "best_epoch": 5,
  "best_validation_1_F1": 0.8242424242423743,
  "best_validation_0_F1": 0.8176100628930317,
  "best_validation_accuracy": 0.8209876543209876,
  "best_validation_average_F1": 0.8209262435677029,
  "best_validation_loss": 0.46726389906623145
}