{
  "peak_cpu_memory_MB": 3071.116,
  "peak_gpu_0_memory_MB": 2510,
  "training_duration": "00:00:45",
  "training_start_epoch": 0,
  "training_epochs": 1,
  "epoch": 1,
  "training_1_F1": 0.944277108433685,
  "training_0_F1": 0.9427244582042844,
  "training_accuracy": 0.9435114503816794,
  "training_average_F1": 0.9435007833189847,
  "training_loss": 0.17095491744396163,
  "training_cpu_memory_MB": 3071.116,
  "training_gpu_0_memory_MB": 2510,
  "validation_1_F1": 0.7567567567567072,
  "validation_0_F1": 0.7954545454544958,
  "validation_accuracy": 0.7777777777777778,
  "validation_average_F1": 0.7761056511056015,
  "validation_loss": 0.5440150174227628,
  "best_epoch": 0,
  "best_validation_1_F1": 0.7926829268292183,
  "best_validation_0_F1": 0.7874999999999501,
  "best_validation_accuracy": 0.7901234567901234,
  "best_validation_average_F1": 0.7900914634145841,
  "best_validation_loss": 0.48011465099724854,
  "test_1_F1": 0.8536585365853159,
  "test_0_F1": 0.8499999999999501,
  "test_accuracy": 0.8518518518518519,
  "test_average_F1": 0.851829268292633,
  "test_loss": 0.35988330434669147
}