{
  "peak_cpu_memory_MB": 2223.784,
  "peak_gpu_0_memory_MB": 726,
  "peak_gpu_1_memory_MB": 11082,
  "peak_gpu_2_memory_MB": 11,
  "peak_gpu_3_memory_MB": 11,
  "peak_gpu_4_memory_MB": 11,
  "peak_gpu_5_memory_MB": 11,
  "peak_gpu_6_memory_MB": 11,
  "peak_gpu_7_memory_MB": 11,
  "peak_gpu_8_memory_MB": 11,
  "peak_gpu_9_memory_MB": 11,
  "peak_gpu_10_memory_MB": 11,
  "peak_gpu_11_memory_MB": 11,
  "peak_gpu_12_memory_MB": 11,
  "peak_gpu_13_memory_MB": 11,
  "peak_gpu_14_memory_MB": 11,
  "peak_gpu_15_memory_MB": 11,
  "training_duration": "00:00:21",
  "training_start_epoch": 0,
  "training_epochs": 0,
  "epoch": 0,
  "training_1_P": 0.7388888888888889,
  "training_1_R": 0.8122137404580153,
  "training_1_F1": 0.773818181818132,
  "training_0_P": 0.7915254237288135,
  "training_0_R": 0.7129770992366412,
  "training_0_F1": 0.7502008032128015,
  "training_accuracy": 0.7625954198473283,
  "training_average_F1": 0.7620094925154668,
  "training_loss": 0.49145647229217904,
  "training_cpu_memory_MB": 2223.784,
  "training_gpu_0_memory_MB": 726,
  "training_gpu_1_memory_MB": 11082,
  "training_gpu_2_memory_MB": 11,
  "training_gpu_3_memory_MB": 11,
  "training_gpu_4_memory_MB": 11,
  "training_gpu_5_memory_MB": 11,
  "training_gpu_6_memory_MB": 11,
  "training_gpu_7_memory_MB": 11,
  "training_gpu_8_memory_MB": 11,
  "training_gpu_9_memory_MB": 11,
  "training_gpu_10_memory_MB": 11,
  "training_gpu_11_memory_MB": 11,
  "training_gpu_12_memory_MB": 11,
  "training_gpu_13_memory_MB": 11,
  "training_gpu_14_memory_MB": 11,
  "training_gpu_15_memory_MB": 11,
  "validation_1_P": 0.7448979591836735,
  "validation_1_R": 0.9012345679012346,
  "validation_1_F1": 0.8156424581005092,
  "validation_0_P": 0.875,
  "validation_0_R": 0.691358024691358,
  "validation_0_F1": 0.7724137931033991,
  "validation_accuracy": 0.7962962962962963,
  "validation_average_F1": 0.7940281256019541,
  "validation_loss": 0.41621350429274817,
  "best_epoch": 0,
  "best_validation_1_P": 0.7448979591836735,
  "best_validation_1_R": 0.9012345679012346,
  "best_validation_1_F1": 0.8156424581005092,
  "best_validation_0_P": 0.875,
  "best_validation_0_R": 0.691358024691358,
  "best_validation_0_F1": 0.7724137931033991,
  "best_validation_accuracy": 0.7962962962962963,
  "best_validation_average_F1": 0.7940281256019541,
  "best_validation_loss": 0.41621350429274817
}