{
  "peak_cpu_memory_MB": 3069.868,
  "peak_gpu_0_memory_MB": 2510,
  "training_duration": "00:05:25",
  "training_start_epoch": 0,
  "training_epochs": 12,
  "epoch": 12,
  "training_1_P": 0.9300595238095238,
  "training_1_R": 0.9541984732824428,
  "training_1_F1": 0.9419743782968605,
  "training_0_P": 0.9529780564263323,
  "training_0_R": 0.9282442748091603,
  "training_0_F1": 0.9404485692188208,
  "training_accuracy": 0.9412213740458015,
  "training_average_F1": 0.9412114737578406,
  "training_loss": 0.18536511127178262,
  "training_cpu_memory_MB": 3069.868,
  "training_gpu_0_memory_MB": 2510,
  "validation_1_P": 0.8536585365853658,
  "validation_1_R": 0.8641975308641975,
  "validation_1_F1": 0.8588957055214225,
  "validation_0_P": 0.8625,
  "validation_0_R": 0.8518518518518519,
  "validation_0_F1": 0.8571428571428072,
  "validation_accuracy": 0.8580246913580247,
  "validation_average_F1": 0.8580192813321148,
  "validation_loss": 0.33476085419004614,
  "best_epoch": 9,
  "best_validation_1_P": 0.8674698795180723,
  "best_validation_1_R": 0.8888888888888888,
  "best_validation_1_F1": 0.8780487804877548,
  "best_validation_0_P": 0.8860759493670886,
  "best_validation_0_R": 0.8641975308641975,
  "best_validation_0_F1": 0.8749999999999499,
  "best_validation_accuracy": 0.8765432098765432,
  "best_validation_average_F1": 0.8765243902438524,
  "best_validation_loss": 0.31911420957608655,
  "test_1_P": 0.8414634146341463,
  "test_1_R": 0.8518518518518519,
  "test_1_F1": 0.8466257668711156,
  "test_0_P": 0.85,
  "test_0_R": 0.8395061728395061,
  "test_0_F1": 0.84472049689436,
  "test_accuracy": 0.845679012345679,
  "test_average_F1": 0.8456731318827377,
  "test_loss": 0.48882775618271396
}