{
  "peak_cpu_memory_MB": 2655.804,
  "peak_gpu_0_memory_MB": 11,
  "peak_gpu_1_memory_MB": 11,
  "peak_gpu_2_memory_MB": 11,
  "peak_gpu_3_memory_MB": 11,
  "peak_gpu_4_memory_MB": 11,
  "peak_gpu_5_memory_MB": 11,
  "peak_gpu_6_memory_MB": 3452,
  "peak_gpu_7_memory_MB": 11,
  "peak_gpu_8_memory_MB": 11,
  "peak_gpu_9_memory_MB": 11,
  "peak_gpu_10_memory_MB": 11,
  "peak_gpu_11_memory_MB": 11,
  "peak_gpu_12_memory_MB": 11,
  "peak_gpu_13_memory_MB": 11,
  "peak_gpu_14_memory_MB": 7789,
  "peak_gpu_15_memory_MB": 4911,
  "training_duration": "00:02:33",
  "training_start_epoch": 0,
  "training_epochs": 4,
  "epoch": 4,
  "training_1_F1": 0.9870327993897289,
  "training_0_F1": 0.987012987012937,
  "training_accuracy": 0.9870229007633587,
  "training_average_F1": 0.987022893201333,
  "training_loss": 0.03723180264507125,
  "training_cpu_memory_MB": 2655.804,
  "training_gpu_0_memory_MB": 11,
  "training_gpu_1_memory_MB": 11,
  "training_gpu_2_memory_MB": 11,
  "training_gpu_3_memory_MB": 11,
  "training_gpu_4_memory_MB": 11,
  "training_gpu_5_memory_MB": 11,
  "training_gpu_6_memory_MB": 3452,
  "training_gpu_7_memory_MB": 11,
  "training_gpu_8_memory_MB": 11,
  "training_gpu_9_memory_MB": 11,
  "training_gpu_10_memory_MB": 11,
  "training_gpu_11_memory_MB": 11,
  "training_gpu_12_memory_MB": 11,
  "training_gpu_13_memory_MB": 11,
  "training_gpu_14_memory_MB": 7789,
  "training_gpu_15_memory_MB": 4911,
  "validation_1_F1": 0.8502994011975549,
  "validation_0_F1": 0.8407643312101413,
  "validation_accuracy": 0.845679012345679,
  "validation_average_F1": 0.845531866203848,
  "validation_loss": 0.7675519971684976,
  "best_epoch": 2,
  "best_validation_1_F1": 0.860759493670836,
  "best_validation_0_F1": 0.8674698795180223,
  "best_validation_accuracy": 0.8641975308641975,
  "best_validation_average_F1": 0.8641146865944291,
  "best_validation_loss": 0.41941578821702435,
  "test_1_F1": 0.7866666666666171,
  "test_0_F1": 0.8160919540229388,
  "test_accuracy": 0.8024691358024691,
  "test_average_F1": 0.8013793103447779,
  "test_loss": 0.5568941723216664
}