{
  "peak_cpu_memory_MB": 2642.952,
  "peak_gpu_0_memory_MB": 2594,
  "training_duration": "00:12:08",
  "training_start_epoch": 0,
  "training_epochs": 28,
  "epoch": 28,
  "training_1_P": 0.9313868613138686,
  "training_1_R": 0.9740458015267176,
  "training_1_F1": 0.9522388059700994,
  "training_0_P": 0.9728,
  "training_0_R": 0.9282442748091603,
  "training_0_F1": 0.94999999999995,
  "training_accuracy": 0.9511450381679389,
  "training_average_F1": 0.9511194029850247,
  "training_loss": 0.17201485989115586,
  "training_cpu_memory_MB": 2642.952,
  "training_gpu_0_memory_MB": 2594,
  "validation_1_P": 0.8142857142857143,
  "validation_1_R": 0.7037037037037037,
  "validation_1_F1": 0.7549668874171688,
  "validation_0_P": 0.7391304347826086,
  "validation_0_R": 0.8395061728395061,
  "validation_0_F1": 0.7861271676300081,
  "validation_accuracy": 0.7716049382716049,
  "validation_average_F1": 0.7705470275235884,
  "validation_loss": 0.7386519990184091,
  "best_epoch": 25,
  "best_validation_1_P": 0.813953488372093,
  "best_validation_1_R": 0.8641975308641975,
  "best_validation_1_F1": 0.8383233532933633,
  "best_validation_0_P": 0.8552631578947368,
  "best_validation_0_R": 0.8024691358024691,
  "best_validation_0_F1": 0.8280254777069566,
  "best_validation_accuracy": 0.8333333333333334,
  "best_validation_average_F1": 0.8331744155001599,
  "best_validation_loss": 0.45728388835083356,
  "test_1_P": 0.7590361445783133,
  "test_1_R": 0.7777777777777778,
  "test_1_F1": 0.7682926829267793,
  "test_0_P": 0.7721518987341772,
  "test_0_R": 0.7530864197530864,
  "test_0_F1": 0.76249999999995,
  "test_accuracy": 0.7654320987654321,
  "test_average_F1": 0.7653963414633647,
  "test_loss": 0.5974711308425124
}