{
  "training_duration": "00:04:58",
  "training_start_epoch": 0,
  "training_epochs": 5,
  "epoch": 5,
  "training_1_F1": 0.810966810966761,
  "training_0_F1": 0.787682333873532,
  "training_accuracy": 0.8,
  "training_average_F1": 0.7993245724201465,
  "training_loss": 0.5701122207612526,
  "validation_1_F1": 0.8045977011493756,
  "validation_0_F1": 0.7733333333332837,
  "validation_accuracy": 0.7901234567901234,
  "validation_average_F1": 0.7889655172413297,
  "validation_loss": 0.5112487484108318,
  "best_epoch": 4,
  "best_validation_1_F1": 0.7999999999999502,
  "best_validation_0_F1": 0.7792207792207294,
  "best_validation_accuracy": 0.7901234567901234,
  "best_validation_average_F1": 0.7896103896103398,
  "best_validation_loss": 0.5674214363098145
}