{
  "training_duration": "00:02:24",
  "training_start_epoch": 0,
  "training_epochs": 2,
  "epoch": 2,
  "training_1_F1": 0.7510791366905977,
  "training_0_F1": 0.7186991869918201,
  "training_accuracy": 0.7358778625954199,
  "training_average_F1": 0.7348891618412089,
  "training_loss": 0.6607550418958431,
  "validation_1_F1": 0.7439024390243403,
  "validation_0_F1": 0.73749999999995,
  "validation_accuracy": 0.7407407407407407,
  "validation_average_F1": 0.7407012195121452,
  "validation_loss": 0.5918799909678373,
  "best_epoch": 2,
  "best_validation_1_F1": 0.7439024390243403,
  "best_validation_0_F1": 0.73749999999995,
  "best_validation_accuracy": 0.7407407407407407,
  "best_validation_average_F1": 0.7407012195121452,
  "best_validation_loss": 0.5918799909678373
}