{
  "training_duration": "00:05:46",
  "training_start_epoch": 0,
  "training_epochs": 6,
  "epoch": 6,
  "training_1_F1": 0.835646457268029,
  "training_0_F1": 0.8201438848920365,
  "training_accuracy": 0.8282442748091603,
  "training_average_F1": 0.8278951710800327,
  "training_loss": 0.553493998036152,
  "validation_1_F1": 0.8295454545454048,
  "validation_0_F1": 0.7972972972972477,
  "validation_accuracy": 0.8148148148148148,
  "validation_average_F1": 0.8134213759213262,
  "validation_loss": 0.5325682732191953,
  "best_epoch": 6,
  "best_validation_1_F1": 0.8295454545454048,
  "best_validation_0_F1": 0.7972972972972477,
  "best_validation_accuracy": 0.8148148148148148,
  "best_validation_average_F1": 0.8134213759213262,
  "best_validation_loss": 0.5325682732191953
}