{
  "training_duration": "00:01:34",
  "training_start_epoch": 0,
  "training_epochs": 1,
  "epoch": 1,
  "training_1_F1": 0.7183787561145556,
  "training_0_F1": 0.6610597140453669,
  "training_accuracy": 0.6923664122137405,
  "training_average_F1": 0.6897192350799612,
  "training_loss": 0.6954677664652104,
  "validation_1_F1": 0.6962025316455197,
  "validation_0_F1": 0.7108433734939261,
  "validation_accuracy": 0.7037037037037037,
  "validation_average_F1": 0.7035229525697229,
  "validation_loss": 0.64414151690223,
  "best_epoch": 1,
  "best_validation_1_F1": 0.6962025316455197,
  "best_validation_0_F1": 0.7108433734939261,
  "best_validation_accuracy": 0.7037037037037037,
  "best_validation_average_F1": 0.7035229525697229,
  "best_validation_loss": 0.64414151690223
}