{
  "training_duration": "00:04:05",
  "training_start_epoch": 0,
  "training_epochs": 4,
  "epoch": 4,
  "training_1_F1": 0.8040201005024628,
  "training_0_F1": 0.7775061124693879,
  "training_accuracy": 0.7916030534351145,
  "training_average_F1": 0.7907631064859253,
  "training_loss": 0.595442905295186,
  "validation_1_F1": 0.7999999999999502,
  "validation_0_F1": 0.7792207792207294,
  "validation_accuracy": 0.7901234567901234,
  "validation_average_F1": 0.7896103896103398,
  "validation_loss": 0.5674214363098145,
  "best_epoch": 4,
  "best_validation_1_F1": 0.7999999999999502,
  "best_validation_0_F1": 0.7792207792207294,
  "best_validation_accuracy": 0.7901234567901234,
  "best_validation_average_F1": 0.7896103896103398,
  "best_validation_loss": 0.5674214363098145
}