{
  "training_duration": "00:06:37",
  "training_start_epoch": 0,
  "training_epochs": 7,
  "epoch": 7,
  "training_1_F1": 0.8486603910209495,
  "training_0_F1": 0.8313155770782392,
  "training_accuracy": 0.8404580152671756,
  "training_average_F1": 0.8399879840495943,
  "training_loss": 0.5315209485408736,
  "validation_1_F1": 0.8187134502923479,
  "validation_0_F1": 0.797385620914983,
  "validation_accuracy": 0.808641975308642,
  "validation_average_F1": 0.8080495356036654,
  "validation_loss": 0.5326661684296348,
  "best_epoch": 6,
  "best_validation_1_F1": 0.8295454545454048,
  "best_validation_0_F1": 0.7972972972972477,
  "best_validation_accuracy": 0.8148148148148148,
  "best_validation_average_F1": 0.8134213759213262,
  "best_validation_loss": 0.5325682732191953
}