{
  "training_duration": "00:00:46",
  "training_start_epoch": 0,
  "training_epochs": 0,
  "epoch": 0,
  "training_1_F1": 0.6608391608391138,
  "training_0_F1": 0.35619469026544676,
  "training_accuracy": 0.5557251908396946,
  "training_average_F1": 0.5085169255522802,
  "training_loss": 0.7261692096547383,
  "validation_1_F1": 0.7100591715975831,
  "validation_0_F1": 0.6838709677418857,
  "validation_accuracy": 0.6975308641975309,
  "validation_average_F1": 0.6969650696697345,
  "validation_loss": 0.6672839413989674,
  "best_epoch": 0,
  "best_validation_1_F1": 0.7100591715975831,
  "best_validation_0_F1": 0.6838709677418857,
  "best_validation_accuracy": 0.6975308641975309,
  "best_validation_average_F1": 0.6969650696697345,
  "best_validation_loss": 0.6672839413989674
}