{
  "peak_cpu_memory_MB": 5770.1,
  "peak_gpu_0_memory_MB": 11,
  "peak_gpu_1_memory_MB": 11,
  "peak_gpu_2_memory_MB": 11,
  "peak_gpu_3_memory_MB": 11,
  "peak_gpu_4_memory_MB": 11,
  "peak_gpu_5_memory_MB": 11,
  "peak_gpu_6_memory_MB": 1906,
  "peak_gpu_7_memory_MB": 11,
  "peak_gpu_8_memory_MB": 11,
  "peak_gpu_9_memory_MB": 11,
  "peak_gpu_10_memory_MB": 11,
  "peak_gpu_11_memory_MB": 2324,
  "peak_gpu_12_memory_MB": 11,
  "peak_gpu_13_memory_MB": 11,
  "peak_gpu_14_memory_MB": 11,
  "peak_gpu_15_memory_MB": 11,
  "training_duration": "00:01:04",
  "training_start_epoch": 0,
  "training_epochs": 1,
  "epoch": 1,
  "training_1_P": 0.8713450292397661,
  "training_1_R": 0.9099236641221374,
  "training_1_F1": 0.8902165795369179,
  "training_0_P": 0.9057507987220448,
  "training_0_R": 0.8656488549618321,
  "training_0_F1": 0.8852459016392944,
  "training_accuracy": 0.8877862595419848,
  "training_average_F1": 0.8877312405881062,
  "training_loss": 0.2862307842730022,
  "training_cpu_memory_MB": 5770.1,
  "training_gpu_0_memory_MB": 11,
  "training_gpu_1_memory_MB": 11,
  "training_gpu_2_memory_MB": 11,
  "training_gpu_3_memory_MB": 11,
  "training_gpu_4_memory_MB": 11,
  "training_gpu_5_memory_MB": 11,
  "training_gpu_6_memory_MB": 1906,
  "training_gpu_7_memory_MB": 11,
  "training_gpu_8_memory_MB": 11,
  "training_gpu_9_memory_MB": 11,
  "training_gpu_10_memory_MB": 11,
  "training_gpu_11_memory_MB": 2324,
  "training_gpu_12_memory_MB": 11,
  "training_gpu_13_memory_MB": 11,
  "training_gpu_14_memory_MB": 11,
  "training_gpu_15_memory_MB": 11,
  "validation_1_P": 0.8888888888888888,
  "validation_1_R": 0.7901234567901234,
  "validation_1_F1": 0.8366013071894927,
  "validation_0_P": 0.8111111111111111,
  "validation_0_R": 0.9012345679012346,
  "validation_0_F1": 0.8538011695905934,
  "validation_accuracy": 0.845679012345679,
  "validation_average_F1": 0.845201238390043,
  "validation_loss": 0.3964153135364706,
  "best_epoch": 1,
  "best_validation_1_P": 0.8888888888888888,
  "best_validation_1_R": 0.7901234567901234,
  "best_validation_1_F1": 0.8366013071894927,
  "best_validation_0_P": 0.8111111111111111,
  "best_validation_0_R": 0.9012345679012346,
  "best_validation_0_F1": 0.8538011695905934,
  "best_validation_accuracy": 0.845679012345679,
  "best_validation_average_F1": 0.845201238390043,
  "best_validation_loss": 0.3964153135364706
}