{
  "peak_cpu_memory_MB": 5770.1,
  "peak_gpu_0_memory_MB": 11,
  "peak_gpu_1_memory_MB": 11,
  "peak_gpu_2_memory_MB": 11,
  "peak_gpu_3_memory_MB": 11,
  "peak_gpu_4_memory_MB": 11,
  "peak_gpu_5_memory_MB": 11,
  "peak_gpu_6_memory_MB": 1924,
  "peak_gpu_7_memory_MB": 11,
  "peak_gpu_8_memory_MB": 11,
  "peak_gpu_9_memory_MB": 11,
  "peak_gpu_10_memory_MB": 11,
  "peak_gpu_11_memory_MB": 2700,
  "peak_gpu_12_memory_MB": 11,
  "peak_gpu_13_memory_MB": 11,
  "peak_gpu_14_memory_MB": 11,
  "peak_gpu_15_memory_MB": 11,
  "training_duration": "00:03:09",
  "training_start_epoch": 0,
  "training_epochs": 4,
  "epoch": 4,
  "training_1_P": 0.9969512195121951,
  "training_1_R": 0.9984732824427481,
  "training_1_F1": 0.9977116704804992,
  "training_0_P": 0.9984709480122325,
  "training_0_R": 0.9969465648854962,
  "training_0_F1": 0.9977081741787125,
  "training_accuracy": 0.9977099236641221,
  "training_average_F1": 0.9977099223296059,
  "training_loss": 0.01767410444402386,
  "training_cpu_memory_MB": 5770.1,
  "training_gpu_0_memory_MB": 11,
  "training_gpu_1_memory_MB": 11,
  "training_gpu_2_memory_MB": 11,
  "training_gpu_3_memory_MB": 11,
  "training_gpu_4_memory_MB": 11,
  "training_gpu_5_memory_MB": 11,
  "training_gpu_6_memory_MB": 1924,
  "training_gpu_7_memory_MB": 11,
  "training_gpu_8_memory_MB": 11,
  "training_gpu_9_memory_MB": 11,
  "training_gpu_10_memory_MB": 11,
  "training_gpu_11_memory_MB": 2700,
  "training_gpu_12_memory_MB": 11,
  "training_gpu_13_memory_MB": 11,
  "training_gpu_14_memory_MB": 11,
  "training_gpu_15_memory_MB": 11,
  "validation_1_P": 0.8481012658227848,
  "validation_1_R": 0.8271604938271605,
  "validation_1_F1": 0.83749999999995,
  "validation_0_P": 0.8313253012048193,
  "validation_0_R": 0.8518518518518519,
  "validation_0_F1": 0.8414634146340965,
  "validation_accuracy": 0.8395061728395061,
  "validation_average_F1": 0.8394817073170232,
  "validation_loss": 0.6054021217436953,
  "best_epoch": 2,
  "best_validation_1_P": 0.9027777777777778,
  "best_validation_1_R": 0.8024691358024691,
  "best_validation_1_F1": 0.8496732026143293,
  "best_validation_0_P": 0.8222222222222222,
  "best_validation_0_R": 0.9135802469135802,
  "best_validation_0_F1": 0.865497076023342,
  "best_validation_accuracy": 0.8580246913580247,
  "best_validation_average_F1": 0.8575851393188356,
  "best_validation_loss": 0.41157020086591894
}