{
  "peak_cpu_memory_MB": 1858.648,
  "peak_gpu_0_memory_MB": 11,
  "peak_gpu_1_memory_MB": 11082,
  "peak_gpu_2_memory_MB": 352,
  "peak_gpu_3_memory_MB": 11,
  "peak_gpu_4_memory_MB": 11,
  "peak_gpu_5_memory_MB": 11,
  "peak_gpu_6_memory_MB": 11,
  "peak_gpu_7_memory_MB": 11,
  "peak_gpu_8_memory_MB": 11,
  "peak_gpu_9_memory_MB": 11,
  "peak_gpu_10_memory_MB": 11,
  "peak_gpu_11_memory_MB": 11,
  "peak_gpu_12_memory_MB": 11,
  "peak_gpu_13_memory_MB": 11,
  "peak_gpu_14_memory_MB": 11,
  "peak_gpu_15_memory_MB": 11,
  "training_duration": "00:00:06",
  "training_start_epoch": 0,
  "training_epochs": 4,
  "epoch": 4,
  "training_1_P": 0.9187592319054653,
  "training_1_R": 0.9496183206106871,
  "training_1_F1": 0.9339339339338839,
  "training_0_P": 0.9478672985781991,
  "training_0_R": 0.916030534351145,
  "training_0_F1": 0.9316770186334904,
  "training_accuracy": 0.932824427480916,
  "training_average_F1": 0.9328054762836872,
  "training_loss": 0.19614006124618577,
  "training_cpu_memory_MB": 1858.648,
  "training_gpu_0_memory_MB": 11,
  "training_gpu_1_memory_MB": 11082,
  "training_gpu_2_memory_MB": 352,
  "training_gpu_3_memory_MB": 11,
  "training_gpu_4_memory_MB": 11,
  "training_gpu_5_memory_MB": 11,
  "training_gpu_6_memory_MB": 11,
  "training_gpu_7_memory_MB": 11,
  "training_gpu_8_memory_MB": 11,
  "training_gpu_9_memory_MB": 11,
  "training_gpu_10_memory_MB": 11,
  "training_gpu_11_memory_MB": 11,
  "training_gpu_12_memory_MB": 11,
  "training_gpu_13_memory_MB": 11,
  "training_gpu_14_memory_MB": 11,
  "training_gpu_15_memory_MB": 11,
  "validation_1_P": 0.8214285714285714,
  "validation_1_R": 0.8518518518518519,
  "validation_1_F1": 0.8363636363635865,
  "validation_0_P": 0.8461538461538461,
  "validation_0_R": 0.8148148148148148,
  "validation_0_F1": 0.830188679245233,
  "validation_accuracy": 0.8333333333333334,
  "validation_average_F1": 0.8332761578044097,
  "validation_loss": 0.4142631075598977,
  "best_epoch": 2,
  "best_validation_1_P": 0.8352941176470589,
  "best_validation_1_R": 0.8765432098765432,
  "best_validation_1_F1": 0.855421686746938,
  "best_validation_0_P": 0.8701298701298701,
  "best_validation_0_R": 0.8271604938271605,
  "best_validation_0_F1": 0.8481012658227349,
  "best_validation_accuracy": 0.8518518518518519,
  "best_validation_average_F1": 0.8517614762848364,
  "best_validation_loss": 0.3469546992670406
}