{
  "peak_cpu_memory_MB": 5764.688,
  "peak_gpu_0_memory_MB": 11,
  "peak_gpu_1_memory_MB": 2332,
  "peak_gpu_2_memory_MB": 11,
  "peak_gpu_3_memory_MB": 11,
  "peak_gpu_4_memory_MB": 11,
  "peak_gpu_5_memory_MB": 11,
  "peak_gpu_6_memory_MB": 1894,
  "peak_gpu_7_memory_MB": 11,
  "peak_gpu_8_memory_MB": 11,
  "peak_gpu_9_memory_MB": 11,
  "peak_gpu_10_memory_MB": 11,
  "peak_gpu_11_memory_MB": 2618,
  "peak_gpu_12_memory_MB": 11,
  "peak_gpu_13_memory_MB": 11,
  "peak_gpu_14_memory_MB": 11,
  "peak_gpu_15_memory_MB": 11,
  "training_duration": "00:02:48",
  "training_start_epoch": 0,
  "training_epochs": 4,
  "epoch": 4,
  "training_1_P": 0.9818456883509834,
  "training_1_R": 0.9908396946564886,
  "training_1_F1": 0.9863221884497981,
  "training_0_P": 0.9907550077041603,
  "training_0_R": 0.981679389312977,
  "training_0_F1": 0.986196319018355,
  "training_accuracy": 0.9862595419847329,
  "training_average_F1": 0.9862592537340766,
  "training_loss": 0.04077556921260023,
  "training_cpu_memory_MB": 5764.688,
  "training_gpu_0_memory_MB": 11,
  "training_gpu_1_memory_MB": 2332,
  "training_gpu_2_memory_MB": 11,
  "training_gpu_3_memory_MB": 11,
  "training_gpu_4_memory_MB": 11,
  "training_gpu_5_memory_MB": 11,
  "training_gpu_6_memory_MB": 1894,
  "training_gpu_7_memory_MB": 11,
  "training_gpu_8_memory_MB": 11,
  "training_gpu_9_memory_MB": 11,
  "training_gpu_10_memory_MB": 11,
  "training_gpu_11_memory_MB": 2618,
  "training_gpu_12_memory_MB": 11,
  "training_gpu_13_memory_MB": 11,
  "training_gpu_14_memory_MB": 11,
  "training_gpu_15_memory_MB": 11,
  "validation_1_P": 0.8888888888888888,
  "validation_1_R": 0.8888888888888888,
  "validation_1_F1": 0.8888888888888389,
  "validation_0_P": 0.8888888888888888,
  "validation_0_R": 0.8888888888888888,
  "validation_0_F1": 0.8888888888888389,
  "validation_accuracy": 0.8888888888888888,
  "validation_average_F1": 0.8888888888888389,
  "validation_loss": 0.4020975746891715,
  "best_epoch": 4,
  "best_validation_1_P": 0.8888888888888888,
  "best_validation_1_R": 0.8888888888888888,
  "best_validation_1_F1": 0.8888888888888389,
  "best_validation_0_P": 0.8888888888888888,
  "best_validation_0_R": 0.8888888888888888,
  "best_validation_0_F1": 0.8888888888888389,
  "best_validation_accuracy": 0.8888888888888888,
  "best_validation_average_F1": 0.8888888888888389,
  "best_validation_loss": 0.4020975746891715
}