{
  "peak_cpu_memory_MB": 5764.688,
  "peak_gpu_0_memory_MB": 11,
  "peak_gpu_1_memory_MB": 2728,
  "peak_gpu_2_memory_MB": 11,
  "peak_gpu_3_memory_MB": 11,
  "peak_gpu_4_memory_MB": 11,
  "peak_gpu_5_memory_MB": 11,
  "peak_gpu_6_memory_MB": 1894,
  "peak_gpu_7_memory_MB": 11,
  "peak_gpu_8_memory_MB": 11,
  "peak_gpu_9_memory_MB": 11,
  "peak_gpu_10_memory_MB": 11,
  "peak_gpu_11_memory_MB": 2878,
  "peak_gpu_12_memory_MB": 11,
  "peak_gpu_13_memory_MB": 11,
  "peak_gpu_14_memory_MB": 11,
  "peak_gpu_15_memory_MB": 11,
  "training_duration": "00:06:08",
  "training_start_epoch": 0,
  "training_epochs": 9,
  "epoch": 9,
  "training_1_P": 0.9984756097560976,
  "training_1_R": 1.0,
  "training_1_F1": 0.9992372234934664,
  "training_0_P": 1.0,
  "training_0_R": 0.9984732824427481,
  "training_0_F1": 0.9992360580595376,
  "training_accuracy": 0.999236641221374,
  "training_average_F1": 0.9992366407765021,
  "training_loss": 0.003867138471034151,
  "training_cpu_memory_MB": 5764.688,
  "training_gpu_0_memory_MB": 11,
  "training_gpu_1_memory_MB": 2728,
  "training_gpu_2_memory_MB": 11,
  "training_gpu_3_memory_MB": 11,
  "training_gpu_4_memory_MB": 11,
  "training_gpu_5_memory_MB": 11,
  "training_gpu_6_memory_MB": 1894,
  "training_gpu_7_memory_MB": 11,
  "training_gpu_8_memory_MB": 11,
  "training_gpu_9_memory_MB": 11,
  "training_gpu_10_memory_MB": 11,
  "training_gpu_11_memory_MB": 2878,
  "training_gpu_12_memory_MB": 11,
  "training_gpu_13_memory_MB": 11,
  "training_gpu_14_memory_MB": 11,
  "training_gpu_15_memory_MB": 11,
  "validation_1_P": 0.8539325842696629,
  "validation_1_R": 0.9382716049382716,
  "validation_1_F1": 0.8941176470587735,
  "validation_0_P": 0.9315068493150684,
  "validation_0_R": 0.8395061728395061,
  "validation_0_F1": 0.8831168831168333,
  "validation_accuracy": 0.8888888888888888,
  "validation_average_F1": 0.8886172650878035,
  "validation_loss": 0.5557819156145508,
  "best_epoch": 7,
  "best_validation_1_P": 0.8809523809523809,
  "best_validation_1_R": 0.9135802469135802,
  "best_validation_1_F1": 0.8969696969696469,
  "best_validation_0_P": 0.9102564102564102,
  "best_validation_0_R": 0.8765432098765432,
  "best_validation_0_F1": 0.8930817610062394,
  "best_validation_accuracy": 0.8950617283950617,
  "best_validation_average_F1": 0.8950257289879431,
  "best_validation_loss": 0.4976379884914918
}