{
  "peak_cpu_memory_MB": 5764.688,
  "peak_gpu_0_memory_MB": 11,
  "peak_gpu_1_memory_MB": 2332,
  "peak_gpu_2_memory_MB": 11,
  "peak_gpu_3_memory_MB": 11,
  "peak_gpu_4_memory_MB": 11,
  "peak_gpu_5_memory_MB": 11,
  "peak_gpu_6_memory_MB": 1894,
  "peak_gpu_7_memory_MB": 11,
  "peak_gpu_8_memory_MB": 11,
  "peak_gpu_9_memory_MB": 11,
  "peak_gpu_10_memory_MB": 11,
  "peak_gpu_11_memory_MB": 2322,
  "peak_gpu_12_memory_MB": 11,
  "peak_gpu_13_memory_MB": 11,
  "peak_gpu_14_memory_MB": 11,
  "peak_gpu_15_memory_MB": 11,
  "training_duration": "00:01:03",
  "training_start_epoch": 0,
  "training_epochs": 1,
  "epoch": 1,
  "training_1_P": 0.8577777777777778,
  "training_1_R": 0.8839694656488549,
  "training_1_F1": 0.8706766917292732,
  "training_0_P": 0.8803149606299212,
  "training_0_R": 0.8534351145038168,
  "training_0_F1": 0.8666666666666167,
  "training_accuracy": 0.8687022900763359,
  "training_average_F1": 0.868671679197945,
  "training_loss": 0.32558546851320963,
  "training_cpu_memory_MB": 5764.688,
  "training_gpu_0_memory_MB": 11,
  "training_gpu_1_memory_MB": 2332,
  "training_gpu_2_memory_MB": 11,
  "training_gpu_3_memory_MB": 11,
  "training_gpu_4_memory_MB": 11,
  "training_gpu_5_memory_MB": 11,
  "training_gpu_6_memory_MB": 1894,
  "training_gpu_7_memory_MB": 11,
  "training_gpu_8_memory_MB": 11,
  "training_gpu_9_memory_MB": 11,
  "training_gpu_10_memory_MB": 11,
  "training_gpu_11_memory_MB": 2322,
  "training_gpu_12_memory_MB": 11,
  "training_gpu_13_memory_MB": 11,
  "training_gpu_14_memory_MB": 11,
  "training_gpu_15_memory_MB": 11,
  "validation_1_P": 0.8674698795180723,
  "validation_1_R": 0.8888888888888888,
  "validation_1_F1": 0.8780487804877548,
  "validation_0_P": 0.8860759493670886,
  "validation_0_R": 0.8641975308641975,
  "validation_0_F1": 0.8749999999999499,
  "validation_accuracy": 0.8765432098765432,
  "validation_average_F1": 0.8765243902438524,
  "validation_loss": 0.3128619275309823,
  "best_epoch": 1,
  "best_validation_1_P": 0.8674698795180723,
  "best_validation_1_R": 0.8888888888888888,
  "best_validation_1_F1": 0.8780487804877548,
  "best_validation_0_P": 0.8860759493670886,
  "best_validation_0_R": 0.8641975308641975,
  "best_validation_0_F1": 0.8749999999999499,
  "best_validation_accuracy": 0.8765432098765432,
  "best_validation_average_F1": 0.8765243902438524,
  "best_validation_loss": 0.3128619275309823
}