{
  "peak_cpu_memory_MB": 5764.688,
  "peak_gpu_0_memory_MB": 11,
  "peak_gpu_1_memory_MB": 2332,
  "peak_gpu_2_memory_MB": 11,
  "peak_gpu_3_memory_MB": 11,
  "peak_gpu_4_memory_MB": 11,
  "peak_gpu_5_memory_MB": 11,
  "peak_gpu_6_memory_MB": 1894,
  "peak_gpu_7_memory_MB": 11,
  "peak_gpu_8_memory_MB": 11,
  "peak_gpu_9_memory_MB": 11,
  "peak_gpu_10_memory_MB": 11,
  "peak_gpu_11_memory_MB": 2588,
  "peak_gpu_12_memory_MB": 11,
  "peak_gpu_13_memory_MB": 11,
  "peak_gpu_14_memory_MB": 11,
  "peak_gpu_15_memory_MB": 11,
  "training_duration": "00:02:16",
  "training_start_epoch": 0,
  "training_epochs": 3,
  "epoch": 3,
  "training_1_P": 0.9607843137254902,
  "training_1_R": 0.9725190839694656,
  "training_1_F1": 0.9666160849771883,
  "training_0_P": 0.9721792890262752,
  "training_0_R": 0.9603053435114504,
  "training_0_F1": 0.9662058371735291,
  "training_accuracy": 0.966412213740458,
  "training_average_F1": 0.9664109610753587,
  "training_loss": 0.10005529252130811,
  "training_cpu_memory_MB": 5764.688,
  "training_gpu_0_memory_MB": 11,
  "training_gpu_1_memory_MB": 2332,
  "training_gpu_2_memory_MB": 11,
  "training_gpu_3_memory_MB": 11,
  "training_gpu_4_memory_MB": 11,
  "training_gpu_5_memory_MB": 11,
  "training_gpu_6_memory_MB": 1894,
  "training_gpu_7_memory_MB": 11,
  "training_gpu_8_memory_MB": 11,
  "training_gpu_9_memory_MB": 11,
  "training_gpu_10_memory_MB": 11,
  "training_gpu_11_memory_MB": 2588,
  "training_gpu_12_memory_MB": 11,
  "training_gpu_13_memory_MB": 11,
  "training_gpu_14_memory_MB": 11,
  "training_gpu_15_memory_MB": 11,
  "validation_1_P": 0.8260869565217391,
  "validation_1_R": 0.9382716049382716,
  "validation_1_F1": 0.878612716762956,
  "validation_0_P": 0.9285714285714286,
  "validation_0_R": 0.8024691358024691,
  "validation_0_F1": 0.8609271523178311,
  "validation_accuracy": 0.8703703703703703,
  "validation_average_F1": 0.8697699345403935,
  "validation_loss": 0.3262329621409828,
  "best_epoch": 1,
  "best_validation_1_P": 0.8674698795180723,
  "best_validation_1_R": 0.8888888888888888,
  "best_validation_1_F1": 0.8780487804877548,
  "best_validation_0_P": 0.8860759493670886,
  "best_validation_0_R": 0.8641975308641975,
  "best_validation_0_F1": 0.8749999999999499,
  "best_validation_accuracy": 0.8765432098765432,
  "best_validation_average_F1": 0.8765243902438524,
  "best_validation_loss": 0.3128619275309823
}