{
  "peak_cpu_memory_MB": 5764.688,
  "peak_gpu_0_memory_MB": 11,
  "peak_gpu_1_memory_MB": 2332,
  "peak_gpu_2_memory_MB": 11,
  "peak_gpu_3_memory_MB": 11,
  "peak_gpu_4_memory_MB": 11,
  "peak_gpu_5_memory_MB": 11,
  "peak_gpu_6_memory_MB": 1894,
  "peak_gpu_7_memory_MB": 11,
  "peak_gpu_8_memory_MB": 11,
  "peak_gpu_9_memory_MB": 11,
  "peak_gpu_10_memory_MB": 11,
  "peak_gpu_11_memory_MB": 2876,
  "peak_gpu_12_memory_MB": 11,
  "peak_gpu_13_memory_MB": 11,
  "peak_gpu_14_memory_MB": 11,
  "peak_gpu_15_memory_MB": 11,
  "training_duration": "00:03:37",
  "training_start_epoch": 0,
  "training_epochs": 5,
  "epoch": 5,
  "training_1_P": 0.9939117199391172,
  "training_1_R": 0.9969465648854962,
  "training_1_F1": 0.9954268292682427,
  "training_0_P": 0.996937212863706,
  "training_0_R": 0.9938931297709923,
  "training_0_F1": 0.9954128440366472,
  "training_accuracy": 0.9954198473282443,
  "training_average_F1": 0.9954198366524449,
  "training_loss": 0.021187195349938986,
  "training_cpu_memory_MB": 5764.688,
  "training_gpu_0_memory_MB": 11,
  "training_gpu_1_memory_MB": 2332,
  "training_gpu_2_memory_MB": 11,
  "training_gpu_3_memory_MB": 11,
  "training_gpu_4_memory_MB": 11,
  "training_gpu_5_memory_MB": 11,
  "training_gpu_6_memory_MB": 1894,
  "training_gpu_7_memory_MB": 11,
  "training_gpu_8_memory_MB": 11,
  "training_gpu_9_memory_MB": 11,
  "training_gpu_10_memory_MB": 11,
  "training_gpu_11_memory_MB": 2876,
  "training_gpu_12_memory_MB": 11,
  "training_gpu_13_memory_MB": 11,
  "training_gpu_14_memory_MB": 11,
  "training_gpu_15_memory_MB": 11,
  "validation_1_P": 0.8620689655172413,
  "validation_1_R": 0.9259259259259259,
  "validation_1_F1": 0.8928571428570931,
  "validation_0_P": 0.92,
  "validation_0_R": 0.8518518518518519,
  "validation_0_F1": 0.8846153846153347,
  "validation_accuracy": 0.8888888888888888,
  "validation_average_F1": 0.888736263736214,
  "validation_loss": 0.42492644217881287,
  "best_epoch": 4,
  "best_validation_1_P": 0.8888888888888888,
  "best_validation_1_R": 0.8888888888888888,
  "best_validation_1_F1": 0.8888888888888389,
  "best_validation_0_P": 0.8888888888888888,
  "best_validation_0_R": 0.8888888888888888,
  "best_validation_0_F1": 0.8888888888888389,
  "best_validation_accuracy": 0.8888888888888888,
  "best_validation_average_F1": 0.8888888888888389,
  "best_validation_loss": 0.4020975746891715
}