{
  "peak_cpu_memory_MB": 3069.66,
  "peak_gpu_0_memory_MB": 2510,
  "training_duration": "00:06:13",
  "training_start_epoch": 0,
  "training_epochs": 14,
  "epoch": 14,
  "training_1_P": 0.8527696793002916,
  "training_1_R": 0.8931297709923665,
  "training_1_F1": 0.8724832214764603,
  "training_0_P": 0.8878205128205128,
  "training_0_R": 0.8458015267175573,
  "training_0_F1": 0.8663017982798562,
  "training_accuracy": 0.8694656488549618,
  "training_average_F1": 0.8693925098781583,
  "training_loss": 0.33563915240328485,
  "training_cpu_memory_MB": 3069.66,
  "training_gpu_0_memory_MB": 2510,
  "validation_1_P": 0.8390804597701149,
  "validation_1_R": 0.9012345679012346,
  "validation_1_F1": 0.8690476190475692,
  "validation_0_P": 0.8933333333333333,
  "validation_0_R": 0.8271604938271605,
  "validation_0_F1": 0.8589743589743091,
  "validation_accuracy": 0.8641975308641975,
  "validation_average_F1": 0.8640109890109391,
  "validation_loss": 0.4370431520722129,
  "best_epoch": 11,
  "best_validation_1_P": 0.8488372093023255,
  "best_validation_1_R": 0.9012345679012346,
  "best_validation_1_F1": 0.8742514970059381,
  "best_validation_0_P": 0.8947368421052632,
  "best_validation_0_R": 0.8395061728395061,
  "best_validation_0_F1": 0.8662420382165106,
  "best_validation_accuracy": 0.8703703703703703,
  "best_validation_average_F1": 0.8702467676112243,
  "best_validation_loss": 0.4446795582771301,
  "test_1_P": 0.788235294117647,
  "test_1_R": 0.8271604938271605,
  "test_1_F1": 0.8072289156626007,
  "test_0_P": 0.8181818181818182,
  "test_0_R": 0.7777777777777778,
  "test_0_F1": 0.7974683544303299,
  "test_accuracy": 0.8024691358024691,
  "test_average_F1": 0.8023486350464653,
  "test_loss": 0.5207023458047346
}