{
  "peak_cpu_memory_MB": 3072.644,
  "peak_gpu_0_memory_MB": 2510,
  "training_duration": "00:03:17",
  "training_start_epoch": 0,
  "training_epochs": 7,
  "epoch": 7,
  "training_1_P": 0.8141210374639769,
  "training_1_R": 0.8625954198473282,
  "training_1_F1": 0.83765752409187,
  "training_0_P": 0.8538961038961039,
  "training_0_R": 0.8030534351145038,
  "training_0_F1": 0.8276947285601389,
  "training_accuracy": 0.832824427480916,
  "training_average_F1": 0.8326761263260045,
  "training_loss": 0.383061598713805,
  "training_cpu_memory_MB": 3072.644,
  "training_gpu_0_memory_MB": 2510,
  "validation_1_P": 0.8372093023255814,
  "validation_1_R": 0.8888888888888888,
  "validation_1_F1": 0.8622754491017465,
  "validation_0_P": 0.881578947368421,
  "validation_0_R": 0.8271604938271605,
  "validation_0_F1": 0.853503184713326,
  "validation_accuracy": 0.8580246913580247,
  "validation_average_F1": 0.8578893169075362,
  "validation_loss": 0.45879811861298303,
  "best_epoch": 4,
  "best_validation_1_P": 0.8470588235294118,
  "best_validation_1_R": 0.8888888888888888,
  "best_validation_1_F1": 0.8674698795180223,
  "best_validation_0_P": 0.8831168831168831,
  "best_validation_0_R": 0.8395061728395061,
  "best_validation_0_F1": 0.860759493670836,
  "best_validation_accuracy": 0.8641975308641975,
  "best_validation_average_F1": 0.8641146865944291,
  "best_validation_loss": 0.40610404989936133,
  "test_1_P": 0.7727272727272727,
  "test_1_R": 0.8395061728395061,
  "test_1_F1": 0.8047337278106009,
  "test_0_P": 0.8243243243243243,
  "test_0_R": 0.7530864197530864,
  "test_0_F1": 0.7870967741934985,
  "test_accuracy": 0.7962962962962963,
  "test_average_F1": 0.7959152510020497,
  "test_loss": 0.6143904382532294
}