{
  "peak_cpu_memory_MB": 2642.604,
  "peak_gpu_0_memory_MB": 2590,
  "training_duration": "00:01:32",
  "training_start_epoch": 0,
  "training_epochs": 3,
  "epoch": 3,
  "training_1_P": 0.9878787878787879,
  "training_1_R": 0.9954198473282443,
  "training_1_F1": 0.9916349809885431,
  "training_0_P": 0.9953846153846154,
  "training_0_R": 0.9877862595419847,
  "training_0_F1": 0.9915708812260038,
  "training_accuracy": 0.9916030534351145,
  "training_average_F1": 0.9916029311072734,
  "training_loss": 0.03011705250501996,
  "training_cpu_memory_MB": 2642.604,
  "training_gpu_0_memory_MB": 2590,
  "validation_1_P": 0.8591549295774648,
  "validation_1_R": 0.7530864197530864,
  "validation_1_F1": 0.8026315789473186,
  "validation_0_P": 0.7802197802197802,
  "validation_0_R": 0.8765432098765432,
  "validation_0_F1": 0.8255813953487874,
  "validation_accuracy": 0.8148148148148148,
  "validation_average_F1": 0.814106487148053,
  "validation_loss": 0.7197906632315029,
  "best_epoch": 0,
  "best_validation_1_P": 0.8571428571428571,
  "best_validation_1_R": 0.8148148148148148,
  "best_validation_1_F1": 0.8354430379746336,
  "best_validation_0_P": 0.8235294117647058,
  "best_validation_0_R": 0.8641975308641975,
  "best_validation_0_F1": 0.8433734939758536,
  "best_validation_accuracy": 0.8395061728395061,
  "best_validation_average_F1": 0.8394082659752435,
  "best_validation_loss": 0.3707155097614635
}