{
  "peak_cpu_memory_MB": 2643.412,
  "peak_gpu_0_memory_MB": 2510,
  "training_duration": "00:03:25",
  "training_start_epoch": 0,
  "training_epochs": 7,
  "epoch": 7,
  "training_1_P": 0.9788199697428139,
  "training_1_R": 0.9877862595419847,
  "training_1_F1": 0.9832826747719865,
  "training_0_P": 0.987673343605547,
  "training_0_R": 0.9786259541984733,
  "training_0_F1": 0.9831288343557784,
  "training_accuracy": 0.983206106870229,
  "training_average_F1": 0.9832057545638824,
  "training_loss": 0.0632500003841592,
  "training_cpu_memory_MB": 2643.412,
  "training_gpu_0_memory_MB": 2510,
  "validation_1_P": 0.8089887640449438,
  "validation_1_R": 0.8888888888888888,
  "validation_1_F1": 0.8470588235293619,
  "validation_0_P": 0.8767123287671232,
  "validation_0_R": 0.7901234567901234,
  "validation_0_F1": 0.8311688311687814,
  "validation_accuracy": 0.8395061728395061,
  "validation_average_F1": 0.8391138273490717,
  "validation_loss": 0.7631245810877193,
  "best_epoch": 4,
  "best_validation_1_P": 0.8275862068965517,
  "best_validation_1_R": 0.8888888888888888,
  "best_validation_1_F1": 0.8571428571428074,
  "best_validation_0_P": 0.88,
  "best_validation_0_R": 0.8148148148148148,
  "best_validation_0_F1": 0.8461538461537963,
  "best_validation_accuracy": 0.8518518518518519,
  "best_validation_average_F1": 0.8516483516483018,
  "best_validation_loss": 0.5637964660471136,
  "test_1_P": 0.8518518518518519,
  "test_1_R": 0.8518518518518519,
  "test_1_F1": 0.8518518518518019,
  "test_0_P": 0.8518518518518519,
  "test_0_R": 0.8518518518518519,
  "test_0_F1": 0.8518518518518019,
  "test_accuracy": 0.8518518518518519,
  "test_average_F1": 0.8518518518518019,
  "test_loss": 0.41048242287202313
}