{
  "peak_cpu_memory_MB": 5774.416,
  "peak_gpu_0_memory_MB": 11,
  "peak_gpu_1_memory_MB": 11,
  "peak_gpu_2_memory_MB": 11,
  "peak_gpu_3_memory_MB": 11,
  "peak_gpu_4_memory_MB": 11,
  "peak_gpu_5_memory_MB": 11,
  "peak_gpu_6_memory_MB": 1894,
  "peak_gpu_7_memory_MB": 11,
  "peak_gpu_8_memory_MB": 11,
  "peak_gpu_9_memory_MB": 11,
  "peak_gpu_10_memory_MB": 11,
  "peak_gpu_11_memory_MB": 3574,
  "peak_gpu_12_memory_MB": 11,
  "peak_gpu_13_memory_MB": 11,
  "peak_gpu_14_memory_MB": 11,
  "peak_gpu_15_memory_MB": 11,
  "training_duration": "00:03:52",
  "training_start_epoch": 0,
  "training_epochs": 5,
  "epoch": 5,
  "training_1_P": 1.0,
  "training_1_R": 0.9984732824427481,
  "training_1_F1": 0.9992360580595376,
  "training_0_P": 0.9984756097560976,
  "training_0_R": 1.0,
  "training_0_F1": 0.9992372234934664,
  "training_accuracy": 0.999236641221374,
  "training_average_F1": 0.9992366407765021,
  "training_loss": 0.009678486518124573,
  "training_cpu_memory_MB": 5774.416,
  "training_gpu_0_memory_MB": 11,
  "training_gpu_1_memory_MB": 11,
  "training_gpu_2_memory_MB": 11,
  "training_gpu_3_memory_MB": 11,
  "training_gpu_4_memory_MB": 11,
  "training_gpu_5_memory_MB": 11,
  "training_gpu_6_memory_MB": 1894,
  "training_gpu_7_memory_MB": 11,
  "training_gpu_8_memory_MB": 11,
  "training_gpu_9_memory_MB": 11,
  "training_gpu_10_memory_MB": 11,
  "training_gpu_11_memory_MB": 3574,
  "training_gpu_12_memory_MB": 11,
  "training_gpu_13_memory_MB": 11,
  "training_gpu_14_memory_MB": 11,
  "training_gpu_15_memory_MB": 11,
  "validation_1_P": 0.8314606741573034,
  "validation_1_R": 0.9135802469135802,
  "validation_1_F1": 0.8705882352940678,
  "validation_0_P": 0.9041095890410958,
  "validation_0_R": 0.8148148148148148,
  "validation_0_F1": 0.8571428571428074,
  "validation_accuracy": 0.8641975308641975,
  "validation_average_F1": 0.8638655462184376,
  "validation_loss": 0.4346191083843058,
  "best_epoch": 4,
  "best_validation_1_P": 0.8690476190476191,
  "best_validation_1_R": 0.9012345679012346,
  "best_validation_1_F1": 0.8848484848484349,
  "best_validation_0_P": 0.8974358974358975,
  "best_validation_0_R": 0.8641975308641975,
  "best_validation_0_F1": 0.8805031446540381,
  "best_validation_accuracy": 0.8827160493827161,
  "best_validation_average_F1": 0.8826758147512366,
  "best_validation_loss": 0.41858381032943726
}