{
  "peak_cpu_memory_MB": 5774.416,
  "peak_gpu_0_memory_MB": 11,
  "peak_gpu_1_memory_MB": 11,
  "peak_gpu_2_memory_MB": 11,
  "peak_gpu_3_memory_MB": 11,
  "peak_gpu_4_memory_MB": 11,
  "peak_gpu_5_memory_MB": 11,
  "peak_gpu_6_memory_MB": 1894,
  "peak_gpu_7_memory_MB": 11,
  "peak_gpu_8_memory_MB": 11,
  "peak_gpu_9_memory_MB": 11,
  "peak_gpu_10_memory_MB": 11,
  "peak_gpu_11_memory_MB": 3574,
  "peak_gpu_12_memory_MB": 11,
  "peak_gpu_13_memory_MB": 11,
  "peak_gpu_14_memory_MB": 11,
  "peak_gpu_15_memory_MB": 11,
  "training_duration": "00:02:30",
  "training_start_epoch": 0,
  "training_epochs": 3,
  "epoch": 3,
  "training_1_P": 0.9862804878048781,
  "training_1_R": 0.9877862595419847,
  "training_1_F1": 0.9870327993897289,
  "training_0_P": 0.9877675840978594,
  "training_0_R": 0.9862595419847329,
  "training_0_F1": 0.987012987012937,
  "training_accuracy": 0.9870229007633587,
  "training_average_F1": 0.987022893201333,
  "training_loss": 0.05073837048896566,
  "training_cpu_memory_MB": 5774.416,
  "training_gpu_0_memory_MB": 11,
  "training_gpu_1_memory_MB": 11,
  "training_gpu_2_memory_MB": 11,
  "training_gpu_3_memory_MB": 11,
  "training_gpu_4_memory_MB": 11,
  "training_gpu_5_memory_MB": 11,
  "training_gpu_6_memory_MB": 1894,
  "training_gpu_7_memory_MB": 11,
  "training_gpu_8_memory_MB": 11,
  "training_gpu_9_memory_MB": 11,
  "training_gpu_10_memory_MB": 11,
  "training_gpu_11_memory_MB": 3574,
  "training_gpu_12_memory_MB": 11,
  "training_gpu_13_memory_MB": 11,
  "training_gpu_14_memory_MB": 11,
  "training_gpu_15_memory_MB": 11,
  "validation_1_P": 0.8131868131868132,
  "validation_1_R": 0.9135802469135802,
  "validation_1_F1": 0.86046511627902,
  "validation_0_P": 0.9014084507042254,
  "validation_0_R": 0.7901234567901234,
  "validation_0_F1": 0.842105263157845,
  "validation_accuracy": 0.8518518518518519,
  "validation_average_F1": 0.8512851897184325,
  "validation_loss": 0.3717586767267097,
  "best_epoch": 2,
  "best_validation_1_P": 0.8409090909090909,
  "best_validation_1_R": 0.9135802469135802,
  "best_validation_1_F1": 0.8757396449703644,
  "best_validation_0_P": 0.9054054054054054,
  "best_validation_0_R": 0.8271604938271605,
  "best_validation_0_F1": 0.8645161290322082,
  "best_validation_accuracy": 0.8703703703703703,
  "best_validation_average_F1": 0.8701278870012863,
  "best_validation_loss": 0.319855660200119
}