{
  "peak_cpu_memory_MB": 5774.416,
  "peak_gpu_0_memory_MB": 11,
  "peak_gpu_1_memory_MB": 11,
  "peak_gpu_2_memory_MB": 11,
  "peak_gpu_3_memory_MB": 11,
  "peak_gpu_4_memory_MB": 11,
  "peak_gpu_5_memory_MB": 11,
  "peak_gpu_6_memory_MB": 1634,
  "peak_gpu_7_memory_MB": 11,
  "peak_gpu_8_memory_MB": 11,
  "peak_gpu_9_memory_MB": 11,
  "peak_gpu_10_memory_MB": 11,
  "peak_gpu_11_memory_MB": 3574,
  "peak_gpu_12_memory_MB": 11,
  "peak_gpu_13_memory_MB": 11,
  "peak_gpu_14_memory_MB": 11,
  "peak_gpu_15_memory_MB": 11,
  "training_duration": "00:00:31",
  "training_start_epoch": 0,
  "training_epochs": 0,
  "epoch": 0,
  "training_1_P": 0.8002894356005789,
  "training_1_R": 0.8442748091603054,
  "training_1_F1": 0.8216939078751359,
  "training_0_P": 0.8352180936995154,
  "training_0_R": 0.7893129770992366,
  "training_0_F1": 0.8116169544740476,
  "training_accuracy": 0.816793893129771,
  "training_average_F1": 0.8166554311745917,
  "training_loss": 0.4331655338770006,
  "training_cpu_memory_MB": 5774.416,
  "training_gpu_0_memory_MB": 11,
  "training_gpu_1_memory_MB": 11,
  "training_gpu_2_memory_MB": 11,
  "training_gpu_3_memory_MB": 11,
  "training_gpu_4_memory_MB": 11,
  "training_gpu_5_memory_MB": 11,
  "training_gpu_6_memory_MB": 1634,
  "training_gpu_7_memory_MB": 11,
  "training_gpu_8_memory_MB": 11,
  "training_gpu_9_memory_MB": 11,
  "training_gpu_10_memory_MB": 11,
  "training_gpu_11_memory_MB": 3574,
  "training_gpu_12_memory_MB": 11,
  "training_gpu_13_memory_MB": 11,
  "training_gpu_14_memory_MB": 11,
  "training_gpu_15_memory_MB": 11,
  "validation_1_P": 0.7575757575757576,
  "validation_1_R": 0.9259259259259259,
  "validation_1_F1": 0.833333333333284,
  "validation_0_P": 0.9047619047619048,
  "validation_0_R": 0.7037037037037037,
  "validation_0_F1": 0.7916666666666176,
  "validation_accuracy": 0.8148148148148148,
  "validation_average_F1": 0.8124999999999507,
  "validation_loss": 0.4102435125546022,
  "best_epoch": 0,
  "best_validation_1_P": 0.7575757575757576,
  "best_validation_1_R": 0.9259259259259259,
  "best_validation_1_F1": 0.833333333333284,
  "best_validation_0_P": 0.9047619047619048,
  "best_validation_0_R": 0.7037037037037037,
  "best_validation_0_F1": 0.7916666666666176,
  "best_validation_accuracy": 0.8148148148148148,
  "best_validation_average_F1": 0.8124999999999507,
  "best_validation_loss": 0.4102435125546022
}