{
  "peak_cpu_memory_MB": 5774.416,
  "peak_gpu_0_memory_MB": 11,
  "peak_gpu_1_memory_MB": 11,
  "peak_gpu_2_memory_MB": 11,
  "peak_gpu_3_memory_MB": 11,
  "peak_gpu_4_memory_MB": 11,
  "peak_gpu_5_memory_MB": 11,
  "peak_gpu_6_memory_MB": 1894,
  "peak_gpu_7_memory_MB": 11,
  "peak_gpu_8_memory_MB": 11,
  "peak_gpu_9_memory_MB": 11,
  "peak_gpu_10_memory_MB": 11,
  "peak_gpu_11_memory_MB": 3574,
  "peak_gpu_12_memory_MB": 11,
  "peak_gpu_13_memory_MB": 11,
  "peak_gpu_14_memory_MB": 11,
  "peak_gpu_15_memory_MB": 11,
  "training_duration": "00:01:48",
  "training_start_epoch": 0,
  "training_epochs": 2,
  "epoch": 2,
  "training_1_P": 0.9491017964071856,
  "training_1_R": 0.9679389312977099,
  "training_1_F1": 0.9584278155706227,
  "training_0_P": 0.9672897196261683,
  "training_0_R": 0.9480916030534351,
  "training_0_F1": 0.9575944487277835,
  "training_accuracy": 0.9580152671755725,
  "training_average_F1": 0.9580111321492031,
  "training_loss": 0.13593779461140312,
  "training_cpu_memory_MB": 5774.416,
  "training_gpu_0_memory_MB": 11,
  "training_gpu_1_memory_MB": 11,
  "training_gpu_2_memory_MB": 11,
  "training_gpu_3_memory_MB": 11,
  "training_gpu_4_memory_MB": 11,
  "training_gpu_5_memory_MB": 11,
  "training_gpu_6_memory_MB": 1894,
  "training_gpu_7_memory_MB": 11,
  "training_gpu_8_memory_MB": 11,
  "training_gpu_9_memory_MB": 11,
  "training_gpu_10_memory_MB": 11,
  "training_gpu_11_memory_MB": 3574,
  "training_gpu_12_memory_MB": 11,
  "training_gpu_13_memory_MB": 11,
  "training_gpu_14_memory_MB": 11,
  "training_gpu_15_memory_MB": 11,
  "validation_1_P": 0.8409090909090909,
  "validation_1_R": 0.9135802469135802,
  "validation_1_F1": 0.8757396449703644,
  "validation_0_P": 0.9054054054054054,
  "validation_0_R": 0.8271604938271605,
  "validation_0_F1": 0.8645161290322082,
  "validation_accuracy": 0.8703703703703703,
  "validation_average_F1": 0.8701278870012863,
  "validation_loss": 0.319855660200119,
  "best_epoch": 2,
  "best_validation_1_P": 0.8409090909090909,
  "best_validation_1_R": 0.9135802469135802,
  "best_validation_1_F1": 0.8757396449703644,
  "best_validation_0_P": 0.9054054054054054,
  "best_validation_0_R": 0.8271604938271605,
  "best_validation_0_F1": 0.8645161290322082,
  "best_validation_accuracy": 0.8703703703703703,
  "best_validation_average_F1": 0.8701278870012863,
  "best_validation_loss": 0.319855660200119
}