{
  "peak_cpu_memory_MB": 2209.632,
  "peak_gpu_0_memory_MB": 11,
  "peak_gpu_1_memory_MB": 11082,
  "peak_gpu_2_memory_MB": 11,
  "peak_gpu_3_memory_MB": 11,
  "peak_gpu_4_memory_MB": 1232,
  "peak_gpu_5_memory_MB": 11,
  "peak_gpu_6_memory_MB": 11,
  "peak_gpu_7_memory_MB": 11,
  "peak_gpu_8_memory_MB": 11,
  "peak_gpu_9_memory_MB": 11,
  "peak_gpu_10_memory_MB": 11,
  "peak_gpu_11_memory_MB": 11,
  "peak_gpu_12_memory_MB": 11,
  "peak_gpu_13_memory_MB": 11,
  "peak_gpu_14_memory_MB": 11,
  "peak_gpu_15_memory_MB": 11,
  "training_duration": "00:01:04",
  "training_start_epoch": 0,
  "training_epochs": 2,
  "epoch": 2,
  "training_1_P": 0.8563218390804598,
  "training_1_R": 0.9099236641221374,
  "training_1_F1": 0.8823094004440655,
  "training_0_P": 0.9039087947882736,
  "training_0_R": 0.8473282442748091,
  "training_0_F1": 0.8747044917257183,
  "training_accuracy": 0.8786259541984733,
  "training_average_F1": 0.8785069460848919,
  "training_loss": 0.28479224520667296,
  "training_cpu_memory_MB": 2209.632,
  "training_gpu_0_memory_MB": 11,
  "training_gpu_1_memory_MB": 11082,
  "training_gpu_2_memory_MB": 11,
  "training_gpu_3_memory_MB": 11,
  "training_gpu_4_memory_MB": 1232,
  "training_gpu_5_memory_MB": 11,
  "training_gpu_6_memory_MB": 11,
  "training_gpu_7_memory_MB": 11,
  "training_gpu_8_memory_MB": 11,
  "training_gpu_9_memory_MB": 11,
  "training_gpu_10_memory_MB": 11,
  "training_gpu_11_memory_MB": 11,
  "training_gpu_12_memory_MB": 11,
  "training_gpu_13_memory_MB": 11,
  "training_gpu_14_memory_MB": 11,
  "training_gpu_15_memory_MB": 11,
  "validation_1_P": 0.813953488372093,
  "validation_1_R": 0.8641975308641975,
  "validation_1_F1": 0.8383233532933633,
  "validation_0_P": 0.8552631578947368,
  "validation_0_R": 0.8024691358024691,
  "validation_0_F1": 0.8280254777069566,
  "validation_accuracy": 0.8333333333333334,
  "validation_average_F1": 0.8331744155001599,
  "validation_loss": 0.42338514734398236,
  "best_epoch": 2,
  "best_validation_1_P": 0.813953488372093,
  "best_validation_1_R": 0.8641975308641975,
  "best_validation_1_F1": 0.8383233532933633,
  "best_validation_0_P": 0.8552631578947368,
  "best_validation_0_R": 0.8024691358024691,
  "best_validation_0_F1": 0.8280254777069566,
  "best_validation_accuracy": 0.8333333333333334,
  "best_validation_average_F1": 0.8331744155001599,
  "best_validation_loss": 0.42338514734398236
}