{
  "peak_cpu_memory_MB": 3085.776,
  "peak_gpu_0_memory_MB": 11,
  "peak_gpu_1_memory_MB": 11,
  "peak_gpu_2_memory_MB": 11,
  "peak_gpu_3_memory_MB": 11,
  "peak_gpu_4_memory_MB": 3034,
  "peak_gpu_5_memory_MB": 11,
  "peak_gpu_6_memory_MB": 11,
  "peak_gpu_7_memory_MB": 11,
  "peak_gpu_8_memory_MB": 11,
  "peak_gpu_9_memory_MB": 11,
  "peak_gpu_10_memory_MB": 11,
  "peak_gpu_11_memory_MB": 11,
  "peak_gpu_12_memory_MB": 11,
  "peak_gpu_13_memory_MB": 11,
  "peak_gpu_14_memory_MB": 11,
  "peak_gpu_15_memory_MB": 11,
  "training_duration": "00:01:48",
  "training_start_epoch": 0,
  "training_epochs": 3,
  "epoch": 3,
  "training_1_F1": 0.9787234042552693,
  "training_0_F1": 0.9785276073619132,
  "training_accuracy": 0.9786259541984733,
  "training_average_F1": 0.9786255058085913,
  "training_loss": 0.06224215181726145,
  "training_cpu_memory_MB": 3085.776,
  "training_gpu_0_memory_MB": 11,
  "training_gpu_1_memory_MB": 11,
  "training_gpu_2_memory_MB": 11,
  "training_gpu_3_memory_MB": 11,
  "training_gpu_4_memory_MB": 3034,
  "training_gpu_5_memory_MB": 11,
  "training_gpu_6_memory_MB": 11,
  "training_gpu_7_memory_MB": 11,
  "training_gpu_8_memory_MB": 11,
  "training_gpu_9_memory_MB": 11,
  "training_gpu_10_memory_MB": 11,
  "training_gpu_11_memory_MB": 11,
  "training_gpu_12_memory_MB": 11,
  "training_gpu_13_memory_MB": 11,
  "training_gpu_14_memory_MB": 11,
  "training_gpu_15_memory_MB": 11,
  "validation_1_F1": 0.794871794871745,
  "validation_0_F1": 0.8095238095237596,
  "validation_accuracy": 0.8024691358024691,
  "validation_average_F1": 0.8021978021977523,
  "validation_loss": 0.5802860991521315,
  "best_epoch": 2,
  "best_validation_1_F1": 0.8271604938271105,
  "best_validation_0_F1": 0.8271604938271105,
  "best_validation_accuracy": 0.8271604938271605,
  "best_validation_average_F1": 0.8271604938271105,
  "best_validation_loss": 0.376576766371727,
  "test_1_F1": 0.8466257668711156,
  "test_0_F1": 0.84472049689436,
  "test_accuracy": 0.845679012345679,
  "test_average_F1": 0.8456731318827377,
  "test_loss": 0.37958523495630786
}