{
  "peak_cpu_memory_MB": 3071.184,
  "peak_gpu_0_memory_MB": 2510,
  "training_duration": "00:02:00",
  "training_start_epoch": 0,
  "training_epochs": 4,
  "epoch": 4,
  "training_1_P": 0.8554396423248882,
  "training_1_R": 0.8763358778625954,
  "training_1_F1": 0.865761689291051,
  "training_0_P": 0.8732394366197183,
  "training_0_R": 0.8519083969465648,
  "training_0_F1": 0.8624420401854214,
  "training_accuracy": 0.8641221374045801,
  "training_average_F1": 0.8641018647382361,
  "training_loss": 0.3405073873880433,
  "training_cpu_memory_MB": 3071.184,
  "training_gpu_0_memory_MB": 2510,
  "validation_1_P": 0.8295454545454546,
  "validation_1_R": 0.9012345679012346,
  "validation_1_F1": 0.8639053254437372,
  "validation_0_P": 0.8918918918918919,
  "validation_0_R": 0.8148148148148148,
  "validation_0_F1": 0.8516129032257566,
  "validation_accuracy": 0.8580246913580247,
  "validation_average_F1": 0.8577591143347469,
  "validation_loss": 0.4067226296121424,
  "best_epoch": 1,
  "best_validation_1_P": 0.8314606741573034,
  "best_validation_1_R": 0.9135802469135802,
  "best_validation_1_F1": 0.8705882352940678,
  "best_validation_0_P": 0.9041095890410958,
  "best_validation_0_R": 0.8148148148148148,
  "best_validation_0_F1": 0.8571428571428074,
  "best_validation_accuracy": 0.8641975308641975,
  "best_validation_average_F1": 0.8638655462184376,
  "best_validation_loss": 0.3371951932256872,
  "test_1_P": 0.7666666666666667,
  "test_1_R": 0.8518518518518519,
  "test_1_F1": 0.8070175438595992,
  "test_0_P": 0.8333333333333334,
  "test_0_R": 0.7407407407407407,
  "test_0_F1": 0.7843137254901463,
  "test_accuracy": 0.7962962962962963,
  "test_average_F1": 0.7956656346748727,
  "test_loss": 0.43176591667261993
}