{
  "peak_cpu_memory_MB": 3085.776,
  "peak_gpu_0_memory_MB": 11,
  "peak_gpu_1_memory_MB": 11,
  "peak_gpu_2_memory_MB": 11,
  "peak_gpu_3_memory_MB": 11,
  "peak_gpu_4_memory_MB": 11,
  "peak_gpu_5_memory_MB": 4268,
  "peak_gpu_6_memory_MB": 11,
  "peak_gpu_7_memory_MB": 11,
  "peak_gpu_8_memory_MB": 11,
  "peak_gpu_9_memory_MB": 11,
  "peak_gpu_10_memory_MB": 11,
  "peak_gpu_11_memory_MB": 11,
  "peak_gpu_12_memory_MB": 11,
  "peak_gpu_13_memory_MB": 11,
  "peak_gpu_14_memory_MB": 11,
  "peak_gpu_15_memory_MB": 11,
  "training_duration": "00:01:43",
  "training_start_epoch": 0,
  "training_epochs": 3,
  "epoch": 3,
  "training_1_F1": 0.9833333333332833,
  "training_0_F1": 0.9830769230768732,
  "training_accuracy": 0.983206106870229,
  "training_average_F1": 0.9832051282050782,
  "training_loss": 0.06938037628353369,
  "training_cpu_memory_MB": 3085.776,
  "training_gpu_0_memory_MB": 11,
  "training_gpu_1_memory_MB": 11,
  "training_gpu_2_memory_MB": 11,
  "training_gpu_3_memory_MB": 11,
  "training_gpu_4_memory_MB": 11,
  "training_gpu_5_memory_MB": 3036,
  "training_gpu_6_memory_MB": 11,
  "training_gpu_7_memory_MB": 11,
  "training_gpu_8_memory_MB": 11,
  "training_gpu_9_memory_MB": 11,
  "training_gpu_10_memory_MB": 11,
  "training_gpu_11_memory_MB": 11,
  "training_gpu_12_memory_MB": 11,
  "training_gpu_13_memory_MB": 11,
  "training_gpu_14_memory_MB": 11,
  "training_gpu_15_memory_MB": 11,
  "validation_1_F1": 0.8378378378377884,
  "validation_0_F1": 0.863636363636314,
  "validation_accuracy": 0.8518518518518519,
  "validation_average_F1": 0.8507371007370512,
  "validation_loss": 0.4042532951994376,
  "best_epoch": 1,
  "best_validation_1_F1": 0.8749999999999499,
  "best_validation_0_F1": 0.8780487804877548,
  "best_validation_accuracy": 0.8765432098765432,
  "best_validation_average_F1": 0.8765243902438524,
  "best_validation_loss": 0.30881745571439917,
  "test_1_F1": 0.8711656441717291,
  "test_0_F1": 0.8695652173912544,
  "test_accuracy": 0.8703703703703703,
  "test_average_F1": 0.8703654307814918,
  "test_loss": 0.3319143002683466
}