{
  "training_duration": "00:07:32",
  "training_start_epoch": 1,
  "training_epochs": 2,
  "epoch": 3,
  "training_1_F1": 0.8397626112759146,
  "training_0_F1": 0.8301886792452331,
  "training_accuracy": 0.8351145038167939,
  "training_average_F1": 0.8349756452605739,
  "training_loss": 0.40738305903789473,
  "validation_1_F1": 0.8214285714285217,
  "validation_0_F1": 0.8076923076922577,
  "validation_accuracy": 0.8148148148148148,
  "validation_average_F1": 0.8145604395603897,
  "validation_loss": 0.3705249645493247,
  "best_epoch": 3,
  "best_validation_1_F1": 0.8214285714285217,
  "best_validation_0_F1": 0.8076923076922577,
  "best_validation_accuracy": 0.8148148148148148,
  "best_validation_average_F1": 0.8145604395603897,
  "best_validation_loss": 0.3705249645493247
}