{
  "training_duration": "00:15:48",
  "training_start_epoch": 1,
  "training_epochs": 5,
  "epoch": 6,
  "training_1_F1": 0.875659382064758,
  "training_0_F1": 0.8723897911832448,
  "training_accuracy": 0.8740458015267175,
  "training_average_F1": 0.8740245866240014,
  "training_loss": 0.35134913372557336,
  "validation_1_F1": 0.8214285714285217,
  "validation_0_F1": 0.8076923076922577,
  "validation_accuracy": 0.8148148148148148,
  "validation_average_F1": 0.8145604395603897,
  "validation_loss": 0.3978424627672542,
  "best_epoch": 5,
  "best_validation_1_F1": 0.842105263157845,
  "best_validation_0_F1": 0.8235294117646562,
  "best_validation_accuracy": 0.8333333333333334,
  "best_validation_average_F1": 0.8328173374612506,
  "best_validation_loss": 0.36124741489237006
}