{
  "training_duration": "00:05:03",
  "training_start_epoch": 1,
  "training_epochs": 1,
  "epoch": 2,
  "training_1_F1": 0.8345752608047189,
  "training_0_F1": 0.8262910798121567,
  "training_accuracy": 0.8305343511450382,
  "training_average_F1": 0.8304331703084378,
  "training_loss": 0.43158309979409704,
  "validation_1_F1": 0.8131868131867639,
  "validation_0_F1": 0.7605633802816412,
  "validation_accuracy": 0.7901234567901234,
  "validation_average_F1": 0.7868750967342025,
  "validation_loss": 0.4203097793188962,
  "best_epoch": 1,
  "best_validation_1_F1": 0.8050314465408306,
  "best_validation_0_F1": 0.8121212121211623,
  "best_validation_accuracy": 0.808641975308642,
  "best_validation_average_F1": 0.8085763293309964,
  "best_validation_loss": 0.42308620702136646
}