{
  "training_duration": "00:02:23",
  "training_start_epoch": 8,
  "training_epochs": 0,
  "epoch": 8,
  "training_1_F1": 0.9373584905659877,
  "training_0_F1": 0.9359073359072859,
  "training_accuracy": 0.9366412213740458,
  "training_average_F1": 0.9366329132366369,
  "training_loss": 0.23045653758979426,
  "validation_1_F1": 0.8271604938271105,
  "validation_0_F1": 0.8271604938271105,
  "validation_accuracy": 0.8271604938271605,
  "validation_average_F1": 0.8271604938271105,
  "validation_loss": 0.3841672499071468
}