{
  "training_duration": "00:10:21",
  "training_start_epoch": 1,
  "training_epochs": 3,
  "epoch": 4,
  "training_1_F1": 0.8597014925372636,
  "training_0_F1": 0.85312499999995,
  "training_accuracy": 0.8564885496183207,
  "training_average_F1": 0.8564132462686067,
  "training_loss": 0.3798469832030738,
  "validation_1_F1": 0.8121212121211623,
  "validation_0_F1": 0.8050314465408306,
  "validation_accuracy": 0.808641975308642,
  "validation_average_F1": 0.8085763293309964,
  "validation_loss": 0.3563684265721928,
  "best_epoch": 3,
  "best_validation_1_F1": 0.8214285714285217,
  "best_validation_0_F1": 0.8076923076922577,
  "best_validation_accuracy": 0.8148148148148148,
  "best_validation_average_F1": 0.8145604395603897,
  "best_validation_loss": 0.3705249645493247
}