{
  "training_duration": "00:04:51",
  "training_start_epoch": 8,
  "training_epochs": 1,
  "epoch": 9,
  "training_1_F1": 0.908679245282969,
  "training_0_F1": 0.9065637065636566,
  "training_accuracy": 0.9076335877862596,
  "training_average_F1": 0.9076214759233128,
  "training_loss": 0.278808946380528,
  "validation_1_F1": 0.8295454545454048,
  "validation_0_F1": 0.7972972972972477,
  "validation_accuracy": 0.8148148148148148,
  "validation_average_F1": 0.8134213759213262,
  "validation_loss": 0.3971530849283392,
  "best_epoch": 7,
  "best_validation_1_F1": 0.8488372093022759,
  "best_validation_0_F1": 0.8289473684210029,
  "best_validation_accuracy": 0.8395061728395061,
  "best_validation_average_F1": 0.8388922888616395,
  "best_validation_loss": 0.37908463315530255,
  "test_1_F1": 0.7721518987341273,
  "test_0_F1": 0.7831325301204319,
  "test_accuracy": 0.7777777777777778,
  "test_average_F1": 0.7776422144272797,
  "test_loss": 0.45552870631217957
}