{
  "training_duration": "00:12:49",
  "training_start_epoch": 1,
  "training_epochs": 4,
  "epoch": 5,
  "training_1_F1": 0.8703563305533997,
  "training_0_F1": 0.8685626441198578,
  "training_accuracy": 0.8694656488549618,
  "training_average_F1": 0.8694594873366288,
  "training_loss": 0.36410604599045543,
  "validation_1_F1": 0.842105263157845,
  "validation_0_F1": 0.8235294117646562,
  "validation_accuracy": 0.8333333333333334,
  "validation_average_F1": 0.8328173374612506,
  "validation_loss": 0.36124741489237006,
  "best_epoch": 5,
  "best_validation_1_F1": 0.842105263157845,
  "best_validation_0_F1": 0.8235294117646562,
  "best_validation_accuracy": 0.8333333333333334,
  "best_validation_average_F1": 0.8328173374612506,
  "best_validation_loss": 0.36124741489237006
}