{
  "peak_cpu_memory_MB": 2203.736,
  "peak_gpu_0_memory_MB": 1202,
  "training_duration": "00:00:42",
  "training_start_epoch": 0,
  "training_epochs": 1,
  "epoch": 1,
  "training_1_P": 0.8455056179775281,
  "training_1_R": 0.9190839694656489,
  "training_1_F1": 0.8807607900511571,
  "training_0_P": 0.9113712374581939,
  "training_0_R": 0.8320610687022901,
  "training_0_F1": 0.8699122106942838,
  "training_accuracy": 0.8755725190839695,
  "training_average_F1": 0.8753365003727205,
  "training_loss": 0.3130187941942273,
  "training_cpu_memory_MB": 2203.736,
  "training_gpu_0_memory_MB": 1202,
  "validation_1_P": 0.8202247191011236,
  "validation_1_R": 0.9012345679012346,
  "validation_1_F1": 0.8588235294117148,
  "validation_0_P": 0.8904109589041096,
  "validation_0_R": 0.8024691358024691,
  "validation_0_F1": 0.8441558441557944,
  "validation_accuracy": 0.8518518518518519,
  "validation_average_F1": 0.8514896867837546,
  "validation_loss": 0.38221449472687463,
  "best_epoch": 1,
  "best_validation_1_P": 0.8202247191011236,
  "best_validation_1_R": 0.9012345679012346,
  "best_validation_1_F1": 0.8588235294117148,
  "best_validation_0_P": 0.8904109589041096,
  "best_validation_0_R": 0.8024691358024691,
  "best_validation_0_F1": 0.8441558441557944,
  "best_validation_accuracy": 0.8518518518518519,
  "best_validation_average_F1": 0.8514896867837546,
  "best_validation_loss": 0.38221449472687463
}