{
  "peak_cpu_memory_MB": 2203.736,
  "peak_gpu_0_memory_MB": 724,
  "training_duration": "00:00:20",
  "training_start_epoch": 0,
  "training_epochs": 0,
  "epoch": 0,
  "training_1_P": 0.7335127860026918,
  "training_1_R": 0.8320610687022901,
  "training_1_F1": 0.7796852646637557,
  "training_0_P": 0.8059964726631393,
  "training_0_R": 0.6977099236641221,
  "training_0_F1": 0.7479541734860387,
  "training_accuracy": 0.7648854961832061,
  "training_average_F1": 0.7638197190748972,
  "training_loss": 0.5025498665324072,
  "training_cpu_memory_MB": 2203.736,
  "training_gpu_0_memory_MB": 724,
  "validation_1_P": 0.7894736842105263,
  "validation_1_R": 0.9259259259259259,
  "validation_1_F1": 0.8522727272726777,
  "validation_0_P": 0.9104477611940298,
  "validation_0_R": 0.7530864197530864,
  "validation_0_F1": 0.8243243243242748,
  "validation_accuracy": 0.8395061728395061,
  "validation_average_F1": 0.8382985257984763,
  "validation_loss": 0.3726085058667443,
  "best_epoch": 0,
  "best_validation_1_P": 0.7894736842105263,
  "best_validation_1_R": 0.9259259259259259,
  "best_validation_1_F1": 0.8522727272726777,
  "best_validation_0_P": 0.9104477611940298,
  "best_validation_0_R": 0.7530864197530864,
  "best_validation_0_F1": 0.8243243243242748,
  "best_validation_accuracy": 0.8395061728395061,
  "best_validation_average_F1": 0.8382985257984763,
  "best_validation_loss": 0.3726085058667443
}