{
  "peak_cpu_memory_MB": 2221.14,
  "peak_gpu_0_memory_MB": 265,
  "peak_gpu_1_memory_MB": 11082,
  "peak_gpu_2_memory_MB": 11,
  "peak_gpu_3_memory_MB": 1234,
  "peak_gpu_4_memory_MB": 1316,
  "peak_gpu_5_memory_MB": 11,
  "peak_gpu_6_memory_MB": 11,
  "peak_gpu_7_memory_MB": 11,
  "peak_gpu_8_memory_MB": 11,
  "peak_gpu_9_memory_MB": 11,
  "peak_gpu_10_memory_MB": 11,
  "peak_gpu_11_memory_MB": 11,
  "peak_gpu_12_memory_MB": 11,
  "peak_gpu_13_memory_MB": 11,
  "peak_gpu_14_memory_MB": 11,
  "peak_gpu_15_memory_MB": 11,
  "training_duration": "00:01:05",
  "training_start_epoch": 0,
  "training_epochs": 2,
  "epoch": 2,
  "training_1_P": 0.9202898550724637,
  "training_1_R": 0.9694656488549618,
  "training_1_F1": 0.9442379182155634,
  "training_0_P": 0.967741935483871,
  "training_0_R": 0.916030534351145,
  "training_0_F1": 0.9411764705881853,
  "training_accuracy": 0.9427480916030534,
  "training_average_F1": 0.9427071944018743,
  "training_loss": 0.16885350076708852,
  "training_cpu_memory_MB": 2221.14,
  "training_gpu_0_memory_MB": 265,
  "training_gpu_1_memory_MB": 11082,
  "training_gpu_2_memory_MB": 11,
  "training_gpu_3_memory_MB": 1234,
  "training_gpu_4_memory_MB": 1316,
  "training_gpu_5_memory_MB": 11,
  "training_gpu_6_memory_MB": 11,
  "training_gpu_7_memory_MB": 11,
  "training_gpu_8_memory_MB": 11,
  "training_gpu_9_memory_MB": 11,
  "training_gpu_10_memory_MB": 11,
  "training_gpu_11_memory_MB": 11,
  "training_gpu_12_memory_MB": 11,
  "training_gpu_13_memory_MB": 11,
  "training_gpu_14_memory_MB": 11,
  "training_gpu_15_memory_MB": 11,
  "validation_1_P": 0.7741935483870968,
  "validation_1_R": 0.8888888888888888,
  "validation_1_F1": 0.827586206896502,
  "validation_0_P": 0.8695652173913043,
  "validation_0_R": 0.7407407407407407,
  "validation_0_F1": 0.7999999999999503,
  "validation_accuracy": 0.8148148148148148,
  "validation_average_F1": 0.8137931034482262,
  "validation_loss": 0.43129852278666064,
  "best_epoch": 1,
  "best_validation_1_P": 0.8414634146341463,
  "best_validation_1_R": 0.8518518518518519,
  "best_validation_1_F1": 0.8466257668711156,
  "best_validation_0_P": 0.85,
  "best_validation_0_R": 0.8395061728395061,
  "best_validation_0_F1": 0.84472049689436,
  "best_validation_accuracy": 0.845679012345679,
  "best_validation_average_F1": 0.8456731318827377,
  "best_validation_loss": 0.3874616108157418
}