{
  "peak_cpu_memory_MB": 3069.956,
  "peak_gpu_0_memory_MB": 2582,
  "training_duration": "00:02:08",
  "training_start_epoch": 0,
  "training_epochs": 4,
  "epoch": 4,
  "training_1_P": 0.9681335356600911,
  "training_1_R": 0.9740458015267176,
  "training_1_F1": 0.9710806697107569,
  "training_0_P": 0.9738863287250384,
  "training_0_R": 0.9679389312977099,
  "training_0_F1": 0.9709035222051569,
  "training_accuracy": 0.9709923664122138,
  "training_average_F1": 0.9709920959579569,
  "training_loss": 0.10391318239271641,
  "training_cpu_memory_MB": 3069.956,
  "training_gpu_0_memory_MB": 2582,
  "validation_1_P": 0.8904109589041096,
  "validation_1_R": 0.8024691358024691,
  "validation_1_F1": 0.8441558441557944,
  "validation_0_P": 0.8202247191011236,
  "validation_0_R": 0.9012345679012346,
  "validation_0_F1": 0.8588235294117148,
  "validation_accuracy": 0.8518518518518519,
  "validation_average_F1": 0.8514896867837546,
  "validation_loss": 0.3833467655561187,
  "best_epoch": 2,
  "best_validation_1_P": 0.8554216867469879,
  "best_validation_1_R": 0.8765432098765432,
  "best_validation_1_F1": 0.8658536585365354,
  "best_validation_0_P": 0.8734177215189873,
  "best_validation_0_R": 0.8518518518518519,
  "best_validation_0_F1": 0.86249999999995,
  "best_validation_accuracy": 0.8641975308641975,
  "best_validation_average_F1": 0.8641768292682427,
  "best_validation_loss": 0.3345345461910421
}