{
  "peak_cpu_memory_MB": 3069.956,
  "peak_gpu_0_memory_MB": 2486,
  "training_duration": "00:00:45",
  "training_start_epoch": 0,
  "training_epochs": 1,
  "epoch": 1,
  "training_1_P": 0.8820058997050148,
  "training_1_R": 0.9129770992366413,
  "training_1_F1": 0.8972243060764692,
  "training_0_P": 0.9098101265822784,
  "training_0_R": 0.8778625954198473,
  "training_0_F1": 0.8935508935508436,
  "training_accuracy": 0.8954198473282443,
  "training_average_F1": 0.8953875998136565,
  "training_loss": 0.27505564862271636,
  "training_cpu_memory_MB": 3069.956,
  "training_gpu_0_memory_MB": 2486,
  "validation_1_P": 0.8536585365853658,
  "validation_1_R": 0.8641975308641975,
  "validation_1_F1": 0.8588957055214225,
  "validation_0_P": 0.8625,
  "validation_0_R": 0.8518518518518519,
  "validation_0_F1": 0.8571428571428072,
  "validation_accuracy": 0.8580246913580247,
  "validation_average_F1": 0.8580192813321148,
  "validation_loss": 0.4680562764406204,
  "best_epoch": 1,
  "best_validation_1_P": 0.8536585365853658,
  "best_validation_1_R": 0.8641975308641975,
  "best_validation_1_F1": 0.8588957055214225,
  "best_validation_0_P": 0.8625,
  "best_validation_0_R": 0.8518518518518519,
  "best_validation_0_F1": 0.8571428571428072,
  "best_validation_accuracy": 0.8580246913580247,
  "best_validation_average_F1": 0.8580192813321148,
  "best_validation_loss": 0.4680562764406204
}