{
  "peak_cpu_memory_MB": 3069.956,
  "peak_gpu_0_memory_MB": 1241,
  "training_duration": "00:00:22",
  "training_start_epoch": 0,
  "training_epochs": 0,
  "epoch": 0,
  "training_1_P": 0.8201754385964912,
  "training_1_R": 0.8564885496183207,
  "training_1_F1": 0.8379387602688075,
  "training_0_P": 0.8498402555910544,
  "training_0_R": 0.8122137404580153,
  "training_0_F1": 0.8306010928961249,
  "training_accuracy": 0.834351145038168,
  "training_average_F1": 0.8342699265824662,
  "training_loss": 0.4098153679472644,
  "training_cpu_memory_MB": 3069.956,
  "training_gpu_0_memory_MB": 1241,
  "validation_1_P": 0.8,
  "validation_1_R": 0.9382716049382716,
  "validation_1_F1": 0.863636363636314,
  "validation_0_P": 0.9253731343283582,
  "validation_0_R": 0.7654320987654321,
  "validation_0_F1": 0.8378378378377884,
  "validation_accuracy": 0.8518518518518519,
  "validation_average_F1": 0.8507371007370512,
  "validation_loss": 0.5176412815397436,
  "best_epoch": 0,
  "best_validation_1_P": 0.8,
  "best_validation_1_R": 0.9382716049382716,
  "best_validation_1_F1": 0.863636363636314,
  "best_validation_0_P": 0.9253731343283582,
  "best_validation_0_R": 0.7654320987654321,
  "best_validation_0_F1": 0.8378378378377884,
  "best_validation_accuracy": 0.8518518518518519,
  "best_validation_average_F1": 0.8507371007370512,
  "best_validation_loss": 0.5176412815397436
}