{
  "peak_cpu_memory_MB": 3069.956,
  "peak_gpu_0_memory_MB": 2582,
  "training_duration": "00:02:31",
  "training_start_epoch": 0,
  "training_epochs": 5,
  "epoch": 5,
  "training_1_P": 0.9726443768996961,
  "training_1_R": 0.9770992366412213,
  "training_1_F1": 0.9748667174409249,
  "training_0_P": 0.9769938650306749,
  "training_0_R": 0.9725190839694656,
  "training_0_F1": 0.9747513389440968,
  "training_accuracy": 0.9748091603053435,
  "training_average_F1": 0.9748090281925108,
  "training_loss": 0.07978695649199369,
  "training_cpu_memory_MB": 3069.956,
  "training_gpu_0_memory_MB": 2582,
  "validation_1_P": 0.8433734939759037,
  "validation_1_R": 0.8641975308641975,
  "validation_1_F1": 0.8536585365853159,
  "validation_0_P": 0.8607594936708861,
  "validation_0_R": 0.8395061728395061,
  "validation_0_F1": 0.8499999999999501,
  "validation_accuracy": 0.8518518518518519,
  "validation_average_F1": 0.851829268292633,
  "validation_loss": 0.41235159066590393,
  "best_epoch": 2,
  "best_validation_1_P": 0.8554216867469879,
  "best_validation_1_R": 0.8765432098765432,
  "best_validation_1_F1": 0.8658536585365354,
  "best_validation_0_P": 0.8734177215189873,
  "best_validation_0_R": 0.8518518518518519,
  "best_validation_0_F1": 0.86249999999995,
  "best_validation_accuracy": 0.8641975308641975,
  "best_validation_average_F1": 0.8641768292682427,
  "best_validation_loss": 0.3345345461910421
}