{
  "peak_cpu_memory_MB": 2657.64,
  "peak_gpu_0_memory_MB": 11,
  "peak_gpu_1_memory_MB": 11,
  "peak_gpu_2_memory_MB": 11,
  "peak_gpu_3_memory_MB": 2946,
  "peak_gpu_4_memory_MB": 3034,
  "peak_gpu_5_memory_MB": 11,
  "peak_gpu_6_memory_MB": 11,
  "peak_gpu_7_memory_MB": 11,
  "peak_gpu_8_memory_MB": 11,
  "peak_gpu_9_memory_MB": 11,
  "peak_gpu_10_memory_MB": 11,
  "peak_gpu_11_memory_MB": 11,
  "peak_gpu_12_memory_MB": 11,
  "peak_gpu_13_memory_MB": 11,
  "peak_gpu_14_memory_MB": 11,
  "peak_gpu_15_memory_MB": 11,
  "training_duration": "00:01:53",
  "training_start_epoch": 0,
  "training_epochs": 3,
  "epoch": 3,
  "training_neg_F1": 0.9584295612008739,
  "training_pos_F1": 0.9189189189188689,
  "training_accuracy": 0.9450381679389313,
  "training_average_F1": 0.9386742400598713,
  "training_loss": 0.15293437619580003,
  "training_cpu_memory_MB": 2657.64,
  "training_gpu_0_memory_MB": 11,
  "training_gpu_1_memory_MB": 11,
  "training_gpu_2_memory_MB": 11,
  "training_gpu_3_memory_MB": 2942,
  "training_gpu_4_memory_MB": 3034,
  "training_gpu_5_memory_MB": 11,
  "training_gpu_6_memory_MB": 11,
  "training_gpu_7_memory_MB": 11,
  "training_gpu_8_memory_MB": 11,
  "training_gpu_9_memory_MB": 11,
  "training_gpu_10_memory_MB": 11,
  "training_gpu_11_memory_MB": 11,
  "training_gpu_12_memory_MB": 11,
  "training_gpu_13_memory_MB": 11,
  "training_gpu_14_memory_MB": 11,
  "training_gpu_15_memory_MB": 11,
  "validation_neg_F1": 0.7641509433961766,
  "validation_pos_F1": 0.5535714285713796,
  "validation_accuracy": 0.691358024691358,
  "validation_average_F1": 0.6588611859837781,
  "validation_loss": 1.1660038828849792,
  "best_epoch": 1,
  "best_validation_neg_F1": 0.7707317073170233,
  "best_validation_pos_F1": 0.605042016806673,
  "best_validation_accuracy": 0.7098765432098766,
  "best_validation_average_F1": 0.6878868620618481,
  "best_validation_loss": 0.7376202737743204,
  "test_neg_F1": 0.8384279475982034,
  "test_pos_F1": 0.6105263157894237,
  "test_accuracy": 0.7716049382716049,
  "test_average_F1": 0.7244771316938136,
  "test_loss": 0.4625058499249545
}