{
  "training_duration": "00:07:31",
  "training_start_epoch": 0,
  "training_epochs": 6,
  "epoch": 6,
  "training_1_P": 1.0,
  "training_1_R": 1.0,
  "training_1_F1": 0.99999999999995,
  "training_0_P": 1.0,
  "training_0_R": 1.0,
  "training_0_F1": 0.99999999999995,
  "training_accuracy": 1.0,
  "training_average_F1": 0.99999999999995,
  "training_loss": 0.02643582536043917,
  "validation_1_P": 0.8192771084337349,
  "validation_1_R": 0.8395061728395061,
  "validation_1_F1": 0.8292682926828769,
  "validation_0_P": 0.8354430379746836,
  "validation_0_R": 0.8148148148148148,
  "validation_0_F1": 0.82499999999995,
  "validation_accuracy": 0.8271604938271605,
  "validation_average_F1": 0.8271341463414135,
  "validation_loss": 0.7395773028785532,
  "best_epoch": 5,
  "best_validation_1_P": 0.8235294117647058,
  "best_validation_1_R": 0.8641975308641975,
  "best_validation_1_F1": 0.8433734939758536,
  "best_validation_0_P": 0.8571428571428571,
  "best_validation_0_R": 0.8148148148148148,
  "best_validation_0_F1": 0.8354430379746336,
  "best_validation_accuracy": 0.8395061728395061,
  "best_validation_average_F1": 0.8394082659752435,
  "best_validation_loss": 0.6820300952954725
}