{
  "training_duration": "00:04:15",
  "training_start_epoch": 0,
  "training_epochs": 3,
  "epoch": 3,
  "training_1_P": 0.9668674698795181,
  "training_1_R": 0.9801526717557252,
  "training_1_F1": 0.9734647460196619,
  "training_0_P": 0.9798761609907121,
  "training_0_R": 0.966412213740458,
  "training_0_F1": 0.973097617217475,
  "training_accuracy": 0.9732824427480916,
  "training_average_F1": 0.9732811816185685,
  "training_loss": 0.11197597578894801,
  "validation_1_P": 0.8292682926829268,
  "validation_1_R": 0.8395061728395061,
  "validation_1_F1": 0.8343558282208088,
  "validation_0_P": 0.8375,
  "validation_0_R": 0.8271604938271605,
  "validation_0_F1": 0.8322981366459128,
  "validation_accuracy": 0.8333333333333334,
  "validation_average_F1": 0.8333269824333608,
  "validation_loss": 0.543551274321296,
  "best_epoch": 3,
  "best_validation_1_P": 0.8292682926829268,
  "best_validation_1_R": 0.8395061728395061,
  "best_validation_1_F1": 0.8343558282208088,
  "best_validation_0_P": 0.8375,
  "best_validation_0_R": 0.8271604938271605,
  "best_validation_0_F1": 0.8322981366459128,
  "best_validation_accuracy": 0.8333333333333334,
  "best_validation_average_F1": 0.8333269824333608,
  "best_validation_loss": 0.543551274321296
}