{
  "training_duration": "00:05:24",
  "training_start_epoch": 0,
  "training_epochs": 4,
  "epoch": 4,
  "training_1_P": 0.9908952959028832,
  "training_1_R": 0.9969465648854962,
  "training_1_F1": 0.9939117199390672,
  "training_0_P": 0.9969278033794163,
  "training_0_R": 0.9908396946564886,
  "training_0_F1": 0.9938744257273621,
  "training_accuracy": 0.9938931297709923,
  "training_average_F1": 0.9938930728332147,
  "training_loss": 0.05213199667178276,
  "validation_1_P": 0.8148148148148148,
  "validation_1_R": 0.8148148148148148,
  "validation_1_F1": 0.8148148148147648,
  "validation_0_P": 0.8148148148148148,
  "validation_0_R": 0.8148148148148148,
  "validation_0_F1": 0.8148148148147648,
  "validation_accuracy": 0.8148148148148148,
  "validation_average_F1": 0.8148148148147648,
  "validation_loss": 0.616366670890288,
  "best_epoch": 3,
  "best_validation_1_P": 0.8292682926829268,
  "best_validation_1_R": 0.8395061728395061,
  "best_validation_1_F1": 0.8343558282208088,
  "best_validation_0_P": 0.8375,
  "best_validation_0_R": 0.8271604938271605,
  "best_validation_0_F1": 0.8322981366459128,
  "best_validation_accuracy": 0.8333333333333334,
  "best_validation_average_F1": 0.8333269824333608,
  "best_validation_loss": 0.543551274321296
}