{
  "training_duration": "00:03:06",
  "training_start_epoch": 0,
  "training_epochs": 2,
  "epoch": 2,
  "training_1_P": 0.9111111111111111,
  "training_1_R": 0.9389312977099237,
  "training_1_F1": 0.924812030075138,
  "training_0_P": 0.937007874015748,
  "training_0_R": 0.9083969465648855,
  "training_0_F1": 0.9224806201549888,
  "training_accuracy": 0.9236641221374046,
  "training_average_F1": 0.9236463251150634,
  "training_loss": 0.22716360802694066,
  "validation_1_P": 0.7976190476190477,
  "validation_1_R": 0.8271604938271605,
  "validation_1_F1": 0.8121212121211623,
  "validation_0_P": 0.8205128205128205,
  "validation_0_R": 0.7901234567901234,
  "validation_0_F1": 0.8050314465408306,
  "validation_accuracy": 0.808641975308642,
  "validation_average_F1": 0.8085763293309964,
  "validation_loss": 0.4977370961145921,
  "best_epoch": 2,
  "best_validation_1_P": 0.7976190476190477,
  "best_validation_1_R": 0.8271604938271605,
  "best_validation_1_F1": 0.8121212121211623,
  "best_validation_0_P": 0.8205128205128205,
  "best_validation_0_R": 0.7901234567901234,
  "best_validation_0_F1": 0.8050314465408306,
  "best_validation_accuracy": 0.808641975308642,
  "best_validation_average_F1": 0.8085763293309964,
  "best_validation_loss": 0.4977370961145921
}