{
  "peak_cpu_memory_MB": 5770.588,
  "peak_gpu_0_memory_MB": 11,
  "peak_gpu_1_memory_MB": 11,
  "peak_gpu_2_memory_MB": 11,
  "peak_gpu_3_memory_MB": 11,
  "peak_gpu_4_memory_MB": 11,
  "peak_gpu_5_memory_MB": 11,
  "peak_gpu_6_memory_MB": 1634,
  "peak_gpu_7_memory_MB": 11,
  "peak_gpu_8_memory_MB": 11,
  "peak_gpu_9_memory_MB": 11,
  "peak_gpu_10_memory_MB": 11,
  "peak_gpu_11_memory_MB": 4806,
  "peak_gpu_12_memory_MB": 11,
  "peak_gpu_13_memory_MB": 11,
  "peak_gpu_14_memory_MB": 11,
  "peak_gpu_15_memory_MB": 11,
  "training_duration": "00:00:31",
  "training_start_epoch": 0,
  "training_epochs": 0,
  "epoch": 0,
  "training_1_P": 0.7319277108433735,
  "training_1_R": 0.7419847328244275,
  "training_1_F1": 0.7369219105382365,
  "training_0_P": 0.7383900928792569,
  "training_0_R": 0.7282442748091603,
  "training_0_F1": 0.733282090699412,
  "training_accuracy": 0.7351145038167939,
  "training_average_F1": 0.7351020006188242,
  "training_loss": 0.5481142855998946,
  "training_cpu_memory_MB": 5770.588,
  "training_gpu_0_memory_MB": 11,
  "training_gpu_1_memory_MB": 11,
  "training_gpu_2_memory_MB": 11,
  "training_gpu_3_memory_MB": 11,
  "training_gpu_4_memory_MB": 11,
  "training_gpu_5_memory_MB": 11,
  "training_gpu_6_memory_MB": 1634,
  "training_gpu_7_memory_MB": 11,
  "training_gpu_8_memory_MB": 11,
  "training_gpu_9_memory_MB": 11,
  "training_gpu_10_memory_MB": 11,
  "training_gpu_11_memory_MB": 4806,
  "training_gpu_12_memory_MB": 11,
  "training_gpu_13_memory_MB": 11,
  "training_gpu_14_memory_MB": 11,
  "training_gpu_15_memory_MB": 11,
  "validation_1_P": 0.788235294117647,
  "validation_1_R": 0.8271604938271605,
  "validation_1_F1": 0.8072289156626007,
  "validation_0_P": 0.8181818181818182,
  "validation_0_R": 0.7777777777777778,
  "validation_0_F1": 0.7974683544303299,
  "validation_accuracy": 0.8024691358024691,
  "validation_average_F1": 0.8023486350464653,
  "validation_loss": 0.41591113941235974,
  "best_epoch": 0,
  "best_validation_1_P": 0.788235294117647,
  "best_validation_1_R": 0.8271604938271605,
  "best_validation_1_F1": 0.8072289156626007,
  "best_validation_0_P": 0.8181818181818182,
  "best_validation_0_R": 0.7777777777777778,
  "best_validation_0_F1": 0.7974683544303299,
  "best_validation_accuracy": 0.8024691358024691,
  "best_validation_average_F1": 0.8023486350464653,
  "best_validation_loss": 0.41591113941235974
}