{
  "peak_cpu_memory_MB": 5770.588,
  "peak_gpu_0_memory_MB": 11,
  "peak_gpu_1_memory_MB": 11,
  "peak_gpu_2_memory_MB": 11,
  "peak_gpu_3_memory_MB": 11,
  "peak_gpu_4_memory_MB": 11,
  "peak_gpu_5_memory_MB": 11,
  "peak_gpu_6_memory_MB": 1924,
  "peak_gpu_7_memory_MB": 11,
  "peak_gpu_8_memory_MB": 11,
  "peak_gpu_9_memory_MB": 11,
  "peak_gpu_10_memory_MB": 11,
  "peak_gpu_11_memory_MB": 4806,
  "peak_gpu_12_memory_MB": 11,
  "peak_gpu_13_memory_MB": 11,
  "peak_gpu_14_memory_MB": 11,
  "peak_gpu_15_memory_MB": 11,
  "training_duration": "00:03:20",
  "training_start_epoch": 0,
  "training_epochs": 4,
  "epoch": 4,
  "training_1_P": 0.9893939393939394,
  "training_1_R": 0.9969465648854962,
  "training_1_F1": 0.9931558935360717,
  "training_0_P": 0.9969230769230769,
  "training_0_R": 0.9893129770992366,
  "training_0_F1": 0.993103448275812,
  "training_accuracy": 0.9931297709923664,
  "training_average_F1": 0.9931296709059418,
  "training_loss": 0.03094463382575025,
  "training_cpu_memory_MB": 5770.588,
  "training_gpu_0_memory_MB": 11,
  "training_gpu_1_memory_MB": 11,
  "training_gpu_2_memory_MB": 11,
  "training_gpu_3_memory_MB": 11,
  "training_gpu_4_memory_MB": 11,
  "training_gpu_5_memory_MB": 11,
  "training_gpu_6_memory_MB": 1924,
  "training_gpu_7_memory_MB": 11,
  "training_gpu_8_memory_MB": 11,
  "training_gpu_9_memory_MB": 11,
  "training_gpu_10_memory_MB": 11,
  "training_gpu_11_memory_MB": 4806,
  "training_gpu_12_memory_MB": 11,
  "training_gpu_13_memory_MB": 11,
  "training_gpu_14_memory_MB": 11,
  "training_gpu_15_memory_MB": 11,
  "validation_1_P": 0.8513513513513513,
  "validation_1_R": 0.7777777777777778,
  "validation_1_F1": 0.8129032258064018,
  "validation_0_P": 0.7954545454545454,
  "validation_0_R": 0.8641975308641975,
  "validation_0_F1": 0.8284023668638555,
  "validation_accuracy": 0.8209876543209876,
  "validation_average_F1": 0.8206527963351287,
  "validation_loss": 0.6287176609039307,
  "best_epoch": 3,
  "best_validation_1_P": 0.8571428571428571,
  "best_validation_1_R": 0.8148148148148148,
  "best_validation_1_F1": 0.8354430379746336,
  "best_validation_0_P": 0.8235294117647058,
  "best_validation_0_R": 0.8641975308641975,
  "best_validation_0_F1": 0.8433734939758536,
  "best_validation_accuracy": 0.8395061728395061,
  "best_validation_average_F1": 0.8394082659752435,
  "best_validation_loss": 0.471755561503497
}