{
  "peak_cpu_memory_MB": 3086.668,
  "peak_gpu_0_memory_MB": 11,
  "peak_gpu_1_memory_MB": 3034,
  "peak_gpu_2_memory_MB": 2958,
  "peak_gpu_3_memory_MB": 11,
  "peak_gpu_4_memory_MB": 11,
  "peak_gpu_5_memory_MB": 11,
  "peak_gpu_6_memory_MB": 11,
  "peak_gpu_7_memory_MB": 11,
  "peak_gpu_8_memory_MB": 11,
  "peak_gpu_9_memory_MB": 11,
  "peak_gpu_10_memory_MB": 11,
  "peak_gpu_11_memory_MB": 11,
  "peak_gpu_12_memory_MB": 11,
  "peak_gpu_13_memory_MB": 11,
  "peak_gpu_14_memory_MB": 11,
  "peak_gpu_15_memory_MB": 11,
  "training_duration": "00:05:43",
  "training_start_epoch": 0,
  "training_epochs": 12,
  "epoch": 12,
  "training_1_F1": 0.8930722891565765,
  "training_0_F1": 0.890092879256916,
  "training_accuracy": 0.8916030534351145,
  "training_average_F1": 0.8915825842067463,
  "training_loss": 0.2727031521499157,
  "training_cpu_memory_MB": 3086.668,
  "training_gpu_0_memory_MB": 11,
  "training_gpu_1_memory_MB": 3034,
  "training_gpu_2_memory_MB": 11,
  "training_gpu_3_memory_MB": 11,
  "training_gpu_4_memory_MB": 11,
  "training_gpu_5_memory_MB": 11,
  "training_gpu_6_memory_MB": 11,
  "training_gpu_7_memory_MB": 11,
  "training_gpu_8_memory_MB": 11,
  "training_gpu_9_memory_MB": 11,
  "training_gpu_10_memory_MB": 11,
  "training_gpu_11_memory_MB": 11,
  "training_gpu_12_memory_MB": 11,
  "training_gpu_13_memory_MB": 11,
  "training_gpu_14_memory_MB": 11,
  "training_gpu_15_memory_MB": 11,
  "validation_1_F1": 0.8944099378881488,
  "validation_0_F1": 0.8957055214723427,
  "validation_accuracy": 0.8950617283950617,
  "validation_average_F1": 0.8950577296802458,
  "validation_loss": 0.33494092524051666,
  "best_epoch": 10,
  "best_validation_1_F1": 0.8944099378881488,
  "best_validation_0_F1": 0.8957055214723427,
  "best_validation_accuracy": 0.8950617283950617,
  "best_validation_average_F1": 0.8950577296802458,
  "best_validation_loss": 0.3470093005082824,
  "test_1_F1": 0.7730061349692751,
  "test_0_F1": 0.7701863354036768,
  "test_accuracy": 0.7716049382716049,
  "test_average_F1": 0.7715962351864759,
  "test_loss": 0.4351333284919912
}