{
  "peak_cpu_memory_MB": 2223.784,
  "peak_gpu_0_memory_MB": 1200,
  "peak_gpu_1_memory_MB": 11082,
  "peak_gpu_2_memory_MB": 11,
  "peak_gpu_3_memory_MB": 11,
  "peak_gpu_4_memory_MB": 11,
  "peak_gpu_5_memory_MB": 11,
  "peak_gpu_6_memory_MB": 11,
  "peak_gpu_7_memory_MB": 11,
  "peak_gpu_8_memory_MB": 11,
  "peak_gpu_9_memory_MB": 11,
  "peak_gpu_10_memory_MB": 11,
  "peak_gpu_11_memory_MB": 11,
  "peak_gpu_12_memory_MB": 11,
  "peak_gpu_13_memory_MB": 11,
  "peak_gpu_14_memory_MB": 11,
  "peak_gpu_15_memory_MB": 11,
  "training_duration": "00:01:54",
  "training_start_epoch": 0,
  "training_epochs": 4,
  "epoch": 4,
  "training_1_P": 0.9954337899543378,
  "training_1_R": 0.9984732824427481,
  "training_1_F1": 0.9969512195121452,
  "training_0_P": 0.998468606431853,
  "training_0_R": 0.9954198473282443,
  "training_0_F1": 0.9969418960244149,
  "training_accuracy": 0.9969465648854962,
  "training_average_F1": 0.99694655776828,
  "training_loss": 0.01639556946096624,
  "training_cpu_memory_MB": 2223.784,
  "training_gpu_0_memory_MB": 1200,
  "training_gpu_1_memory_MB": 11082,
  "training_gpu_2_memory_MB": 11,
  "training_gpu_3_memory_MB": 11,
  "training_gpu_4_memory_MB": 11,
  "training_gpu_5_memory_MB": 11,
  "training_gpu_6_memory_MB": 11,
  "training_gpu_7_memory_MB": 11,
  "training_gpu_8_memory_MB": 11,
  "training_gpu_9_memory_MB": 11,
  "training_gpu_10_memory_MB": 11,
  "training_gpu_11_memory_MB": 11,
  "training_gpu_12_memory_MB": 11,
  "training_gpu_13_memory_MB": 11,
  "training_gpu_14_memory_MB": 11,
  "training_gpu_15_memory_MB": 11,
  "validation_1_P": 0.8072289156626506,
  "validation_1_R": 0.8271604938271605,
  "validation_1_F1": 0.8170731707316575,
  "validation_0_P": 0.8227848101265823,
  "validation_0_R": 0.8024691358024691,
  "validation_0_F1": 0.8124999999999502,
  "validation_accuracy": 0.8148148148148148,
  "validation_average_F1": 0.8147865853658038,
  "validation_loss": 0.5495227913964879,
  "best_epoch": 2,
  "best_validation_1_P": 0.813953488372093,
  "best_validation_1_R": 0.8641975308641975,
  "best_validation_1_F1": 0.8383233532933633,
  "best_validation_0_P": 0.8552631578947368,
  "best_validation_0_R": 0.8024691358024691,
  "best_validation_0_F1": 0.8280254777069566,
  "best_validation_accuracy": 0.8333333333333334,
  "best_validation_average_F1": 0.8331744155001599,
  "best_validation_loss": 0.39324629035863007,
  "test_1_P": 0.7951807228915663,
  "test_1_R": 0.8148148148148148,
  "test_1_F1": 0.8048780487804378,
  "test_0_P": 0.810126582278481,
  "test_0_R": 0.7901234567901234,
  "test_0_F1": 0.7999999999999501,
  "test_accuracy": 0.8024691358024691,
  "test_average_F1": 0.802439024390194,
  "test_loss": 0.4369377818974582
}