{
  "peak_cpu_memory_MB": 2223.784,
  "peak_gpu_0_memory_MB": 1200,
  "peak_gpu_1_memory_MB": 11082,
  "peak_gpu_2_memory_MB": 11,
  "peak_gpu_3_memory_MB": 11,
  "peak_gpu_4_memory_MB": 11,
  "peak_gpu_5_memory_MB": 11,
  "peak_gpu_6_memory_MB": 11,
  "peak_gpu_7_memory_MB": 11,
  "peak_gpu_8_memory_MB": 11,
  "peak_gpu_9_memory_MB": 11,
  "peak_gpu_10_memory_MB": 11,
  "peak_gpu_11_memory_MB": 11,
  "peak_gpu_12_memory_MB": 11,
  "peak_gpu_13_memory_MB": 11,
  "peak_gpu_14_memory_MB": 11,
  "peak_gpu_15_memory_MB": 11,
  "training_duration": "00:01:31",
  "training_start_epoch": 0,
  "training_epochs": 3,
  "epoch": 3,
  "training_1_P": 0.9758308157099698,
  "training_1_R": 0.9862595419847329,
  "training_1_F1": 0.9810174639331315,
  "training_0_P": 0.9861111111111112,
  "training_0_R": 0.9755725190839695,
  "training_0_F1": 0.9808135072908173,
  "training_accuracy": 0.9809160305343512,
  "training_average_F1": 0.9809154856119744,
  "training_loss": 0.06713393453236033,
  "training_cpu_memory_MB": 2223.784,
  "training_gpu_0_memory_MB": 1200,
  "training_gpu_1_memory_MB": 11082,
  "training_gpu_2_memory_MB": 11,
  "training_gpu_3_memory_MB": 11,
  "training_gpu_4_memory_MB": 11,
  "training_gpu_5_memory_MB": 11,
  "training_gpu_6_memory_MB": 11,
  "training_gpu_7_memory_MB": 11,
  "training_gpu_8_memory_MB": 11,
  "training_gpu_9_memory_MB": 11,
  "training_gpu_10_memory_MB": 11,
  "training_gpu_11_memory_MB": 11,
  "training_gpu_12_memory_MB": 11,
  "training_gpu_13_memory_MB": 11,
  "training_gpu_14_memory_MB": 11,
  "training_gpu_15_memory_MB": 11,
  "validation_1_P": 0.8072289156626506,
  "validation_1_R": 0.8271604938271605,
  "validation_1_F1": 0.8170731707316575,
  "validation_0_P": 0.8227848101265823,
  "validation_0_R": 0.8024691358024691,
  "validation_0_F1": 0.8124999999999502,
  "validation_accuracy": 0.8148148148148148,
  "validation_average_F1": 0.8147865853658038,
  "validation_loss": 0.4871556677601554,
  "best_epoch": 2,
  "best_validation_1_P": 0.813953488372093,
  "best_validation_1_R": 0.8641975308641975,
  "best_validation_1_F1": 0.8383233532933633,
  "best_validation_0_P": 0.8552631578947368,
  "best_validation_0_R": 0.8024691358024691,
  "best_validation_0_F1": 0.8280254777069566,
  "best_validation_accuracy": 0.8333333333333334,
  "best_validation_average_F1": 0.8331744155001599,
  "best_validation_loss": 0.39324629035863007
}