{
  "training_duration": "00:02:28",
  "training_start_epoch": 0,
  "training_epochs": 2,
  "epoch": 2,
  "training_1_F1": 0.7626514611546188,
  "training_0_F1": 0.7263763352505666,
  "training_accuracy": 0.7458015267175573,
  "training_average_F1": 0.7445138982025927,
  "training_loss": 0.647060314329659,
  "validation_1_F1": 0.7804878048779988,
  "validation_0_F1": 0.77499999999995,
  "validation_accuracy": 0.7777777777777778,
  "validation_average_F1": 0.7777439024389744,
  "validation_loss": 0.5694326487454501,
  "best_epoch": 1,
  "best_validation_1_F1": 0.7904191616765968,
  "best_validation_0_F1": 0.7770700636942176,
  "best_validation_accuracy": 0.7839506172839507,
  "best_validation_average_F1": 0.7837446126854072,
  "best_validation_loss": 0.6148522712967612
}