{
  "peak_cpu_memory_MB": 3108.088,
  "peak_gpu_0_memory_MB": 11,
  "peak_gpu_1_memory_MB": 3034,
  "peak_gpu_2_memory_MB": 11,
  "peak_gpu_3_memory_MB": 11,
  "peak_gpu_4_memory_MB": 11,
  "peak_gpu_5_memory_MB": 11,
  "peak_gpu_6_memory_MB": 11,
  "peak_gpu_7_memory_MB": 11,
  "peak_gpu_8_memory_MB": 11,
  "peak_gpu_9_memory_MB": 11,
  "peak_gpu_10_memory_MB": 11,
  "peak_gpu_11_memory_MB": 11,
  "peak_gpu_12_memory_MB": 11,
  "peak_gpu_13_memory_MB": 11,
  "peak_gpu_14_memory_MB": 11,
  "peak_gpu_15_memory_MB": 11,
  "training_duration": "00:01:18",
  "training_start_epoch": 0,
  "training_epochs": 2,
  "epoch": 2,
  "training_1_F1": 0.9693343305908251,
  "training_0_F1": 0.9680436477006514,
  "training_accuracy": 0.9687022900763359,
  "training_average_F1": 0.9686889891457382,
  "training_loss": 0.0986593935366084,
  "training_cpu_memory_MB": 3108.088,
  "training_gpu_0_memory_MB": 11,
  "training_gpu_1_memory_MB": 3010,
  "training_gpu_2_memory_MB": 11,
  "training_gpu_3_memory_MB": 11,
  "training_gpu_4_memory_MB": 11,
  "training_gpu_5_memory_MB": 11,
  "training_gpu_6_memory_MB": 11,
  "training_gpu_7_memory_MB": 11,
  "training_gpu_8_memory_MB": 11,
  "training_gpu_9_memory_MB": 11,
  "training_gpu_10_memory_MB": 11,
  "training_gpu_11_memory_MB": 11,
  "training_gpu_12_memory_MB": 11,
  "training_gpu_13_memory_MB": 11,
  "training_gpu_14_memory_MB": 11,
  "training_gpu_15_memory_MB": 11,
  "validation_1_F1": 0.8533333333332837,
  "validation_0_F1": 0.873563218390755,
  "validation_accuracy": 0.8641975308641975,
  "validation_average_F1": 0.8634482758620193,
  "validation_loss": 0.46642050688916986,
  "best_epoch": 1,
  "best_validation_1_F1": 0.8915662650601909,
  "best_validation_0_F1": 0.8860759493670387,
  "best_validation_accuracy": 0.8888888888888888,
  "best_validation_average_F1": 0.8888211072136147,
  "best_validation_loss": 0.32077425718307495,
  "test_1_F1": 0.855421686746938,
  "test_0_F1": 0.8481012658227349,
  "test_accuracy": 0.8518518518518519,
  "test_average_F1": 0.8517614762848364,
  "test_loss": 0.3443987389857119
}