{
  "training_duration": "00:08:37",
  "training_start_epoch": 0,
  "training_epochs": 10,
  "epoch": 10,
  "training_1_F1": 0.9839816933637945,
  "training_0_F1": 0.9839572192512869,
  "training_accuracy": 0.983969465648855,
  "training_average_F1": 0.9839694563075407,
  "training_loss": 0.08542546205131746,
  "validation_1_F1": 0.86046511627902,
  "validation_0_F1": 0.842105263157845,
  "validation_accuracy": 0.8518518518518519,
  "validation_average_F1": 0.8512851897184325,
  "validation_loss": 0.4034517041661523,
  "best_epoch": 9,
  "best_validation_1_F1": 0.8571428571428074,
  "best_validation_0_F1": 0.8705882352940678,
  "best_validation_accuracy": 0.8641975308641975,
  "best_validation_average_F1": 0.8638655462184376,
  "best_validation_loss": 0.3554563441059806
}