{
  "training_duration": "00:07:48",
  "training_start_epoch": 0,
  "training_epochs": 9,
  "epoch": 9,
  "training_1_F1": 0.9817351598173016,
  "training_0_F1": 0.9816232771821859,
  "training_accuracy": 0.981679389312977,
  "training_average_F1": 0.9816792184997438,
  "training_loss": 0.0973192392962008,
  "validation_1_F1": 0.8571428571428074,
  "validation_0_F1": 0.8705882352940678,
  "validation_accuracy": 0.8641975308641975,
  "validation_average_F1": 0.8638655462184376,
  "validation_loss": 0.3554563441059806,
  "best_epoch": 9,
  "best_validation_1_F1": 0.8571428571428074,
  "best_validation_0_F1": 0.8705882352940678,
  "best_validation_accuracy": 0.8641975308641975,
  "best_validation_average_F1": 0.8638655462184376,
  "best_validation_loss": 0.3554563441059806
}