{
  "training_duration": "00:01:30",
  "training_start_epoch": 0,
  "training_epochs": 1,
  "epoch": 1,
  "training_1_F1": 0.8571428571428071,
  "training_0_F1": 0.8479117415287128,
  "training_accuracy": 0.8526717557251908,
  "training_average_F1": 0.85252729933576,
  "training_loss": 0.39708951333673986,
  "validation_1_F1": 0.8520710059171098,
  "validation_0_F1": 0.8387096774193049,
  "validation_accuracy": 0.845679012345679,
  "validation_average_F1": 0.8453903416682074,
  "validation_loss": 0.34922896867448633,
  "best_epoch": 1,
  "best_validation_1_F1": 0.8520710059171098,
  "best_validation_0_F1": 0.8387096774193049,
  "best_validation_accuracy": 0.845679012345679,
  "best_validation_average_F1": 0.8453903416682074,
  "best_validation_loss": 0.34922896867448633
}