{
  "training_duration": "00:07:02",
  "training_start_epoch": 0,
  "training_epochs": 8,
  "epoch": 8,
  "training_1_F1": 0.9786585365853158,
  "training_0_F1": 0.978593272171204,
  "training_accuracy": 0.9786259541984733,
  "training_average_F1": 0.9786259043782599,
  "training_loss": 0.10231354544166385,
  "validation_1_F1": 0.855421686746938,
  "validation_0_F1": 0.8481012658227349,
  "validation_accuracy": 0.8518518518518519,
  "validation_average_F1": 0.8517614762848364,
  "validation_loss": 0.35351643034003,
  "best_epoch": 6,
  "best_validation_1_F1": 0.855263157894687,
  "best_validation_0_F1": 0.8720930232557642,
  "best_validation_accuracy": 0.8641975308641975,
  "best_validation_average_F1": 0.8636780905752256,
  "best_validation_loss": 0.33152999119325116
}