{
  "training_duration": "00:11:02",
  "training_start_epoch": 0,
  "training_epochs": 13,
  "epoch": 13,
  "training_1_F1": 0.9923664122136905,
  "training_0_F1": 0.9923664122136905,
  "training_accuracy": 0.9923664122137404,
  "training_average_F1": 0.9923664122136905,
  "training_loss": 0.05709919899066047,
  "validation_1_F1": 0.8848484848484349,
  "validation_0_F1": 0.8805031446540381,
  "validation_accuracy": 0.8827160493827161,
  "validation_average_F1": 0.8826758147512366,
  "validation_loss": 0.37491281669248233,
  "best_epoch": 13,
  "best_validation_1_F1": 0.8848484848484349,
  "best_validation_0_F1": 0.8805031446540381,
  "best_validation_accuracy": 0.8827160493827161,
  "best_validation_average_F1": 0.8826758147512366,
  "best_validation_loss": 0.37491281669248233
}