{
  "training_duration": "00:02:18",
  "training_start_epoch": 0,
  "training_epochs": 2,
  "epoch": 2,
  "training_1_F1": 0.8927231807951489,
  "training_0_F1": 0.888888888888839,
  "training_accuracy": 0.8908396946564886,
  "training_average_F1": 0.8908060348419939,
  "training_loss": 0.31199090964183573,
  "validation_1_F1": 0.8407643312101413,
  "validation_0_F1": 0.8502994011975549,
  "validation_accuracy": 0.845679012345679,
  "validation_average_F1": 0.845531866203848,
  "validation_loss": 0.3279236704111099,
  "best_epoch": 2,
  "best_validation_1_F1": 0.8407643312101413,
  "best_validation_0_F1": 0.8502994011975549,
  "best_validation_accuracy": 0.845679012345679,
  "best_validation_average_F1": 0.845531866203848,
  "best_validation_loss": 0.3279236704111099
}