{
  "training_duration": "00:04:41",
  "training_start_epoch": 0,
  "training_epochs": 5,
  "epoch": 5,
  "training_1_F1": 0.9561933534742703,
  "training_0_F1": 0.9552469135801969,
  "training_accuracy": 0.9557251908396946,
  "training_average_F1": 0.9557201335272336,
  "training_loss": 0.1724333665901568,
  "validation_1_F1": 0.855491329479719,
  "validation_0_F1": 0.8344370860926656,
  "validation_accuracy": 0.845679012345679,
  "validation_average_F1": 0.8449642077861923,
  "validation_loss": 0.35167146812785754,
  "best_epoch": 4,
  "best_validation_1_F1": 0.8588235294117148,
  "best_validation_0_F1": 0.8441558441557944,
  "best_validation_accuracy": 0.8518518518518519,
  "best_validation_average_F1": 0.8514896867837546,
  "best_validation_loss": 0.330942533232949
}