{
  "training_duration": "00:10:11",
  "training_start_epoch": 0,
  "training_epochs": 12,
  "epoch": 12,
  "training_1_F1": 0.9847328244274309,
  "training_0_F1": 0.9847328244274309,
  "training_accuracy": 0.9847328244274809,
  "training_average_F1": 0.9847328244274309,
  "training_loss": 0.07044769575955664,
  "validation_1_F1": 0.8765432098764933,
  "validation_0_F1": 0.8765432098764933,
  "validation_accuracy": 0.8765432098765432,
  "validation_average_F1": 0.8765432098764933,
  "validation_loss": 0.35118875991214404,
  "best_epoch": 12,
  "best_validation_1_F1": 0.8765432098764933,
  "best_validation_0_F1": 0.8765432098764933,
  "best_validation_accuracy": 0.8765432098765432,
  "best_validation_average_F1": 0.8765432098764933,
  "best_validation_loss": 0.35118875991214404
}