{
  "training_duration": "00:06:16",
  "training_start_epoch": 0,
  "training_epochs": 7,
  "epoch": 7,
  "training_1_F1": 0.9740853658536085,
  "training_0_F1": 0.9740061162079011,
  "training_accuracy": 0.9740458015267176,
  "training_average_F1": 0.9740457410307548,
  "training_loss": 0.12531152154069122,
  "validation_1_F1": 0.8553459119496356,
  "validation_0_F1": 0.8606060606060106,
  "validation_accuracy": 0.8580246913580247,
  "validation_average_F1": 0.8579759862778231,
  "validation_loss": 0.33250389993190765,
  "best_epoch": 6,
  "best_validation_1_F1": 0.855263157894687,
  "best_validation_0_F1": 0.8720930232557642,
  "best_validation_accuracy": 0.8641975308641975,
  "best_validation_average_F1": 0.8636780905752256,
  "best_validation_loss": 0.33152999119325116
}