{
  "training_duration": "00:11:51",
  "training_start_epoch": 0,
  "training_epochs": 14,
  "epoch": 14,
  "training_1_F1": 0.9938931297709424,
  "training_0_F1": 0.9938931297709424,
  "training_accuracy": 0.9938931297709923,
  "training_average_F1": 0.9938931297709424,
  "training_loss": 0.055515273337865746,
  "validation_1_F1": 0.8742514970059381,
  "validation_0_F1": 0.8662420382165106,
  "validation_accuracy": 0.8703703703703703,
  "validation_average_F1": 0.8702467676112243,
  "validation_loss": 0.5273313596844673,
  "best_epoch": 13,
  "best_validation_1_F1": 0.8848484848484349,
  "best_validation_0_F1": 0.8805031446540381,
  "best_validation_accuracy": 0.8827160493827161,
  "best_validation_average_F1": 0.8826758147512366,
  "best_validation_loss": 0.37491281669248233
}