{
  "training_duration": "00:12:37",
  "training_start_epoch": 0,
  "training_epochs": 15,
  "epoch": 15,
  "training_1_F1": 0.9931350114415977,
  "training_0_F1": 0.9931245225362373,
  "training_accuracy": 0.9931297709923664,
  "training_average_F1": 0.9931297669889174,
  "training_loss": 0.052448778186084295,
  "validation_1_F1": 0.8727272727272227,
  "validation_0_F1": 0.8679245283018369,
  "validation_accuracy": 0.8703703703703703,
  "validation_average_F1": 0.8703259005145298,
  "validation_loss": 0.40578580038114026,
  "best_epoch": 13,
  "best_validation_1_F1": 0.8848484848484349,
  "best_validation_0_F1": 0.8805031446540381,
  "best_validation_accuracy": 0.8827160493827161,
  "best_validation_average_F1": 0.8826758147512366,
  "best_validation_loss": 0.37491281669248233
}