{
  "training_duration": "00:03:07",
  "training_start_epoch": 0,
  "training_epochs": 3,
  "epoch": 3,
  "training_1_F1": 0.9231927710842873,
  "training_0_F1": 0.9210526315788973,
  "training_accuracy": 0.9221374045801527,
  "training_average_F1": 0.9221227013315922,
  "training_loss": 0.25491091418193607,
  "validation_1_F1": 0.8243243243242748,
  "validation_0_F1": 0.8522727272726777,
  "validation_accuracy": 0.8395061728395061,
  "validation_average_F1": 0.8382985257984763,
  "validation_loss": 0.35561725903641095,
  "best_epoch": 2,
  "best_validation_1_F1": 0.8407643312101413,
  "best_validation_0_F1": 0.8502994011975549,
  "best_validation_accuracy": 0.845679012345679,
  "best_validation_average_F1": 0.845531866203848,
  "best_validation_loss": 0.3279236704111099
}