{
  "training_duration": "00:03:53",
  "training_start_epoch": 0,
  "training_epochs": 4,
  "epoch": 4,
  "training_1_F1": 0.9380664652567475,
  "training_0_F1": 0.9367283950616784,
  "training_accuracy": 0.9374045801526718,
  "training_average_F1": 0.937397430159213,
  "training_loss": 0.2167046585279267,
  "validation_1_F1": 0.8588235294117148,
  "validation_0_F1": 0.8441558441557944,
  "validation_accuracy": 0.8518518518518519,
  "validation_average_F1": 0.8514896867837546,
  "validation_loss": 0.330942533232949,
  "best_epoch": 4,
  "best_validation_1_F1": 0.8588235294117148,
  "best_validation_0_F1": 0.8441558441557944,
  "best_validation_accuracy": 0.8518518518518519,
  "best_validation_average_F1": 0.8514896867837546,
  "best_validation_loss": 0.330942533232949
}