{
  "training_duration": "00:05:27",
  "training_start_epoch": 0,
  "training_epochs": 6,
  "epoch": 6,
  "training_1_F1": 0.9687738004569189,
  "training_0_F1": 0.9686304514154054,
  "training_accuracy": 0.9687022900763359,
  "training_average_F1": 0.9687021259361621,
  "training_loss": 0.14660279257450162,
  "validation_1_F1": 0.855263157894687,
  "validation_0_F1": 0.8720930232557642,
  "validation_accuracy": 0.8641975308641975,
  "validation_average_F1": 0.8636780905752256,
  "validation_loss": 0.33152999119325116,
  "best_epoch": 6,
  "best_validation_1_F1": 0.855263157894687,
  "best_validation_0_F1": 0.8720930232557642,
  "best_validation_accuracy": 0.8641975308641975,
  "best_validation_average_F1": 0.8636780905752256,
  "best_validation_loss": 0.33152999119325116
}