{
  "peak_cpu_memory_MB": 4458.76,
  "peak_gpu_0_memory_MB": 11,
  "peak_gpu_1_memory_MB": 2826,
  "peak_gpu_2_memory_MB": 11,
  "peak_gpu_3_memory_MB": 11,
  "peak_gpu_4_memory_MB": 11,
  "peak_gpu_5_memory_MB": 11,
  "peak_gpu_6_memory_MB": 1634,
  "peak_gpu_7_memory_MB": 11,
  "peak_gpu_8_memory_MB": 11,
  "peak_gpu_9_memory_MB": 11,
  "peak_gpu_10_memory_MB": 11,
  "peak_gpu_11_memory_MB": 3574,
  "peak_gpu_12_memory_MB": 11,
  "peak_gpu_13_memory_MB": 11,
  "peak_gpu_14_memory_MB": 11,
  "peak_gpu_15_memory_MB": 11,
  "training_duration": "00:00:31",
  "training_start_epoch": 0,
  "training_epochs": 0,
  "epoch": 0,
  "training_1_P": 0.6994459833795014,
  "training_1_R": 0.7709923664122137,
  "training_1_F1": 0.7334785766157816,
  "training_0_P": 0.7448979591836735,
  "training_0_R": 0.6687022900763359,
  "training_0_F1": 0.7047465808527258,
  "training_accuracy": 0.7198473282442748,
  "training_average_F1": 0.7191125787342537,
  "training_loss": 0.5484077995870171,
  "training_cpu_memory_MB": 4458.76,
  "training_gpu_0_memory_MB": 11,
  "training_gpu_1_memory_MB": 2826,
  "training_gpu_2_memory_MB": 11,
  "training_gpu_3_memory_MB": 11,
  "training_gpu_4_memory_MB": 11,
  "training_gpu_5_memory_MB": 11,
  "training_gpu_6_memory_MB": 1634,
  "training_gpu_7_memory_MB": 11,
  "training_gpu_8_memory_MB": 11,
  "training_gpu_9_memory_MB": 11,
  "training_gpu_10_memory_MB": 11,
  "training_gpu_11_memory_MB": 3574,
  "training_gpu_12_memory_MB": 11,
  "training_gpu_13_memory_MB": 11,
  "training_gpu_14_memory_MB": 11,
  "training_gpu_15_memory_MB": 11,
  "validation_1_P": 0.8314606741573034,
  "validation_1_R": 0.9135802469135802,
  "validation_1_F1": 0.8705882352940678,
  "validation_0_P": 0.9041095890410958,
  "validation_0_R": 0.8148148148148148,
  "validation_0_F1": 0.8571428571428074,
  "validation_accuracy": 0.8641975308641975,
  "validation_average_F1": 0.8638655462184376,
  "validation_loss": 0.37945477258075366,
  "best_epoch": 0,
  "best_validation_1_P": 0.8314606741573034,
  "best_validation_1_R": 0.9135802469135802,
  "best_validation_1_F1": 0.8705882352940678,
  "best_validation_0_P": 0.9041095890410958,
  "best_validation_0_R": 0.8148148148148148,
  "best_validation_0_F1": 0.8571428571428074,
  "best_validation_accuracy": 0.8641975308641975,
  "best_validation_average_F1": 0.8638655462184376,
  "best_validation_loss": 0.37945477258075366
}