{
  "peak_cpu_memory_MB": 3071.208,
  "peak_gpu_0_memory_MB": 2510,
  "training_duration": "00:00:45",
  "training_start_epoch": 0,
  "training_epochs": 1,
  "epoch": 1,
  "training_1_F1": 0.9063444108760829,
  "training_0_F1": 0.904320987654271,
  "training_accuracy": 0.9053435114503817,
  "training_average_F1": 0.9053326992651769,
  "training_loss": 0.277571379865815,
  "training_cpu_memory_MB": 3071.208,
  "training_gpu_0_memory_MB": 2510,
  "validation_1_F1": 0.7926829268292183,
  "validation_0_F1": 0.7874999999999501,
  "validation_accuracy": 0.7901234567901234,
  "validation_average_F1": 0.7900914634145841,
  "validation_loss": 0.38697895814072003,
  "best_epoch": 0,
  "best_validation_1_F1": 0.7901234567900735,
  "best_validation_0_F1": 0.7901234567900735,
  "best_validation_accuracy": 0.7901234567901234,
  "best_validation_average_F1": 0.7901234567900735,
  "best_validation_loss": 0.4703197777271271,
  "test_1_F1": 0.8466257668711156,
  "test_0_F1": 0.84472049689436,
  "test_accuracy": 0.845679012345679,
  "test_average_F1": 0.8456731318827377,
  "test_loss": 0.38938200880180707
}