{
  "peak_cpu_memory_MB": 2191.904,
  "peak_gpu_0_memory_MB": 704,
  "training_duration": "00:00:20",
  "training_start_epoch": 0,
  "training_epochs": 0,
  "epoch": 0,
  "training_1_P": 0.763744427934621,
  "training_1_R": 0.7847328244274809,
  "training_1_F1": 0.7740963855421187,
  "training_0_P": 0.7786499215070644,
  "training_0_R": 0.7572519083969466,
  "training_0_F1": 0.7678018575850895,
  "training_accuracy": 0.7709923664122137,
  "training_average_F1": 0.7709491215636041,
  "training_loss": 0.5020598889124103,
  "training_cpu_memory_MB": 2191.904,
  "training_gpu_0_memory_MB": 704,
  "validation_1_P": 0.7676767676767676,
  "validation_1_R": 0.9382716049382716,
  "validation_1_F1": 0.8444444444443949,
  "validation_0_P": 0.9206349206349206,
  "validation_0_R": 0.7160493827160493,
  "validation_0_F1": 0.8055555555555064,
  "validation_accuracy": 0.8271604938271605,
  "validation_average_F1": 0.8249999999999507,
  "validation_loss": 0.4030710770325227,
  "best_epoch": 0,
  "best_validation_1_P": 0.7676767676767676,
  "best_validation_1_R": 0.9382716049382716,
  "best_validation_1_F1": 0.8444444444443949,
  "best_validation_0_P": 0.9206349206349206,
  "best_validation_0_R": 0.7160493827160493,
  "best_validation_0_F1": 0.8055555555555064,
  "best_validation_accuracy": 0.8271604938271605,
  "best_validation_average_F1": 0.8249999999999507,
  "best_validation_loss": 0.4030710770325227
}