{
  "peak_cpu_memory_MB": 2191.904,
  "peak_gpu_0_memory_MB": 1212,
  "training_duration": "00:00:42",
  "training_start_epoch": 0,
  "training_epochs": 1,
  "epoch": 1,
  "training_1_P": 0.8144475920679887,
  "training_1_R": 0.8778625954198473,
  "training_1_F1": 0.8449669360763645,
  "training_0_P": 0.8675496688741722,
  "training_0_R": 0.8,
  "training_0_F1": 0.8324066719618247,
  "training_accuracy": 0.8389312977099237,
  "training_average_F1": 0.8386868040190947,
  "training_loss": 0.37884169017396324,
  "training_cpu_memory_MB": 2191.904,
  "training_gpu_0_memory_MB": 1212,
  "validation_1_P": 0.7653061224489796,
  "validation_1_R": 0.9259259259259259,
  "validation_1_F1": 0.837988826815593,
  "validation_0_P": 0.90625,
  "validation_0_R": 0.7160493827160493,
  "validation_0_F1": 0.7999999999999506,
  "validation_accuracy": 0.8209876543209876,
  "validation_average_F1": 0.8189944134077718,
  "validation_loss": 0.4025819111954082,
  "best_epoch": 0,
  "best_validation_1_P": 0.7676767676767676,
  "best_validation_1_R": 0.9382716049382716,
  "best_validation_1_F1": 0.8444444444443949,
  "best_validation_0_P": 0.9206349206349206,
  "best_validation_0_R": 0.7160493827160493,
  "best_validation_0_F1": 0.8055555555555064,
  "best_validation_accuracy": 0.8271604938271605,
  "best_validation_average_F1": 0.8249999999999507,
  "best_validation_loss": 0.4030710770325227
}