{
  "peak_cpu_memory_MB": 3071.076,
  "peak_gpu_0_memory_MB": 2510,
  "training_duration": "00:02:03",
  "training_start_epoch": 0,
  "training_epochs": 4,
  "epoch": 4,
  "training_1_F1": 0.865761689291051,
  "training_0_F1": 0.8624420401854214,
  "training_accuracy": 0.8641221374045801,
  "training_average_F1": 0.8641018647382361,
  "training_loss": 0.3334250288402162,
  "training_cpu_memory_MB": 3071.076,
  "training_gpu_0_memory_MB": 2510,
  "validation_1_F1": 0.8588235294117148,
  "validation_0_F1": 0.8441558441557944,
  "validation_accuracy": 0.8518518518518519,
  "validation_average_F1": 0.8514896867837546,
  "validation_loss": 0.4072833704677495,
  "best_epoch": 3,
  "best_validation_1_F1": 0.8674698795180223,
  "best_validation_0_F1": 0.860759493670836,
  "best_validation_accuracy": 0.8641975308641975,
  "best_validation_average_F1": 0.8641146865944291,
  "best_validation_loss": 0.43566636876626447,
  "test_1_F1": 0.8242424242423743,
  "test_0_F1": 0.8176100628930317,
  "test_accuracy": 0.8209876543209876,
  "test_average_F1": 0.8209262435677029,
  "test_loss": 0.4122484258630059
}