{
  "peak_cpu_memory_MB": 4430.656,
  "peak_gpu_0_memory_MB": 11,
  "peak_gpu_1_memory_MB": 11,
  "peak_gpu_2_memory_MB": 11,
  "peak_gpu_3_memory_MB": 11,
  "peak_gpu_4_memory_MB": 11,
  "peak_gpu_5_memory_MB": 11,
  "peak_gpu_6_memory_MB": 11,
  "peak_gpu_7_memory_MB": 11,
  "peak_gpu_8_memory_MB": 11,
  "peak_gpu_9_memory_MB": 11,
  "peak_gpu_10_memory_MB": 11,
  "peak_gpu_11_memory_MB": 8436,
  "peak_gpu_12_memory_MB": 11,
  "peak_gpu_13_memory_MB": 11,
  "peak_gpu_14_memory_MB": 11,
  "peak_gpu_15_memory_MB": 11,
  "training_duration": "00:08:31",
  "training_start_epoch": 0,
  "training_epochs": 5,
  "epoch": 5,
  "training_neg_F1": 0.9264877479579431,
  "training_pos_F1": 0.8609271523178309,
  "training_accuracy": 0.9038167938931297,
  "training_average_F1": 0.893707450137887,
  "training_loss": 0.33680718628371636,
  "training_cpu_memory_MB": 4430.656,
  "training_gpu_0_memory_MB": 11,
  "training_gpu_1_memory_MB": 11,
  "training_gpu_2_memory_MB": 11,
  "training_gpu_3_memory_MB": 11,
  "training_gpu_4_memory_MB": 11,
  "training_gpu_5_memory_MB": 11,
  "training_gpu_6_memory_MB": 11,
  "training_gpu_7_memory_MB": 11,
  "training_gpu_8_memory_MB": 11,
  "training_gpu_9_memory_MB": 11,
  "training_gpu_10_memory_MB": 11,
  "training_gpu_11_memory_MB": 8436,
  "training_gpu_12_memory_MB": 11,
  "training_gpu_13_memory_MB": 11,
  "training_gpu_14_memory_MB": 11,
  "training_gpu_15_memory_MB": 11,
  "validation_neg_F1": 0.7794871794871296,
  "validation_pos_F1": 0.6666666666666168,
  "validation_accuracy": 0.7345679012345679,
  "validation_average_F1": 0.7230769230768732,
  "validation_loss": 0.6047213429754431,
  "best_epoch": 3,
  "best_validation_neg_F1": 0.8140703517587441,
  "best_validation_pos_F1": 0.7039999999999501,
  "best_validation_accuracy": 0.7716049382716049,
  "best_validation_average_F1": 0.7590351758793471,
  "best_validation_loss": 0.5712463530627164,
  "test_neg_F1": 0.8450704225351615,
  "test_pos_F1": 0.7027027027026533,
  "test_accuracy": 0.7962962962962963,
  "test_average_F1": 0.7738865626189074,
  "test_loss": 0.4606242450800809
}