{
  "peak_cpu_memory_MB": 3088.164,
  "peak_gpu_0_memory_MB": 11,
  "peak_gpu_1_memory_MB": 11,
  "peak_gpu_2_memory_MB": 11,
  "peak_gpu_3_memory_MB": 11,
  "peak_gpu_4_memory_MB": 11,
  "peak_gpu_5_memory_MB": 11,
  "peak_gpu_6_memory_MB": 3432,
  "peak_gpu_7_memory_MB": 11,
  "peak_gpu_8_memory_MB": 11,
  "peak_gpu_9_memory_MB": 11,
  "peak_gpu_10_memory_MB": 11,
  "peak_gpu_11_memory_MB": 11,
  "peak_gpu_12_memory_MB": 11,
  "peak_gpu_13_memory_MB": 11,
  "peak_gpu_14_memory_MB": 7789,
  "peak_gpu_15_memory_MB": 4911,
  "training_duration": "00:01:26",
  "training_start_epoch": 0,
  "training_epochs": 2,
  "epoch": 2,
  "training_1_F1": 0.976461655277095,
  "training_0_F1": 0.9762087490406255,
  "training_accuracy": 0.9763358778625955,
  "training_average_F1": 0.9763352021588603,
  "training_loss": 0.08121646590894316,
  "training_cpu_memory_MB": 3088.164,
  "training_gpu_0_memory_MB": 11,
  "training_gpu_1_memory_MB": 11,
  "training_gpu_2_memory_MB": 11,
  "training_gpu_3_memory_MB": 11,
  "training_gpu_4_memory_MB": 11,
  "training_gpu_5_memory_MB": 11,
  "training_gpu_6_memory_MB": 3432,
  "training_gpu_7_memory_MB": 11,
  "training_gpu_8_memory_MB": 11,
  "training_gpu_9_memory_MB": 11,
  "training_gpu_10_memory_MB": 11,
  "training_gpu_11_memory_MB": 11,
  "training_gpu_12_memory_MB": 11,
  "training_gpu_13_memory_MB": 11,
  "training_gpu_14_memory_MB": 7789,
  "training_gpu_15_memory_MB": 4911,
  "validation_1_F1": 0.7534246575341972,
  "validation_0_F1": 0.7977528089887145,
  "validation_accuracy": 0.7777777777777778,
  "validation_average_F1": 0.7755887332614558,
  "validation_loss": 0.7069824608889493,
  "best_epoch": 0,
  "best_validation_1_F1": 0.8117647058823031,
  "best_validation_0_F1": 0.7922077922077424,
  "best_validation_accuracy": 0.8024691358024691,
  "best_validation_average_F1": 0.8019862490450227,
  "best_validation_loss": 0.5664439526471224,
  "test_1_F1": 0.809248554913245,
  "test_0_F1": 0.7814569536423345,
  "test_accuracy": 0.7962962962962963,
  "test_average_F1": 0.7953527542777897,
  "test_loss": 0.3832540620457042
}