{
  "peak_cpu_memory_MB": 3086.308,
  "peak_gpu_0_memory_MB": 11,
  "peak_gpu_1_memory_MB": 11,
  "peak_gpu_2_memory_MB": 11,
  "peak_gpu_3_memory_MB": 11,
  "peak_gpu_4_memory_MB": 11,
  "peak_gpu_5_memory_MB": 11,
  "peak_gpu_6_memory_MB": 3444,
  "peak_gpu_7_memory_MB": 11,
  "peak_gpu_8_memory_MB": 11,
  "peak_gpu_9_memory_MB": 11,
  "peak_gpu_10_memory_MB": 11,
  "peak_gpu_11_memory_MB": 11,
  "peak_gpu_12_memory_MB": 11,
  "peak_gpu_13_memory_MB": 11,
  "peak_gpu_14_memory_MB": 7789,
  "peak_gpu_15_memory_MB": 4911,
  "training_duration": "00:02:27",
  "training_start_epoch": 0,
  "training_epochs": 4,
  "epoch": 4,
  "training_1_F1": 0.9992372234934664,
  "training_0_F1": 0.9992360580595376,
  "training_accuracy": 0.999236641221374,
  "training_average_F1": 0.9992366407765021,
  "training_loss": 0.005420383701964122,
  "training_cpu_memory_MB": 3086.308,
  "training_gpu_0_memory_MB": 11,
  "training_gpu_1_memory_MB": 11,
  "training_gpu_2_memory_MB": 11,
  "training_gpu_3_memory_MB": 11,
  "training_gpu_4_memory_MB": 11,
  "training_gpu_5_memory_MB": 11,
  "training_gpu_6_memory_MB": 3444,
  "training_gpu_7_memory_MB": 11,
  "training_gpu_8_memory_MB": 11,
  "training_gpu_9_memory_MB": 11,
  "training_gpu_10_memory_MB": 11,
  "training_gpu_11_memory_MB": 11,
  "training_gpu_12_memory_MB": 11,
  "training_gpu_13_memory_MB": 11,
  "training_gpu_14_memory_MB": 7789,
  "training_gpu_15_memory_MB": 4911,
  "validation_1_F1": 0.7564102564102064,
  "validation_0_F1": 0.7738095238094739,
  "validation_accuracy": 0.7654320987654321,
  "validation_average_F1": 0.7651098901098401,
  "validation_loss": 1.0404510443860835,
  "best_epoch": 2,
  "best_validation_1_F1": 0.7777777777777278,
  "best_validation_0_F1": 0.7777777777777278,
  "best_validation_accuracy": 0.7777777777777778,
  "best_validation_average_F1": 0.7777777777777278,
  "best_validation_loss": 0.687228190627965,
  "test_1_F1": 0.8343558282208088,
  "test_0_F1": 0.8322981366459128,
  "test_accuracy": 0.8333333333333334,
  "test_average_F1": 0.8333269824333608,
  "test_loss": 0.48587616871703754
}