{
  "peak_cpu_memory_MB": 1842.108,
  "peak_gpu_0_memory_MB": 11,
  "peak_gpu_1_memory_MB": 11082,
  "peak_gpu_2_memory_MB": 11,
  "peak_gpu_3_memory_MB": 11,
  "peak_gpu_4_memory_MB": 11,
  "peak_gpu_5_memory_MB": 346,
  "peak_gpu_6_memory_MB": 11,
  "peak_gpu_7_memory_MB": 11,
  "peak_gpu_8_memory_MB": 11,
  "peak_gpu_9_memory_MB": 11,
  "peak_gpu_10_memory_MB": 11,
  "peak_gpu_11_memory_MB": 11,
  "peak_gpu_12_memory_MB": 11,
  "peak_gpu_13_memory_MB": 11,
  "peak_gpu_14_memory_MB": 11,
  "peak_gpu_15_memory_MB": 11,
  "training_duration": "00:00:03",
  "training_start_epoch": 0,
  "training_epochs": 0,
  "epoch": 0,
  "training_1_P": 0.7253218884120172,
  "training_1_R": 0.7740458015267175,
  "training_1_F1": 0.7488921713441156,
  "training_0_P": 0.7577741407528642,
  "training_0_R": 0.7068702290076336,
  "training_0_F1": 0.7314375987361271,
  "training_accuracy": 0.7404580152671756,
  "training_average_F1": 0.7401648850401213,
  "training_loss": 0.5242768387968947,
  "training_cpu_memory_MB": 1842.108,
  "training_gpu_0_memory_MB": 11,
  "training_gpu_1_memory_MB": 11082,
  "training_gpu_2_memory_MB": 11,
  "training_gpu_3_memory_MB": 11,
  "training_gpu_4_memory_MB": 11,
  "training_gpu_5_memory_MB": 346,
  "training_gpu_6_memory_MB": 11,
  "training_gpu_7_memory_MB": 11,
  "training_gpu_8_memory_MB": 11,
  "training_gpu_9_memory_MB": 11,
  "training_gpu_10_memory_MB": 11,
  "training_gpu_11_memory_MB": 11,
  "training_gpu_12_memory_MB": 11,
  "training_gpu_13_memory_MB": 11,
  "training_gpu_14_memory_MB": 11,
  "training_gpu_15_memory_MB": 11,
  "validation_1_P": 0.8051948051948052,
  "validation_1_R": 0.7654320987654321,
  "validation_1_F1": 0.7848101265822286,
  "validation_0_P": 0.7764705882352941,
  "validation_0_R": 0.8148148148148148,
  "validation_0_F1": 0.7951807228915163,
  "validation_accuracy": 0.7901234567901234,
  "validation_average_F1": 0.7899954247368725,
  "validation_loss": 0.4465492530302568,
  "best_epoch": 0,
  "best_validation_1_P": 0.8051948051948052,
  "best_validation_1_R": 0.7654320987654321,
  "best_validation_1_F1": 0.7848101265822286,
  "best_validation_0_P": 0.7764705882352941,
  "best_validation_0_R": 0.8148148148148148,
  "best_validation_0_F1": 0.7951807228915163,
  "best_validation_accuracy": 0.7901234567901234,
  "best_validation_average_F1": 0.7899954247368725,
  "best_validation_loss": 0.4465492530302568
}