{
  "peak_cpu_memory_MB": 1860.756,
  "peak_gpu_0_memory_MB": 11,
  "peak_gpu_1_memory_MB": 11082,
  "peak_gpu_2_memory_MB": 11,
  "peak_gpu_3_memory_MB": 11,
  "peak_gpu_4_memory_MB": 11,
  "peak_gpu_5_memory_MB": 352,
  "peak_gpu_6_memory_MB": 11,
  "peak_gpu_7_memory_MB": 11,
  "peak_gpu_8_memory_MB": 11,
  "peak_gpu_9_memory_MB": 11,
  "peak_gpu_10_memory_MB": 11,
  "peak_gpu_11_memory_MB": 11,
  "peak_gpu_12_memory_MB": 11,
  "peak_gpu_13_memory_MB": 11,
  "peak_gpu_14_memory_MB": 11,
  "peak_gpu_15_memory_MB": 11,
  "training_duration": "00:00:17",
  "training_start_epoch": 0,
  "training_epochs": 4,
  "epoch": 4,
  "training_1_P": 0.9024745269286754,
  "training_1_R": 0.9465648854961832,
  "training_1_F1": 0.9239940387480872,
  "training_0_P": 0.9438202247191011,
  "training_0_R": 0.8977099236641222,
  "training_0_F1": 0.9201877934271803,
  "training_accuracy": 0.9221374045801527,
  "training_average_F1": 0.9220909160876337,
  "training_loss": 0.18905399539848652,
  "training_cpu_memory_MB": 1860.756,
  "training_gpu_0_memory_MB": 11,
  "training_gpu_1_memory_MB": 11082,
  "training_gpu_2_memory_MB": 11,
  "training_gpu_3_memory_MB": 11,
  "training_gpu_4_memory_MB": 11,
  "training_gpu_5_memory_MB": 352,
  "training_gpu_6_memory_MB": 11,
  "training_gpu_7_memory_MB": 11,
  "training_gpu_8_memory_MB": 11,
  "training_gpu_9_memory_MB": 11,
  "training_gpu_10_memory_MB": 11,
  "training_gpu_11_memory_MB": 11,
  "training_gpu_12_memory_MB": 11,
  "training_gpu_13_memory_MB": 11,
  "training_gpu_14_memory_MB": 11,
  "training_gpu_15_memory_MB": 11,
  "validation_1_P": 0.8548387096774194,
  "validation_1_R": 0.654320987654321,
  "validation_1_F1": 0.7412587412586923,
  "validation_0_P": 0.72,
  "validation_0_R": 0.8888888888888888,
  "validation_0_F1": 0.7955801104971881,
  "validation_accuracy": 0.7716049382716049,
  "validation_average_F1": 0.7684194258779402,
  "validation_loss": 0.6049596287987449,
  "best_epoch": 3,
  "best_validation_1_P": 0.8414634146341463,
  "best_validation_1_R": 0.8518518518518519,
  "best_validation_1_F1": 0.8466257668711156,
  "best_validation_0_P": 0.85,
  "best_validation_0_R": 0.8395061728395061,
  "best_validation_0_F1": 0.84472049689436,
  "best_validation_accuracy": 0.845679012345679,
  "best_validation_average_F1": 0.8456731318827377,
  "best_validation_loss": 0.4297416704622182
}