{
  "peak_cpu_memory_MB": 1860.76,
  "peak_gpu_0_memory_MB": 11,
  "peak_gpu_1_memory_MB": 11082,
  "peak_gpu_2_memory_MB": 11,
  "peak_gpu_3_memory_MB": 11,
  "peak_gpu_4_memory_MB": 11,
  "peak_gpu_5_memory_MB": 352,
  "peak_gpu_6_memory_MB": 11,
  "peak_gpu_7_memory_MB": 11,
  "peak_gpu_8_memory_MB": 11,
  "peak_gpu_9_memory_MB": 11,
  "peak_gpu_10_memory_MB": 11,
  "peak_gpu_11_memory_MB": 11,
  "peak_gpu_12_memory_MB": 11,
  "peak_gpu_13_memory_MB": 11,
  "peak_gpu_14_memory_MB": 11,
  "peak_gpu_15_memory_MB": 11,
  "training_duration": "00:00:20",
  "training_start_epoch": 0,
  "training_epochs": 5,
  "epoch": 5,
  "training_1_P": 0.9396170839469808,
  "training_1_R": 0.9740458015267176,
  "training_1_F1": 0.956521739130385,
  "training_0_P": 0.9730586370839936,
  "training_0_R": 0.9374045801526718,
  "training_0_F1": 0.9548989113529827,
  "training_accuracy": 0.9557251908396946,
  "training_average_F1": 0.9557103252416839,
  "training_loss": 0.12211666908115149,
  "training_cpu_memory_MB": 1860.76,
  "training_gpu_0_memory_MB": 11,
  "training_gpu_1_memory_MB": 11082,
  "training_gpu_2_memory_MB": 11,
  "training_gpu_3_memory_MB": 11,
  "training_gpu_4_memory_MB": 11,
  "training_gpu_5_memory_MB": 352,
  "training_gpu_6_memory_MB": 11,
  "training_gpu_7_memory_MB": 11,
  "training_gpu_8_memory_MB": 11,
  "training_gpu_9_memory_MB": 11,
  "training_gpu_10_memory_MB": 11,
  "training_gpu_11_memory_MB": 11,
  "training_gpu_12_memory_MB": 11,
  "training_gpu_13_memory_MB": 11,
  "training_gpu_14_memory_MB": 11,
  "training_gpu_15_memory_MB": 11,
  "validation_1_P": 0.8,
  "validation_1_R": 0.8888888888888888,
  "validation_1_F1": 0.842105263157845,
  "validation_0_P": 0.875,
  "validation_0_R": 0.7777777777777778,
  "validation_0_F1": 0.8235294117646562,
  "validation_accuracy": 0.8333333333333334,
  "validation_average_F1": 0.8328173374612506,
  "validation_loss": 0.4972972124814987,
  "best_epoch": 3,
  "best_validation_1_P": 0.8414634146341463,
  "best_validation_1_R": 0.8518518518518519,
  "best_validation_1_F1": 0.8466257668711156,
  "best_validation_0_P": 0.85,
  "best_validation_0_R": 0.8395061728395061,
  "best_validation_0_F1": 0.84472049689436,
  "best_validation_accuracy": 0.845679012345679,
  "best_validation_average_F1": 0.8456731318827377,
  "best_validation_loss": 0.4297416704622182
}