{
  "peak_cpu_memory_MB": 3068.88,
  "peak_gpu_0_memory_MB": 2510,
  "training_duration": "00:01:36",
  "training_start_epoch": 0,
  "training_epochs": 3,
  "epoch": 3,
  "training_1_F1": 0.9664634146340964,
  "training_0_F1": 0.9663608562690631,
  "training_accuracy": 0.966412213740458,
  "training_average_F1": 0.9664121354515798,
  "training_loss": 0.12253284990424063,
  "training_cpu_memory_MB": 3068.88,
  "training_gpu_0_memory_MB": 2510,
  "validation_1_F1": 0.8662420382165106,
  "validation_0_F1": 0.8742514970059381,
  "validation_accuracy": 0.8703703703703703,
  "validation_average_F1": 0.8702467676112243,
  "validation_loss": 0.531253616918217,
  "best_epoch": 1,
  "best_validation_1_F1": 0.8765432098764933,
  "best_validation_0_F1": 0.8765432098764933,
  "best_validation_accuracy": 0.8765432098765432,
  "best_validation_average_F1": 0.8765432098764933,
  "best_validation_loss": 0.31127020852132276
}