{
  "peak_cpu_memory_MB": 3068.88,
  "peak_gpu_0_memory_MB": 1241,
  "training_duration": "00:00:22",
  "training_start_epoch": 0,
  "training_epochs": 0,
  "epoch": 0,
  "training_1_F1": 0.8099547511311718,
  "training_0_F1": 0.8052550231838758,
  "training_accuracy": 0.8076335877862595,
  "training_average_F1": 0.8076048871575238,
  "training_loss": 0.4410209951967728,
  "training_cpu_memory_MB": 3068.88,
  "training_gpu_0_memory_MB": 1241,
  "validation_1_F1": 0.8670520231213374,
  "validation_0_F1": 0.8476821192052484,
  "validation_accuracy": 0.8580246913580247,
  "validation_average_F1": 0.8573670711632929,
  "validation_loss": 0.4950545118613677,
  "best_epoch": 0,
  "best_validation_1_F1": 0.8670520231213374,
  "best_validation_0_F1": 0.8476821192052484,
  "best_validation_accuracy": 0.8580246913580247,
  "best_validation_average_F1": 0.8573670711632929,
  "best_validation_loss": 0.4950545118613677
}