{
  "peak_cpu_memory_MB": 3068.88,
  "peak_gpu_0_memory_MB": 2510,
  "training_duration": "00:00:46",
  "training_start_epoch": 0,
  "training_epochs": 1,
  "epoch": 1,
  "training_1_F1": 0.907029478458,
  "training_0_F1": 0.905165767154923,
  "training_accuracy": 0.9061068702290076,
  "training_average_F1": 0.9060976228064614,
  "training_loss": 0.25807487746564356,
  "training_cpu_memory_MB": 3068.88,
  "training_gpu_0_memory_MB": 2510,
  "validation_1_F1": 0.8765432098764933,
  "validation_0_F1": 0.8765432098764933,
  "validation_accuracy": 0.8765432098765432,
  "validation_average_F1": 0.8765432098764933,
  "validation_loss": 0.31127020852132276,
  "best_epoch": 1,
  "best_validation_1_F1": 0.8765432098764933,
  "best_validation_0_F1": 0.8765432098764933,
  "best_validation_accuracy": 0.8765432098765432,
  "best_validation_average_F1": 0.8765432098764933,
  "best_validation_loss": 0.31127020852132276
}