{
  "peak_cpu_memory_MB": 3068.88,
  "peak_gpu_0_memory_MB": 2510,
  "training_duration": "00:02:00",
  "training_start_epoch": 0,
  "training_epochs": 4,
  "epoch": 4,
  "training_1_F1": 0.9786910197868601,
  "training_0_F1": 0.978560490045892,
  "training_accuracy": 0.9786259541984733,
  "training_average_F1": 0.978625754916376,
  "training_loss": 0.07946142904096987,
  "training_cpu_memory_MB": 3068.88,
  "training_gpu_0_memory_MB": 2510,
  "validation_1_F1": 0.8588235294117148,
  "validation_0_F1": 0.8441558441557944,
  "validation_accuracy": 0.8518518518518519,
  "validation_average_F1": 0.8514896867837546,
  "validation_loss": 0.5654780085791241,
  "best_epoch": 1,
  "best_validation_1_F1": 0.8765432098764933,
  "best_validation_0_F1": 0.8765432098764933,
  "best_validation_accuracy": 0.8765432098765432,
  "best_validation_average_F1": 0.8765432098764933,
  "best_validation_loss": 0.31127020852132276
}