{
  "peak_cpu_memory_MB": 2642.86,
  "peak_gpu_0_memory_MB": 2510,
  "training_duration": "00:08:43",
  "training_start_epoch": 0,
  "training_epochs": 20,
  "epoch": 20,
  "training_1_P": 0.6868327402135231,
  "training_1_R": 0.5893129770992367,
  "training_1_F1": 0.6343467543138369,
  "training_0_P": 0.6403743315508021,
  "training_0_R": 0.7312977099236642,
  "training_0_F1": 0.6828225231645975,
  "training_accuracy": 0.6603053435114504,
  "training_average_F1": 0.6585846387392171,
  "training_loss": 0.6528209891261124,
  "training_cpu_memory_MB": 2642.86,
  "training_gpu_0_memory_MB": 2510,
  "validation_1_P": 0.7037037037037037,
  "validation_1_R": 0.7037037037037037,
  "validation_1_F1": 0.7037037037036538,
  "validation_0_P": 0.7037037037037037,
  "validation_0_R": 0.7037037037037037,
  "validation_0_F1": 0.7037037037036538,
  "validation_accuracy": 0.7037037037037037,
  "validation_average_F1": 0.7037037037036538,
  "validation_loss": 0.6311338869008151,
  "best_epoch": 17,
  "best_validation_1_P": 0.6966292134831461,
  "best_validation_1_R": 0.7654320987654321,
  "best_validation_1_F1": 0.7294117647058325,
  "best_validation_0_P": 0.7397260273972602,
  "best_validation_0_R": 0.6666666666666666,
  "best_validation_0_F1": 0.7012987012986515,
  "best_validation_accuracy": 0.7160493827160493,
  "best_validation_average_F1": 0.7153552330022419,
  "best_validation_loss": 0.638728759505532,
  "test_1_P": 0.7236842105263158,
  "test_1_R": 0.6790123456790124,
  "test_1_F1": 0.7006369426751093,
  "test_0_P": 0.6976744186046512,
  "test_0_R": 0.7407407407407407,
  "test_0_F1": 0.7185628742514469,
  "test_accuracy": 0.7098765432098766,
  "test_average_F1": 0.7095999084632781,
  "test_loss": 0.6387166055766019
}