{
  "training_duration": "00:04:48",
  "training_start_epoch": 0,
  "training_epochs": 5,
  "epoch": 5,
  "training_1_F1": 0.9537528430628766,
  "training_0_F1": 0.9531129900076365,
  "training_accuracy": 0.9534351145038168,
  "training_average_F1": 0.9534329165352565,
  "training_loss": 0.17728150104422394,
  "validation_1_F1": 0.8690476190475692,
  "validation_0_F1": 0.8589743589743091,
  "validation_accuracy": 0.8641975308641975,
  "validation_average_F1": 0.8640109890109391,
  "validation_loss": 0.3167859288779172,
  "best_epoch": 4,
  "best_validation_1_F1": 0.8888888888888389,
  "best_validation_0_F1": 0.8888888888888389,
  "best_validation_accuracy": 0.8888888888888888,
  "best_validation_average_F1": 0.8888888888888389,
  "best_validation_loss": 0.29093296148560266
}