{
  "training_duration": "00:03:11",
  "training_start_epoch": 0,
  "training_epochs": 3,
  "epoch": 3,
  "training_1_F1": 0.9129129129128629,
  "training_0_F1": 0.9099378881987079,
  "training_accuracy": 0.9114503816793893,
  "training_average_F1": 0.9114254005557854,
  "training_loss": 0.2576934985089593,
  "validation_1_F1": 0.8622754491017465,
  "validation_0_F1": 0.853503184713326,
  "validation_accuracy": 0.8580246913580247,
  "validation_average_F1": 0.8578893169075362,
  "validation_loss": 0.29636493867093866,
  "best_epoch": 2,
  "best_validation_1_F1": 0.8758169934640025,
  "best_validation_0_F1": 0.8888888888888391,
  "best_validation_accuracy": 0.8827160493827161,
  "best_validation_average_F1": 0.8823529411764208,
  "best_validation_loss": 0.30660381642254914
}