{
  "training_duration": "00:03:57",
  "training_start_epoch": 0,
  "training_epochs": 4,
  "epoch": 4,
  "training_1_F1": 0.9344385832704851,
  "training_0_F1": 0.9327146171693236,
  "training_accuracy": 0.933587786259542,
  "training_average_F1": 0.9335766002199044,
  "training_loss": 0.2185796437467017,
  "validation_1_F1": 0.8888888888888389,
  "validation_0_F1": 0.8888888888888389,
  "validation_accuracy": 0.8888888888888888,
  "validation_average_F1": 0.8888888888888389,
  "validation_loss": 0.29093296148560266,
  "best_epoch": 4,
  "best_validation_1_F1": 0.8888888888888389,
  "best_validation_0_F1": 0.8888888888888389,
  "best_validation_accuracy": 0.8888888888888888,
  "best_validation_average_F1": 0.8888888888888389,
  "best_validation_loss": 0.29093296148560266
}