{
  "training_duration": "00:05:34",
  "training_start_epoch": 0,
  "training_epochs": 6,
  "epoch": 6,
  "training_1_F1": 0.9599395313680528,
  "training_0_F1": 0.9591364687740441,
  "training_accuracy": 0.9595419847328245,
  "training_average_F1": 0.9595380000710485,
  "training_loss": 0.155585837391455,
  "validation_1_F1": 0.8658536585365354,
  "validation_0_F1": 0.86249999999995,
  "validation_accuracy": 0.8641975308641975,
  "validation_average_F1": 0.8641768292682427,
  "validation_loss": 0.370673077350313,
  "best_epoch": 4,
  "best_validation_1_F1": 0.8888888888888389,
  "best_validation_0_F1": 0.8888888888888389,
  "best_validation_accuracy": 0.8888888888888888,
  "best_validation_average_F1": 0.8888888888888389,
  "best_validation_loss": 0.29093296148560266
}