{
  "peak_cpu_memory_MB": 5774.004,
  "peak_gpu_0_memory_MB": 11,
  "peak_gpu_1_memory_MB": 11,
  "peak_gpu_2_memory_MB": 11,
  "peak_gpu_3_memory_MB": 11,
  "peak_gpu_4_memory_MB": 11,
  "peak_gpu_5_memory_MB": 11,
  "peak_gpu_6_memory_MB": 1906,
  "peak_gpu_7_memory_MB": 11,
  "peak_gpu_8_memory_MB": 11,
  "peak_gpu_9_memory_MB": 11,
  "peak_gpu_10_memory_MB": 11,
  "peak_gpu_11_memory_MB": 4806,
  "peak_gpu_12_memory_MB": 11,
  "peak_gpu_13_memory_MB": 11,
  "peak_gpu_14_memory_MB": 11,
  "peak_gpu_15_memory_MB": 11,
  "training_duration": "00:02:29",
  "training_start_epoch": 0,
  "training_epochs": 3,
  "epoch": 3,
  "training_1_P": 0.9803328290468987,
  "training_1_R": 0.9893129770992366,
  "training_1_F1": 0.9848024316108923,
  "training_0_P": 0.9892141756548536,
  "training_0_R": 0.9801526717557252,
  "training_0_F1": 0.9846625766870666,
  "training_accuracy": 0.9847328244274809,
  "training_average_F1": 0.9847325041489794,
  "training_loss": 0.053593102195186586,
  "training_cpu_memory_MB": 5774.004,
  "training_gpu_0_memory_MB": 11,
  "training_gpu_1_memory_MB": 11,
  "training_gpu_2_memory_MB": 11,
  "training_gpu_3_memory_MB": 11,
  "training_gpu_4_memory_MB": 11,
  "training_gpu_5_memory_MB": 11,
  "training_gpu_6_memory_MB": 1906,
  "training_gpu_7_memory_MB": 11,
  "training_gpu_8_memory_MB": 11,
  "training_gpu_9_memory_MB": 11,
  "training_gpu_10_memory_MB": 11,
  "training_gpu_11_memory_MB": 4806,
  "training_gpu_12_memory_MB": 11,
  "training_gpu_13_memory_MB": 11,
  "training_gpu_14_memory_MB": 11,
  "training_gpu_15_memory_MB": 11,
  "validation_1_P": 0.8170731707317073,
  "validation_1_R": 0.8271604938271605,
  "validation_1_F1": 0.8220858895705022,
  "validation_0_P": 0.825,
  "validation_0_R": 0.8148148148148148,
  "validation_0_F1": 0.8198757763974656,
  "validation_accuracy": 0.8209876543209876,
  "validation_average_F1": 0.8209808329839838,
  "validation_loss": 0.5227374217726968,
  "best_epoch": 2,
  "best_validation_1_P": 0.8395061728395061,
  "best_validation_1_R": 0.8395061728395061,
  "best_validation_1_F1": 0.8395061728394562,
  "best_validation_0_P": 0.8395061728395061,
  "best_validation_0_R": 0.8395061728395061,
  "best_validation_0_F1": 0.8395061728394562,
  "best_validation_accuracy": 0.8395061728395061,
  "best_validation_average_F1": 0.8395061728394562,
  "best_validation_loss": 0.4761275879361413
}