{
  "peak_cpu_memory_MB": 3078.752,
  "peak_gpu_0_memory_MB": 2586,
  "training_duration": "00:03:47",
  "training_start_epoch": 0,
  "training_epochs": 7,
  "epoch": 7,
  "training_1_P": 0.9847560975609756,
  "training_1_R": 0.9862595419847329,
  "training_1_F1": 0.9855072463767617,
  "training_0_P": 0.9862385321100917,
  "training_0_R": 0.9847328244274809,
  "training_0_F1": 0.9854851031321119,
  "training_accuracy": 0.9854961832061069,
  "training_average_F1": 0.9854961747544368,
  "training_loss": 0.051119693884308016,
  "training_cpu_memory_MB": 3078.752,
  "training_gpu_0_memory_MB": 2586,
  "validation_1_P": 0.8765432098765432,
  "validation_1_R": 0.8765432098765432,
  "validation_1_F1": 0.8765432098764933,
  "validation_0_P": 0.8765432098765432,
  "validation_0_R": 0.8765432098765432,
  "validation_0_F1": 0.8765432098764933,
  "validation_accuracy": 0.8765432098765432,
  "validation_average_F1": 0.8765432098764933,
  "validation_loss": 0.8423361412503503,
  "best_epoch": 4,
  "best_validation_1_P": 0.8888888888888888,
  "best_validation_1_R": 0.8888888888888888,
  "best_validation_1_F1": 0.8888888888888389,
  "best_validation_0_P": 0.8888888888888888,
  "best_validation_0_R": 0.8888888888888888,
  "best_validation_0_F1": 0.8888888888888389,
  "best_validation_accuracy": 0.8888888888888888,
  "best_validation_average_F1": 0.8888888888888389,
  "best_validation_loss": 0.5520653304728594,
  "test_1_P": 0.8333333333333334,
  "test_1_R": 0.8641975308641975,
  "test_1_F1": 0.8484848484847984,
  "test_0_P": 0.8589743589743589,
  "test_0_R": 0.8271604938271605,
  "test_0_F1": 0.8427672955974342,
  "test_accuracy": 0.845679012345679,
  "test_average_F1": 0.8456260720411164,
  "test_loss": 0.3885838247158311
}