{
  "peak_cpu_memory_MB": 2642.708,
  "peak_gpu_0_memory_MB": 2510,
  "training_duration": "00:05:31",
  "training_start_epoch": 0,
  "training_epochs": 12,
  "epoch": 12,
  "training_1_P": 0.9984709480122325,
  "training_1_R": 0.9969465648854962,
  "training_1_F1": 0.9977081741787125,
  "training_0_P": 0.9969512195121951,
  "training_0_R": 0.9984732824427481,
  "training_0_F1": 0.9977116704804992,
  "training_accuracy": 0.9977099236641221,
  "training_average_F1": 0.9977099223296059,
  "training_loss": 0.00899835740977035,
  "training_cpu_memory_MB": 2642.708,
  "training_gpu_0_memory_MB": 2510,
  "validation_1_P": 0.8536585365853658,
  "validation_1_R": 0.8641975308641975,
  "validation_1_F1": 0.8588957055214225,
  "validation_0_P": 0.8625,
  "validation_0_R": 0.8518518518518519,
  "validation_0_F1": 0.8571428571428072,
  "validation_accuracy": 0.8580246913580247,
  "validation_average_F1": 0.8580192813321148,
  "validation_loss": 0.6148368851705031,
  "best_epoch": 10,
  "best_validation_1_P": 0.8765432098765432,
  "best_validation_1_R": 0.8765432098765432,
  "best_validation_1_F1": 0.8765432098764933,
  "best_validation_0_P": 0.8765432098765432,
  "best_validation_0_R": 0.8765432098765432,
  "best_validation_0_F1": 0.8765432098764933,
  "best_validation_accuracy": 0.8765432098765432,
  "best_validation_average_F1": 0.8765432098764933,
  "best_validation_loss": 0.6072808940979567
}