{
  "peak_cpu_memory_MB": 2642.708,
  "peak_gpu_0_memory_MB": 2510,
  "training_duration": "00:04:12",
  "training_start_epoch": 0,
  "training_epochs": 9,
  "epoch": 9,
  "training_1_P": 0.9984709480122325,
  "training_1_R": 0.9969465648854962,
  "training_1_F1": 0.9977081741787125,
  "training_0_P": 0.9969512195121951,
  "training_0_R": 0.9984732824427481,
  "training_0_F1": 0.9977116704804992,
  "training_accuracy": 0.9977099236641221,
  "training_average_F1": 0.9977099223296059,
  "training_loss": 0.016016540787659767,
  "training_cpu_memory_MB": 2642.708,
  "training_gpu_0_memory_MB": 2510,
  "validation_1_P": 0.8352941176470589,
  "validation_1_R": 0.8765432098765432,
  "validation_1_F1": 0.855421686746938,
  "validation_0_P": 0.8701298701298701,
  "validation_0_R": 0.8271604938271605,
  "validation_0_F1": 0.8481012658227349,
  "validation_accuracy": 0.8518518518518519,
  "validation_average_F1": 0.8517614762848364,
  "validation_loss": 0.7455641600218686,
  "best_epoch": 9,
  "best_validation_1_P": 0.8352941176470589,
  "best_validation_1_R": 0.8765432098765432,
  "best_validation_1_F1": 0.855421686746938,
  "best_validation_0_P": 0.8701298701298701,
  "best_validation_0_R": 0.8271604938271605,
  "best_validation_0_F1": 0.8481012658227349,
  "best_validation_accuracy": 0.8518518518518519,
  "best_validation_average_F1": 0.8517614762848364,
  "best_validation_loss": 0.7455641600218686
}