{
  "peak_cpu_memory_MB": 2642.708,
  "peak_gpu_0_memory_MB": 1241,
  "training_duration": "00:00:22",
  "training_start_epoch": 0,
  "training_epochs": 0,
  "epoch": 0,
  "training_1_P": 0.5216763005780347,
  "training_1_R": 0.5511450381679389,
  "training_1_F1": 0.5360059391239292,
  "training_0_P": 0.5242718446601942,
  "training_0_R": 0.4946564885496183,
  "training_0_F1": 0.5090337784759909,
  "training_accuracy": 0.5229007633587787,
  "training_average_F1": 0.52251985879996,
  "training_loss": 0.7465388789409544,
  "training_cpu_memory_MB": 2642.708,
  "training_gpu_0_memory_MB": 1241,
  "validation_1_P": 0.5,
  "validation_1_R": 1.0,
  "validation_1_F1": 0.6666666666666222,
  "validation_0_P": 0.0,
  "validation_0_R": 0.0,
  "validation_0_F1": 0.0,
  "validation_accuracy": 0.5,
  "validation_average_F1": 0.3333333333333111,
  "validation_loss": 0.6875875538045709,
  "best_epoch": 0,
  "best_validation_1_P": 0.5,
  "best_validation_1_R": 1.0,
  "best_validation_1_F1": 0.6666666666666222,
  "best_validation_0_P": 0.0,
  "best_validation_0_R": 0.0,
  "best_validation_0_F1": 0.0,
  "best_validation_accuracy": 0.5,
  "best_validation_average_F1": 0.3333333333333111,
  "best_validation_loss": 0.6875875538045709
}