{
  "peak_cpu_memory_MB": 2642.708,
  "peak_gpu_0_memory_MB": 2510,
  "training_duration": "00:01:13",
  "training_start_epoch": 0,
  "training_epochs": 2,
  "epoch": 2,
  "training_1_P": 0.7856135401974612,
  "training_1_R": 0.850381679389313,
  "training_1_F1": 0.8167155425219443,
  "training_0_P": 0.8369384359400999,
  "training_0_R": 0.76793893129771,
  "training_0_F1": 0.800955414012689,
  "training_accuracy": 0.8091603053435115,
  "training_average_F1": 0.8088354782673166,
  "training_loss": 0.44415796929743234,
  "training_cpu_memory_MB": 2642.708,
  "training_gpu_0_memory_MB": 2510,
  "validation_1_P": 0.8441558441558441,
  "validation_1_R": 0.8024691358024691,
  "validation_1_F1": 0.8227848101265324,
  "validation_0_P": 0.8117647058823529,
  "validation_0_R": 0.8518518518518519,
  "validation_0_F1": 0.8313253012047693,
  "validation_accuracy": 0.8271604938271605,
  "validation_average_F1": 0.8270550556656509,
  "validation_loss": 0.4369374161416834,
  "best_epoch": 2,
  "best_validation_1_P": 0.8441558441558441,
  "best_validation_1_R": 0.8024691358024691,
  "best_validation_1_F1": 0.8227848101265324,
  "best_validation_0_P": 0.8117647058823529,
  "best_validation_0_R": 0.8518518518518519,
  "best_validation_0_F1": 0.8313253012047693,
  "best_validation_accuracy": 0.8271604938271605,
  "best_validation_average_F1": 0.8270550556656509,
  "best_validation_loss": 0.4369374161416834
}