{
  "peak_cpu_memory_MB": 2642.708,
  "peak_gpu_0_memory_MB": 2510,
  "training_duration": "00:01:43",
  "training_start_epoch": 0,
  "training_epochs": 3,
  "epoch": 3,
  "training_1_P": 0.8585858585858586,
  "training_1_R": 0.9083969465648855,
  "training_1_F1": 0.8827893175073686,
  "training_0_P": 0.9027552674230146,
  "training_0_R": 0.850381679389313,
  "training_0_F1": 0.8757861635219626,
  "training_accuracy": 0.8793893129770992,
  "training_average_F1": 0.8792877405146655,
  "training_loss": 0.3137216859883288,
  "training_cpu_memory_MB": 2642.708,
  "training_gpu_0_memory_MB": 2510,
  "validation_1_P": 0.8292682926829268,
  "validation_1_R": 0.8395061728395061,
  "validation_1_F1": 0.8343558282208088,
  "validation_0_P": 0.8375,
  "validation_0_R": 0.8271604938271605,
  "validation_0_F1": 0.8322981366459128,
  "validation_accuracy": 0.8333333333333334,
  "validation_average_F1": 0.8333269824333608,
  "validation_loss": 0.481406723911112,
  "best_epoch": 3,
  "best_validation_1_P": 0.8292682926829268,
  "best_validation_1_R": 0.8395061728395061,
  "best_validation_1_F1": 0.8343558282208088,
  "best_validation_0_P": 0.8375,
  "best_validation_0_R": 0.8271604938271605,
  "best_validation_0_F1": 0.8322981366459128,
  "best_validation_accuracy": 0.8333333333333334,
  "best_validation_average_F1": 0.8333269824333608,
  "best_validation_loss": 0.481406723911112
}