{
  "peak_cpu_memory_MB": 2642.708,
  "peak_gpu_0_memory_MB": 2510,
  "training_duration": "00:00:45",
  "training_start_epoch": 0,
  "training_epochs": 1,
  "epoch": 1,
  "training_1_P": 0.6742209631728046,
  "training_1_R": 0.7267175572519083,
  "training_1_F1": 0.6994856722997297,
  "training_0_P": 0.7036423841059603,
  "training_0_R": 0.648854961832061,
  "training_0_F1": 0.6751389992056689,
  "training_accuracy": 0.6877862595419847,
  "training_average_F1": 0.6873123357526993,
  "training_loss": 0.6032016400883837,
  "training_cpu_memory_MB": 2642.708,
  "training_gpu_0_memory_MB": 2510,
  "validation_1_P": 0.7701149425287356,
  "validation_1_R": 0.8271604938271605,
  "validation_1_F1": 0.7976190476189976,
  "validation_0_P": 0.8133333333333334,
  "validation_0_R": 0.7530864197530864,
  "validation_0_F1": 0.7820512820512322,
  "validation_accuracy": 0.7901234567901234,
  "validation_average_F1": 0.789835164835115,
  "validation_loss": 0.45757509632544086,
  "best_epoch": 1,
  "best_validation_1_P": 0.7701149425287356,
  "best_validation_1_R": 0.8271604938271605,
  "best_validation_1_F1": 0.7976190476189976,
  "best_validation_0_P": 0.8133333333333334,
  "best_validation_0_R": 0.7530864197530864,
  "best_validation_0_F1": 0.7820512820512322,
  "best_validation_accuracy": 0.7901234567901234,
  "best_validation_average_F1": 0.789835164835115,
  "best_validation_loss": 0.45757509632544086
}