{
  "peak_cpu_memory_MB": 2642.708,
  "peak_gpu_0_memory_MB": 2510,
  "training_duration": "00:04:39",
  "training_start_epoch": 0,
  "training_epochs": 10,
  "epoch": 10,
  "training_1_P": 0.9969465648854962,
  "training_1_R": 0.9969465648854962,
  "training_1_F1": 0.9969465648854462,
  "training_0_P": 0.9969465648854962,
  "training_0_R": 0.9969465648854962,
  "training_0_F1": 0.9969465648854462,
  "training_accuracy": 0.9969465648854962,
  "training_average_F1": 0.9969465648854462,
  "training_loss": 0.017253859529396655,
  "training_cpu_memory_MB": 2642.708,
  "training_gpu_0_memory_MB": 2510,
  "validation_1_P": 0.8765432098765432,
  "validation_1_R": 0.8765432098765432,
  "validation_1_F1": 0.8765432098764933,
  "validation_0_P": 0.8765432098765432,
  "validation_0_R": 0.8765432098765432,
  "validation_0_F1": 0.8765432098764933,
  "validation_accuracy": 0.8765432098765432,
  "validation_average_F1": 0.8765432098764933,
  "validation_loss": 0.6072808940979567,
  "best_epoch": 10,
  "best_validation_1_P": 0.8765432098765432,
  "best_validation_1_R": 0.8765432098765432,
  "best_validation_1_F1": 0.8765432098764933,
  "best_validation_0_P": 0.8765432098765432,
  "best_validation_0_R": 0.8765432098765432,
  "best_validation_0_F1": 0.8765432098764933,
  "best_validation_accuracy": 0.8765432098765432,
  "best_validation_average_F1": 0.8765432098764933,
  "best_validation_loss": 0.6072808940979567
}