{
  "peak_cpu_memory_MB": 2642.708,
  "peak_gpu_0_memory_MB": 2510,
  "training_duration": "00:02:57",
  "training_start_epoch": 0,
  "training_epochs": 6,
  "epoch": 6,
  "training_1_P": 0.9743975903614458,
  "training_1_R": 0.9877862595419847,
  "training_1_F1": 0.9810462471568872,
  "training_0_P": 0.9876160990712074,
  "training_0_R": 0.9740458015267176,
  "training_0_F1": 0.9807840122981822,
  "training_accuracy": 0.9809160305343512,
  "training_average_F1": 0.9809151297275347,
  "training_loss": 0.06433045923164706,
  "training_cpu_memory_MB": 2642.708,
  "training_gpu_0_memory_MB": 2510,
  "validation_1_P": 0.8732394366197183,
  "validation_1_R": 0.7654320987654321,
  "validation_1_F1": 0.8157894736841607,
  "validation_0_P": 0.7912087912087912,
  "validation_0_R": 0.8888888888888888,
  "validation_0_F1": 0.8372093023255316,
  "validation_accuracy": 0.8271604938271605,
  "validation_average_F1": 0.8264993880048461,
  "validation_loss": 0.6204918013377623,
  "best_epoch": 3,
  "best_validation_1_P": 0.8292682926829268,
  "best_validation_1_R": 0.8395061728395061,
  "best_validation_1_F1": 0.8343558282208088,
  "best_validation_0_P": 0.8375,
  "best_validation_0_R": 0.8271604938271605,
  "best_validation_0_F1": 0.8322981366459128,
  "best_validation_accuracy": 0.8333333333333334,
  "best_validation_average_F1": 0.8333269824333608,
  "best_validation_loss": 0.481406723911112
}