{
  "peak_cpu_memory_MB": 2642.708,
  "peak_gpu_0_memory_MB": 2510,
  "training_duration": "00:02:11",
  "training_start_epoch": 0,
  "training_epochs": 4,
  "epoch": 4,
  "training_1_P": 0.8968023255813954,
  "training_1_R": 0.9419847328244275,
  "training_1_F1": 0.9188384214444774,
  "training_0_P": 0.9389067524115756,
  "training_0_R": 0.8916030534351145,
  "training_0_F1": 0.9146436961628319,
  "training_accuracy": 0.916793893129771,
  "training_average_F1": 0.9167410588036546,
  "training_loss": 0.22859258540883298,
  "training_cpu_memory_MB": 2642.708,
  "training_gpu_0_memory_MB": 2510,
  "validation_1_P": 0.8428571428571429,
  "validation_1_R": 0.7283950617283951,
  "validation_1_F1": 0.7814569536423345,
  "validation_0_P": 0.7608695652173914,
  "validation_0_R": 0.8641975308641975,
  "validation_0_F1": 0.809248554913245,
  "validation_accuracy": 0.7962962962962963,
  "validation_average_F1": 0.7953527542777897,
  "validation_loss": 0.7375705418261614,
  "best_epoch": 3,
  "best_validation_1_P": 0.8292682926829268,
  "best_validation_1_R": 0.8395061728395061,
  "best_validation_1_F1": 0.8343558282208088,
  "best_validation_0_P": 0.8375,
  "best_validation_0_R": 0.8271604938271605,
  "best_validation_0_F1": 0.8322981366459128,
  "best_validation_accuracy": 0.8333333333333334,
  "best_validation_average_F1": 0.8333269824333608,
  "best_validation_loss": 0.481406723911112
}