{
  "peak_cpu_memory_MB": 2642.708,
  "peak_gpu_0_memory_MB": 2510,
  "training_duration": "00:03:21",
  "training_start_epoch": 0,
  "training_epochs": 7,
  "epoch": 7,
  "training_1_P": 0.9923896499238964,
  "training_1_R": 0.9954198473282443,
  "training_1_F1": 0.9939024390243403,
  "training_0_P": 0.9954058192955589,
  "training_0_R": 0.9923664122137404,
  "training_0_F1": 0.9938837920488798,
  "training_accuracy": 0.9938931297709923,
  "training_average_F1": 0.99389311553661,
  "training_loss": 0.0331863491659666,
  "training_cpu_memory_MB": 2642.708,
  "training_gpu_0_memory_MB": 2510,
  "validation_1_P": 0.9014084507042254,
  "validation_1_R": 0.7901234567901234,
  "validation_1_F1": 0.842105263157845,
  "validation_0_P": 0.8131868131868132,
  "validation_0_R": 0.9135802469135802,
  "validation_0_F1": 0.86046511627902,
  "validation_accuracy": 0.8518518518518519,
  "validation_average_F1": 0.8512851897184325,
  "validation_loss": 0.7710797461596403,
  "best_epoch": 7,
  "best_validation_1_P": 0.9014084507042254,
  "best_validation_1_R": 0.7901234567901234,
  "best_validation_1_F1": 0.842105263157845,
  "best_validation_0_P": 0.8131868131868132,
  "best_validation_0_R": 0.9135802469135802,
  "best_validation_0_F1": 0.86046511627902,
  "best_validation_accuracy": 0.8518518518518519,
  "best_validation_average_F1": 0.8512851897184325,
  "best_validation_loss": 0.7710797461596403
}