{
  "peak_cpu_memory_MB": 2642.708,
  "peak_gpu_0_memory_MB": 2510,
  "training_duration": "00:03:48",
  "training_start_epoch": 0,
  "training_epochs": 8,
  "epoch": 8,
  "training_1_P": 0.9954268292682927,
  "training_1_R": 0.9969465648854962,
  "training_1_F1": 0.996186117467532,
  "training_0_P": 0.9969418960244648,
  "training_0_R": 0.9954198473282443,
  "training_0_F1": 0.9961802902978875,
  "training_accuracy": 0.9961832061068703,
  "training_average_F1": 0.9961832038827098,
  "training_loss": 0.021866113935574527,
  "training_cpu_memory_MB": 2642.708,
  "training_gpu_0_memory_MB": 2510,
  "validation_1_P": 0.8481012658227848,
  "validation_1_R": 0.8271604938271605,
  "validation_1_F1": 0.83749999999995,
  "validation_0_P": 0.8313253012048193,
  "validation_0_R": 0.8518518518518519,
  "validation_0_F1": 0.8414634146340965,
  "validation_accuracy": 0.8395061728395061,
  "validation_average_F1": 0.8394817073170232,
  "validation_loss": 0.817582214420492,
  "best_epoch": 7,
  "best_validation_1_P": 0.9014084507042254,
  "best_validation_1_R": 0.7901234567901234,
  "best_validation_1_F1": 0.842105263157845,
  "best_validation_0_P": 0.8131868131868132,
  "best_validation_0_R": 0.9135802469135802,
  "best_validation_0_F1": 0.86046511627902,
  "best_validation_accuracy": 0.8518518518518519,
  "best_validation_average_F1": 0.8512851897184325,
  "best_validation_loss": 0.7710797461596403
}