{
  "peak_cpu_memory_MB": 2642.708,
  "peak_gpu_0_memory_MB": 2510,
  "training_duration": "00:02:34",
  "training_start_epoch": 0,
  "training_epochs": 5,
  "epoch": 5,
  "training_1_P": 0.9548192771084337,
  "training_1_R": 0.9679389312977099,
  "training_1_F1": 0.9613343442001017,
  "training_0_P": 0.9674922600619195,
  "training_0_R": 0.9541984732824428,
  "training_0_F1": 0.9607993850883435,
  "training_accuracy": 0.9610687022900763,
  "training_average_F1": 0.9610668646442226,
  "training_loss": 0.12170189030741047,
  "training_cpu_memory_MB": 2642.708,
  "training_gpu_0_memory_MB": 2510,
  "validation_1_P": 0.7333333333333333,
  "validation_1_R": 0.9506172839506173,
  "validation_1_F1": 0.8279569892472627,
  "validation_0_P": 0.9298245614035088,
  "validation_0_R": 0.654320987654321,
  "validation_0_F1": 0.7681159420289371,
  "validation_accuracy": 0.8024691358024691,
  "validation_average_F1": 0.7980364656380998,
  "validation_loss": 0.5967314134944569,
  "best_epoch": 3,
  "best_validation_1_P": 0.8292682926829268,
  "best_validation_1_R": 0.8395061728395061,
  "best_validation_1_F1": 0.8343558282208088,
  "best_validation_0_P": 0.8375,
  "best_validation_0_R": 0.8271604938271605,
  "best_validation_0_F1": 0.8322981366459128,
  "best_validation_accuracy": 0.8333333333333334,
  "best_validation_average_F1": 0.8333269824333608,
  "best_validation_loss": 0.481406723911112
}