{
  "peak_cpu_memory_MB": 2658.504,
  "peak_gpu_0_memory_MB": 2510,
  "training_duration": "00:00:45",
  "training_start_epoch": 0,
  "training_epochs": 1,
  "epoch": 1,
  "training_1_P": 0.8878923766816144,
  "training_1_R": 0.9068702290076336,
  "training_1_F1": 0.8972809667673215,
  "training_0_P": 0.9048361934477379,
  "training_0_R": 0.8854961832061069,
  "training_0_F1": 0.8950617283950117,
  "training_accuracy": 0.8961832061068702,
  "training_average_F1": 0.8961713475811666,
  "training_loss": 0.2688281966782198,
  "training_cpu_memory_MB": 2658.504,
  "training_gpu_0_memory_MB": 2510,
  "validation_1_P": 0.8695652173913043,
  "validation_1_R": 0.7407407407407407,
  "validation_1_F1": 0.7999999999999503,
  "validation_0_P": 0.7741935483870968,
  "validation_0_R": 0.8888888888888888,
  "validation_0_F1": 0.827586206896502,
  "validation_accuracy": 0.8148148148148148,
  "validation_average_F1": 0.8137931034482262,
  "validation_loss": 0.41271218251098285,
  "best_epoch": 0,
  "best_validation_1_P": 0.7934782608695652,
  "best_validation_1_R": 0.9012345679012346,
  "best_validation_1_F1": 0.8439306358381005,
  "best_validation_0_P": 0.8857142857142857,
  "best_validation_0_R": 0.7654320987654321,
  "best_validation_0_F1": 0.8211920529800828,
  "best_validation_accuracy": 0.8333333333333334,
  "best_validation_average_F1": 0.8325613444090916,
  "best_validation_loss": 0.4758062958717346
}