{
  "peak_cpu_memory_MB": 2658.504,
  "peak_gpu_0_memory_MB": 1241,
  "training_duration": "00:00:22",
  "training_start_epoch": 0,
  "training_epochs": 0,
  "epoch": 0,
  "training_1_P": 0.7212643678160919,
  "training_1_R": 0.766412213740458,
  "training_1_F1": 0.7431532198371076,
  "training_0_P": 0.750814332247557,
  "training_0_R": 0.7038167938931298,
  "training_0_F1": 0.7265563435775702,
  "training_accuracy": 0.7351145038167939,
  "training_average_F1": 0.7348547817073389,
  "training_loss": 0.5297007664311223,
  "training_cpu_memory_MB": 2658.504,
  "training_gpu_0_memory_MB": 1241,
  "validation_1_P": 0.7934782608695652,
  "validation_1_R": 0.9012345679012346,
  "validation_1_F1": 0.8439306358381005,
  "validation_0_P": 0.8857142857142857,
  "validation_0_R": 0.7654320987654321,
  "validation_0_F1": 0.8211920529800828,
  "validation_accuracy": 0.8333333333333334,
  "validation_average_F1": 0.8325613444090916,
  "validation_loss": 0.4758062958717346,
  "best_epoch": 0,
  "best_validation_1_P": 0.7934782608695652,
  "best_validation_1_R": 0.9012345679012346,
  "best_validation_1_F1": 0.8439306358381005,
  "best_validation_0_P": 0.8857142857142857,
  "best_validation_0_R": 0.7654320987654321,
  "best_validation_0_F1": 0.8211920529800828,
  "best_validation_accuracy": 0.8333333333333334,
  "best_validation_average_F1": 0.8325613444090916,
  "best_validation_loss": 0.4758062958717346
}