{
  "peak_cpu_memory_MB": 2658.504,
  "peak_gpu_0_memory_MB": 2510,
  "training_duration": "00:01:32",
  "training_start_epoch": 0,
  "training_epochs": 3,
  "epoch": 3,
  "training_1_P": 0.9803328290468987,
  "training_1_R": 0.9893129770992366,
  "training_1_F1": 0.9848024316108923,
  "training_0_P": 0.9892141756548536,
  "training_0_R": 0.9801526717557252,
  "training_0_F1": 0.9846625766870666,
  "training_accuracy": 0.9847328244274809,
  "training_average_F1": 0.9847325041489794,
  "training_loss": 0.04435170044918067,
  "training_cpu_memory_MB": 2658.504,
  "training_gpu_0_memory_MB": 2510,
  "validation_1_P": 0.8611111111111112,
  "validation_1_R": 0.7654320987654321,
  "validation_1_F1": 0.8104575163398196,
  "validation_0_P": 0.7888888888888889,
  "validation_0_R": 0.8765432098765432,
  "validation_0_F1": 0.8304093567250963,
  "validation_accuracy": 0.8209876543209876,
  "validation_average_F1": 0.8204334365324579,
  "validation_loss": 0.7974484027786688,
  "best_epoch": 0,
  "best_validation_1_P": 0.7934782608695652,
  "best_validation_1_R": 0.9012345679012346,
  "best_validation_1_F1": 0.8439306358381005,
  "best_validation_0_P": 0.8857142857142857,
  "best_validation_0_R": 0.7654320987654321,
  "best_validation_0_F1": 0.8211920529800828,
  "best_validation_accuracy": 0.8333333333333334,
  "best_validation_average_F1": 0.8325613444090916,
  "best_validation_loss": 0.4758062958717346
}