{
  "peak_cpu_memory_MB": 4456.776,
  "peak_gpu_0_memory_MB": 11,
  "peak_gpu_1_memory_MB": 2826,
  "peak_gpu_2_memory_MB": 11,
  "peak_gpu_3_memory_MB": 11,
  "peak_gpu_4_memory_MB": 11,
  "peak_gpu_5_memory_MB": 11,
  "peak_gpu_6_memory_MB": 1634,
  "peak_gpu_7_memory_MB": 11,
  "peak_gpu_8_memory_MB": 11,
  "peak_gpu_9_memory_MB": 11,
  "peak_gpu_10_memory_MB": 11,
  "peak_gpu_11_memory_MB": 3574,
  "peak_gpu_12_memory_MB": 11,
  "peak_gpu_13_memory_MB": 11,
  "peak_gpu_14_memory_MB": 11,
  "peak_gpu_15_memory_MB": 1242,
  "training_duration": "00:00:31",
  "training_start_epoch": 0,
  "training_epochs": 0,
  "epoch": 0,
  "training_1_P": 0.7307110438729199,
  "training_1_R": 0.7374045801526717,
  "training_1_F1": 0.7340425531914393,
  "training_0_P": 0.7349768875192604,
  "training_0_R": 0.7282442748091603,
  "training_0_F1": 0.7315950920244899,
  "training_accuracy": 0.732824427480916,
  "training_average_F1": 0.7328188226079646,
  "training_loss": 0.5318319933806978,
  "training_cpu_memory_MB": 4456.776,
  "training_gpu_0_memory_MB": 11,
  "training_gpu_1_memory_MB": 2826,
  "training_gpu_2_memory_MB": 11,
  "training_gpu_3_memory_MB": 11,
  "training_gpu_4_memory_MB": 11,
  "training_gpu_5_memory_MB": 11,
  "training_gpu_6_memory_MB": 1634,
  "training_gpu_7_memory_MB": 11,
  "training_gpu_8_memory_MB": 11,
  "training_gpu_9_memory_MB": 11,
  "training_gpu_10_memory_MB": 11,
  "training_gpu_11_memory_MB": 3574,
  "training_gpu_12_memory_MB": 11,
  "training_gpu_13_memory_MB": 11,
  "training_gpu_14_memory_MB": 11,
  "training_gpu_15_memory_MB": 1242,
  "validation_1_P": 0.7701149425287356,
  "validation_1_R": 0.8271604938271605,
  "validation_1_F1": 0.7976190476189976,
  "validation_0_P": 0.8133333333333334,
  "validation_0_R": 0.7530864197530864,
  "validation_0_F1": 0.7820512820512322,
  "validation_accuracy": 0.7901234567901234,
  "validation_average_F1": 0.789835164835115,
  "validation_loss": 0.4388513686982068,
  "best_epoch": 0,
  "best_validation_1_P": 0.7701149425287356,
  "best_validation_1_R": 0.8271604938271605,
  "best_validation_1_F1": 0.7976190476189976,
  "best_validation_0_P": 0.8133333333333334,
  "best_validation_0_R": 0.7530864197530864,
  "best_validation_0_F1": 0.7820512820512322,
  "best_validation_accuracy": 0.7901234567901234,
  "best_validation_average_F1": 0.789835164835115,
  "best_validation_loss": 0.4388513686982068
}