{
  "peak_cpu_memory_MB": 5743.056,
  "peak_gpu_0_memory_MB": 11,
  "peak_gpu_1_memory_MB": 11,
  "peak_gpu_2_memory_MB": 11,
  "peak_gpu_3_memory_MB": 8374,
  "peak_gpu_4_memory_MB": 11,
  "peak_gpu_5_memory_MB": 11,
  "peak_gpu_6_memory_MB": 11,
  "peak_gpu_7_memory_MB": 8374,
  "peak_gpu_8_memory_MB": 11,
  "peak_gpu_9_memory_MB": 11,
  "peak_gpu_10_memory_MB": 11,
  "peak_gpu_11_memory_MB": 11,
  "peak_gpu_12_memory_MB": 11,
  "peak_gpu_13_memory_MB": 11,
  "peak_gpu_14_memory_MB": 11,
  "peak_gpu_15_memory_MB": 11,
  "training_duration": "00:09:06",
  "training_start_epoch": 0,
  "training_epochs": 5,
  "epoch": 5,
  "training_1_F1": 0.9711684370257467,
  "training_0_F1": 0.9708141321044047,
  "training_accuracy": 0.9709923664122138,
  "training_average_F1": 0.9709912845650757,
  "training_loss": 0.1793240875732608,
  "training_cpu_memory_MB": 5743.056,
  "training_gpu_0_memory_MB": 11,
  "training_gpu_1_memory_MB": 11,
  "training_gpu_2_memory_MB": 11,
  "training_gpu_3_memory_MB": 8370,
  "training_gpu_4_memory_MB": 11,
  "training_gpu_5_memory_MB": 11,
  "training_gpu_6_memory_MB": 11,
  "training_gpu_7_memory_MB": 11,
  "training_gpu_8_memory_MB": 11,
  "training_gpu_9_memory_MB": 11,
  "training_gpu_10_memory_MB": 11,
  "training_gpu_11_memory_MB": 11,
  "training_gpu_12_memory_MB": 11,
  "training_gpu_13_memory_MB": 11,
  "training_gpu_14_memory_MB": 11,
  "training_gpu_15_memory_MB": 11,
  "validation_1_F1": 0.8372093023255316,
  "validation_0_F1": 0.8157894736841607,
  "validation_accuracy": 0.8271604938271605,
  "validation_average_F1": 0.8264993880048461,
  "validation_loss": 0.417243475263769,
  "best_epoch": 3,
  "best_validation_1_F1": 0.8488372093022759,
  "best_validation_0_F1": 0.8289473684210029,
  "best_validation_accuracy": 0.8395061728395061,
  "best_validation_average_F1": 0.8388922888616395,
  "best_validation_loss": 0.38392331383445044,
  "test_1_F1": 0.8255813953487874,
  "test_0_F1": 0.8026315789473186,
  "test_accuracy": 0.8148148148148148,
  "test_average_F1": 0.814106487148053,
  "test_loss": 0.4371688799424605
}