{
  "peak_cpu_memory_MB": 7054.004,
  "peak_gpu_0_memory_MB": 11,
  "peak_gpu_1_memory_MB": 11,
  "peak_gpu_2_memory_MB": 11,
  "peak_gpu_3_memory_MB": 11,
  "peak_gpu_4_memory_MB": 11,
  "peak_gpu_5_memory_MB": 11,
  "peak_gpu_6_memory_MB": 11,
  "peak_gpu_7_memory_MB": 11,
  "peak_gpu_8_memory_MB": 11,
  "peak_gpu_9_memory_MB": 11,
  "peak_gpu_10_memory_MB": 11,
  "peak_gpu_11_memory_MB": 8472,
  "peak_gpu_12_memory_MB": 11,
  "peak_gpu_13_memory_MB": 11,
  "peak_gpu_14_memory_MB": 11,
  "peak_gpu_15_memory_MB": 11,
  "training_duration": "00:01:17",
  "training_start_epoch": 3,
  "training_epochs": 0,
  "epoch": 3,
  "training_1_F1": 0.9474474474473975,
  "training_0_F1": 0.9456521739129936,
  "training_accuracy": 0.9465648854961832,
  "training_average_F1": 0.9465498106801955,
  "training_loss": 0.24327475077858784,
  "training_cpu_memory_MB": 7054.004,
  "training_gpu_0_memory_MB": 11,
  "training_gpu_1_memory_MB": 11,
  "training_gpu_2_memory_MB": 11,
  "training_gpu_3_memory_MB": 11,
  "training_gpu_4_memory_MB": 11,
  "training_gpu_5_memory_MB": 11,
  "training_gpu_6_memory_MB": 11,
  "training_gpu_7_memory_MB": 11,
  "training_gpu_8_memory_MB": 11,
  "training_gpu_9_memory_MB": 11,
  "training_gpu_10_memory_MB": 11,
  "training_gpu_11_memory_MB": 4186,
  "training_gpu_12_memory_MB": 11,
  "training_gpu_13_memory_MB": 11,
  "training_gpu_14_memory_MB": 11,
  "training_gpu_15_memory_MB": 11,
  "validation_1_F1": 0.8757396449703644,
  "validation_0_F1": 0.8645161290322082,
  "validation_accuracy": 0.8703703703703703,
  "validation_average_F1": 0.8701278870012863,
  "validation_loss": 0.3442932069301605,
  "best_epoch": 1,
  "best_validation_1_F1": 0.8982035928143214,
  "best_validation_0_F1": 0.89171974522288,
  "best_validation_accuracy": 0.8950617283950617,
  "best_validation_average_F1": 0.8949616690186006,
  "best_validation_loss": 0.3615292581644925,
  "test_1_F1": 0.8322981366459128,
  "test_0_F1": 0.8343558282208088,
  "test_accuracy": 0.8333333333333334,
  "test_average_F1": 0.8333269824333608,
  "test_loss": 0.3867264823480086
}