{
  "peak_cpu_memory_MB": 3071.38,
  "peak_gpu_0_memory_MB": 2510,
  "training_duration": "00:00:45",
  "training_start_epoch": 0,
  "training_epochs": 1,
  "epoch": 1,
  "training_1_F1": 0.4808144087705061,
  "training_0_F1": 0.5063291139240006,
  "training_accuracy": 0.49389312977099237,
  "training_average_F1": 0.49357176134725333,
  "training_loss": 0.711328774690628,
  "training_cpu_memory_MB": 3071.38,
  "training_gpu_0_memory_MB": 2510,
  "validation_1_F1": 0.0,
  "validation_0_F1": 0.6666666666666222,
  "validation_accuracy": 0.5,
  "validation_average_F1": 0.3333333333333111,
  "validation_loss": 0.6985893032767556,
  "best_epoch": 0,
  "best_validation_1_F1": 0.6666666666666222,
  "best_validation_0_F1": 0.0,
  "best_validation_accuracy": 0.5,
  "best_validation_average_F1": 0.3333333333333111,
  "best_validation_loss": 0.7061663866043091,
  "test_1_F1": 0.6666666666666222,
  "test_0_F1": 0.0,
  "test_accuracy": 0.5,
  "test_average_F1": 0.3333333333333111,
  "test_loss": 0.6933011141690341
}