{
  "peak_cpu_memory_MB": 3101.664,
  "peak_gpu_0_memory_MB": 2498,
  "training_duration": "00:00:45",
  "training_start_epoch": 0,
  "training_epochs": 1,
  "epoch": 1,
  "training_1_F1": 0.8949357520785592,
  "training_0_F1": 0.8928296067848382,
  "training_accuracy": 0.8938931297709923,
  "training_average_F1": 0.8938826794316987,
  "training_loss": 0.2806186890911038,
  "training_cpu_memory_MB": 3101.664,
  "training_gpu_0_memory_MB": 2498,
  "validation_1_F1": 0.7924528301886292,
  "validation_0_F1": 0.79999999999995,
  "validation_accuracy": 0.7962962962962963,
  "validation_average_F1": 0.7962264150942896,
  "validation_loss": 0.5048199715939435,
  "best_epoch": 1,
  "best_validation_1_F1": 0.7924528301886292,
  "best_validation_0_F1": 0.79999999999995,
  "best_validation_accuracy": 0.7962962962962963,
  "best_validation_average_F1": 0.7962264150942896,
  "best_validation_loss": 0.5048199715939435
}