{
  "peak_cpu_memory_MB": 3101.664,
  "peak_gpu_0_memory_MB": 2606,
  "training_duration": "00:01:40",
  "training_start_epoch": 0,
  "training_epochs": 3,
  "epoch": 3,
  "training_1_F1": 0.9523809523809024,
  "training_0_F1": 0.9514263685427412,
  "training_accuracy": 0.9519083969465649,
  "training_average_F1": 0.9519036604618218,
  "training_loss": 0.1485128372953069,
  "training_cpu_memory_MB": 3101.664,
  "training_gpu_0_memory_MB": 2498,
  "validation_1_F1": 0.7712418300653098,
  "validation_0_F1": 0.7953216374268507,
  "validation_accuracy": 0.7839506172839507,
  "validation_average_F1": 0.7832817337460802,
  "validation_loss": 0.44860167665915057,
  "best_epoch": 2,
  "best_validation_1_F1": 0.8176100628930317,
  "best_validation_0_F1": 0.8242424242423743,
  "best_validation_accuracy": 0.8209876543209876,
  "best_validation_average_F1": 0.8209262435677029,
  "best_validation_loss": 0.5372073853557761,
  "test_1_F1": 0.860759493670836,
  "test_0_F1": 0.8674698795180223,
  "test_accuracy": 0.8641975308641975,
  "test_average_F1": 0.8641146865944291,
  "test_loss": 0.3741780749776147
}