{
  "peak_cpu_memory_MB": 2209.636,
  "peak_gpu_0_memory_MB": 11,
  "peak_gpu_1_memory_MB": 11082,
  "peak_gpu_2_memory_MB": 1114,
  "peak_gpu_3_memory_MB": 1068,
  "peak_gpu_4_memory_MB": 11,
  "peak_gpu_5_memory_MB": 11,
  "peak_gpu_6_memory_MB": 11,
  "peak_gpu_7_memory_MB": 11,
  "peak_gpu_8_memory_MB": 11,
  "peak_gpu_9_memory_MB": 11,
  "peak_gpu_10_memory_MB": 11,
  "peak_gpu_11_memory_MB": 11,
  "peak_gpu_12_memory_MB": 11,
  "peak_gpu_13_memory_MB": 11,
  "peak_gpu_14_memory_MB": 11,
  "peak_gpu_15_memory_MB": 11,
  "training_duration": "00:00:42",
  "training_start_epoch": 0,
  "training_epochs": 1,
  "epoch": 1,
  "training_1_P": 0.8262108262108262,
  "training_1_R": 0.8854961832061069,
  "training_1_F1": 0.8548268238761476,
  "training_0_P": 0.8766447368421053,
  "training_0_R": 0.8137404580152672,
  "training_0_F1": 0.8440221694377965,
  "training_accuracy": 0.849618320610687,
  "training_average_F1": 0.8494244966569721,
  "training_loss": 0.36969969576088396,
  "training_cpu_memory_MB": 2209.636,
  "training_gpu_0_memory_MB": 11,
  "training_gpu_1_memory_MB": 11082,
  "training_gpu_2_memory_MB": 1114,
  "training_gpu_3_memory_MB": 1068,
  "training_gpu_4_memory_MB": 11,
  "training_gpu_5_memory_MB": 11,
  "training_gpu_6_memory_MB": 11,
  "training_gpu_7_memory_MB": 11,
  "training_gpu_8_memory_MB": 11,
  "training_gpu_9_memory_MB": 11,
  "training_gpu_10_memory_MB": 11,
  "training_gpu_11_memory_MB": 11,
  "training_gpu_12_memory_MB": 11,
  "training_gpu_13_memory_MB": 11,
  "training_gpu_14_memory_MB": 11,
  "training_gpu_15_memory_MB": 11,
  "validation_1_P": 0.7717391304347826,
  "validation_1_R": 0.8765432098765432,
  "validation_1_F1": 0.8208092485548636,
  "validation_0_P": 0.8571428571428571,
  "validation_0_R": 0.7407407407407407,
  "validation_0_F1": 0.7947019867549172,
  "validation_accuracy": 0.808641975308642,
  "validation_average_F1": 0.8077556176548903,
  "validation_loss": 0.45002962107008154,
  "best_epoch": 1,
  "best_validation_1_P": 0.7717391304347826,
  "best_validation_1_R": 0.8765432098765432,
  "best_validation_1_F1": 0.8208092485548636,
  "best_validation_0_P": 0.8571428571428571,
  "best_validation_0_R": 0.7407407407407407,
  "best_validation_0_F1": 0.7947019867549172,
  "best_validation_accuracy": 0.808641975308642,
  "best_validation_average_F1": 0.8077556176548903,
  "best_validation_loss": 0.45002962107008154
}