{
  "peak_cpu_memory_MB": 2209.636,
  "peak_gpu_0_memory_MB": 11,
  "peak_gpu_1_memory_MB": 11082,
  "peak_gpu_2_memory_MB": 1214,
  "peak_gpu_3_memory_MB": 1068,
  "peak_gpu_4_memory_MB": 11,
  "peak_gpu_5_memory_MB": 11,
  "peak_gpu_6_memory_MB": 11,
  "peak_gpu_7_memory_MB": 11,
  "peak_gpu_8_memory_MB": 11,
  "peak_gpu_9_memory_MB": 11,
  "peak_gpu_10_memory_MB": 11,
  "peak_gpu_11_memory_MB": 11,
  "peak_gpu_12_memory_MB": 11,
  "peak_gpu_13_memory_MB": 11,
  "peak_gpu_14_memory_MB": 11,
  "peak_gpu_15_memory_MB": 11,
  "training_duration": "00:01:09",
  "training_start_epoch": 0,
  "training_epochs": 2,
  "epoch": 2,
  "training_1_P": 0.8539325842696629,
  "training_1_R": 0.9282442748091603,
  "training_1_F1": 0.8895391367958535,
  "training_0_P": 0.9214046822742475,
  "training_0_R": 0.8412213740458016,
  "training_0_F1": 0.8794892258578911,
  "training_accuracy": 0.8847328244274809,
  "training_average_F1": 0.8845141813268723,
  "training_loss": 0.2986483127787346,
  "training_cpu_memory_MB": 2209.636,
  "training_gpu_0_memory_MB": 11,
  "training_gpu_1_memory_MB": 11082,
  "training_gpu_2_memory_MB": 1214,
  "training_gpu_3_memory_MB": 1068,
  "training_gpu_4_memory_MB": 11,
  "training_gpu_5_memory_MB": 11,
  "training_gpu_6_memory_MB": 11,
  "training_gpu_7_memory_MB": 11,
  "training_gpu_8_memory_MB": 11,
  "training_gpu_9_memory_MB": 11,
  "training_gpu_10_memory_MB": 11,
  "training_gpu_11_memory_MB": 11,
  "training_gpu_12_memory_MB": 11,
  "training_gpu_13_memory_MB": 11,
  "training_gpu_14_memory_MB": 11,
  "training_gpu_15_memory_MB": 11,
  "validation_1_P": 0.8023255813953488,
  "validation_1_R": 0.8518518518518519,
  "validation_1_F1": 0.8263473053891718,
  "validation_0_P": 0.8421052631578947,
  "validation_0_R": 0.7901234567901234,
  "validation_0_F1": 0.8152866242037717,
  "validation_accuracy": 0.8209876543209876,
  "validation_average_F1": 0.8208169647964718,
  "validation_loss": 0.46821334145285864,
  "best_epoch": 2,
  "best_validation_1_P": 0.8023255813953488,
  "best_validation_1_R": 0.8518518518518519,
  "best_validation_1_F1": 0.8263473053891718,
  "best_validation_0_P": 0.8421052631578947,
  "best_validation_0_R": 0.7901234567901234,
  "best_validation_0_F1": 0.8152866242037717,
  "best_validation_accuracy": 0.8209876543209876,
  "best_validation_average_F1": 0.8208169647964718,
  "best_validation_loss": 0.46821334145285864
}