{
  "peak_cpu_memory_MB": 2209.636,
  "peak_gpu_0_memory_MB": 11,
  "peak_gpu_1_memory_MB": 11082,
  "peak_gpu_2_memory_MB": 706,
  "peak_gpu_3_memory_MB": 1068,
  "peak_gpu_4_memory_MB": 11,
  "peak_gpu_5_memory_MB": 11,
  "peak_gpu_6_memory_MB": 11,
  "peak_gpu_7_memory_MB": 11,
  "peak_gpu_8_memory_MB": 11,
  "peak_gpu_9_memory_MB": 11,
  "peak_gpu_10_memory_MB": 11,
  "peak_gpu_11_memory_MB": 11,
  "peak_gpu_12_memory_MB": 11,
  "peak_gpu_13_memory_MB": 11,
  "peak_gpu_14_memory_MB": 11,
  "peak_gpu_15_memory_MB": 11,
  "training_duration": "00:00:21",
  "training_start_epoch": 0,
  "training_epochs": 0,
  "epoch": 0,
  "training_1_P": 0.7621861152141802,
  "training_1_R": 0.7877862595419848,
  "training_1_F1": 0.7747747747747248,
  "training_0_P": 0.7804107424960506,
  "training_0_R": 0.7541984732824427,
  "training_0_F1": 0.7670807453415649,
  "training_accuracy": 0.7709923664122137,
  "training_average_F1": 0.7709277600581448,
  "training_loss": 0.4995522339169572,
  "training_cpu_memory_MB": 2209.636,
  "training_gpu_0_memory_MB": 11,
  "training_gpu_1_memory_MB": 11082,
  "training_gpu_2_memory_MB": 706,
  "training_gpu_3_memory_MB": 1068,
  "training_gpu_4_memory_MB": 11,
  "training_gpu_5_memory_MB": 11,
  "training_gpu_6_memory_MB": 11,
  "training_gpu_7_memory_MB": 11,
  "training_gpu_8_memory_MB": 11,
  "training_gpu_9_memory_MB": 11,
  "training_gpu_10_memory_MB": 11,
  "training_gpu_11_memory_MB": 11,
  "training_gpu_12_memory_MB": 11,
  "training_gpu_13_memory_MB": 11,
  "training_gpu_14_memory_MB": 11,
  "training_gpu_15_memory_MB": 11,
  "validation_1_P": 0.7608695652173914,
  "validation_1_R": 0.8641975308641975,
  "validation_1_F1": 0.809248554913245,
  "validation_0_P": 0.8428571428571429,
  "validation_0_R": 0.7283950617283951,
  "validation_0_F1": 0.7814569536423345,
  "validation_accuracy": 0.7962962962962963,
  "validation_average_F1": 0.7953527542777897,
  "validation_loss": 0.4636559933423996,
  "best_epoch": 0,
  "best_validation_1_P": 0.7608695652173914,
  "best_validation_1_R": 0.8641975308641975,
  "best_validation_1_F1": 0.809248554913245,
  "best_validation_0_P": 0.8428571428571429,
  "best_validation_0_R": 0.7283950617283951,
  "best_validation_0_F1": 0.7814569536423345,
  "best_validation_accuracy": 0.7962962962962963,
  "best_validation_average_F1": 0.7953527542777897,
  "best_validation_loss": 0.4636559933423996
}