{
  "peak_cpu_memory_MB": 3087.972,
  "peak_gpu_0_memory_MB": 2510,
  "training_duration": "00:00:45",
  "training_start_epoch": 0,
  "training_epochs": 1,
  "epoch": 1,
  "training_1_F1": 0.8781954887217546,
  "training_0_F1": 0.8744186046511129,
  "training_accuracy": 0.8763358778625954,
  "training_average_F1": 0.8763070466864338,
  "training_loss": 0.3287696122396283,
  "training_cpu_memory_MB": 3087.972,
  "training_gpu_0_memory_MB": 2510,
  "validation_1_F1": 0.785276073619582,
  "validation_0_F1": 0.782608695652124,
  "validation_accuracy": 0.7839506172839507,
  "validation_average_F1": 0.783942384635853,
  "validation_loss": 0.3851106275211681,
  "best_epoch": 0,
  "best_validation_1_F1": 0.7901234567900735,
  "best_validation_0_F1": 0.7901234567900735,
  "best_validation_accuracy": 0.7901234567901234,
  "best_validation_average_F1": 0.7901234567900735,
  "best_validation_loss": 0.4721393341367895,
  "test_1_F1": 0.8271604938271105,
  "test_0_F1": 0.8271604938271105,
  "test_accuracy": 0.8271604938271605,
  "test_average_F1": 0.8271604938271105,
  "test_loss": 0.40649257600307465
}