{
  "peak_cpu_memory_MB": 5769.064,
  "peak_gpu_0_memory_MB": 11,
  "peak_gpu_1_memory_MB": 3960,
  "peak_gpu_2_memory_MB": 11,
  "peak_gpu_3_memory_MB": 11,
  "peak_gpu_4_memory_MB": 11,
  "peak_gpu_5_memory_MB": 11,
  "peak_gpu_6_memory_MB": 1924,
  "peak_gpu_7_memory_MB": 11,
  "peak_gpu_8_memory_MB": 11,
  "peak_gpu_9_memory_MB": 11,
  "peak_gpu_10_memory_MB": 11,
  "peak_gpu_11_memory_MB": 4806,
  "peak_gpu_12_memory_MB": 11,
  "peak_gpu_13_memory_MB": 11,
  "peak_gpu_14_memory_MB": 11,
  "peak_gpu_15_memory_MB": 11,
  "training_duration": "00:03:17",
  "training_start_epoch": 0,
  "training_epochs": 4,
  "epoch": 4,
  "training_1_P": 0.9908675799086758,
  "training_1_R": 0.9938931297709923,
  "training_1_F1": 0.9923780487804379,
  "training_0_P": 0.9938744257274119,
  "training_0_R": 0.9908396946564886,
  "training_0_F1": 0.9923547400611121,
  "training_accuracy": 0.9923664122137404,
  "training_average_F1": 0.992366394420775,
  "training_loss": 0.02360590083933458,
  "training_cpu_memory_MB": 5769.064,
  "training_gpu_0_memory_MB": 11,
  "training_gpu_1_memory_MB": 3960,
  "training_gpu_2_memory_MB": 11,
  "training_gpu_3_memory_MB": 11,
  "training_gpu_4_memory_MB": 11,
  "training_gpu_5_memory_MB": 11,
  "training_gpu_6_memory_MB": 1924,
  "training_gpu_7_memory_MB": 11,
  "training_gpu_8_memory_MB": 11,
  "training_gpu_9_memory_MB": 11,
  "training_gpu_10_memory_MB": 11,
  "training_gpu_11_memory_MB": 4806,
  "training_gpu_12_memory_MB": 11,
  "training_gpu_13_memory_MB": 11,
  "training_gpu_14_memory_MB": 11,
  "training_gpu_15_memory_MB": 11,
  "validation_1_P": 0.8354430379746836,
  "validation_1_R": 0.8148148148148148,
  "validation_1_F1": 0.82499999999995,
  "validation_0_P": 0.8192771084337349,
  "validation_0_R": 0.8395061728395061,
  "validation_0_F1": 0.8292682926828769,
  "validation_accuracy": 0.8271604938271605,
  "validation_average_F1": 0.8271341463414135,
  "validation_loss": 0.685295817526904,
  "best_epoch": 3,
  "best_validation_1_P": 0.8271604938271605,
  "best_validation_1_R": 0.8271604938271605,
  "best_validation_1_F1": 0.8271604938271105,
  "best_validation_0_P": 0.8271604938271605,
  "best_validation_0_R": 0.8271604938271605,
  "best_validation_0_F1": 0.8271604938271105,
  "best_validation_accuracy": 0.8271604938271605,
  "best_validation_average_F1": 0.8271604938271105,
  "best_validation_loss": 0.6839106028730219
}