{
  "training_duration": "00:02:21",
  "training_start_epoch": 0,
  "training_epochs": 0,
  "epoch": 0,
  "training_1_F1": 0.7158671586715368,
  "training_0_F1": 0.6956521739129935,
  "training_accuracy": 0.7061068702290076,
  "training_average_F1": 0.7057596662922652,
  "training_loss": 0.6135323687297541,
  "validation_1_F1": 0.7724137931033991,
  "validation_0_F1": 0.8156424581005092,
  "validation_accuracy": 0.7962962962962963,
  "validation_average_F1": 0.7940281256019541,
  "validation_loss": 0.5376520861278881,
  "best_epoch": 0,
  "best_validation_1_F1": 0.7724137931033991,
  "best_validation_0_F1": 0.8156424581005092,
  "best_validation_accuracy": 0.7962962962962963,
  "best_validation_average_F1": 0.7940281256019541,
  "best_validation_loss": 0.5376520861278881
}