{
  "training_duration": "00:07:32",
  "training_start_epoch": 0,
  "training_epochs": 2,
  "epoch": 2,
  "training_1_F1": 0.8432835820895023,
  "training_0_F1": 0.8359374999999502,
  "training_accuracy": 0.8396946564885496,
  "training_average_F1": 0.8396105410447262,
  "training_loss": 0.41328443150694777,
  "validation_1_F1": 0.7755102040815832,
  "validation_0_F1": 0.8135593220338487,
  "validation_accuracy": 0.7962962962962963,
  "validation_average_F1": 0.794534763057716,
  "validation_loss": 0.5032059929587624,
  "best_epoch": 1,
  "best_validation_1_F1": 0.8152866242037717,
  "best_validation_0_F1": 0.8263473053891718,
  "best_validation_accuracy": 0.8209876543209876,
  "best_validation_average_F1": 0.8208169647964718,
  "best_validation_loss": 0.4455716203559529
}