{
  "training_duration": "00:04:52",
  "training_start_epoch": 0,
  "training_epochs": 1,
  "epoch": 1,
  "training_1_F1": 0.8165680473372282,
  "training_0_F1": 0.8044164037854391,
  "training_accuracy": 0.8106870229007633,
  "training_average_F1": 0.8104922255613336,
  "training_loss": 0.4737915367614932,
  "validation_1_F1": 0.8152866242037717,
  "validation_0_F1": 0.8263473053891718,
  "validation_accuracy": 0.8209876543209876,
  "validation_average_F1": 0.8208169647964718,
  "validation_loss": 0.4455716203559529,
  "best_epoch": 1,
  "best_validation_1_F1": 0.8152866242037717,
  "best_validation_0_F1": 0.8263473053891718,
  "best_validation_accuracy": 0.8209876543209876,
  "best_validation_average_F1": 0.8208169647964718,
  "best_validation_loss": 0.4455716203559529
}