{
  "training_duration": "00:10:02",
  "training_start_epoch": 0,
  "training_epochs": 3,
  "epoch": 3,
  "training_1_F1": 0.8582089552238307,
  "training_0_F1": 0.8515624999999502,
  "training_accuracy": 0.8549618320610687,
  "training_average_F1": 0.8548857276118904,
  "training_loss": 0.3915010089190995,
  "validation_1_F1": 0.7763157894736346,
  "validation_0_F1": 0.8023255813952991,
  "validation_accuracy": 0.7901234567901234,
  "validation_average_F1": 0.7893206854344668,
  "validation_loss": 0.4456015161492608,
  "best_epoch": 1,
  "best_validation_1_F1": 0.8152866242037717,
  "best_validation_0_F1": 0.8263473053891718,
  "best_validation_accuracy": 0.8209876543209876,
  "best_validation_average_F1": 0.8208169647964718,
  "best_validation_loss": 0.4455716203559529,
  "test_1_F1": 0.82499999999995,
  "test_0_F1": 0.8292682926828769,
  "test_accuracy": 0.8271604938271605,
  "test_average_F1": 0.8271341463414135,
  "test_loss": 0.4023032215508548
}