{
  "peak_cpu_memory_MB": 2642.656,
  "peak_gpu_0_memory_MB": 2486,
  "training_duration": "00:00:46",
  "training_start_epoch": 0,
  "training_epochs": 1,
  "epoch": 1,
  "training_1_F1": 0.883408071748829,
  "training_0_F1": 0.8783151326052542,
  "training_accuracy": 0.8809160305343512,
  "training_average_F1": 0.8808616021770416,
  "training_loss": 0.29059924212534255,
  "training_cpu_memory_MB": 2642.656,
  "training_gpu_0_memory_MB": 2486,
  "validation_1_F1": 0.8124999999999502,
  "validation_0_F1": 0.8170731707316575,
  "validation_accuracy": 0.8148148148148148,
  "validation_average_F1": 0.8147865853658038,
  "validation_loss": 0.5577789023518562,
  "best_epoch": 0,
  "best_validation_1_F1": 0.8242424242423743,
  "best_validation_0_F1": 0.8176100628930317,
  "best_validation_accuracy": 0.8209876543209876,
  "best_validation_average_F1": 0.8209262435677029,
  "best_validation_loss": 0.5132826498963616
}