{
  "peak_cpu_memory_MB": 2642.656,
  "peak_gpu_0_memory_MB": 1241,
  "training_duration": "00:00:22",
  "training_start_epoch": 0,
  "training_epochs": 0,
  "epoch": 0,
  "training_1_F1": 0.7688921496697961,
  "training_0_F1": 0.749403341288733,
  "training_accuracy": 0.7595419847328244,
  "training_average_F1": 0.7591477454792646,
  "training_loss": 0.5014086743680443,
  "training_cpu_memory_MB": 2642.656,
  "training_gpu_0_memory_MB": 1241,
  "validation_1_F1": 0.8242424242423743,
  "validation_0_F1": 0.8176100628930317,
  "validation_accuracy": 0.8209876543209876,
  "validation_average_F1": 0.8209262435677029,
  "validation_loss": 0.5132826498963616,
  "best_epoch": 0,
  "best_validation_1_F1": 0.8242424242423743,
  "best_validation_0_F1": 0.8176100628930317,
  "best_validation_accuracy": 0.8209876543209876,
  "best_validation_average_F1": 0.8209262435677029,
  "best_validation_loss": 0.5132826498963616
}