{
  "peak_cpu_memory_MB": 2642.656,
  "peak_gpu_0_memory_MB": 2486,
  "training_duration": "00:01:36",
  "training_start_epoch": 0,
  "training_epochs": 3,
  "epoch": 3,
  "training_1_F1": 0.9735449735449236,
  "training_0_F1": 0.9730146491903896,
  "training_accuracy": 0.9732824427480916,
  "training_average_F1": 0.9732798113676566,
  "training_loss": 0.09090207133260442,
  "training_cpu_memory_MB": 2642.656,
  "training_gpu_0_memory_MB": 2486,
  "validation_1_F1": 0.7712418300653098,
  "validation_0_F1": 0.7953216374268507,
  "validation_accuracy": 0.7839506172839507,
  "validation_average_F1": 0.7832817337460802,
  "validation_loss": 0.5856480544263666,
  "best_epoch": 2,
  "best_validation_1_F1": 0.8363636363635865,
  "best_validation_0_F1": 0.830188679245233,
  "best_validation_accuracy": 0.8333333333333334,
  "best_validation_average_F1": 0.8332761578044097,
  "best_validation_loss": 0.5206161954186179
}