{
  "peak_cpu_memory_MB": 2642.656,
  "peak_gpu_0_memory_MB": 2486,
  "training_duration": "00:01:09",
  "training_start_epoch": 0,
  "training_epochs": 2,
  "epoch": 2,
  "training_1_F1": 0.9455370650529001,
  "training_0_F1": 0.9445300462249114,
  "training_accuracy": 0.9450381679389313,
  "training_average_F1": 0.9450335556389058,
  "training_loss": 0.1647229287319067,
  "training_cpu_memory_MB": 2642.656,
  "training_gpu_0_memory_MB": 2486,
  "validation_1_F1": 0.8363636363635865,
  "validation_0_F1": 0.830188679245233,
  "validation_accuracy": 0.8333333333333334,
  "validation_average_F1": 0.8332761578044097,
  "validation_loss": 0.5206161954186179,
  "best_epoch": 2,
  "best_validation_1_F1": 0.8363636363635865,
  "best_validation_0_F1": 0.830188679245233,
  "best_validation_accuracy": 0.8333333333333334,
  "best_validation_average_F1": 0.8332761578044097,
  "best_validation_loss": 0.5206161954186179
}