{
  "peak_cpu_memory_MB": 2642.656,
  "peak_gpu_0_memory_MB": 2582,
  "training_duration": "00:02:00",
  "training_start_epoch": 0,
  "training_epochs": 4,
  "epoch": 4,
  "training_1_F1": 0.9870918754745135,
  "training_0_F1": 0.9869531849577396,
  "training_accuracy": 0.9870229007633587,
  "training_average_F1": 0.9870225302161266,
  "training_loss": 0.04865355601125374,
  "training_cpu_memory_MB": 2642.656,
  "training_gpu_0_memory_MB": 2582,
  "validation_1_F1": 0.8242424242423743,
  "validation_0_F1": 0.8176100628930317,
  "validation_accuracy": 0.8209876543209876,
  "validation_average_F1": 0.8209262435677029,
  "validation_loss": 0.5772730220447887,
  "best_epoch": 2,
  "best_validation_1_F1": 0.8363636363635865,
  "best_validation_0_F1": 0.830188679245233,
  "best_validation_accuracy": 0.8333333333333334,
  "best_validation_average_F1": 0.8332761578044097,
  "best_validation_loss": 0.5206161954186179
}