{
  "peak_cpu_memory_MB": 5767.684,
  "peak_gpu_0_memory_MB": 11,
  "peak_gpu_1_memory_MB": 11,
  "peak_gpu_2_memory_MB": 11,
  "peak_gpu_3_memory_MB": 11,
  "peak_gpu_4_memory_MB": 11,
  "peak_gpu_5_memory_MB": 11,
  "peak_gpu_6_memory_MB": 1890,
  "peak_gpu_7_memory_MB": 11,
  "peak_gpu_8_memory_MB": 11,
  "peak_gpu_9_memory_MB": 11,
  "peak_gpu_10_memory_MB": 11,
  "peak_gpu_11_memory_MB": 4806,
  "peak_gpu_12_memory_MB": 11,
  "peak_gpu_13_memory_MB": 11,
  "peak_gpu_14_memory_MB": 11,
  "peak_gpu_15_memory_MB": 11,
  "training_duration": "00:02:34",
  "training_start_epoch": 0,
  "training_epochs": 3,
  "epoch": 3,
  "training_1_P": 0.9730538922155688,
  "training_1_R": 0.9923664122137404,
  "training_1_F1": 0.9826152683295041,
  "training_0_P": 0.9922118380062306,
  "training_0_R": 0.9725190839694656,
  "training_0_F1": 0.9822667694679532,
  "training_accuracy": 0.982442748091603,
  "training_average_F1": 0.9824410188987287,
  "training_loss": 0.06785919478662857,
  "training_cpu_memory_MB": 5767.684,
  "training_gpu_0_memory_MB": 11,
  "training_gpu_1_memory_MB": 11,
  "training_gpu_2_memory_MB": 11,
  "training_gpu_3_memory_MB": 11,
  "training_gpu_4_memory_MB": 11,
  "training_gpu_5_memory_MB": 11,
  "training_gpu_6_memory_MB": 1890,
  "training_gpu_7_memory_MB": 11,
  "training_gpu_8_memory_MB": 11,
  "training_gpu_9_memory_MB": 11,
  "training_gpu_10_memory_MB": 11,
  "training_gpu_11_memory_MB": 4806,
  "training_gpu_12_memory_MB": 11,
  "training_gpu_13_memory_MB": 11,
  "training_gpu_14_memory_MB": 11,
  "training_gpu_15_memory_MB": 11,
  "validation_1_P": 0.8452380952380952,
  "validation_1_R": 0.8765432098765432,
  "validation_1_F1": 0.8606060606060106,
  "validation_0_P": 0.8717948717948718,
  "validation_0_R": 0.8395061728395061,
  "validation_0_F1": 0.8553459119496356,
  "validation_accuracy": 0.8580246913580247,
  "validation_average_F1": 0.8579759862778231,
  "validation_loss": 0.4424646117470481,
  "best_epoch": 3,
  "best_validation_1_P": 0.8452380952380952,
  "best_validation_1_R": 0.8765432098765432,
  "best_validation_1_F1": 0.8606060606060106,
  "best_validation_0_P": 0.8717948717948718,
  "best_validation_0_R": 0.8395061728395061,
  "best_validation_0_F1": 0.8553459119496356,
  "best_validation_accuracy": 0.8580246913580247,
  "best_validation_average_F1": 0.8579759862778231,
  "best_validation_loss": 0.4424646117470481
}