{
  "peak_cpu_memory_MB": 5767.684,
  "peak_gpu_0_memory_MB": 11,
  "peak_gpu_1_memory_MB": 11,
  "peak_gpu_2_memory_MB": 11,
  "peak_gpu_3_memory_MB": 11,
  "peak_gpu_4_memory_MB": 11,
  "peak_gpu_5_memory_MB": 11,
  "peak_gpu_6_memory_MB": 1946,
  "peak_gpu_7_memory_MB": 11,
  "peak_gpu_8_memory_MB": 11,
  "peak_gpu_9_memory_MB": 11,
  "peak_gpu_10_memory_MB": 11,
  "peak_gpu_11_memory_MB": 4806,
  "peak_gpu_12_memory_MB": 11,
  "peak_gpu_13_memory_MB": 11,
  "peak_gpu_14_memory_MB": 11,
  "peak_gpu_15_memory_MB": 11,
  "training_duration": "00:03:49",
  "training_start_epoch": 0,
  "training_epochs": 5,
  "epoch": 5,
  "training_1_P": 0.9939117199391172,
  "training_1_R": 0.9969465648854962,
  "training_1_F1": 0.9954268292682427,
  "training_0_P": 0.996937212863706,
  "training_0_R": 0.9938931297709923,
  "training_0_F1": 0.9954128440366472,
  "training_accuracy": 0.9954198473282443,
  "training_average_F1": 0.9954198366524449,
  "training_loss": 0.015883552949739303,
  "training_cpu_memory_MB": 5767.684,
  "training_gpu_0_memory_MB": 11,
  "training_gpu_1_memory_MB": 11,
  "training_gpu_2_memory_MB": 11,
  "training_gpu_3_memory_MB": 11,
  "training_gpu_4_memory_MB": 11,
  "training_gpu_5_memory_MB": 11,
  "training_gpu_6_memory_MB": 1946,
  "training_gpu_7_memory_MB": 11,
  "training_gpu_8_memory_MB": 11,
  "training_gpu_9_memory_MB": 11,
  "training_gpu_10_memory_MB": 11,
  "training_gpu_11_memory_MB": 4806,
  "training_gpu_12_memory_MB": 11,
  "training_gpu_13_memory_MB": 11,
  "training_gpu_14_memory_MB": 11,
  "training_gpu_15_memory_MB": 11,
  "validation_1_P": 0.8470588235294118,
  "validation_1_R": 0.8888888888888888,
  "validation_1_F1": 0.8674698795180223,
  "validation_0_P": 0.8831168831168831,
  "validation_0_R": 0.8395061728395061,
  "validation_0_F1": 0.860759493670836,
  "validation_accuracy": 0.8641975308641975,
  "validation_average_F1": 0.8641146865944291,
  "validation_loss": 0.5284471864050085,
  "best_epoch": 5,
  "best_validation_1_P": 0.8470588235294118,
  "best_validation_1_R": 0.8888888888888888,
  "best_validation_1_F1": 0.8674698795180223,
  "best_validation_0_P": 0.8831168831168831,
  "best_validation_0_R": 0.8395061728395061,
  "best_validation_0_F1": 0.860759493670836,
  "best_validation_accuracy": 0.8641975308641975,
  "best_validation_average_F1": 0.8641146865944291,
  "best_validation_loss": 0.5284471864050085
}