{
  "peak_cpu_memory_MB": 5769.484,
  "peak_gpu_0_memory_MB": 11,
  "peak_gpu_1_memory_MB": 11,
  "peak_gpu_2_memory_MB": 11,
  "peak_gpu_3_memory_MB": 11,
  "peak_gpu_4_memory_MB": 11,
  "peak_gpu_5_memory_MB": 11,
  "peak_gpu_6_memory_MB": 1894,
  "peak_gpu_7_memory_MB": 11,
  "peak_gpu_8_memory_MB": 11,
  "peak_gpu_9_memory_MB": 11,
  "peak_gpu_10_memory_MB": 11,
  "peak_gpu_11_memory_MB": 11,
  "peak_gpu_12_memory_MB": 11,
  "peak_gpu_13_memory_MB": 11,
  "peak_gpu_14_memory_MB": 11,
  "peak_gpu_15_memory_MB": 11,
  "training_duration": "00:01:36",
  "training_start_epoch": 0,
  "training_epochs": 2,
  "epoch": 2,
  "training_1_P": 0.948377581120944,
  "training_1_R": 0.981679389312977,
  "training_1_F1": 0.9647411852962741,
  "training_0_P": 0.9810126582278481,
  "training_0_R": 0.9465648854961832,
  "training_0_F1": 0.9634809634809135,
  "training_accuracy": 0.9641221374045802,
  "training_average_F1": 0.9641110743885938,
  "training_loss": 0.11228697819680702,
  "training_cpu_memory_MB": 5769.484,
  "training_gpu_0_memory_MB": 11,
  "training_gpu_1_memory_MB": 11,
  "training_gpu_2_memory_MB": 11,
  "training_gpu_3_memory_MB": 11,
  "training_gpu_4_memory_MB": 11,
  "training_gpu_5_memory_MB": 11,
  "training_gpu_6_memory_MB": 1894,
  "training_gpu_7_memory_MB": 11,
  "training_gpu_8_memory_MB": 11,
  "training_gpu_9_memory_MB": 11,
  "training_gpu_10_memory_MB": 11,
  "training_gpu_11_memory_MB": 11,
  "training_gpu_12_memory_MB": 11,
  "training_gpu_13_memory_MB": 11,
  "training_gpu_14_memory_MB": 11,
  "training_gpu_15_memory_MB": 11,
  "validation_1_P": 0.8620689655172413,
  "validation_1_R": 0.6172839506172839,
  "validation_1_F1": 0.7194244604316061,
  "validation_0_P": 0.7019230769230769,
  "validation_0_R": 0.9012345679012346,
  "validation_0_F1": 0.7891891891891399,
  "validation_accuracy": 0.7592592592592593,
  "validation_average_F1": 0.754306824810373,
  "validation_loss": 0.692363134839318,
  "best_epoch": 0,
  "best_validation_1_P": 0.8484848484848485,
  "best_validation_1_R": 0.691358024691358,
  "best_validation_1_F1": 0.7619047619047125,
  "best_validation_0_P": 0.7395833333333334,
  "best_validation_0_R": 0.8765432098765432,
  "best_validation_0_F1": 0.8022598870056001,
  "best_validation_accuracy": 0.7839506172839507,
  "best_validation_average_F1": 0.7820823244551562,
  "best_validation_loss": 0.4397108338095925
}