{
  "peak_cpu_memory_MB": 5769.484,
  "peak_gpu_0_memory_MB": 11,
  "peak_gpu_1_memory_MB": 11,
  "peak_gpu_2_memory_MB": 11,
  "peak_gpu_3_memory_MB": 11,
  "peak_gpu_4_memory_MB": 11,
  "peak_gpu_5_memory_MB": 11,
  "peak_gpu_6_memory_MB": 1896,
  "peak_gpu_7_memory_MB": 11,
  "peak_gpu_8_memory_MB": 11,
  "peak_gpu_9_memory_MB": 11,
  "peak_gpu_10_memory_MB": 11,
  "peak_gpu_11_memory_MB": 11,
  "peak_gpu_12_memory_MB": 11,
  "peak_gpu_13_memory_MB": 11,
  "peak_gpu_14_memory_MB": 11,
  "peak_gpu_15_memory_MB": 11,
  "training_duration": "00:02:56",
  "training_start_epoch": 0,
  "training_epochs": 4,
  "epoch": 4,
  "training_1_P": 0.9984709480122325,
  "training_1_R": 0.9969465648854962,
  "training_1_F1": 0.9977081741787125,
  "training_0_P": 0.9969512195121951,
  "training_0_R": 0.9984732824427481,
  "training_0_F1": 0.9977116704804992,
  "training_accuracy": 0.9977099236641221,
  "training_average_F1": 0.9977099223296059,
  "training_loss": 0.01596359032910408,
  "training_cpu_memory_MB": 5769.484,
  "training_gpu_0_memory_MB": 11,
  "training_gpu_1_memory_MB": 11,
  "training_gpu_2_memory_MB": 11,
  "training_gpu_3_memory_MB": 11,
  "training_gpu_4_memory_MB": 11,
  "training_gpu_5_memory_MB": 11,
  "training_gpu_6_memory_MB": 1896,
  "training_gpu_7_memory_MB": 11,
  "training_gpu_8_memory_MB": 11,
  "training_gpu_9_memory_MB": 11,
  "training_gpu_10_memory_MB": 11,
  "training_gpu_11_memory_MB": 11,
  "training_gpu_12_memory_MB": 11,
  "training_gpu_13_memory_MB": 11,
  "training_gpu_14_memory_MB": 11,
  "training_gpu_15_memory_MB": 11,
  "validation_1_P": 0.8333333333333334,
  "validation_1_R": 0.7407407407407407,
  "validation_1_F1": 0.7843137254901463,
  "validation_0_P": 0.7666666666666667,
  "validation_0_R": 0.8518518518518519,
  "validation_0_F1": 0.8070175438595992,
  "validation_accuracy": 0.7962962962962963,
  "validation_average_F1": 0.7956656346748727,
  "validation_loss": 0.7073688195510344,
  "best_epoch": 3,
  "best_validation_1_P": 0.8450704225352113,
  "best_validation_1_R": 0.7407407407407407,
  "best_validation_1_F1": 0.7894736842104765,
  "best_validation_0_P": 0.7692307692307693,
  "best_validation_0_R": 0.8641975308641975,
  "best_validation_0_F1": 0.8139534883720433,
  "best_validation_accuracy": 0.8024691358024691,
  "best_validation_average_F1": 0.8017135862912599,
  "best_validation_loss": 0.6253026947379112
}