{
  "training_duration": "00:06:09",
  "training_start_epoch": 0,
  "training_epochs": 7,
  "epoch": 7,
  "training_1_F1": 0.8792198049511879,
  "training_0_F1": 0.8749028749028249,
  "training_accuracy": 0.8770992366412214,
  "training_average_F1": 0.8770613399270064,
  "training_loss": 0.3394630258766616,
  "validation_1_F1": 0.8255813953487874,
  "validation_0_F1": 0.8026315789473186,
  "validation_accuracy": 0.8148148148148148,
  "validation_average_F1": 0.814106487148053,
  "validation_loss": 0.38952154598452826,
  "best_epoch": 6,
  "best_validation_1_F1": 0.8363636363635865,
  "best_validation_0_F1": 0.830188679245233,
  "best_validation_accuracy": 0.8333333333333334,
  "best_validation_average_F1": 0.8332761578044097,
  "best_validation_loss": 0.387682395902547
}