{
  "training_duration": "00:01:29",
  "training_start_epoch": 0,
  "training_epochs": 1,
  "epoch": 1,
  "training_1_F1": 0.7899924184988129,
  "training_0_F1": 0.7870868562643619,
  "training_accuracy": 0.7885496183206107,
  "training_average_F1": 0.7885396373815874,
  "training_loss": 0.5176096213300053,
  "validation_1_F1": 0.7976190476189976,
  "validation_0_F1": 0.7820512820512322,
  "validation_accuracy": 0.7901234567901234,
  "validation_average_F1": 0.789835164835115,
  "validation_loss": 0.457123490897092,
  "best_epoch": 0,
  "best_validation_1_F1": 0.7926829268292183,
  "best_validation_0_F1": 0.7874999999999501,
  "best_validation_accuracy": 0.7901234567901234,
  "best_validation_average_F1": 0.7900914634145841,
  "best_validation_loss": 0.4755682782693343
}