{
  "training_duration": "00:04:36",
  "training_start_epoch": 0,
  "training_epochs": 5,
  "epoch": 5,
  "training_1_F1": 0.8599397590360945,
  "training_0_F1": 0.8560371517027364,
  "training_accuracy": 0.8580152671755725,
  "training_average_F1": 0.8579884553694155,
  "training_loss": 0.37338617262316914,
  "validation_1_F1": 0.820224719101074,
  "validation_0_F1": 0.7808219178081699,
  "validation_accuracy": 0.8024691358024691,
  "validation_average_F1": 0.8005233184546219,
  "validation_loss": 0.41404969041997736,
  "best_epoch": 4,
  "best_validation_1_F1": 0.8072289156626007,
  "best_validation_0_F1": 0.7974683544303299,
  "best_validation_accuracy": 0.8024691358024691,
  "best_validation_average_F1": 0.8023486350464653,
  "best_validation_loss": 0.39402877336198633
}