{
  "training_duration": "00:05:21",
  "training_start_epoch": 0,
  "training_epochs": 6,
  "epoch": 6,
  "training_1_F1": 0.8664688427299204,
  "training_0_F1": 0.858490566037686,
  "training_accuracy": 0.8625954198473282,
  "training_average_F1": 0.8624797043838033,
  "training_loss": 0.36261320332201513,
  "validation_1_F1": 0.8363636363635865,
  "validation_0_F1": 0.830188679245233,
  "validation_accuracy": 0.8333333333333334,
  "validation_average_F1": 0.8332761578044097,
  "validation_loss": 0.387682395902547,
  "best_epoch": 6,
  "best_validation_1_F1": 0.8363636363635865,
  "best_validation_0_F1": 0.830188679245233,
  "best_validation_accuracy": 0.8333333333333334,
  "best_validation_average_F1": 0.8332761578044097,
  "best_validation_loss": 0.387682395902547
}