{
  "training_duration": "00:00:44",
  "training_start_epoch": 0,
  "training_epochs": 0,
  "epoch": 0,
  "training_1_F1": 0.6797797010227667,
  "training_0_F1": 0.6982950333579931,
  "training_accuracy": 0.6893129770992367,
  "training_average_F1": 0.68903736719038,
  "training_loss": 0.646115969957375,
  "validation_1_F1": 0.7926829268292183,
  "validation_0_F1": 0.7874999999999501,
  "validation_accuracy": 0.7901234567901234,
  "validation_average_F1": 0.7900914634145841,
  "validation_loss": 0.4755682782693343,
  "best_epoch": 0,
  "best_validation_1_F1": 0.7926829268292183,
  "best_validation_0_F1": 0.7874999999999501,
  "best_validation_accuracy": 0.7901234567901234,
  "best_validation_average_F1": 0.7900914634145841,
  "best_validation_loss": 0.4755682782693343
}