{
  "training_duration": "00:06:55",
  "training_start_epoch": 0,
  "training_epochs": 8,
  "epoch": 8,
  "training_1_F1": 0.8887218045112282,
  "training_0_F1": 0.8852713178294074,
  "training_accuracy": 0.8870229007633588,
  "training_average_F1": 0.8869965611703178,
  "training_loss": 0.3366569342409692,
  "validation_1_F1": 0.8214285714285217,
  "validation_0_F1": 0.8076923076922577,
  "validation_accuracy": 0.8148148148148148,
  "validation_average_F1": 0.8145604395603897,
  "validation_loss": 0.38246719674630597,
  "best_epoch": 6,
  "best_validation_1_F1": 0.8363636363635865,
  "best_validation_0_F1": 0.830188679245233,
  "best_validation_accuracy": 0.8333333333333334,
  "best_validation_average_F1": 0.8332761578044097,
  "best_validation_loss": 0.387682395902547
}