{
  "training_duration": "00:02:15",
  "training_start_epoch": 0,
  "training_epochs": 2,
  "epoch": 2,
  "training_1_F1": 0.8130563798219085,
  "training_0_F1": 0.8018867924527803,
  "training_accuracy": 0.8076335877862595,
  "training_average_F1": 0.8074715861373444,
  "training_loss": 0.4728027062445152,
  "validation_1_F1": 0.7928994082839738,
  "validation_0_F1": 0.774193548387047,
  "validation_accuracy": 0.7839506172839507,
  "validation_average_F1": 0.7835464783355104,
  "validation_loss": 0.4069373363798315,
  "best_epoch": 0,
  "best_validation_1_F1": 0.7926829268292183,
  "best_validation_0_F1": 0.7874999999999501,
  "best_validation_accuracy": 0.7901234567901234,
  "best_validation_average_F1": 0.7900914634145841,
  "best_validation_loss": 0.4755682782693343
}