{
  "training_duration": "00:03:48",
  "training_start_epoch": 0,
  "training_epochs": 4,
  "epoch": 4,
  "training_1_F1": 0.8588498879760516,
  "training_0_F1": 0.8524590163933927,
  "training_accuracy": 0.8557251908396947,
  "training_average_F1": 0.8556544521847221,
  "training_loss": 0.40108607382309147,
  "validation_1_F1": 0.8072289156626007,
  "validation_0_F1": 0.7974683544303299,
  "validation_accuracy": 0.8024691358024691,
  "validation_average_F1": 0.8023486350464653,
  "validation_loss": 0.39402877336198633,
  "best_epoch": 4,
  "best_validation_1_F1": 0.8072289156626007,
  "best_validation_0_F1": 0.7974683544303299,
  "best_validation_accuracy": 0.8024691358024691,
  "best_validation_average_F1": 0.8023486350464653,
  "best_validation_loss": 0.39402877336198633
}