{
  "peak_cpu_memory_MB": 3070.664,
  "peak_gpu_0_memory_MB": 5063,
  "training_duration": "00:02:57",
  "training_start_epoch": 0,
  "training_epochs": 3,
  "epoch": 3,
  "training_1_F1": 0.9969465648854462,
  "training_0_F1": 0.9969465648854462,
  "training_accuracy": 0.9969465648854962,
  "training_average_F1": 0.9969465648854462,
  "training_loss": 0.012893665093565133,
  "training_cpu_memory_MB": 3070.664,
  "training_gpu_0_memory_MB": 5063,
  "validation_1_F1": 0.7874999999999501,
  "validation_0_F1": 0.7926829268292183,
  "validation_accuracy": 0.7901234567901234,
  "validation_average_F1": 0.7900914634145841,
  "validation_loss": 0.7793764248490334,
  "best_epoch": 2,
  "best_validation_1_F1": 0.8095238095237596,
  "best_validation_0_F1": 0.794871794871745,
  "best_validation_accuracy": 0.8024691358024691,
  "best_validation_average_F1": 0.8021978021977523,
  "best_validation_loss": 0.6355777057734403
}