{
  "peak_cpu_memory_MB": 3070.664,
  "peak_gpu_0_memory_MB": 5063,
  "training_duration": "00:02:06",
  "training_start_epoch": 0,
  "training_epochs": 2,
  "epoch": 2,
  "training_1_F1": 0.9832572298325224,
  "training_0_F1": 0.9831546707503329,
  "training_accuracy": 0.983206106870229,
  "training_average_F1": 0.9832059502914277,
  "training_loss": 0.049140635378113605,
  "training_cpu_memory_MB": 3070.664,
  "training_gpu_0_memory_MB": 5063,
  "validation_1_F1": 0.8095238095237596,
  "validation_0_F1": 0.794871794871745,
  "validation_accuracy": 0.8024691358024691,
  "validation_average_F1": 0.8021978021977523,
  "validation_loss": 0.6355777057734403,
  "best_epoch": 2,
  "best_validation_1_F1": 0.8095238095237596,
  "best_validation_0_F1": 0.794871794871745,
  "best_validation_accuracy": 0.8024691358024691,
  "best_validation_average_F1": 0.8021978021977523,
  "best_validation_loss": 0.6355777057734403
}