{
  "peak_cpu_memory_MB": 3070.664,
  "peak_gpu_0_memory_MB": 5063,
  "training_duration": "00:01:24",
  "training_start_epoch": 0,
  "training_epochs": 1,
  "epoch": 1,
  "training_1_F1": 0.9378787878787378,
  "training_0_F1": 0.9369230769230269,
  "training_accuracy": 0.9374045801526718,
  "training_average_F1": 0.9374009324008823,
  "training_loss": 0.17535477483690512,
  "training_cpu_memory_MB": 3070.664,
  "training_gpu_0_memory_MB": 5063,
  "validation_1_F1": 0.7619047619047125,
  "validation_0_F1": 0.8022598870056001,
  "validation_accuracy": 0.7839506172839507,
  "validation_average_F1": 0.7820823244551562,
  "validation_loss": 0.70524308627302,
  "best_epoch": 0,
  "best_validation_1_F1": 0.774193548387047,
  "best_validation_0_F1": 0.7928994082839738,
  "best_validation_accuracy": 0.7839506172839507,
  "best_validation_average_F1": 0.7835464783355104,
  "best_validation_loss": 0.6183349083770405
}