{
  "peak_cpu_memory_MB": 3070.664,
  "peak_gpu_0_memory_MB": 3818,
  "training_duration": "00:00:37",
  "training_start_epoch": 0,
  "training_epochs": 0,
  "epoch": 0,
  "training_1_F1": 0.7817490494296079,
  "training_0_F1": 0.7800766283524405,
  "training_accuracy": 0.7809160305343511,
  "training_average_F1": 0.7809128388910243,
  "training_loss": 0.4796104378453115,
  "training_cpu_memory_MB": 3070.664,
  "training_gpu_0_memory_MB": 3818,
  "validation_1_F1": 0.774193548387047,
  "validation_0_F1": 0.7928994082839738,
  "validation_accuracy": 0.7839506172839507,
  "validation_average_F1": 0.7835464783355104,
  "validation_loss": 0.6183349083770405,
  "best_epoch": 0,
  "best_validation_1_F1": 0.774193548387047,
  "best_validation_0_F1": 0.7928994082839738,
  "best_validation_accuracy": 0.7839506172839507,
  "best_validation_average_F1": 0.7835464783355104,
  "best_validation_loss": 0.6183349083770405
}