{
  "peak_cpu_memory_MB": 4458.76,
  "peak_gpu_0_memory_MB": 11,
  "peak_gpu_1_memory_MB": 2826,
  "peak_gpu_2_memory_MB": 11,
  "peak_gpu_3_memory_MB": 11,
  "peak_gpu_4_memory_MB": 11,
  "peak_gpu_5_memory_MB": 11,
  "peak_gpu_6_memory_MB": 1890,
  "peak_gpu_7_memory_MB": 11,
  "peak_gpu_8_memory_MB": 11,
  "peak_gpu_9_memory_MB": 11,
  "peak_gpu_10_memory_MB": 11,
  "peak_gpu_11_memory_MB": 3574,
  "peak_gpu_12_memory_MB": 11,
  "peak_gpu_13_memory_MB": 11,
  "peak_gpu_14_memory_MB": 11,
  "peak_gpu_15_memory_MB": 11,
  "training_duration": "00:01:04",
  "training_start_epoch": 0,
  "training_epochs": 1,
  "epoch": 1,
  "training_1_P": 0.8319209039548022,
  "training_1_R": 0.899236641221374,
  "training_1_F1": 0.8642699926631929,
  "training_0_P": 0.8903654485049833,
  "training_0_R": 0.8183206106870229,
  "training_0_F1": 0.8528241845663782,
  "training_accuracy": 0.8587786259541985,
  "training_average_F1": 0.8585470886147856,
  "training_loss": 0.35027323526943605,
  "training_cpu_memory_MB": 4458.76,
  "training_gpu_0_memory_MB": 11,
  "training_gpu_1_memory_MB": 2826,
  "training_gpu_2_memory_MB": 11,
  "training_gpu_3_memory_MB": 11,
  "training_gpu_4_memory_MB": 11,
  "training_gpu_5_memory_MB": 11,
  "training_gpu_6_memory_MB": 1890,
  "training_gpu_7_memory_MB": 11,
  "training_gpu_8_memory_MB": 11,
  "training_gpu_9_memory_MB": 11,
  "training_gpu_10_memory_MB": 11,
  "training_gpu_11_memory_MB": 3574,
  "training_gpu_12_memory_MB": 11,
  "training_gpu_13_memory_MB": 11,
  "training_gpu_14_memory_MB": 11,
  "training_gpu_15_memory_MB": 11,
  "validation_1_P": 0.8352941176470589,
  "validation_1_R": 0.8765432098765432,
  "validation_1_F1": 0.855421686746938,
  "validation_0_P": 0.8701298701298701,
  "validation_0_R": 0.8271604938271605,
  "validation_0_F1": 0.8481012658227349,
  "validation_accuracy": 0.8518518518518519,
  "validation_average_F1": 0.8517614762848364,
  "validation_loss": 0.354783296585083,
  "best_epoch": 0,
  "best_validation_1_P": 0.8314606741573034,
  "best_validation_1_R": 0.9135802469135802,
  "best_validation_1_F1": 0.8705882352940678,
  "best_validation_0_P": 0.9041095890410958,
  "best_validation_0_R": 0.8148148148148148,
  "best_validation_0_F1": 0.8571428571428074,
  "best_validation_accuracy": 0.8641975308641975,
  "best_validation_average_F1": 0.8638655462184376,
  "best_validation_loss": 0.37945477258075366
}