{
  "peak_cpu_memory_MB": 4458.76,
  "peak_gpu_0_memory_MB": 11,
  "peak_gpu_1_memory_MB": 2826,
  "peak_gpu_2_memory_MB": 11,
  "peak_gpu_3_memory_MB": 11,
  "peak_gpu_4_memory_MB": 11,
  "peak_gpu_5_memory_MB": 11,
  "peak_gpu_6_memory_MB": 1890,
  "peak_gpu_7_memory_MB": 11,
  "peak_gpu_8_memory_MB": 11,
  "peak_gpu_9_memory_MB": 11,
  "peak_gpu_10_memory_MB": 11,
  "peak_gpu_11_memory_MB": 3574,
  "peak_gpu_12_memory_MB": 11,
  "peak_gpu_13_memory_MB": 11,
  "peak_gpu_14_memory_MB": 11,
  "peak_gpu_15_memory_MB": 11,
  "training_duration": "00:01:36",
  "training_start_epoch": 0,
  "training_epochs": 2,
  "epoch": 2,
  "training_1_P": 0.9185185185185185,
  "training_1_R": 0.9465648854961832,
  "training_1_F1": 0.9323308270676192,
  "training_0_P": 0.9448818897637795,
  "training_0_R": 0.916030534351145,
  "training_0_F1": 0.9302325581394849,
  "training_accuracy": 0.9312977099236641,
  "training_average_F1": 0.9312816926035521,
  "training_loss": 0.19415707397842552,
  "training_cpu_memory_MB": 4458.76,
  "training_gpu_0_memory_MB": 11,
  "training_gpu_1_memory_MB": 2826,
  "training_gpu_2_memory_MB": 11,
  "training_gpu_3_memory_MB": 11,
  "training_gpu_4_memory_MB": 11,
  "training_gpu_5_memory_MB": 11,
  "training_gpu_6_memory_MB": 1890,
  "training_gpu_7_memory_MB": 11,
  "training_gpu_8_memory_MB": 11,
  "training_gpu_9_memory_MB": 11,
  "training_gpu_10_memory_MB": 11,
  "training_gpu_11_memory_MB": 3574,
  "training_gpu_12_memory_MB": 11,
  "training_gpu_13_memory_MB": 11,
  "training_gpu_14_memory_MB": 11,
  "training_gpu_15_memory_MB": 11,
  "validation_1_P": 0.7676767676767676,
  "validation_1_R": 0.9382716049382716,
  "validation_1_F1": 0.8444444444443949,
  "validation_0_P": 0.9206349206349206,
  "validation_0_R": 0.7160493827160493,
  "validation_0_F1": 0.8055555555555064,
  "validation_accuracy": 0.8271604938271605,
  "validation_average_F1": 0.8249999999999507,
  "validation_loss": 0.6470908143303611,
  "best_epoch": 0,
  "best_validation_1_P": 0.8314606741573034,
  "best_validation_1_R": 0.9135802469135802,
  "best_validation_1_F1": 0.8705882352940678,
  "best_validation_0_P": 0.9041095890410958,
  "best_validation_0_R": 0.8148148148148148,
  "best_validation_0_F1": 0.8571428571428074,
  "best_validation_accuracy": 0.8641975308641975,
  "best_validation_average_F1": 0.8638655462184376,
  "best_validation_loss": 0.37945477258075366
}