{
  "peak_cpu_memory_MB": 2640.6,
  "peak_gpu_0_memory_MB": 2510,
  "training_duration": "00:06:11",
  "training_start_epoch": 0,
  "training_epochs": 14,
  "epoch": 14,
  "training_1_P": 0.9939117199391172,
  "training_1_R": 0.9969465648854962,
  "training_1_F1": 0.9954268292682427,
  "training_0_P": 0.996937212863706,
  "training_0_R": 0.9938931297709923,
  "training_0_F1": 0.9954128440366472,
  "training_accuracy": 0.9954198473282443,
  "training_average_F1": 0.9954198366524449,
  "training_loss": 0.02202321712009995,
  "training_cpu_memory_MB": 2640.6,
  "training_gpu_0_memory_MB": 2510,
  "validation_1_P": 0.8375,
  "validation_1_R": 0.8271604938271605,
  "validation_1_F1": 0.8322981366459128,
  "validation_0_P": 0.8292682926829268,
  "validation_0_R": 0.8395061728395061,
  "validation_0_F1": 0.8343558282208088,
  "validation_accuracy": 0.8333333333333334,
  "validation_average_F1": 0.8333269824333608,
  "validation_loss": 0.57074728066271,
  "best_epoch": 11,
  "best_validation_1_P": 0.85,
  "best_validation_1_R": 0.8395061728395061,
  "best_validation_1_F1": 0.84472049689436,
  "best_validation_0_P": 0.8414634146341463,
  "best_validation_0_R": 0.8518518518518519,
  "best_validation_0_F1": 0.8466257668711156,
  "best_validation_accuracy": 0.845679012345679,
  "best_validation_average_F1": 0.8456731318827377,
  "best_validation_loss": 0.43961251527071,
  "test_1_P": 0.7831325301204819,
  "test_1_R": 0.8024691358024691,
  "test_1_F1": 0.7926829268292183,
  "test_0_P": 0.7974683544303798,
  "test_0_R": 0.7777777777777778,
  "test_0_F1": 0.7874999999999501,
  "test_accuracy": 0.7901234567901234,
  "test_average_F1": 0.7900914634145841,
  "test_loss": 0.8211794712326743
}