{
  "peak_cpu_memory_MB": 3069.664,
  "peak_gpu_0_memory_MB": 2510,
  "training_duration": "00:01:32",
  "training_start_epoch": 0,
  "training_epochs": 3,
  "epoch": 3,
  "training_1_F1": 0.4899536321483271,
  "training_0_F1": 0.5022624434388641,
  "training_accuracy": 0.4961832061068702,
  "training_average_F1": 0.4961080377935956,
  "training_loss": 0.6978839388707789,
  "training_cpu_memory_MB": 3069.664,
  "training_gpu_0_memory_MB": 2510,
  "validation_1_F1": 0.0,
  "validation_0_F1": 0.6666666666666222,
  "validation_accuracy": 0.5,
  "validation_average_F1": 0.3333333333333111,
  "validation_loss": 0.701444766738198,
  "best_epoch": 0,
  "best_validation_1_F1": 0.0,
  "best_validation_0_F1": 0.6666666666666222,
  "best_validation_accuracy": 0.5,
  "best_validation_average_F1": 0.3333333333333111,
  "best_validation_loss": 0.6986443075266752,
  "test_1_F1": 0.0,
  "test_0_F1": 0.6666666666666222,
  "test_accuracy": 0.5,
  "test_average_F1": 0.3333333333333111,
  "test_loss": 0.6985809586264871
}