{
  "training_duration": "00:06:25",
  "training_start_epoch": 0,
  "training_epochs": 7,
  "epoch": 7,
  "training_1_F1": 0.8398835516738948,
  "training_0_F1": 0.8234349919742681,
  "training_accuracy": 0.8320610687022901,
  "training_average_F1": 0.8316592718240814,
  "training_loss": 0.5267212663481875,
  "validation_1_F1": 0.8089887640448943,
  "validation_0_F1": 0.7671232876711834,
  "validation_accuracy": 0.7901234567901234,
  "validation_average_F1": 0.7880560258580389,
  "validation_loss": 0.4845034805211154,
  "best_epoch": 6,
  "best_validation_1_F1": 0.8143712574849801,
  "best_validation_0_F1": 0.802547770700587,
  "best_validation_accuracy": 0.808641975308642,
  "best_validation_average_F1": 0.8084595140927835,
  "best_validation_loss": 0.4873204773122614
}