{
  "training_duration": "00:11:18",
  "training_start_epoch": 0,
  "training_epochs": 13,
  "epoch": 13,
  "training_1_F1": 0.8785871964679413,
  "training_0_F1": 0.8691514670895615,
  "training_accuracy": 0.8740458015267175,
  "training_average_F1": 0.8738693317787514,
  "training_loss": 0.4555363353432679,
  "validation_1_F1": 0.8255813953487874,
  "validation_0_F1": 0.8026315789473186,
  "validation_accuracy": 0.8148148148148148,
  "validation_average_F1": 0.814106487148053,
  "validation_loss": 0.4781055883927779,
  "best_epoch": 12,
  "best_validation_1_F1": 0.8452380952380453,
  "best_validation_0_F1": 0.8333333333332835,
  "best_validation_accuracy": 0.8395061728395061,
  "best_validation_average_F1": 0.8392857142856645,
  "best_validation_loss": 0.439305151050741
}