{
  "training_duration": "00:08:51",
  "training_start_epoch": 0,
  "training_epochs": 10,
  "epoch": 10,
  "training_1_F1": 0.8556701030927336,
  "training_0_F1": 0.844690966719443,
  "training_accuracy": 0.850381679389313,
  "training_average_F1": 0.8501805349060882,
  "training_loss": 0.4919030099380307,
  "validation_1_F1": 0.8488372093022759,
  "validation_0_F1": 0.8289473684210029,
  "validation_accuracy": 0.8395061728395061,
  "validation_average_F1": 0.8388922888616395,
  "validation_loss": 0.45149117979136383,
  "best_epoch": 10,
  "best_validation_1_F1": 0.8488372093022759,
  "best_validation_0_F1": 0.8289473684210029,
  "best_validation_accuracy": 0.8395061728395061,
  "best_validation_average_F1": 0.8388922888616395,
  "best_validation_loss": 0.45149117979136383
}