{
  "training_duration": "00:07:12",
  "training_start_epoch": 0,
  "training_epochs": 8,
  "epoch": 8,
  "training_1_F1": 0.8519593613932738,
  "training_0_F1": 0.8357487922704816,
  "training_accuracy": 0.8442748091603054,
  "training_average_F1": 0.8438540768318776,
  "training_loss": 0.5154408012948385,
  "validation_1_F1": 0.8333333333332835,
  "validation_0_F1": 0.8205128205127706,
  "validation_accuracy": 0.8271604938271605,
  "validation_average_F1": 0.8269230769230271,
  "validation_loss": 0.5039069056510925,
  "best_epoch": 8,
  "best_validation_1_F1": 0.8333333333332835,
  "best_validation_0_F1": 0.8205128205127706,
  "best_validation_accuracy": 0.8271604938271605,
  "best_validation_average_F1": 0.8269230769230271,
  "best_validation_loss": 0.5039069056510925
}