{
  "training_duration": "00:12:05",
  "training_start_epoch": 0,
  "training_epochs": 14,
  "epoch": 14,
  "training_1_F1": 0.8898743532889375,
  "training_0_F1": 0.8823993685871641,
  "training_accuracy": 0.8862595419847328,
  "training_average_F1": 0.8861368609380508,
  "training_loss": 0.44097790558163713,
  "validation_1_F1": 0.8361581920903458,
  "validation_0_F1": 0.8027210884353246,
  "validation_accuracy": 0.8209876543209876,
  "validation_average_F1": 0.8194396402628352,
  "validation_loss": 0.43885711377317255,
  "best_epoch": 12,
  "best_validation_1_F1": 0.8452380952380453,
  "best_validation_0_F1": 0.8333333333332835,
  "best_validation_accuracy": 0.8395061728395061,
  "best_validation_average_F1": 0.8392857142856645,
  "best_validation_loss": 0.439305151050741
}