{
  "training_duration": "00:02:22",
  "training_start_epoch": 0,
  "training_epochs": 2,
  "epoch": 2,
  "training_1_F1": 0.7660485021397506,
  "training_0_F1": 0.7307060755336121,
  "training_accuracy": 0.749618320610687,
  "training_average_F1": 0.7483772888366813,
  "training_loss": 0.6505672030332612,
  "validation_1_F1": 0.7752808988763551,
  "validation_0_F1": 0.7260273972602247,
  "validation_accuracy": 0.7530864197530864,
  "validation_average_F1": 0.7506541480682899,
  "validation_loss": 0.5935475392775102,
  "best_epoch": 2,
  "best_validation_1_F1": 0.7752808988763551,
  "best_validation_0_F1": 0.7260273972602247,
  "best_validation_accuracy": 0.7530864197530864,
  "best_validation_average_F1": 0.7506541480682899,
  "best_validation_loss": 0.5935475392775102
}