{
  "training_duration": "00:10:28",
  "training_start_epoch": 0,
  "training_epochs": 12,
  "epoch": 12,
  "training_1_F1": 0.8744460856720327,
  "training_0_F1": 0.8657187993680386,
  "training_accuracy": 0.8702290076335878,
  "training_average_F1": 0.8700824425200357,
  "training_loss": 0.46925779486574776,
  "validation_1_F1": 0.8452380952380453,
  "validation_0_F1": 0.8333333333332835,
  "validation_accuracy": 0.8395061728395061,
  "validation_average_F1": 0.8392857142856645,
  "validation_loss": 0.439305151050741,
  "best_epoch": 12,
  "best_validation_1_F1": 0.8452380952380453,
  "best_validation_0_F1": 0.8333333333332835,
  "best_validation_accuracy": 0.8395061728395061,
  "best_validation_average_F1": 0.8392857142856645,
  "best_validation_loss": 0.439305151050741
}