{
  "training_duration": "00:01:33",
  "training_start_epoch": 0,
  "training_epochs": 1,
  "epoch": 1,
  "training_1_F1": 0.7047756874095016,
  "training_0_F1": 0.6704361873989808,
  "training_accuracy": 0.6885496183206107,
  "training_average_F1": 0.6876059374042411,
  "training_loss": 0.6922010634003616,
  "validation_1_F1": 0.7411764705881855,
  "validation_0_F1": 0.7142857142856645,
  "validation_accuracy": 0.7283950617283951,
  "validation_average_F1": 0.7277310924369249,
  "validation_loss": 0.6277394511482932,
  "best_epoch": 1,
  "best_validation_1_F1": 0.7411764705881855,
  "best_validation_0_F1": 0.7142857142856645,
  "best_validation_accuracy": 0.7283950617283951,
  "best_validation_average_F1": 0.7277310924369249,
  "best_validation_loss": 0.6277394511482932
}