{
  "training_duration": "00:08:02",
  "training_start_epoch": 0,
  "training_epochs": 9,
  "epoch": 9,
  "training_1_F1": 0.8592162554426208,
  "training_0_F1": 0.8438003220611419,
  "training_accuracy": 0.8519083969465648,
  "training_average_F1": 0.8515082887518813,
  "training_loss": 0.5029146733080468,
  "validation_1_F1": 0.8383233532933633,
  "validation_0_F1": 0.8280254777069566,
  "validation_accuracy": 0.8333333333333334,
  "validation_average_F1": 0.8331744155001599,
  "validation_loss": 0.4933541715145111,
  "best_epoch": 9,
  "best_validation_1_F1": 0.8383233532933633,
  "best_validation_0_F1": 0.8280254777069566,
  "best_validation_accuracy": 0.8333333333333334,
  "best_validation_average_F1": 0.8331744155001599,
  "best_validation_loss": 0.4933541715145111
}