{
  "training_duration": "00:09:41",
  "training_start_epoch": 0,
  "training_epochs": 11,
  "epoch": 11,
  "training_1_F1": 0.8682284040995109,
  "training_0_F1": 0.8564593301434907,
  "training_accuracy": 0.8625954198473282,
  "training_average_F1": 0.8623438671215008,
  "training_loss": 0.47632054366716525,
  "validation_1_F1": 0.8343558282208088,
  "validation_0_F1": 0.8322981366459128,
  "validation_accuracy": 0.8333333333333334,
  "validation_average_F1": 0.8333269824333608,
  "validation_loss": 0.4416942596435547,
  "best_epoch": 10,
  "best_validation_1_F1": 0.8488372093022759,
  "best_validation_0_F1": 0.8289473684210029,
  "best_validation_accuracy": 0.8395061728395061,
  "best_validation_average_F1": 0.8388922888616395,
  "best_validation_loss": 0.45149117979136383
}