{
  "peak_cpu_memory_MB": 2658.504,
  "peak_gpu_0_memory_MB": 2510,
  "training_duration": "00:03:10",
  "training_start_epoch": 0,
  "training_epochs": 7,
  "epoch": 7,
  "training_1_P": 1.0,
  "training_1_R": 1.0,
  "training_1_F1": 0.99999999999995,
  "training_0_P": 1.0,
  "training_0_R": 1.0,
  "training_0_F1": 0.99999999999995,
  "training_accuracy": 1.0,
  "training_average_F1": 0.99999999999995,
  "training_loss": 0.0017282379927431664,
  "training_cpu_memory_MB": 2658.504,
  "training_gpu_0_memory_MB": 2510,
  "validation_1_P": 0.8375,
  "validation_1_R": 0.8271604938271605,
  "validation_1_F1": 0.8322981366459128,
  "validation_0_P": 0.8292682926829268,
  "validation_0_R": 0.8395061728395061,
  "validation_0_F1": 0.8343558282208088,
  "validation_accuracy": 0.8333333333333334,
  "validation_average_F1": 0.8333269824333608,
  "validation_loss": 1.1150644502856515,
  "best_epoch": 4,
  "best_validation_1_P": 0.8131868131868132,
  "best_validation_1_R": 0.9135802469135802,
  "best_validation_1_F1": 0.86046511627902,
  "best_validation_0_P": 0.9014084507042254,
  "best_validation_0_R": 0.7901234567901234,
  "best_validation_0_F1": 0.842105263157845,
  "best_validation_accuracy": 0.8518518518518519,
  "best_validation_average_F1": 0.8512851897184325,
  "best_validation_loss": 0.9298701611432162,
  "test_1_P": 0.8260869565217391,
  "test_1_R": 0.9382716049382716,
  "test_1_F1": 0.878612716762956,
  "test_0_P": 0.9285714285714286,
  "test_0_R": 0.8024691358024691,
  "test_0_F1": 0.8609271523178311,
  "test_accuracy": 0.8703703703703703,
  "test_average_F1": 0.8697699345403935,
  "test_loss": 0.5517697781324387
}