{
  "peak_cpu_memory_MB": 2658.504,
  "peak_gpu_0_memory_MB": 2510,
  "training_duration": "00:01:09",
  "training_start_epoch": 0,
  "training_epochs": 2,
  "epoch": 2,
  "training_1_P": 0.9620637329286799,
  "training_1_R": 0.9679389312977099,
  "training_1_F1": 0.9649923896498739,
  "training_0_P": 0.967741935483871,
  "training_0_R": 0.9618320610687023,
  "training_0_F1": 0.9647779479325688,
  "training_accuracy": 0.9648854961832061,
  "training_average_F1": 0.9648851687912213,
  "training_loss": 0.11176456648447528,
  "training_cpu_memory_MB": 2658.504,
  "training_gpu_0_memory_MB": 2510,
  "validation_1_P": 0.890625,
  "validation_1_R": 0.7037037037037037,
  "validation_1_F1": 0.786206896551675,
  "validation_0_P": 0.7551020408163265,
  "validation_0_R": 0.9135802469135802,
  "validation_0_F1": 0.8268156424580511,
  "validation_accuracy": 0.808641975308642,
  "validation_average_F1": 0.8065112695048631,
  "validation_loss": 0.681019972671162,
  "best_epoch": 0,
  "best_validation_1_P": 0.7934782608695652,
  "best_validation_1_R": 0.9012345679012346,
  "best_validation_1_F1": 0.8439306358381005,
  "best_validation_0_P": 0.8857142857142857,
  "best_validation_0_R": 0.7654320987654321,
  "best_validation_0_F1": 0.8211920529800828,
  "best_validation_accuracy": 0.8333333333333334,
  "best_validation_average_F1": 0.8325613444090916,
  "best_validation_loss": 0.4758062958717346
}