{
  "training_duration": "00:21:10",
  "training_start_epoch": 0,
  "training_epochs": 7,
  "epoch": 7,
  "training_1_F1": 0.8828420256991186,
  "training_0_F1": 0.8804934464147535,
  "training_accuracy": 0.8816793893129771,
  "training_average_F1": 0.881667736056936,
  "training_loss": 0.46147075549858374,
  "validation_1_F1": 0.8074534161490183,
  "validation_0_F1": 0.8098159509201955,
  "validation_accuracy": 0.808641975308642,
  "validation_average_F1": 0.808634683534607,
  "validation_loss": 0.5089330510659651,
  "best_epoch": 5,
  "best_validation_1_F1": 0.8242424242423743,
  "best_validation_0_F1": 0.8176100628930317,
  "best_validation_accuracy": 0.8209876543209876,
  "best_validation_average_F1": 0.8209262435677029,
  "best_validation_loss": 0.46726389906623145
}