{
  "training_duration": "00:04:56",
  "training_start_epoch": 0,
  "training_epochs": 1,
  "epoch": 1,
  "training_1_F1": 0.722181282240186,
  "training_0_F1": 0.7015043547109557,
  "training_accuracy": 0.7122137404580152,
  "training_average_F1": 0.7118428184755708,
  "training_loss": 0.6822070755609652,
  "validation_1_F1": 0.7594936708860259,
  "validation_0_F1": 0.7710843373493476,
  "validation_accuracy": 0.7654320987654321,
  "validation_average_F1": 0.7652890041176867,
  "validation_loss": 0.6135643991557035,
  "best_epoch": 1,
  "best_validation_1_F1": 0.7594936708860259,
  "best_validation_0_F1": 0.7710843373493476,
  "best_validation_accuracy": 0.7654320987654321,
  "best_validation_average_F1": 0.7652890041176867,
  "best_validation_loss": 0.6135643991557035
}