{
  "peak_cpu_memory_MB": 1848.76,
  "peak_gpu_0_memory_MB": 350,
  "training_duration": "00:00:02",
  "training_start_epoch": 0,
  "training_epochs": 1,
  "epoch": 1,
  "training_1_P": 0.8183118741058655,
  "training_1_R": 0.8732824427480916,
  "training_1_F1": 0.8449039881831111,
  "training_0_P": 0.8641571194762684,
  "training_0_R": 0.8061068702290076,
  "training_0_F1": 0.8341232227487653,
  "training_accuracy": 0.8396946564885496,
  "training_average_F1": 0.8395136054659382,
  "training_loss": 0.39034412746749275,
  "training_cpu_memory_MB": 1848.76,
  "training_gpu_0_memory_MB": 350,
  "validation_1_P": 0.7684210526315789,
  "validation_1_R": 0.9012345679012346,
  "validation_1_F1": 0.8295454545454048,
  "validation_0_P": 0.8805970149253731,
  "validation_0_R": 0.7283950617283951,
  "validation_0_F1": 0.7972972972972477,
  "validation_accuracy": 0.8148148148148148,
  "validation_average_F1": 0.8134213759213262,
  "validation_loss": 0.4022309658202258,
  "best_epoch": 0,
  "best_validation_1_P": 0.8023255813953488,
  "best_validation_1_R": 0.8518518518518519,
  "best_validation_1_F1": 0.8263473053891718,
  "best_validation_0_P": 0.8421052631578947,
  "best_validation_0_R": 0.7901234567901234,
  "best_validation_0_F1": 0.8152866242037717,
  "best_validation_accuracy": 0.8209876543209876,
  "best_validation_average_F1": 0.8208169647964718,
  "best_validation_loss": 0.3905172483487563
}