{
  "peak_cpu_memory_MB": 3069.628,
  "peak_gpu_0_memory_MB": 2510,
  "training_duration": "00:01:59",
  "training_start_epoch": 0,
  "training_epochs": 4,
  "epoch": 4,
  "training_1_P": 0.9862804878048781,
  "training_1_R": 0.9877862595419847,
  "training_1_F1": 0.9870327993897289,
  "training_0_P": 0.9877675840978594,
  "training_0_R": 0.9862595419847329,
  "training_0_F1": 0.987012987012937,
  "training_accuracy": 0.9870229007633587,
  "training_average_F1": 0.987022893201333,
  "training_loss": 0.06029708722106567,
  "training_cpu_memory_MB": 3069.628,
  "training_gpu_0_memory_MB": 2510,
  "validation_1_P": 0.8372093023255814,
  "validation_1_R": 0.8888888888888888,
  "validation_1_F1": 0.8622754491017465,
  "validation_0_P": 0.881578947368421,
  "validation_0_R": 0.8271604938271605,
  "validation_0_F1": 0.853503184713326,
  "validation_accuracy": 0.8580246913580247,
  "validation_average_F1": 0.8578893169075362,
  "validation_loss": 0.6150814945047552,
  "best_epoch": 1,
  "best_validation_1_P": 0.8961038961038961,
  "best_validation_1_R": 0.8518518518518519,
  "best_validation_1_F1": 0.8734177215189374,
  "best_validation_0_P": 0.8588235294117647,
  "best_validation_0_R": 0.9012345679012346,
  "best_validation_0_F1": 0.8795180722891066,
  "best_validation_accuracy": 0.8765432098765432,
  "best_validation_average_F1": 0.876467896904022,
  "best_validation_loss": 0.3260672146623785,
  "test_1_P": 0.8461538461538461,
  "test_1_R": 0.8148148148148148,
  "test_1_F1": 0.830188679245233,
  "test_0_P": 0.8214285714285714,
  "test_0_R": 0.8518518518518519,
  "test_0_F1": 0.8363636363635865,
  "test_accuracy": 0.8333333333333334,
  "test_average_F1": 0.8332761578044097,
  "test_loss": 0.39836290885101666
}