{
  "peak_cpu_memory_MB": 2657.2,
  "peak_gpu_0_memory_MB": 11,
  "peak_gpu_1_memory_MB": 11,
  "peak_gpu_2_memory_MB": 11,
  "peak_gpu_3_memory_MB": 11,
  "peak_gpu_4_memory_MB": 11,
  "peak_gpu_5_memory_MB": 11,
  "peak_gpu_6_memory_MB": 11,
  "peak_gpu_7_memory_MB": 11,
  "peak_gpu_8_memory_MB": 11,
  "peak_gpu_9_memory_MB": 11,
  "peak_gpu_10_memory_MB": 3018,
  "peak_gpu_11_memory_MB": 11,
  "peak_gpu_12_memory_MB": 11,
  "peak_gpu_13_memory_MB": 11,
  "peak_gpu_14_memory_MB": 11,
  "peak_gpu_15_memory_MB": 11,
  "training_duration": "00:01:48",
  "training_start_epoch": 0,
  "training_epochs": 3,
  "epoch": 3,
  "training_neg_F1": 0.9562171628721041,
  "training_pos_F1": 0.9173098125688585,
  "training_accuracy": 0.9427480916030534,
  "training_average_F1": 0.9367634877204813,
  "training_loss": 0.18126555150601922,
  "training_cpu_memory_MB": 2657.2,
  "training_gpu_0_memory_MB": 11,
  "training_gpu_1_memory_MB": 11,
  "training_gpu_2_memory_MB": 11,
  "training_gpu_3_memory_MB": 11,
  "training_gpu_4_memory_MB": 11,
  "training_gpu_5_memory_MB": 11,
  "training_gpu_6_memory_MB": 11,
  "training_gpu_7_memory_MB": 11,
  "training_gpu_8_memory_MB": 11,
  "training_gpu_9_memory_MB": 11,
  "training_gpu_10_memory_MB": 3018,
  "training_gpu_11_memory_MB": 11,
  "training_gpu_12_memory_MB": 11,
  "training_gpu_13_memory_MB": 11,
  "training_gpu_14_memory_MB": 11,
  "training_gpu_15_memory_MB": 11,
  "validation_neg_F1": 0.8324873096446207,
  "validation_pos_F1": 0.740157480314912,
  "validation_accuracy": 0.7962962962962963,
  "validation_average_F1": 0.7863223949797664,
  "validation_loss": 0.4688860123807734,
  "best_epoch": 1,
  "best_validation_neg_F1": 0.8703703703703204,
  "best_validation_pos_F1": 0.7407407407406907,
  "best_validation_accuracy": 0.8271604938271605,
  "best_validation_average_F1": 0.8055555555555056,
  "best_validation_loss": 0.3703577382998033,
  "test_neg_F1": 0.8251121076232684,
  "test_pos_F1": 0.6138613861385639,
  "test_accuracy": 0.7592592592592593,
  "test_average_F1": 0.7194867468809161,
  "test_loss": 0.5800846760923212
}