{
  "peak_cpu_memory_MB": 2208.928,
  "peak_gpu_0_memory_MB": 11,
  "peak_gpu_1_memory_MB": 11082,
  "peak_gpu_2_memory_MB": 1316,
  "peak_gpu_3_memory_MB": 1174,
  "peak_gpu_4_memory_MB": 11,
  "peak_gpu_5_memory_MB": 11,
  "peak_gpu_6_memory_MB": 11,
  "peak_gpu_7_memory_MB": 11,
  "peak_gpu_8_memory_MB": 11,
  "peak_gpu_9_memory_MB": 11,
  "peak_gpu_10_memory_MB": 11,
  "peak_gpu_11_memory_MB": 11,
  "peak_gpu_12_memory_MB": 11,
  "peak_gpu_13_memory_MB": 11,
  "peak_gpu_14_memory_MB": 11,
  "peak_gpu_15_memory_MB": 11,
  "training_duration": "00:01:53",
  "training_start_epoch": 0,
  "training_epochs": 4,
  "epoch": 4,
  "training_1_P": 0.9285714285714286,
  "training_1_R": 0.9526717557251908,
  "training_1_F1": 0.9404672192915854,
  "training_0_P": 0.95141065830721,
  "training_0_R": 0.9267175572519084,
  "training_0_F1": 0.9389017788089216,
  "training_accuracy": 0.9396946564885497,
  "training_average_F1": 0.9396844990502535,
  "training_loss": 0.17182683692563597,
  "training_cpu_memory_MB": 2208.928,
  "training_gpu_0_memory_MB": 11,
  "training_gpu_1_memory_MB": 11082,
  "training_gpu_2_memory_MB": 1214,
  "training_gpu_3_memory_MB": 1174,
  "training_gpu_4_memory_MB": 11,
  "training_gpu_5_memory_MB": 11,
  "training_gpu_6_memory_MB": 11,
  "training_gpu_7_memory_MB": 11,
  "training_gpu_8_memory_MB": 11,
  "training_gpu_9_memory_MB": 11,
  "training_gpu_10_memory_MB": 11,
  "training_gpu_11_memory_MB": 11,
  "training_gpu_12_memory_MB": 11,
  "training_gpu_13_memory_MB": 11,
  "training_gpu_14_memory_MB": 11,
  "training_gpu_15_memory_MB": 11,
  "validation_1_P": 0.7444444444444445,
  "validation_1_R": 0.8271604938271605,
  "validation_1_F1": 0.7836257309941022,
  "validation_0_P": 0.8055555555555556,
  "validation_0_R": 0.7160493827160493,
  "validation_0_F1": 0.7581699346404732,
  "validation_accuracy": 0.7716049382716049,
  "validation_average_F1": 0.7708978328172877,
  "validation_loss": 0.6311424239115282,
  "best_epoch": 2,
  "best_validation_1_P": 0.8552631578947368,
  "best_validation_1_R": 0.8024691358024691,
  "best_validation_1_F1": 0.8280254777069566,
  "best_validation_0_P": 0.813953488372093,
  "best_validation_0_R": 0.8641975308641975,
  "best_validation_0_F1": 0.8383233532933633,
  "best_validation_accuracy": 0.8333333333333334,
  "best_validation_average_F1": 0.8331744155001599,
  "best_validation_loss": 0.39975542507388373,
  "test_1_P": 0.7948717948717948,
  "test_1_R": 0.7654320987654321,
  "test_1_F1": 0.779874213836428,
  "test_0_P": 0.7738095238095238,
  "test_0_R": 0.8024691358024691,
  "test_0_F1": 0.7878787878787381,
  "test_accuracy": 0.7839506172839507,
  "test_average_F1": 0.783876500857583,
  "test_loss": 0.4538543603637002
}