{
  "peak_cpu_memory_MB": 2208.928,
  "peak_gpu_0_memory_MB": 11,
  "peak_gpu_1_memory_MB": 11082,
  "peak_gpu_2_memory_MB": 279,
  "peak_gpu_3_memory_MB": 1068,
  "peak_gpu_4_memory_MB": 11,
  "peak_gpu_5_memory_MB": 11,
  "peak_gpu_6_memory_MB": 11,
  "peak_gpu_7_memory_MB": 11,
  "peak_gpu_8_memory_MB": 11,
  "peak_gpu_9_memory_MB": 11,
  "peak_gpu_10_memory_MB": 11,
  "peak_gpu_11_memory_MB": 11,
  "peak_gpu_12_memory_MB": 11,
  "peak_gpu_13_memory_MB": 11,
  "peak_gpu_14_memory_MB": 11,
  "peak_gpu_15_memory_MB": 11,
  "training_duration": "00:00:42",
  "training_start_epoch": 0,
  "training_epochs": 1,
  "epoch": 1,
  "training_1_P": 0.826783114992722,
  "training_1_R": 0.867175572519084,
  "training_1_F1": 0.8464977645305014,
  "training_0_P": 0.8603531300160514,
  "training_0_R": 0.8183206106870229,
  "training_0_F1": 0.8388106416274931,
  "training_accuracy": 0.8427480916030534,
  "training_average_F1": 0.8426542030789972,
  "training_loss": 0.36813974498612123,
  "training_cpu_memory_MB": 2208.928,
  "training_gpu_0_memory_MB": 11,
  "training_gpu_1_memory_MB": 11082,
  "training_gpu_2_memory_MB": 279,
  "training_gpu_3_memory_MB": 1068,
  "training_gpu_4_memory_MB": 11,
  "training_gpu_5_memory_MB": 11,
  "training_gpu_6_memory_MB": 11,
  "training_gpu_7_memory_MB": 11,
  "training_gpu_8_memory_MB": 11,
  "training_gpu_9_memory_MB": 11,
  "training_gpu_10_memory_MB": 11,
  "training_gpu_11_memory_MB": 11,
  "training_gpu_12_memory_MB": 11,
  "training_gpu_13_memory_MB": 11,
  "training_gpu_14_memory_MB": 11,
  "training_gpu_15_memory_MB": 11,
  "validation_1_P": 0.8148148148148148,
  "validation_1_R": 0.8148148148148148,
  "validation_1_F1": 0.8148148148147648,
  "validation_0_P": 0.8148148148148148,
  "validation_0_R": 0.8148148148148148,
  "validation_0_F1": 0.8148148148147648,
  "validation_accuracy": 0.8148148148148148,
  "validation_average_F1": 0.8148148148147648,
  "validation_loss": 0.41544455967166205,
  "best_epoch": 1,
  "best_validation_1_P": 0.8148148148148148,
  "best_validation_1_R": 0.8148148148148148,
  "best_validation_1_F1": 0.8148148148147648,
  "best_validation_0_P": 0.8148148148148148,
  "best_validation_0_R": 0.8148148148148148,
  "best_validation_0_F1": 0.8148148148147648,
  "best_validation_accuracy": 0.8148148148148148,
  "best_validation_average_F1": 0.8148148148147648,
  "best_validation_loss": 0.41544455967166205
}