{
  "training_duration": "00:03:58",
  "training_start_epoch": 0,
  "training_epochs": 4,
  "epoch": 4,
  "training_1_F1": 0.8421828908554073,
  "training_0_F1": 0.8306962025315956,
  "training_accuracy": 0.8366412213740458,
  "training_average_F1": 0.8364395466935015,
  "training_loss": 0.4200910044516005,
  "validation_1_F1": 0.782608695652124,
  "validation_0_F1": 0.785276073619582,
  "validation_accuracy": 0.7839506172839507,
  "validation_average_F1": 0.783942384635853,
  "validation_loss": 0.47856181318109686,
  "best_epoch": 4,
  "best_validation_1_F1": 0.782608695652124,
  "best_validation_0_F1": 0.785276073619582,
  "best_validation_accuracy": 0.7839506172839507,
  "best_validation_average_F1": 0.783942384635853,
  "best_validation_loss": 0.47856181318109686
}