{
  "training_duration": "00:03:09",
  "training_start_epoch": 0,
  "training_epochs": 3,
  "epoch": 3,
  "training_1_F1": 0.8339483394833449,
  "training_0_F1": 0.8221343873517287,
  "training_accuracy": 0.8282442748091603,
  "training_average_F1": 0.8280413634175368,
  "training_loss": 0.43675027533275323,
  "validation_1_F1": 0.7664670658682134,
  "validation_0_F1": 0.7515923566878482,
  "validation_accuracy": 0.7592592592592593,
  "validation_average_F1": 0.7590297112780309,
  "validation_loss": 0.5234324065121737,
  "best_epoch": 3,
  "best_validation_1_F1": 0.7664670658682134,
  "best_validation_0_F1": 0.7515923566878482,
  "best_validation_accuracy": 0.7592592592592593,
  "best_validation_average_F1": 0.7590297112780309,
  "best_validation_loss": 0.5234324065121737
}