{
  "training_duration": "00:02:20",
  "training_start_epoch": 0,
  "training_epochs": 2,
  "epoch": 2,
  "training_1_F1": 0.8097345132742865,
  "training_0_F1": 0.7958860759493172,
  "training_accuracy": 0.8030534351145038,
  "training_average_F1": 0.8028102946118019,
  "training_loss": 0.4826240674024675,
  "validation_1_F1": 0.7307692307691809,
  "validation_0_F1": 0.74999999999995,
  "validation_accuracy": 0.7407407407407407,
  "validation_average_F1": 0.7403846153845655,
  "validation_loss": 0.5407283983447335,
  "best_epoch": 2,
  "best_validation_1_F1": 0.7307692307691809,
  "best_validation_0_F1": 0.74999999999995,
  "best_validation_accuracy": 0.7407407407407407,
  "best_validation_average_F1": 0.7403846153845655,
  "best_validation_loss": 0.5407283983447335
}