{
  "training_duration": "00:05:33",
  "training_start_epoch": 0,
  "training_epochs": 6,
  "epoch": 6,
  "training_1_F1": 0.8636698599852116,
  "training_0_F1": 0.8535233570862526,
  "training_accuracy": 0.8587786259541985,
  "training_average_F1": 0.8585966085357322,
  "training_loss": 0.3785261769847172,
  "validation_1_F1": 0.7770700636942176,
  "validation_0_F1": 0.7904191616765968,
  "validation_accuracy": 0.7839506172839507,
  "validation_average_F1": 0.7837446126854072,
  "validation_loss": 0.5469682880423286,
  "best_epoch": 4,
  "best_validation_1_F1": 0.782608695652124,
  "best_validation_0_F1": 0.785276073619582,
  "best_validation_accuracy": 0.7839506172839507,
  "best_validation_average_F1": 0.783942384635853,
  "best_validation_loss": 0.47856181318109686,
  "test_1_F1": 0.7712418300653098,
  "test_0_F1": 0.7953216374268507,
  "test_accuracy": 0.7839506172839507,
  "test_average_F1": 0.7832817337460802,
  "test_loss": 0.4843622635711323
}