{
  "peak_cpu_memory_MB": 4698.284,
  "peak_gpu_0_memory_MB": 11,
  "peak_gpu_1_memory_MB": 11,
  "peak_gpu_2_memory_MB": 11,
  "peak_gpu_3_memory_MB": 11,
  "peak_gpu_4_memory_MB": 11,
  "peak_gpu_5_memory_MB": 11,
  "peak_gpu_6_memory_MB": 11,
  "peak_gpu_7_memory_MB": 11,
  "peak_gpu_8_memory_MB": 11,
  "peak_gpu_9_memory_MB": 11,
  "peak_gpu_10_memory_MB": 11,
  "peak_gpu_11_memory_MB": 11,
  "peak_gpu_12_memory_MB": 11,
  "peak_gpu_13_memory_MB": 11,
  "peak_gpu_14_memory_MB": 1611,
  "peak_gpu_15_memory_MB": 11,
  "training_duration": "00:35:33",
  "training_start_epoch": 0,
  "training_epochs": 0,
  "epoch": 0,
  "training_joy_F1": 0.7982860713541328,
  "training_sadness_F1": 0.5579312660919699,
  "training_fear_F1": 0.3822993678345162,
  "training_anger_F1": 0.3412408759123625,
  "training_surprise_F1": 0.21003818876155572,
  "training_disgust_F1": 0.3919833420093228,
  "training_trust_F1": 0.5258019525801483,
  "training_anticipation_F1": 0.22471910112355675,
  "training_accuracy": 0.595422216474848,
  "training_average_F1": 0.4290375207084456,
  "training_loss": 1.1655813512092685,
  "training_cpu_memory_MB": 4698.284,
  "training_gpu_0_memory_MB": 11,
  "training_gpu_1_memory_MB": 11,
  "training_gpu_2_memory_MB": 11,
  "training_gpu_3_memory_MB": 11,
  "training_gpu_4_memory_MB": 11,
  "training_gpu_5_memory_MB": 11,
  "training_gpu_6_memory_MB": 11,
  "training_gpu_7_memory_MB": 11,
  "training_gpu_8_memory_MB": 11,
  "training_gpu_9_memory_MB": 11,
  "training_gpu_10_memory_MB": 11,
  "training_gpu_11_memory_MB": 11,
  "training_gpu_12_memory_MB": 11,
  "training_gpu_13_memory_MB": 11,
  "training_gpu_14_memory_MB": 1611,
  "training_gpu_15_memory_MB": 11,
  "validation_joy_F1": 0.8260240963854927,
  "validation_sadness_F1": 0.5838709677418886,
  "validation_fear_F1": 0.32220943613344827,
  "validation_anger_F1": 0.3707664884135,
  "validation_surprise_F1": 0.16541353383456267,
  "validation_disgust_F1": 0.44155844155839263,
  "validation_trust_F1": 0.6197802197801698,
  "validation_anticipation_F1": 0.28169014084502597,
  "validation_accuracy": 0.6217670184150631,
  "validation_average_F1": 0.45141416558656006,
  "validation_loss": 1.1132902048601963,
  "best_epoch": 0,
  "best_validation_joy_F1": 0.8260240963854927,
  "best_validation_sadness_F1": 0.5838709677418886,
  "best_validation_fear_F1": 0.32220943613344827,
  "best_validation_anger_F1": 0.3707664884135,
  "best_validation_surprise_F1": 0.16541353383456267,
  "best_validation_disgust_F1": 0.44155844155839263,
  "best_validation_trust_F1": 0.6197802197801698,
  "best_validation_anticipation_F1": 0.28169014084502597,
  "best_validation_accuracy": 0.6217670184150631,
  "best_validation_average_F1": 0.45141416558656006,
  "best_validation_loss": 1.1132902048601963
}