{
  "training_duration": "00:03:14",
  "training_start_epoch": 0,
  "training_epochs": 3,
  "epoch": 3,
  "training_1_F1": 0.8223201174742526,
  "training_0_F1": 0.8076311605722871,
  "training_accuracy": 0.815267175572519,
  "training_average_F1": 0.8149756390232699,
  "training_loss": 0.4404389340339637,
  "validation_1_F1": 0.8214285714285217,
  "validation_0_F1": 0.8076923076922577,
  "validation_accuracy": 0.8148148148148148,
  "validation_average_F1": 0.8145604395603897,
  "validation_loss": 0.4048991013656963,
  "best_epoch": 3,
  "best_validation_1_F1": 0.8214285714285217,
  "best_validation_0_F1": 0.8076923076922577,
  "best_validation_accuracy": 0.8148148148148148,
  "best_validation_average_F1": 0.8145604395603897,
  "best_validation_loss": 0.4048991013656963
}