{
  "training_duration": "00:06:22",
  "training_start_epoch": 0,
  "training_epochs": 7,
  "epoch": 7,
  "training_1_F1": 0.8765893792071303,
  "training_0_F1": 0.8713951675759438,
  "training_accuracy": 0.8740458015267175,
  "training_average_F1": 0.8739922733915371,
  "training_loss": 0.3531164501498385,
  "validation_1_F1": 0.8255813953487874,
  "validation_0_F1": 0.8026315789473186,
  "validation_accuracy": 0.8148148148148148,
  "validation_average_F1": 0.814106487148053,
  "validation_loss": 0.3513209860433232,
  "best_epoch": 6,
  "best_validation_1_F1": 0.8263473053891718,
  "best_validation_0_F1": 0.8152866242037717,
  "best_validation_accuracy": 0.8209876543209876,
  "best_validation_average_F1": 0.8208169647964718,
  "best_validation_loss": 0.36077154630964453
}