{
  "training_duration": "00:00:44",
  "training_start_epoch": 0,
  "training_epochs": 0,
  "epoch": 0,
  "training_1_F1": 0.6831999999999502,
  "training_0_F1": 0.7109489051094393,
  "training_accuracy": 0.6977099236641221,
  "training_average_F1": 0.6970744525546948,
  "training_loss": 0.6333889874016366,
  "validation_1_F1": 0.744897959183625,
  "validation_0_F1": 0.6093749999999536,
  "validation_accuracy": 0.691358024691358,
  "validation_average_F1": 0.6771364795917894,
  "validation_loss": 0.5502735267985951,
  "best_epoch": 0,
  "best_validation_1_F1": 0.744897959183625,
  "best_validation_0_F1": 0.6093749999999536,
  "best_validation_accuracy": 0.691358024691358,
  "best_validation_average_F1": 0.6771364795917894,
  "best_validation_loss": 0.5502735267985951
}