{
  "training_duration": "00:02:25",
  "training_start_epoch": 0,
  "training_epochs": 2,
  "epoch": 2,
  "training_1_F1": 0.8116788321167384,
  "training_0_F1": 0.7935999999999501,
  "training_accuracy": 0.8030534351145038,
  "training_average_F1": 0.8026394160583443,
  "training_loss": 0.472235282019871,
  "validation_1_F1": 0.7976190476189976,
  "validation_0_F1": 0.7820512820512322,
  "validation_accuracy": 0.7901234567901234,
  "validation_average_F1": 0.789835164835115,
  "validation_loss": 0.4431018720973622,
  "best_epoch": 2,
  "best_validation_1_F1": 0.7976190476189976,
  "best_validation_0_F1": 0.7820512820512322,
  "best_validation_accuracy": 0.7901234567901234,
  "best_validation_average_F1": 0.789835164835115,
  "best_validation_loss": 0.4431018720973622
}