{
  "training_duration": "00:04:48",
  "training_start_epoch": 0,
  "training_epochs": 5,
  "epoch": 5,
  "training_1_F1": 0.8548148148147651,
  "training_0_F1": 0.8456692913385327,
  "training_accuracy": 0.850381679389313,
  "training_average_F1": 0.8502420530766489,
  "training_loss": 0.39179843700513606,
  "validation_1_F1": 0.8111111111110616,
  "validation_0_F1": 0.7638888888888399,
  "validation_accuracy": 0.7901234567901234,
  "validation_average_F1": 0.7874999999999508,
  "validation_loss": 0.4231799136508595,
  "best_epoch": 3,
  "best_validation_1_F1": 0.8214285714285217,
  "best_validation_0_F1": 0.8076923076922577,
  "best_validation_accuracy": 0.8148148148148148,
  "best_validation_average_F1": 0.8145604395603897,
  "best_validation_loss": 0.4048991013656963
}