{
  "training_duration": "00:08:46",
  "training_start_epoch": 0,
  "training_epochs": 10,
  "epoch": 10,
  "training_1_F1": 0.8975317875840938,
  "training_0_F1": 0.8932190179266842,
  "training_accuracy": 0.8954198473282443,
  "training_average_F1": 0.8953754027553891,
  "training_loss": 0.31224008213456084,
  "validation_1_F1": 0.8372093023255316,
  "validation_0_F1": 0.8157894736841607,
  "validation_accuracy": 0.8271604938271605,
  "validation_average_F1": 0.8264993880048461,
  "validation_loss": 0.3625032983042977,
  "best_epoch": 9,
  "best_validation_1_F1": 0.842105263157845,
  "best_validation_0_F1": 0.8235294117646562,
  "best_validation_accuracy": 0.8333333333333334,
  "best_validation_average_F1": 0.8328173374612506,
  "best_validation_loss": 0.43719991635192523
}