{
  "training_duration": "00:07:08",
  "training_start_epoch": 0,
  "training_epochs": 8,
  "epoch": 8,
  "training_1_F1": 0.8806523350629597,
  "training_0_F1": 0.873328088119541,
  "training_accuracy": 0.8770992366412214,
  "training_average_F1": 0.8769902115912503,
  "training_loss": 0.33792978461559225,
  "validation_1_F1": 0.8292682926828769,
  "validation_0_F1": 0.82499999999995,
  "validation_accuracy": 0.8271604938271605,
  "validation_average_F1": 0.8271341463414135,
  "validation_loss": 0.43625525114211167,
  "best_epoch": 8,
  "best_validation_1_F1": 0.8292682926828769,
  "best_validation_0_F1": 0.82499999999995,
  "best_validation_accuracy": 0.8271604938271605,
  "best_validation_average_F1": 0.8271341463414135,
  "best_validation_loss": 0.43625525114211167
}