{
  "training_duration": "00:01:30",
  "training_start_epoch": 0,
  "training_epochs": 1,
  "epoch": 1,
  "training_1_F1": 0.7953044754218136,
  "training_0_F1": 0.7780429594271576,
  "training_accuracy": 0.7870229007633588,
  "training_average_F1": 0.7866737174244856,
  "training_loss": 0.5271175583688225,
  "validation_1_F1": 0.7840909090908594,
  "validation_0_F1": 0.7432432432431937,
  "validation_accuracy": 0.7654320987654321,
  "validation_average_F1": 0.7636670761670266,
  "validation_loss": 0.47718725963072345,
  "best_epoch": 1,
  "best_validation_1_F1": 0.7840909090908594,
  "best_validation_0_F1": 0.7432432432431937,
  "best_validation_accuracy": 0.7654320987654321,
  "best_validation_average_F1": 0.7636670761670266,
  "best_validation_loss": 0.47718725963072345
}