{
  "peak_cpu_memory_MB": 3070.064,
  "peak_gpu_0_memory_MB": 2510,
  "training_duration": "00:03:00",
  "training_start_epoch": 0,
  "training_epochs": 6,
  "epoch": 6,
  "training_1_P": 0.8020378457059679,
  "training_1_R": 0.8412213740458016,
  "training_1_F1": 0.8211624441132139,
  "training_0_P": 0.8330658105939005,
  "training_0_R": 0.7923664122137405,
  "training_0_F1": 0.8122065727699032,
  "training_accuracy": 0.816793893129771,
  "training_average_F1": 0.8166845084415586,
  "training_loss": 0.4201679947536166,
  "training_cpu_memory_MB": 3070.064,
  "training_gpu_0_memory_MB": 2510,
  "validation_1_P": 0.8,
  "validation_1_R": 0.8888888888888888,
  "validation_1_F1": 0.842105263157845,
  "validation_0_P": 0.875,
  "validation_0_R": 0.7777777777777778,
  "validation_0_F1": 0.8235294117646562,
  "validation_accuracy": 0.8333333333333334,
  "validation_average_F1": 0.8328173374612506,
  "validation_loss": 0.41636805507269775,
  "best_epoch": 3,
  "best_validation_1_P": 0.8111111111111111,
  "best_validation_1_R": 0.9012345679012346,
  "best_validation_1_F1": 0.8538011695905934,
  "best_validation_0_P": 0.8888888888888888,
  "best_validation_0_R": 0.7901234567901234,
  "best_validation_0_F1": 0.8366013071894927,
  "best_validation_accuracy": 0.845679012345679,
  "best_validation_average_F1": 0.845201238390043,
  "best_validation_loss": 0.4614871767434207,
  "test_1_P": 0.7472527472527473,
  "test_1_R": 0.8395061728395061,
  "test_1_F1": 0.7906976744185549,
  "test_0_P": 0.8169014084507042,
  "test_0_R": 0.7160493827160493,
  "test_0_F1": 0.7631578947367924,
  "test_accuracy": 0.7777777777777778,
  "test_average_F1": 0.7769277845776736,
  "test_loss": 0.5982692458412864
}