{
  "peak_cpu_memory_MB": 3068.796,
  "peak_gpu_0_memory_MB": 2510,
  "training_duration": "00:00:45",
  "training_start_epoch": 0,
  "training_epochs": 1,
  "epoch": 1,
  "training_1_F1": 0.9163526752071844,
  "training_0_F1": 0.9141531322505302,
  "training_accuracy": 0.9152671755725191,
  "training_average_F1": 0.9152529037288573,
  "training_loss": 0.22799587844893698,
  "training_cpu_memory_MB": 3068.796,
  "training_gpu_0_memory_MB": 2510,
  "validation_1_F1": 0.7924528301886292,
  "validation_0_F1": 0.79999999999995,
  "validation_accuracy": 0.7962962962962963,
  "validation_average_F1": 0.7962264150942896,
  "validation_loss": 0.4106780100952495,
  "best_epoch": 0,
  "best_validation_1_F1": 0.8048780487804378,
  "best_validation_0_F1": 0.7999999999999501,
  "best_validation_accuracy": 0.8024691358024691,
  "best_validation_average_F1": 0.802439024390194,
  "best_validation_loss": 0.47676647251302545,
  "test_1_F1": 0.8322981366459128,
  "test_0_F1": 0.8343558282208088,
  "test_accuracy": 0.8333333333333334,
  "test_average_F1": 0.8333269824333608,
  "test_loss": 0.3758357939395038
}