{
  "peak_cpu_memory_MB": 1825.528,
  "peak_gpu_0_memory_MB": 344,
  "training_duration": "00:00:01",
  "training_start_epoch": 0,
  "training_epochs": 0,
  "epoch": 0,
  "training_1_P": 0.7263313609467456,
  "training_1_R": 0.749618320610687,
  "training_1_F1": 0.7377911344852993,
  "training_0_P": 0.7413249211356467,
  "training_0_R": 0.7175572519083969,
  "training_0_F1": 0.7292474786655824,
  "training_accuracy": 0.733587786259542,
  "training_average_F1": 0.7335193065754408,
  "training_loss": 0.5487303054187356,
  "training_cpu_memory_MB": 1825.528,
  "training_gpu_0_memory_MB": 344,
  "validation_1_P": 0.8292682926829268,
  "validation_1_R": 0.8395061728395061,
  "validation_1_F1": 0.8343558282208088,
  "validation_0_P": 0.8375,
  "validation_0_R": 0.8271604938271605,
  "validation_0_F1": 0.8322981366459128,
  "validation_accuracy": 0.8333333333333334,
  "validation_average_F1": 0.8333269824333608,
  "validation_loss": 0.39177413284778595,
  "best_epoch": 0,
  "best_validation_1_P": 0.8292682926829268,
  "best_validation_1_R": 0.8395061728395061,
  "best_validation_1_F1": 0.8343558282208088,
  "best_validation_0_P": 0.8375,
  "best_validation_0_R": 0.8271604938271605,
  "best_validation_0_F1": 0.8322981366459128,
  "best_validation_accuracy": 0.8333333333333334,
  "best_validation_average_F1": 0.8333269824333608,
  "best_validation_loss": 0.39177413284778595
}