{
  "peak_cpu_memory_MB": 1848.08,
  "peak_gpu_0_memory_MB": 350,
  "training_duration": "00:00:03",
  "training_start_epoch": 0,
  "training_epochs": 2,
  "epoch": 2,
  "training_1_P": 0.8519061583577713,
  "training_1_R": 0.8870229007633588,
  "training_1_F1": 0.8691099476439291,
  "training_0_P": 0.8821656050955414,
  "training_0_R": 0.8458015267175573,
  "training_0_F1": 0.8636009353078222,
  "training_accuracy": 0.8664122137404581,
  "training_average_F1": 0.8663554414758756,
  "training_loss": 0.33397516244795267,
  "training_cpu_memory_MB": 1848.064,
  "training_gpu_0_memory_MB": 350,
  "validation_1_P": 0.8023255813953488,
  "validation_1_R": 0.8518518518518519,
  "validation_1_F1": 0.8263473053891718,
  "validation_0_P": 0.8421052631578947,
  "validation_0_R": 0.7901234567901234,
  "validation_0_F1": 0.8152866242037717,
  "validation_accuracy": 0.8209876543209876,
  "validation_average_F1": 0.8208169647964718,
  "validation_loss": 0.38366456871682947,
  "best_epoch": 0,
  "best_validation_1_P": 0.8292682926829268,
  "best_validation_1_R": 0.8395061728395061,
  "best_validation_1_F1": 0.8343558282208088,
  "best_validation_0_P": 0.8375,
  "best_validation_0_R": 0.8271604938271605,
  "best_validation_0_F1": 0.8322981366459128,
  "best_validation_accuracy": 0.8333333333333334,
  "best_validation_average_F1": 0.8333269824333608,
  "best_validation_loss": 0.39177413284778595,
  "test_1_P": 0.7777777777777778,
  "test_1_R": 0.7777777777777778,
  "test_1_F1": 0.7777777777777278,
  "test_0_P": 0.7777777777777778,
  "test_0_R": 0.7777777777777778,
  "test_0_F1": 0.7777777777777278,
  "test_accuracy": 0.7777777777777778,
  "test_average_F1": 0.7777777777777278,
  "test_loss": 0.4478774775158275
}