{
  "peak_cpu_memory_MB": 2661.928,
  "peak_gpu_0_memory_MB": 11,
  "peak_gpu_1_memory_MB": 3024,
  "peak_gpu_2_memory_MB": 11,
  "peak_gpu_3_memory_MB": 3042,
  "peak_gpu_4_memory_MB": 11,
  "peak_gpu_5_memory_MB": 11,
  "peak_gpu_6_memory_MB": 11,
  "peak_gpu_7_memory_MB": 11,
  "peak_gpu_8_memory_MB": 11,
  "peak_gpu_9_memory_MB": 11,
  "peak_gpu_10_memory_MB": 11,
  "peak_gpu_11_memory_MB": 11,
  "peak_gpu_12_memory_MB": 11,
  "peak_gpu_13_memory_MB": 11,
  "peak_gpu_14_memory_MB": 11,
  "peak_gpu_15_memory_MB": 11,
  "training_duration": "00:05:02",
  "training_start_epoch": 0,
  "training_epochs": 10,
  "epoch": 10,
  "training_neg_F1": 0.9583828775267039,
  "training_pos_F1": 0.9253731343283083,
  "training_accuracy": 0.9465648854961832,
  "training_average_F1": 0.941878005927506,
  "training_loss": 0.20546349110763248,
  "training_cpu_memory_MB": 2661.928,
  "training_gpu_0_memory_MB": 11,
  "training_gpu_1_memory_MB": 3024,
  "training_gpu_2_memory_MB": 11,
  "training_gpu_3_memory_MB": 11,
  "training_gpu_4_memory_MB": 11,
  "training_gpu_5_memory_MB": 11,
  "training_gpu_6_memory_MB": 11,
  "training_gpu_7_memory_MB": 11,
  "training_gpu_8_memory_MB": 11,
  "training_gpu_9_memory_MB": 11,
  "training_gpu_10_memory_MB": 11,
  "training_gpu_11_memory_MB": 11,
  "training_gpu_12_memory_MB": 11,
  "training_gpu_13_memory_MB": 11,
  "training_gpu_14_memory_MB": 11,
  "training_gpu_15_memory_MB": 11,
  "validation_neg_F1": 0.8663594470045584,
  "validation_pos_F1": 0.7289719626167727,
  "validation_accuracy": 0.8209876543209876,
  "validation_average_F1": 0.7976657048106655,
  "validation_loss": 0.4867463599551808,
  "best_epoch": 8,
  "best_validation_neg_F1": 0.8651162790697176,
  "best_validation_pos_F1": 0.7339449541283904,
  "best_validation_accuracy": 0.8209876543209876,
  "best_validation_average_F1": 0.799530616599054,
  "best_validation_loss": 0.49629744548689236,
  "test_neg_F1": 0.8130841121494828,
  "test_pos_F1": 0.6363636363635864,
  "test_accuracy": 0.7530864197530864,
  "test_average_F1": 0.7247238742565346,
  "test_loss": 0.6429933715950359
}