{
  "peak_cpu_memory_MB": 2644.736,
  "peak_gpu_0_memory_MB": 2510,
  "training_duration": "00:01:14",
  "training_start_epoch": 0,
  "training_epochs": 2,
  "epoch": 2,
  "training_1_P": 0.8794117647058823,
  "training_1_R": 0.9129770992366413,
  "training_1_F1": 0.8958801498126842,
  "training_0_P": 0.9095238095238095,
  "training_0_R": 0.8748091603053435,
  "training_0_F1": 0.891828793774269,
  "training_accuracy": 0.8938931297709923,
  "training_average_F1": 0.8938544717934767,
  "training_loss": 0.27913816945581904,
  "training_cpu_memory_MB": 2644.736,
  "training_gpu_0_memory_MB": 2510,
  "validation_1_P": 0.8571428571428571,
  "validation_1_R": 0.8148148148148148,
  "validation_1_F1": 0.8354430379746336,
  "validation_0_P": 0.8235294117647058,
  "validation_0_R": 0.8641975308641975,
  "validation_0_F1": 0.8433734939758536,
  "validation_accuracy": 0.8395061728395061,
  "validation_average_F1": 0.8394082659752435,
  "validation_loss": 0.4757125580852682,
  "best_epoch": 2,
  "best_validation_1_P": 0.8571428571428571,
  "best_validation_1_R": 0.8148148148148148,
  "best_validation_1_F1": 0.8354430379746336,
  "best_validation_0_P": 0.8235294117647058,
  "best_validation_0_R": 0.8641975308641975,
  "best_validation_0_F1": 0.8433734939758536,
  "best_validation_accuracy": 0.8395061728395061,
  "best_validation_average_F1": 0.8394082659752435,
  "best_validation_loss": 0.4757125580852682
}