{
  "peak_cpu_memory_MB": 2644.736,
  "peak_gpu_0_memory_MB": 2510,
  "training_duration": "00:01:43",
  "training_start_epoch": 0,
  "training_epochs": 3,
  "epoch": 3,
  "training_1_P": 0.9161676646706587,
  "training_1_R": 0.934351145038168,
  "training_1_F1": 0.9251700680271608,
  "training_0_P": 0.9330218068535826,
  "training_0_R": 0.9145038167938931,
  "training_0_F1": 0.9236700077100504,
  "training_accuracy": 0.9244274809160306,
  "training_average_F1": 0.9244200378686056,
  "training_loss": 0.22776354422293058,
  "training_cpu_memory_MB": 2644.736,
  "training_gpu_0_memory_MB": 2510,
  "validation_1_P": 0.8395061728395061,
  "validation_1_R": 0.8395061728395061,
  "validation_1_F1": 0.8395061728394562,
  "validation_0_P": 0.8395061728395061,
  "validation_0_R": 0.8395061728395061,
  "validation_0_F1": 0.8395061728394562,
  "validation_accuracy": 0.8395061728395061,
  "validation_average_F1": 0.8395061728394562,
  "validation_loss": 0.555401476946744,
  "best_epoch": 3,
  "best_validation_1_P": 0.8395061728395061,
  "best_validation_1_R": 0.8395061728395061,
  "best_validation_1_F1": 0.8395061728394562,
  "best_validation_0_P": 0.8395061728395061,
  "best_validation_0_R": 0.8395061728395061,
  "best_validation_0_F1": 0.8395061728394562,
  "best_validation_accuracy": 0.8395061728395061,
  "best_validation_average_F1": 0.8395061728394562,
  "best_validation_loss": 0.555401476946744
}