{
  "peak_cpu_memory_MB": 2644.736,
  "peak_gpu_0_memory_MB": 1241,
  "training_duration": "00:00:22",
  "training_start_epoch": 0,
  "training_epochs": 0,
  "epoch": 0,
  "training_1_P": 0.7401812688821753,
  "training_1_R": 0.7480916030534351,
  "training_1_F1": 0.7441154138192363,
  "training_0_P": 0.7453703703703703,
  "training_0_R": 0.7374045801526717,
  "training_0_F1": 0.7413660782808403,
  "training_accuracy": 0.7427480916030534,
  "training_average_F1": 0.7427407460500384,
  "training_loss": 0.5258833442519351,
  "training_cpu_memory_MB": 2644.736,
  "training_gpu_0_memory_MB": 1241,
  "validation_1_P": 0.776595744680851,
  "validation_1_R": 0.9012345679012346,
  "validation_1_F1": 0.8342857142856646,
  "validation_0_P": 0.8823529411764706,
  "validation_0_R": 0.7407407407407407,
  "validation_0_F1": 0.8053691275167288,
  "validation_accuracy": 0.8209876543209876,
  "validation_average_F1": 0.8198274209011966,
  "validation_loss": 0.4939834340052171,
  "best_epoch": 0,
  "best_validation_1_P": 0.776595744680851,
  "best_validation_1_R": 0.9012345679012346,
  "best_validation_1_F1": 0.8342857142856646,
  "best_validation_0_P": 0.8823529411764706,
  "best_validation_0_R": 0.7407407407407407,
  "best_validation_0_F1": 0.8053691275167288,
  "best_validation_accuracy": 0.8209876543209876,
  "best_validation_average_F1": 0.8198274209011966,
  "best_validation_loss": 0.4939834340052171
}