{
  "peak_cpu_memory_MB": 2644.736,
  "peak_gpu_0_memory_MB": 2510,
  "training_duration": "00:02:18",
  "training_start_epoch": 0,
  "training_epochs": 4,
  "epoch": 4,
  "training_1_P": 0.9414414414414415,
  "training_1_R": 0.9572519083969465,
  "training_1_F1": 0.9492808478424936,
  "training_0_P": 0.9565217391304348,
  "training_0_R": 0.9404580152671755,
  "training_0_F1": 0.9484218629714666,
  "training_accuracy": 0.9488549618320611,
  "training_average_F1": 0.9488513554069801,
  "training_loss": 0.1742557014179666,
  "training_cpu_memory_MB": 2644.736,
  "training_gpu_0_memory_MB": 2510,
  "validation_1_P": 0.8160919540229885,
  "validation_1_R": 0.8765432098765432,
  "validation_1_F1": 0.8452380952380453,
  "validation_0_P": 0.8666666666666667,
  "validation_0_R": 0.8024691358024691,
  "validation_0_F1": 0.8333333333332835,
  "validation_accuracy": 0.8395061728395061,
  "validation_average_F1": 0.8392857142856645,
  "validation_loss": 0.5318058864636854,
  "best_epoch": 3,
  "best_validation_1_P": 0.8395061728395061,
  "best_validation_1_R": 0.8395061728395061,
  "best_validation_1_F1": 0.8395061728394562,
  "best_validation_0_P": 0.8395061728395061,
  "best_validation_0_R": 0.8395061728395061,
  "best_validation_0_F1": 0.8395061728394562,
  "best_validation_accuracy": 0.8395061728395061,
  "best_validation_average_F1": 0.8395061728394562,
  "best_validation_loss": 0.555401476946744
}