{
  "peak_cpu_memory_MB": 2644.736,
  "peak_gpu_0_memory_MB": 2510,
  "training_duration": "00:02:41",
  "training_start_epoch": 0,
  "training_epochs": 5,
  "epoch": 5,
  "training_1_P": 0.9575113808801214,
  "training_1_R": 0.9633587786259542,
  "training_1_F1": 0.9604261796042118,
  "training_0_P": 0.9631336405529954,
  "training_0_R": 0.9572519083969465,
  "training_0_F1": 0.9601837672281277,
  "training_accuracy": 0.9603053435114504,
  "training_average_F1": 0.9603049734161697,
  "training_loss": 0.14493881388590102,
  "training_cpu_memory_MB": 2644.736,
  "training_gpu_0_memory_MB": 2510,
  "validation_1_P": 0.7872340425531915,
  "validation_1_R": 0.9135802469135802,
  "validation_1_F1": 0.845714285714236,
  "validation_0_P": 0.8970588235294118,
  "validation_0_R": 0.7530864197530864,
  "validation_0_F1": 0.8187919463086752,
  "validation_accuracy": 0.8333333333333334,
  "validation_average_F1": 0.8322531160114557,
  "validation_loss": 0.6329079263589599,
  "best_epoch": 3,
  "best_validation_1_P": 0.8395061728395061,
  "best_validation_1_R": 0.8395061728395061,
  "best_validation_1_F1": 0.8395061728394562,
  "best_validation_0_P": 0.8395061728395061,
  "best_validation_0_R": 0.8395061728395061,
  "best_validation_0_F1": 0.8395061728394562,
  "best_validation_accuracy": 0.8395061728395061,
  "best_validation_average_F1": 0.8395061728394562,
  "best_validation_loss": 0.555401476946744
}