{
  "peak_cpu_memory_MB": 2644.736,
  "peak_gpu_0_memory_MB": 2510,
  "training_duration": "00:00:45",
  "training_start_epoch": 0,
  "training_epochs": 1,
  "epoch": 1,
  "training_1_P": 0.8424153166421208,
  "training_1_R": 0.8732824427480916,
  "training_1_F1": 0.8575712143927535,
  "training_0_P": 0.8684627575277337,
  "training_0_R": 0.8366412213740458,
  "training_0_F1": 0.8522550544322985,
  "training_accuracy": 0.8549618320610687,
  "training_average_F1": 0.854913134412526,
  "training_loss": 0.35287659451728914,
  "training_cpu_memory_MB": 2644.736,
  "training_gpu_0_memory_MB": 2510,
  "validation_1_P": 0.8192771084337349,
  "validation_1_R": 0.8395061728395061,
  "validation_1_F1": 0.8292682926828769,
  "validation_0_P": 0.8354430379746836,
  "validation_0_R": 0.8148148148148148,
  "validation_0_F1": 0.82499999999995,
  "validation_accuracy": 0.8271604938271605,
  "validation_average_F1": 0.8271341463414135,
  "validation_loss": 0.37918178601698443,
  "best_epoch": 1,
  "best_validation_1_P": 0.8192771084337349,
  "best_validation_1_R": 0.8395061728395061,
  "best_validation_1_F1": 0.8292682926828769,
  "best_validation_0_P": 0.8354430379746836,
  "best_validation_0_R": 0.8148148148148148,
  "best_validation_0_F1": 0.82499999999995,
  "best_validation_accuracy": 0.8271604938271605,
  "best_validation_average_F1": 0.8271341463414135,
  "best_validation_loss": 0.37918178601698443
}