{
  "peak_cpu_memory_MB": 2644.736,
  "peak_gpu_0_memory_MB": 2510,
  "training_duration": "00:03:05",
  "training_start_epoch": 0,
  "training_epochs": 6,
  "epoch": 6,
  "training_1_P": 0.9581464872944694,
  "training_1_R": 0.9786259541984733,
  "training_1_F1": 0.9682779456192855,
  "training_0_P": 0.9781591263650546,
  "training_0_R": 0.9572519083969465,
  "training_0_F1": 0.9675925925925427,
  "training_accuracy": 0.9679389312977099,
  "training_average_F1": 0.9679352691059141,
  "training_loss": 0.11160964652805067,
  "training_cpu_memory_MB": 2644.736,
  "training_gpu_0_memory_MB": 2510,
  "validation_1_P": 0.8292682926829268,
  "validation_1_R": 0.8395061728395061,
  "validation_1_F1": 0.8343558282208088,
  "validation_0_P": 0.8375,
  "validation_0_R": 0.8271604938271605,
  "validation_0_F1": 0.8322981366459128,
  "validation_accuracy": 0.8333333333333334,
  "validation_average_F1": 0.8333269824333608,
  "validation_loss": 0.5999363105405461,
  "best_epoch": 3,
  "best_validation_1_P": 0.8395061728395061,
  "best_validation_1_R": 0.8395061728395061,
  "best_validation_1_F1": 0.8395061728394562,
  "best_validation_0_P": 0.8395061728395061,
  "best_validation_0_R": 0.8395061728395061,
  "best_validation_0_F1": 0.8395061728394562,
  "best_validation_accuracy": 0.8395061728395061,
  "best_validation_average_F1": 0.8395061728394562,
  "best_validation_loss": 0.555401476946744
}