{
  "peak_cpu_memory_MB": 3085.384,
  "peak_gpu_0_memory_MB": 11,
  "peak_gpu_1_memory_MB": 3034,
  "peak_gpu_2_memory_MB": 2958,
  "peak_gpu_3_memory_MB": 11,
  "peak_gpu_4_memory_MB": 11,
  "peak_gpu_5_memory_MB": 11,
  "peak_gpu_6_memory_MB": 11,
  "peak_gpu_7_memory_MB": 11,
  "peak_gpu_8_memory_MB": 11,
  "peak_gpu_9_memory_MB": 11,
  "peak_gpu_10_memory_MB": 11,
  "peak_gpu_11_memory_MB": 11,
  "peak_gpu_12_memory_MB": 11,
  "peak_gpu_13_memory_MB": 11,
  "peak_gpu_14_memory_MB": 11,
  "peak_gpu_15_memory_MB": 11,
  "training_duration": "00:03:11",
  "training_start_epoch": 0,
  "training_epochs": 6,
  "epoch": 6,
  "training_1_F1": 0.9666666666666167,
  "training_0_F1": 0.9661538461537963,
  "training_accuracy": 0.966412213740458,
  "training_average_F1": 0.9664102564102065,
  "training_loss": 0.10681112085628074,
  "training_cpu_memory_MB": 3085.384,
  "training_gpu_0_memory_MB": 11,
  "training_gpu_1_memory_MB": 11,
  "training_gpu_2_memory_MB": 2958,
  "training_gpu_3_memory_MB": 11,
  "training_gpu_4_memory_MB": 11,
  "training_gpu_5_memory_MB": 11,
  "training_gpu_6_memory_MB": 11,
  "training_gpu_7_memory_MB": 11,
  "training_gpu_8_memory_MB": 11,
  "training_gpu_9_memory_MB": 11,
  "training_gpu_10_memory_MB": 11,
  "training_gpu_11_memory_MB": 11,
  "training_gpu_12_memory_MB": 11,
  "training_gpu_13_memory_MB": 11,
  "training_gpu_14_memory_MB": 11,
  "training_gpu_15_memory_MB": 11,
  "validation_1_F1": 0.8641975308641475,
  "validation_0_F1": 0.8641975308641475,
  "validation_accuracy": 0.8641975308641975,
  "validation_average_F1": 0.8641975308641475,
  "validation_loss": 0.32212910089980473,
  "best_epoch": 4,
  "best_validation_1_F1": 0.8860759493670387,
  "best_validation_0_F1": 0.8915662650601909,
  "best_validation_accuracy": 0.8888888888888888,
  "best_validation_average_F1": 0.8888211072136147,
  "best_validation_loss": 0.32227960364385083,
  "test_1_F1": 0.7770700636942176,
  "test_0_F1": 0.7904191616765968,
  "test_accuracy": 0.7839506172839507,
  "test_average_F1": 0.7837446126854072,
  "test_loss": 0.4990116994489323
}