{
  "peak_cpu_memory_MB": 3101.664,
  "peak_gpu_0_memory_MB": 2498,
  "training_duration": "00:01:13",
  "training_start_epoch": 0,
  "training_epochs": 2,
  "epoch": 2,
  "training_1_F1": 0.9385898407884261,
  "training_0_F1": 0.9377401998462221,
  "training_accuracy": 0.9381679389312977,
  "training_average_F1": 0.9381650203173242,
  "training_loss": 0.20125298733573135,
  "training_cpu_memory_MB": 3101.664,
  "training_gpu_0_memory_MB": 2498,
  "validation_1_F1": 0.8176100628930317,
  "validation_0_F1": 0.8242424242423743,
  "validation_accuracy": 0.8209876543209876,
  "validation_average_F1": 0.8209262435677029,
  "validation_loss": 0.5372073853557761,
  "best_epoch": 2,
  "best_validation_1_F1": 0.8176100628930317,
  "best_validation_0_F1": 0.8242424242423743,
  "best_validation_accuracy": 0.8209876543209876,
  "best_validation_average_F1": 0.8209262435677029,
  "best_validation_loss": 0.5372073853557761
}