{
  "peak_cpu_memory_MB": 3101.664,
  "peak_gpu_0_memory_MB": 1241,
  "training_duration": "00:00:22",
  "training_start_epoch": 0,
  "training_epochs": 0,
  "epoch": 0,
  "training_1_F1": 0.7885628291948334,
  "training_0_F1": 0.7823392718822118,
  "training_accuracy": 0.7854961832061069,
  "training_average_F1": 0.7854510505385226,
  "training_loss": 0.46700416432648173,
  "training_cpu_memory_MB": 3101.664,
  "training_gpu_0_memory_MB": 1241,
  "validation_1_F1": 0.7848101265822286,
  "validation_0_F1": 0.7951807228915163,
  "validation_accuracy": 0.7901234567901234,
  "validation_average_F1": 0.7899954247368725,
  "validation_loss": 0.4202789691361514,
  "best_epoch": 0,
  "best_validation_1_F1": 0.7848101265822286,
  "best_validation_0_F1": 0.7951807228915163,
  "best_validation_accuracy": 0.7901234567901234,
  "best_validation_average_F1": 0.7899954247368725,
  "best_validation_loss": 0.4202789691361514
}