{
  "peak_cpu_memory_MB": 4884.92,
  "peak_gpu_0_memory_MB": 11,
  "peak_gpu_1_memory_MB": 4312,
  "peak_gpu_2_memory_MB": 11,
  "peak_gpu_3_memory_MB": 11,
  "peak_gpu_4_memory_MB": 11,
  "peak_gpu_5_memory_MB": 11,
  "peak_gpu_6_memory_MB": 11,
  "peak_gpu_7_memory_MB": 11,
  "peak_gpu_8_memory_MB": 11,
  "peak_gpu_9_memory_MB": 11,
  "peak_gpu_10_memory_MB": 11,
  "peak_gpu_11_memory_MB": 9142,
  "peak_gpu_12_memory_MB": 11,
  "peak_gpu_13_memory_MB": 11,
  "peak_gpu_14_memory_MB": 11,
  "peak_gpu_15_memory_MB": 2224,
  "training_duration": "02:57:45",
  "training_start_epoch": 0,
  "training_epochs": 16,
  "epoch": 16,
  "training_joy_F1": 0.9784892777832519,
  "training_sadness_F1": 0.8878498430298077,
  "training_fear_F1": 0.8114143920595033,
  "training_anger_F1": 0.8344007319304166,
  "training_surprise_F1": 0.8454661558109333,
  "training_disgust_F1": 0.8731072723394682,
  "training_trust_F1": 0.8911680911680412,
  "training_anticipation_F1": 0.9120495931808876,
  "training_accuracy": 0.9061360639205648,
  "training_average_F1": 0.8792431696627887,
  "training_loss": 0.28151005429213416,
  "training_cpu_memory_MB": 4884.92,
  "training_gpu_0_memory_MB": 11,
  "training_gpu_1_memory_MB": 4312,
  "training_gpu_2_memory_MB": 11,
  "training_gpu_3_memory_MB": 11,
  "training_gpu_4_memory_MB": 11,
  "training_gpu_5_memory_MB": 11,
  "training_gpu_6_memory_MB": 11,
  "training_gpu_7_memory_MB": 11,
  "training_gpu_8_memory_MB": 11,
  "training_gpu_9_memory_MB": 11,
  "training_gpu_10_memory_MB": 11,
  "training_gpu_11_memory_MB": 11,
  "training_gpu_12_memory_MB": 11,
  "training_gpu_13_memory_MB": 11,
  "training_gpu_14_memory_MB": 11,
  "training_gpu_15_memory_MB": 2224,
  "validation_joy_F1": 0.9891044379483954,
  "validation_sadness_F1": 0.909967845659114,
  "validation_fear_F1": 0.8273852876911375,
  "validation_anger_F1": 0.897897897897848,
  "validation_surprise_F1": 0.8858447488583976,
  "validation_disgust_F1": 0.9049180327868354,
  "validation_trust_F1": 0.9230769230768732,
  "validation_anticipation_F1": 0.8768115942028487,
  "validation_accuracy": 0.9259259259259259,
  "validation_average_F1": 0.9018758460151812,
  "validation_loss": 0.22400061820446215,
  "best_epoch": 16,
  "best_validation_joy_F1": 0.9891044379483954,
  "best_validation_sadness_F1": 0.909967845659114,
  "best_validation_fear_F1": 0.8273852876911375,
  "best_validation_anger_F1": 0.897897897897848,
  "best_validation_surprise_F1": 0.8858447488583976,
  "best_validation_disgust_F1": 0.9049180327868354,
  "best_validation_trust_F1": 0.9230769230768732,
  "best_validation_anticipation_F1": 0.8768115942028487,
  "best_validation_accuracy": 0.9259259259259259,
  "best_validation_average_F1": 0.9018758460151812,
  "best_validation_loss": 0.22400061820446215
}