{
  "peak_cpu_memory_MB": 4884.92,
  "peak_gpu_0_memory_MB": 11,
  "peak_gpu_1_memory_MB": 4312,
  "peak_gpu_2_memory_MB": 11,
  "peak_gpu_3_memory_MB": 11,
  "peak_gpu_4_memory_MB": 11,
  "peak_gpu_5_memory_MB": 11,
  "peak_gpu_6_memory_MB": 11,
  "peak_gpu_7_memory_MB": 11,
  "peak_gpu_8_memory_MB": 11,
  "peak_gpu_9_memory_MB": 11,
  "peak_gpu_10_memory_MB": 11,
  "peak_gpu_11_memory_MB": 9142,
  "peak_gpu_12_memory_MB": 11,
  "peak_gpu_13_memory_MB": 11,
  "peak_gpu_14_memory_MB": 11,
  "peak_gpu_15_memory_MB": 2224,
  "training_duration": "01:02:47",
  "training_start_epoch": 0,
  "training_epochs": 5,
  "epoch": 5,
  "training_joy_F1": 0.9735250371838865,
  "training_sadness_F1": 0.8670474166555484,
  "training_fear_F1": 0.7683041596084577,
  "training_anger_F1": 0.8059590316573058,
  "training_surprise_F1": 0.8104283054003226,
  "training_disgust_F1": 0.8457366022997982,
  "training_trust_F1": 0.8776274114597831,
  "training_anticipation_F1": 0.8889748549322518,
  "training_accuracy": 0.8868978356993251,
  "training_average_F1": 0.8547003523996692,
  "training_loss": 0.34010717346170427,
  "training_cpu_memory_MB": 4884.92,
  "training_gpu_0_memory_MB": 11,
  "training_gpu_1_memory_MB": 4312,
  "training_gpu_2_memory_MB": 11,
  "training_gpu_3_memory_MB": 11,
  "training_gpu_4_memory_MB": 11,
  "training_gpu_5_memory_MB": 11,
  "training_gpu_6_memory_MB": 11,
  "training_gpu_7_memory_MB": 11,
  "training_gpu_8_memory_MB": 11,
  "training_gpu_9_memory_MB": 11,
  "training_gpu_10_memory_MB": 11,
  "training_gpu_11_memory_MB": 9142,
  "training_gpu_12_memory_MB": 11,
  "training_gpu_13_memory_MB": 11,
  "training_gpu_14_memory_MB": 11,
  "training_gpu_15_memory_MB": 2224,
  "validation_joy_F1": 0.9859304486328144,
  "validation_sadness_F1": 0.8756476683937325,
  "validation_fear_F1": 0.8075471698112708,
  "validation_anger_F1": 0.8645357686453079,
  "validation_surprise_F1": 0.8533333333332834,
  "validation_disgust_F1": 0.8865979381442801,
  "validation_trust_F1": 0.8918322295805241,
  "validation_anticipation_F1": 0.8592057761732353,
  "validation_accuracy": 0.9079246844609973,
  "validation_average_F1": 0.878078791589306,
  "validation_loss": 0.2725828712554065,
  "best_epoch": 5,
  "best_validation_joy_F1": 0.9859304486328144,
  "best_validation_sadness_F1": 0.8756476683937325,
  "best_validation_fear_F1": 0.8075471698112708,
  "best_validation_anger_F1": 0.8645357686453079,
  "best_validation_surprise_F1": 0.8533333333332834,
  "best_validation_disgust_F1": 0.8865979381442801,
  "best_validation_trust_F1": 0.8918322295805241,
  "best_validation_anticipation_F1": 0.8592057761732353,
  "best_validation_accuracy": 0.9079246844609973,
  "best_validation_average_F1": 0.878078791589306,
  "best_validation_loss": 0.2725828712554065
}