{
  "peak_cpu_memory_MB": 4884.92,
  "peak_gpu_0_memory_MB": 11,
  "peak_gpu_1_memory_MB": 4312,
  "peak_gpu_2_memory_MB": 11,
  "peak_gpu_3_memory_MB": 11,
  "peak_gpu_4_memory_MB": 11,
  "peak_gpu_5_memory_MB": 11,
  "peak_gpu_6_memory_MB": 11,
  "peak_gpu_7_memory_MB": 11,
  "peak_gpu_8_memory_MB": 11,
  "peak_gpu_9_memory_MB": 11,
  "peak_gpu_10_memory_MB": 11,
  "peak_gpu_11_memory_MB": 9142,
  "peak_gpu_12_memory_MB": 11,
  "peak_gpu_13_memory_MB": 11,
  "peak_gpu_14_memory_MB": 11,
  "peak_gpu_15_memory_MB": 2224,
  "training_duration": "03:08:16",
  "training_start_epoch": 0,
  "training_epochs": 17,
  "epoch": 17,
  "training_joy_F1": 0.9797136038185658,
  "training_sadness_F1": 0.8866310160427309,
  "training_fear_F1": 0.8129032258064016,
  "training_anger_F1": 0.8409132420090825,
  "training_surprise_F1": 0.8530770652374292,
  "training_disgust_F1": 0.8676502031216091,
  "training_trust_F1": 0.8977626734635582,
  "training_anticipation_F1": 0.9117647058823029,
  "training_accuracy": 0.9075065291029918,
  "training_average_F1": 0.88130196692271,
  "training_loss": 0.2838274313464708,
  "training_cpu_memory_MB": 4884.92,
  "training_gpu_0_memory_MB": 11,
  "training_gpu_1_memory_MB": 4312,
  "training_gpu_2_memory_MB": 11,
  "training_gpu_3_memory_MB": 11,
  "training_gpu_4_memory_MB": 11,
  "training_gpu_5_memory_MB": 11,
  "training_gpu_6_memory_MB": 11,
  "training_gpu_7_memory_MB": 11,
  "training_gpu_8_memory_MB": 11,
  "training_gpu_9_memory_MB": 11,
  "training_gpu_10_memory_MB": 11,
  "training_gpu_11_memory_MB": 11,
  "training_gpu_12_memory_MB": 11,
  "training_gpu_13_memory_MB": 11,
  "training_gpu_14_memory_MB": 11,
  "training_gpu_15_memory_MB": 2224,
  "validation_joy_F1": 0.9898936170212267,
  "validation_sadness_F1": 0.903526970954307,
  "validation_fear_F1": 0.8435374149659365,
  "validation_anger_F1": 0.8909370199692281,
  "validation_surprise_F1": 0.8836524300441326,
  "validation_disgust_F1": 0.9099999999999501,
  "validation_trust_F1": 0.9282511210761833,
  "validation_anticipation_F1": 0.8817204301074769,
  "validation_accuracy": 0.9275812124974137,
  "validation_average_F1": 0.9039398755173053,
  "validation_loss": 0.22135859665771326,
  "best_epoch": 17,
  "best_validation_joy_F1": 0.9898936170212267,
  "best_validation_sadness_F1": 0.903526970954307,
  "best_validation_fear_F1": 0.8435374149659365,
  "best_validation_anger_F1": 0.8909370199692281,
  "best_validation_surprise_F1": 0.8836524300441326,
  "best_validation_disgust_F1": 0.9099999999999501,
  "best_validation_trust_F1": 0.9282511210761833,
  "best_validation_anticipation_F1": 0.8817204301074769,
  "best_validation_accuracy": 0.9275812124974137,
  "best_validation_average_F1": 0.9039398755173053,
  "best_validation_loss": 0.22135859665771326
}