{
  "peak_cpu_memory_MB": 4884.92,
  "peak_gpu_0_memory_MB": 11,
  "peak_gpu_1_memory_MB": 3970,
  "peak_gpu_2_memory_MB": 11,
  "peak_gpu_3_memory_MB": 11,
  "peak_gpu_4_memory_MB": 11,
  "peak_gpu_5_memory_MB": 11,
  "peak_gpu_6_memory_MB": 11,
  "peak_gpu_7_memory_MB": 11,
  "peak_gpu_8_memory_MB": 11,
  "peak_gpu_9_memory_MB": 11,
  "peak_gpu_10_memory_MB": 11,
  "peak_gpu_11_memory_MB": 9142,
  "peak_gpu_12_memory_MB": 11,
  "peak_gpu_13_memory_MB": 11,
  "peak_gpu_14_memory_MB": 11,
  "peak_gpu_15_memory_MB": 1611,
  "training_duration": "00:10:33",
  "training_start_epoch": 0,
  "training_epochs": 0,
  "epoch": 0,
  "training_joy_F1": 0.9244186046511129,
  "training_sadness_F1": 0.7622066443157078,
  "training_fear_F1": 0.6105635112515774,
  "training_anger_F1": 0.6083481349910719,
  "training_surprise_F1": 0.6607644137334867,
  "training_disgust_F1": 0.6510800508258732,
  "training_trust_F1": 0.7360050890584752,
  "training_anticipation_F1": 0.7354838709676927,
  "training_accuracy": 0.7849403976934812,
  "training_average_F1": 0.7111087899743747,
  "training_loss": 0.6781478382067754,
  "training_cpu_memory_MB": 4884.92,
  "training_gpu_0_memory_MB": 11,
  "training_gpu_1_memory_MB": 3970,
  "training_gpu_2_memory_MB": 11,
  "training_gpu_3_memory_MB": 11,
  "training_gpu_4_memory_MB": 11,
  "training_gpu_5_memory_MB": 11,
  "training_gpu_6_memory_MB": 11,
  "training_gpu_7_memory_MB": 11,
  "training_gpu_8_memory_MB": 11,
  "training_gpu_9_memory_MB": 11,
  "training_gpu_10_memory_MB": 11,
  "training_gpu_11_memory_MB": 9142,
  "training_gpu_12_memory_MB": 11,
  "training_gpu_13_memory_MB": 11,
  "training_gpu_14_memory_MB": 11,
  "training_gpu_15_memory_MB": 1611,
  "validation_joy_F1": 0.9685534591194469,
  "validation_sadness_F1": 0.8290726817042109,
  "validation_fear_F1": 0.6943005181346652,
  "validation_anger_F1": 0.7819063004846035,
  "validation_surprise_F1": 0.7798319327730605,
  "validation_disgust_F1": 0.8130360205831407,
  "validation_trust_F1": 0.831818181818132,
  "validation_anticipation_F1": 0.861423220973733,
  "validation_accuracy": 0.8593006414235465,
  "validation_average_F1": 0.8199927894488741,
  "validation_loss": 0.42771307814239273,
  "best_epoch": 0,
  "best_validation_joy_F1": 0.9685534591194469,
  "best_validation_sadness_F1": 0.8290726817042109,
  "best_validation_fear_F1": 0.6943005181346652,
  "best_validation_anger_F1": 0.7819063004846035,
  "best_validation_surprise_F1": 0.7798319327730605,
  "best_validation_disgust_F1": 0.8130360205831407,
  "best_validation_trust_F1": 0.831818181818132,
  "best_validation_anticipation_F1": 0.861423220973733,
  "best_validation_accuracy": 0.8593006414235465,
  "best_validation_average_F1": 0.8199927894488741,
  "best_validation_loss": 0.42771307814239273
}