{
  "peak_cpu_memory_MB": 4884.92,
  "peak_gpu_0_memory_MB": 11,
  "peak_gpu_1_memory_MB": 4312,
  "peak_gpu_2_memory_MB": 11,
  "peak_gpu_3_memory_MB": 11,
  "peak_gpu_4_memory_MB": 11,
  "peak_gpu_5_memory_MB": 11,
  "peak_gpu_6_memory_MB": 11,
  "peak_gpu_7_memory_MB": 11,
  "peak_gpu_8_memory_MB": 11,
  "peak_gpu_9_memory_MB": 11,
  "peak_gpu_10_memory_MB": 11,
  "peak_gpu_11_memory_MB": 9142,
  "peak_gpu_12_memory_MB": 11,
  "peak_gpu_13_memory_MB": 11,
  "peak_gpu_14_memory_MB": 11,
  "peak_gpu_15_memory_MB": 2224,
  "training_duration": "03:39:27",
  "training_start_epoch": 0,
  "training_epochs": 20,
  "epoch": 20,
  "training_joy_F1": 0.9801232359371395,
  "training_sadness_F1": 0.890834948860168,
  "training_fear_F1": 0.8105233165542288,
  "training_anger_F1": 0.8458295142070994,
  "training_surprise_F1": 0.8470415827074056,
  "training_disgust_F1": 0.8736322677536509,
  "training_trust_F1": 0.8954117982330648,
  "training_anticipation_F1": 0.9119010819164879,
  "training_accuracy": 0.9083598376128048,
  "training_average_F1": 0.8819122182711556,
  "training_loss": 0.2756311021805098,
  "training_cpu_memory_MB": 4884.92,
  "training_gpu_0_memory_MB": 11,
  "training_gpu_1_memory_MB": 4312,
  "training_gpu_2_memory_MB": 11,
  "training_gpu_3_memory_MB": 11,
  "training_gpu_4_memory_MB": 11,
  "training_gpu_5_memory_MB": 11,
  "training_gpu_6_memory_MB": 11,
  "training_gpu_7_memory_MB": 11,
  "training_gpu_8_memory_MB": 11,
  "training_gpu_9_memory_MB": 11,
  "training_gpu_10_memory_MB": 11,
  "training_gpu_11_memory_MB": 11,
  "training_gpu_12_memory_MB": 11,
  "training_gpu_13_memory_MB": 11,
  "training_gpu_14_memory_MB": 11,
  "training_gpu_15_memory_MB": 2224,
  "validation_joy_F1": 0.9904204364022917,
  "validation_sadness_F1": 0.9014522821576264,
  "validation_fear_F1": 0.8382687927106561,
  "validation_anger_F1": 0.894259818731068,
  "validation_surprise_F1": 0.888235294117597,
  "validation_disgust_F1": 0.9121061359866831,
  "validation_trust_F1": 0.9279279279278781,
  "validation_anticipation_F1": 0.8978102189780524,
  "validation_accuracy": 0.9277881233188495,
  "validation_average_F1": 0.9063101133764815,
  "validation_loss": 0.21603965638789407,
  "best_epoch": 20,
  "best_validation_joy_F1": 0.9904204364022917,
  "best_validation_sadness_F1": 0.9014522821576264,
  "best_validation_fear_F1": 0.8382687927106561,
  "best_validation_anger_F1": 0.894259818731068,
  "best_validation_surprise_F1": 0.888235294117597,
  "best_validation_disgust_F1": 0.9121061359866831,
  "best_validation_trust_F1": 0.9279279279278781,
  "best_validation_anticipation_F1": 0.8978102189780524,
  "best_validation_accuracy": 0.9277881233188495,
  "best_validation_average_F1": 0.9063101133764815,
  "best_validation_loss": 0.21603965638789407
}