{
  "peak_cpu_memory_MB": 5286.684,
  "peak_gpu_0_memory_MB": 11,
  "peak_gpu_1_memory_MB": 11,
  "peak_gpu_2_memory_MB": 11,
  "peak_gpu_3_memory_MB": 11,
  "peak_gpu_4_memory_MB": 11,
  "peak_gpu_5_memory_MB": 11,
  "peak_gpu_6_memory_MB": 11,
  "peak_gpu_7_memory_MB": 11,
  "peak_gpu_8_memory_MB": 11,
  "peak_gpu_9_memory_MB": 11,
  "peak_gpu_10_memory_MB": 11,
  "peak_gpu_11_memory_MB": 11,
  "peak_gpu_12_memory_MB": 11,
  "peak_gpu_13_memory_MB": 11,
  "peak_gpu_14_memory_MB": 11,
  "peak_gpu_15_memory_MB": 2224,
  "training_duration": "00:31:18",
  "training_start_epoch": 21,
  "training_epochs": 2,
  "epoch": 23,
  "training_joy_F1": 0.9808870780747454,
  "training_sadness_F1": 0.8885169065951961,
  "training_fear_F1": 0.810126582278431,
  "training_anger_F1": 0.8454097463040201,
  "training_surprise_F1": 0.8529465760968841,
  "training_disgust_F1": 0.8703664023997786,
  "training_trust_F1": 0.8986659097359705,
  "training_anticipation_F1": 0.9149672951134552,
  "training_accuracy": 0.9086184159491117,
  "training_average_F1": 0.8827358120748101,
  "training_loss": 0.27242853574152814,
  "training_cpu_memory_MB": 5286.684,
  "training_gpu_0_memory_MB": 11,
  "training_gpu_1_memory_MB": 11,
  "training_gpu_2_memory_MB": 11,
  "training_gpu_3_memory_MB": 11,
  "training_gpu_4_memory_MB": 11,
  "training_gpu_5_memory_MB": 11,
  "training_gpu_6_memory_MB": 11,
  "training_gpu_7_memory_MB": 11,
  "training_gpu_8_memory_MB": 11,
  "training_gpu_9_memory_MB": 11,
  "training_gpu_10_memory_MB": 11,
  "training_gpu_11_memory_MB": 11,
  "training_gpu_12_memory_MB": 11,
  "training_gpu_13_memory_MB": 11,
  "training_gpu_14_memory_MB": 11,
  "training_gpu_15_memory_MB": 2224,
  "validation_joy_F1": 0.9886032335011428,
  "validation_sadness_F1": 0.8993839835728454,
  "validation_fear_F1": 0.848062015503826,
  "validation_anger_F1": 0.9063893016344226,
  "validation_surprise_F1": 0.8799999999999503,
  "validation_disgust_F1": 0.909090909090859,
  "validation_trust_F1": 0.9292035398229589,
  "validation_anticipation_F1": 0.9018181818181319,
  "validation_accuracy": 0.9286157666045934,
  "validation_average_F1": 0.9078188956180172,
  "validation_loss": 0.21208102011395366,
  "best_epoch": 22,
  "best_validation_joy_F1": 0.9893842887472961,
  "best_validation_sadness_F1": 0.9060542797494281,
  "best_validation_fear_F1": 0.8486238532109592,
  "best_validation_anger_F1": 0.8982035928143214,
  "best_validation_surprise_F1": 0.8918918918918421,
  "best_validation_disgust_F1": 0.912396694214826,
  "best_validation_trust_F1": 0.9315673289182723,
  "best_validation_anticipation_F1": 0.8865248226949856,
  "best_validation_accuracy": 0.9302710531760812,
  "best_validation_average_F1": 0.9080808440302414,
  "best_validation_loss": 0.2101738155441414
}