{
  "peak_cpu_memory_MB": 4884.92,
  "peak_gpu_0_memory_MB": 11,
  "peak_gpu_1_memory_MB": 4312,
  "peak_gpu_2_memory_MB": 11,
  "peak_gpu_3_memory_MB": 11,
  "peak_gpu_4_memory_MB": 11,
  "peak_gpu_5_memory_MB": 11,
  "peak_gpu_6_memory_MB": 11,
  "peak_gpu_7_memory_MB": 11,
  "peak_gpu_8_memory_MB": 11,
  "peak_gpu_9_memory_MB": 11,
  "peak_gpu_10_memory_MB": 11,
  "peak_gpu_11_memory_MB": 9142,
  "peak_gpu_12_memory_MB": 11,
  "peak_gpu_13_memory_MB": 11,
  "peak_gpu_14_memory_MB": 11,
  "peak_gpu_15_memory_MB": 2224,
  "training_duration": "03:18:48",
  "training_start_epoch": 0,
  "training_epochs": 18,
  "epoch": 18,
  "training_joy_F1": 0.9799257983304125,
  "training_sadness_F1": 0.887803572623219,
  "training_fear_F1": 0.7984039521185136,
  "training_anger_F1": 0.8403575989782387,
  "training_surprise_F1": 0.8500092472720048,
  "training_disgust_F1": 0.869918699186942,
  "training_trust_F1": 0.8944837340876446,
  "training_anticipation_F1": 0.919629057186967,
  "training_accuracy": 0.9058774855842577,
  "training_average_F1": 0.8800664574729928,
  "training_loss": 0.2844217891026461,
  "training_cpu_memory_MB": 4884.92,
  "training_gpu_0_memory_MB": 11,
  "training_gpu_1_memory_MB": 4312,
  "training_gpu_2_memory_MB": 11,
  "training_gpu_3_memory_MB": 11,
  "training_gpu_4_memory_MB": 11,
  "training_gpu_5_memory_MB": 11,
  "training_gpu_6_memory_MB": 11,
  "training_gpu_7_memory_MB": 11,
  "training_gpu_8_memory_MB": 11,
  "training_gpu_9_memory_MB": 11,
  "training_gpu_10_memory_MB": 11,
  "training_gpu_11_memory_MB": 11,
  "training_gpu_12_memory_MB": 11,
  "training_gpu_13_memory_MB": 11,
  "training_gpu_14_memory_MB": 11,
  "training_gpu_15_memory_MB": 2224,
  "validation_joy_F1": 0.9901621909066238,
  "validation_sadness_F1": 0.8965517241378811,
  "validation_fear_F1": 0.8324488248672737,
  "validation_anger_F1": 0.8858447488583977,
  "validation_surprise_F1": 0.8791540785497991,
  "validation_disgust_F1": 0.9087893864012768,
  "validation_trust_F1": 0.924107142857093,
  "validation_anticipation_F1": 0.9010989010988513,
  "validation_accuracy": 0.9244775501758742,
  "validation_average_F1": 0.9022696247096496,
  "validation_loss": 0.21977647610635745,
  "best_epoch": 17,
  "best_validation_joy_F1": 0.9898936170212267,
  "best_validation_sadness_F1": 0.903526970954307,
  "best_validation_fear_F1": 0.8435374149659365,
  "best_validation_anger_F1": 0.8909370199692281,
  "best_validation_surprise_F1": 0.8836524300441326,
  "best_validation_disgust_F1": 0.9099999999999501,
  "best_validation_trust_F1": 0.9282511210761833,
  "best_validation_anticipation_F1": 0.8817204301074769,
  "best_validation_accuracy": 0.9275812124974137,
  "best_validation_average_F1": 0.9039398755173053,
  "best_validation_loss": 0.22135859665771326
}