{
  "peak_cpu_memory_MB": 4884.92,
  "peak_gpu_0_memory_MB": 11,
  "peak_gpu_1_memory_MB": 4312,
  "peak_gpu_2_memory_MB": 11,
  "peak_gpu_3_memory_MB": 11,
  "peak_gpu_4_memory_MB": 11,
  "peak_gpu_5_memory_MB": 11,
  "peak_gpu_6_memory_MB": 11,
  "peak_gpu_7_memory_MB": 11,
  "peak_gpu_8_memory_MB": 11,
  "peak_gpu_9_memory_MB": 11,
  "peak_gpu_10_memory_MB": 11,
  "peak_gpu_11_memory_MB": 9142,
  "peak_gpu_12_memory_MB": 11,
  "peak_gpu_13_memory_MB": 11,
  "peak_gpu_14_memory_MB": 11,
  "peak_gpu_15_memory_MB": 2224,
  "training_duration": "01:23:48",
  "training_start_epoch": 0,
  "training_epochs": 7,
  "epoch": 7,
  "training_joy_F1": 0.9750644883920394,
  "training_sadness_F1": 0.8727393617020778,
  "training_fear_F1": 0.7848628192998554,
  "training_anger_F1": 0.821708317791819,
  "training_surprise_F1": 0.833395038874441,
  "training_disgust_F1": 0.8412220309810172,
  "training_trust_F1": 0.8828571428570928,
  "training_anticipation_F1": 0.8986852281515355,
  "training_accuracy": 0.8938794507796137,
  "training_average_F1": 0.8638168035062347,
  "training_loss": 0.3209369474324044,
  "training_cpu_memory_MB": 4884.92,
  "training_gpu_0_memory_MB": 11,
  "training_gpu_1_memory_MB": 4312,
  "training_gpu_2_memory_MB": 11,
  "training_gpu_3_memory_MB": 11,
  "training_gpu_4_memory_MB": 11,
  "training_gpu_5_memory_MB": 11,
  "training_gpu_6_memory_MB": 11,
  "training_gpu_7_memory_MB": 11,
  "training_gpu_8_memory_MB": 11,
  "training_gpu_9_memory_MB": 11,
  "training_gpu_10_memory_MB": 11,
  "training_gpu_11_memory_MB": 11,
  "training_gpu_12_memory_MB": 11,
  "training_gpu_13_memory_MB": 11,
  "training_gpu_14_memory_MB": 11,
  "training_gpu_15_memory_MB": 2224,
  "validation_joy_F1": 0.9877594465140533,
  "validation_sadness_F1": 0.8832116788320669,
  "validation_fear_F1": 0.8074626865671144,
  "validation_anger_F1": 0.8824427480915533,
  "validation_surprise_F1": 0.8532934131736029,
  "validation_disgust_F1": 0.8851913477536937,
  "validation_trust_F1": 0.9135254988913026,
  "validation_anticipation_F1": 0.8581818181817682,
  "validation_accuracy": 0.9120629008897165,
  "validation_average_F1": 0.8838835797506444,
  "validation_loss": 0.26116711189570796,
  "best_epoch": 6,
  "best_validation_joy_F1": 0.986695050558758,
  "best_validation_sadness_F1": 0.8808184143222008,
  "best_validation_fear_F1": 0.8181120491173715,
  "best_validation_anger_F1": 0.871794871794822,
  "best_validation_surprise_F1": 0.8579970104633283,
  "best_validation_disgust_F1": 0.8870151770657173,
  "best_validation_trust_F1": 0.9062499999999502,
  "best_validation_anticipation_F1": 0.8736462093862315,
  "best_validation_accuracy": 0.9126836333540245,
  "best_validation_average_F1": 0.8852910978385475,
  "best_validation_loss": 0.26773827912119946
}