{
  "peak_cpu_memory_MB": 4884.92,
  "peak_gpu_0_memory_MB": 11,
  "peak_gpu_1_memory_MB": 4312,
  "peak_gpu_2_memory_MB": 11,
  "peak_gpu_3_memory_MB": 11,
  "peak_gpu_4_memory_MB": 11,
  "peak_gpu_5_memory_MB": 11,
  "peak_gpu_6_memory_MB": 11,
  "peak_gpu_7_memory_MB": 11,
  "peak_gpu_8_memory_MB": 11,
  "peak_gpu_9_memory_MB": 11,
  "peak_gpu_10_memory_MB": 11,
  "peak_gpu_11_memory_MB": 9142,
  "peak_gpu_12_memory_MB": 11,
  "peak_gpu_13_memory_MB": 11,
  "peak_gpu_14_memory_MB": 11,
  "peak_gpu_15_memory_MB": 2224,
  "training_duration": "01:55:07",
  "training_start_epoch": 0,
  "training_epochs": 10,
  "epoch": 10,
  "training_joy_F1": 0.9779263328589368,
  "training_sadness_F1": 0.8808075406109535,
  "training_fear_F1": 0.7863894139886078,
  "training_anger_F1": 0.8327820654170761,
  "training_surprise_F1": 0.8410180745112006,
  "training_disgust_F1": 0.8507977576541114,
  "training_trust_F1": 0.8832951945079592,
  "training_anticipation_F1": 0.904320987654271,
  "training_accuracy": 0.8987665813358157,
  "training_average_F1": 0.8696671709003896,
  "training_loss": 0.304473955475404,
  "training_cpu_memory_MB": 4884.92,
  "training_gpu_0_memory_MB": 11,
  "training_gpu_1_memory_MB": 4312,
  "training_gpu_2_memory_MB": 11,
  "training_gpu_3_memory_MB": 11,
  "training_gpu_4_memory_MB": 11,
  "training_gpu_5_memory_MB": 11,
  "training_gpu_6_memory_MB": 11,
  "training_gpu_7_memory_MB": 11,
  "training_gpu_8_memory_MB": 11,
  "training_gpu_9_memory_MB": 11,
  "training_gpu_10_memory_MB": 11,
  "training_gpu_11_memory_MB": 11,
  "training_gpu_12_memory_MB": 11,
  "training_gpu_13_memory_MB": 11,
  "training_gpu_14_memory_MB": 11,
  "training_gpu_15_memory_MB": 2224,
  "validation_joy_F1": 0.9893560404469962,
  "validation_sadness_F1": 0.8943843379700687,
  "validation_fear_F1": 0.8241509433961763,
  "validation_anger_F1": 0.8939393939393441,
  "validation_surprise_F1": 0.856702619414434,
  "validation_disgust_F1": 0.8892561983470575,
  "validation_trust_F1": 0.9186813186812688,
  "validation_anticipation_F1": 0.8791208791208293,
  "validation_accuracy": 0.9195116904614111,
  "validation_average_F1": 0.8931989664145218,
  "validation_loss": 0.24799188129948113,
  "best_epoch": 10,
  "best_validation_joy_F1": 0.9893560404469962,
  "best_validation_sadness_F1": 0.8943843379700687,
  "best_validation_fear_F1": 0.8241509433961763,
  "best_validation_anger_F1": 0.8939393939393441,
  "best_validation_surprise_F1": 0.856702619414434,
  "best_validation_disgust_F1": 0.8892561983470575,
  "best_validation_trust_F1": 0.9186813186812688,
  "best_validation_anticipation_F1": 0.8791208791208293,
  "best_validation_accuracy": 0.9195116904614111,
  "best_validation_average_F1": 0.8931989664145218,
  "best_validation_loss": 0.24799188129948113
}