{
  "peak_cpu_memory_MB": 5286.684,
  "peak_gpu_0_memory_MB": 11,
  "peak_gpu_1_memory_MB": 2814,
  "peak_gpu_2_memory_MB": 11,
  "peak_gpu_3_memory_MB": 11,
  "peak_gpu_4_memory_MB": 11,
  "peak_gpu_5_memory_MB": 11,
  "peak_gpu_6_memory_MB": 11,
  "peak_gpu_7_memory_MB": 11,
  "peak_gpu_8_memory_MB": 11,
  "peak_gpu_9_memory_MB": 11,
  "peak_gpu_10_memory_MB": 11,
  "peak_gpu_11_memory_MB": 4050,
  "peak_gpu_12_memory_MB": 11,
  "peak_gpu_13_memory_MB": 11,
  "peak_gpu_14_memory_MB": 11,
  "peak_gpu_15_memory_MB": 2224,
  "training_duration": "01:23:05",
  "training_start_epoch": 21,
  "training_epochs": 7,
  "epoch": 28,
  "training_joy_F1": 0.9814820949414812,
  "training_sadness_F1": 0.892684887459757,
  "training_fear_F1": 0.8219516834696095,
  "training_anger_F1": 0.8575086884945541,
  "training_surprise_F1": 0.8646368305208598,
  "training_disgust_F1": 0.870046868342515,
  "training_trust_F1": 0.9094533029612258,
  "training_anticipation_F1": 0.922067901234518,
  "training_accuracy": 0.9136348356734673,
  "training_average_F1": 0.8899790321780651,
  "training_loss": 0.2625546082738722,
  "training_cpu_memory_MB": 5286.684,
  "training_gpu_0_memory_MB": 11,
  "training_gpu_1_memory_MB": 2814,
  "training_gpu_2_memory_MB": 11,
  "training_gpu_3_memory_MB": 11,
  "training_gpu_4_memory_MB": 11,
  "training_gpu_5_memory_MB": 11,
  "training_gpu_6_memory_MB": 11,
  "training_gpu_7_memory_MB": 11,
  "training_gpu_8_memory_MB": 11,
  "training_gpu_9_memory_MB": 11,
  "training_gpu_10_memory_MB": 11,
  "training_gpu_11_memory_MB": 4050,
  "training_gpu_12_memory_MB": 11,
  "training_gpu_13_memory_MB": 11,
  "training_gpu_14_memory_MB": 11,
  "training_gpu_15_memory_MB": 2224,
  "validation_joy_F1": 0.989888238424644,
  "validation_sadness_F1": 0.9035639412997405,
  "validation_fear_F1": 0.8424197162060741,
  "validation_anger_F1": 0.9033232628398292,
  "validation_surprise_F1": 0.8826151560177806,
  "validation_disgust_F1": 0.9118136439267388,
  "validation_trust_F1": 0.9312638580930765,
  "validation_anticipation_F1": 0.8978102189780524,
  "validation_accuracy": 0.9288226774260294,
  "validation_average_F1": 0.9078372544732422,
  "validation_loss": 0.20495316476896158,
  "best_epoch": 27,
  "best_validation_joy_F1": 0.9901517167952654,
  "best_validation_sadness_F1": 0.9052523171987144,
  "best_validation_fear_F1": 0.8507347254446523,
  "best_validation_anger_F1": 0.9007407407406908,
  "best_validation_surprise_F1": 0.8971684053650768,
  "best_validation_disgust_F1": 0.9136212624584219,
  "best_validation_trust_F1": 0.9401330376939634,
  "best_validation_anticipation_F1": 0.9018181818181319,
  "best_validation_accuracy": 0.9321332505690048,
  "best_validation_average_F1": 0.9124525484393645,
  "best_validation_loss": 0.203982073915108
}