{
  "peak_cpu_memory_MB": 4884.92,
  "peak_gpu_0_memory_MB": 11,
  "peak_gpu_1_memory_MB": 3970,
  "peak_gpu_2_memory_MB": 11,
  "peak_gpu_3_memory_MB": 11,
  "peak_gpu_4_memory_MB": 11,
  "peak_gpu_5_memory_MB": 11,
  "peak_gpu_6_memory_MB": 11,
  "peak_gpu_7_memory_MB": 11,
  "peak_gpu_8_memory_MB": 11,
  "peak_gpu_9_memory_MB": 11,
  "peak_gpu_10_memory_MB": 11,
  "peak_gpu_11_memory_MB": 9142,
  "peak_gpu_12_memory_MB": 11,
  "peak_gpu_13_memory_MB": 11,
  "peak_gpu_14_memory_MB": 11,
  "peak_gpu_15_memory_MB": 2122,
  "training_duration": "00:20:53",
  "training_start_epoch": 0,
  "training_epochs": 1,
  "epoch": 1,
  "training_joy_F1": 0.9647167143467325,
  "training_sadness_F1": 0.8387775221820073,
  "training_fear_F1": 0.7192090917490029,
  "training_anger_F1": 0.7557710960232287,
  "training_surprise_F1": 0.7665585035311584,
  "training_disgust_F1": 0.7974347633789859,
  "training_trust_F1": 0.8327485380116461,
  "training_anticipation_F1": 0.8598203826629723,
  "training_accuracy": 0.8591523802135858,
  "training_average_F1": 0.8168795764857169,
  "training_loss": 0.44396924595922427,
  "training_cpu_memory_MB": 4884.92,
  "training_gpu_0_memory_MB": 11,
  "training_gpu_1_memory_MB": 3970,
  "training_gpu_2_memory_MB": 11,
  "training_gpu_3_memory_MB": 11,
  "training_gpu_4_memory_MB": 11,
  "training_gpu_5_memory_MB": 11,
  "training_gpu_6_memory_MB": 11,
  "training_gpu_7_memory_MB": 11,
  "training_gpu_8_memory_MB": 11,
  "training_gpu_9_memory_MB": 11,
  "training_gpu_10_memory_MB": 11,
  "training_gpu_11_memory_MB": 9142,
  "training_gpu_12_memory_MB": 11,
  "training_gpu_13_memory_MB": 11,
  "training_gpu_14_memory_MB": 11,
  "training_gpu_15_memory_MB": 2122,
  "validation_joy_F1": 0.9807031456515494,
  "validation_sadness_F1": 0.8539094650205262,
  "validation_fear_F1": 0.7530120481927212,
  "validation_anger_F1": 0.8190476190475696,
  "validation_surprise_F1": 0.8129829984543552,
  "validation_disgust_F1": 0.8490878938639633,
  "validation_trust_F1": 0.8755555555555056,
  "validation_anticipation_F1": 0.8540925266903415,
  "validation_accuracy": 0.8853714049244775,
  "validation_average_F1": 0.8497989065595665,
  "validation_loss": 0.3511060006215726,
  "best_epoch": 1,
  "best_validation_joy_F1": 0.9807031456515494,
  "best_validation_sadness_F1": 0.8539094650205262,
  "best_validation_fear_F1": 0.7530120481927212,
  "best_validation_anger_F1": 0.8190476190475696,
  "best_validation_surprise_F1": 0.8129829984543552,
  "best_validation_disgust_F1": 0.8490878938639633,
  "best_validation_trust_F1": 0.8755555555555056,
  "best_validation_anticipation_F1": 0.8540925266903415,
  "best_validation_accuracy": 0.8853714049244775,
  "best_validation_average_F1": 0.8497989065595665,
  "best_validation_loss": 0.3511060006215726
}