{
  "peak_cpu_memory_MB": 4884.92,
  "peak_gpu_0_memory_MB": 11,
  "peak_gpu_1_memory_MB": 4312,
  "peak_gpu_2_memory_MB": 11,
  "peak_gpu_3_memory_MB": 11,
  "peak_gpu_4_memory_MB": 11,
  "peak_gpu_5_memory_MB": 11,
  "peak_gpu_6_memory_MB": 11,
  "peak_gpu_7_memory_MB": 11,
  "peak_gpu_8_memory_MB": 11,
  "peak_gpu_9_memory_MB": 11,
  "peak_gpu_10_memory_MB": 11,
  "peak_gpu_11_memory_MB": 9142,
  "peak_gpu_12_memory_MB": 11,
  "peak_gpu_13_memory_MB": 11,
  "peak_gpu_14_memory_MB": 11,
  "peak_gpu_15_memory_MB": 2224,
  "training_duration": "01:44:38",
  "training_start_epoch": 0,
  "training_epochs": 9,
  "epoch": 9,
  "training_joy_F1": 0.9777292431913197,
  "training_sadness_F1": 0.8763835178023237,
  "training_fear_F1": 0.7821070550406158,
  "training_anger_F1": 0.8154158215009641,
  "training_surprise_F1": 0.8286454478163823,
  "training_disgust_F1": 0.8452278589853327,
  "training_trust_F1": 0.8861556064072728,
  "training_anticipation_F1": 0.9085271317828958,
  "training_accuracy": 0.8951206267938872,
  "training_average_F1": 0.8650239603158884,
  "training_loss": 0.3123607730579226,
  "training_cpu_memory_MB": 4884.92,
  "training_gpu_0_memory_MB": 11,
  "training_gpu_1_memory_MB": 4312,
  "training_gpu_2_memory_MB": 11,
  "training_gpu_3_memory_MB": 11,
  "training_gpu_4_memory_MB": 11,
  "training_gpu_5_memory_MB": 11,
  "training_gpu_6_memory_MB": 11,
  "training_gpu_7_memory_MB": 11,
  "training_gpu_8_memory_MB": 11,
  "training_gpu_9_memory_MB": 11,
  "training_gpu_10_memory_MB": 11,
  "training_gpu_11_memory_MB": 11,
  "training_gpu_12_memory_MB": 11,
  "training_gpu_13_memory_MB": 11,
  "training_gpu_14_memory_MB": 11,
  "training_gpu_15_memory_MB": 2224,
  "validation_joy_F1": 0.9872611464967653,
  "validation_sadness_F1": 0.8891191709844061,
  "validation_fear_F1": 0.8185212845406521,
  "validation_anger_F1": 0.8794992175273368,
  "validation_surprise_F1": 0.8703427719820663,
  "validation_disgust_F1": 0.8951747088185857,
  "validation_trust_F1": 0.915717539863276,
  "validation_anticipation_F1": 0.874551971326115,
  "validation_accuracy": 0.9168218497827436,
  "validation_average_F1": 0.8912734764424004,
  "validation_loss": 0.2508471001910888,
  "best_epoch": 9,
  "best_validation_joy_F1": 0.9872611464967653,
  "best_validation_sadness_F1": 0.8891191709844061,
  "best_validation_fear_F1": 0.8185212845406521,
  "best_validation_anger_F1": 0.8794992175273368,
  "best_validation_surprise_F1": 0.8703427719820663,
  "best_validation_disgust_F1": 0.8951747088185857,
  "best_validation_trust_F1": 0.915717539863276,
  "best_validation_anticipation_F1": 0.874551971326115,
  "best_validation_accuracy": 0.9168218497827436,
  "best_validation_average_F1": 0.8912734764424004,
  "best_validation_loss": 0.2508471001910888
}