{
  "peak_cpu_memory_MB": 5286.684,
  "peak_gpu_0_memory_MB": 11,
  "peak_gpu_1_memory_MB": 11,
  "peak_gpu_2_memory_MB": 11,
  "peak_gpu_3_memory_MB": 11,
  "peak_gpu_4_memory_MB": 11,
  "peak_gpu_5_memory_MB": 11,
  "peak_gpu_6_memory_MB": 11,
  "peak_gpu_7_memory_MB": 11,
  "peak_gpu_8_memory_MB": 11,
  "peak_gpu_9_memory_MB": 11,
  "peak_gpu_10_memory_MB": 11,
  "peak_gpu_11_memory_MB": 11,
  "peak_gpu_12_memory_MB": 11,
  "peak_gpu_13_memory_MB": 11,
  "peak_gpu_14_memory_MB": 11,
  "peak_gpu_15_memory_MB": 2122,
  "training_duration": "00:20:53",
  "training_start_epoch": 21,
  "training_epochs": 1,
  "epoch": 22,
  "training_joy_F1": 0.9811545722517965,
  "training_sadness_F1": 0.8882914370210551,
  "training_fear_F1": 0.8126243957918181,
  "training_anger_F1": 0.844298245613985,
  "training_surprise_F1": 0.8559897266556096,
  "training_disgust_F1": 0.881053525913289,
  "training_trust_F1": 0.906659077973769,
  "training_anticipation_F1": 0.9220628150445409,
  "training_accuracy": 0.9103508908023685,
  "training_average_F1": 0.8865167245332328,
  "training_loss": 0.2723906012015098,
  "training_cpu_memory_MB": 5286.684,
  "training_gpu_0_memory_MB": 11,
  "training_gpu_1_memory_MB": 11,
  "training_gpu_2_memory_MB": 11,
  "training_gpu_3_memory_MB": 11,
  "training_gpu_4_memory_MB": 11,
  "training_gpu_5_memory_MB": 11,
  "training_gpu_6_memory_MB": 11,
  "training_gpu_7_memory_MB": 11,
  "training_gpu_8_memory_MB": 11,
  "training_gpu_9_memory_MB": 11,
  "training_gpu_10_memory_MB": 11,
  "training_gpu_11_memory_MB": 11,
  "training_gpu_12_memory_MB": 11,
  "training_gpu_13_memory_MB": 11,
  "training_gpu_14_memory_MB": 11,
  "training_gpu_15_memory_MB": 2122,
  "validation_joy_F1": 0.9893842887472961,
  "validation_sadness_F1": 0.9060542797494281,
  "validation_fear_F1": 0.8486238532109592,
  "validation_anger_F1": 0.8982035928143214,
  "validation_surprise_F1": 0.8918918918918421,
  "validation_disgust_F1": 0.912396694214826,
  "validation_trust_F1": 0.9315673289182723,
  "validation_anticipation_F1": 0.8865248226949856,
  "validation_accuracy": 0.9302710531760812,
  "validation_average_F1": 0.9080808440302414,
  "validation_loss": 0.2101738155441414,
  "best_epoch": 22,
  "best_validation_joy_F1": 0.9893842887472961,
  "best_validation_sadness_F1": 0.9060542797494281,
  "best_validation_fear_F1": 0.8486238532109592,
  "best_validation_anger_F1": 0.8982035928143214,
  "best_validation_surprise_F1": 0.8918918918918421,
  "best_validation_disgust_F1": 0.912396694214826,
  "best_validation_trust_F1": 0.9315673289182723,
  "best_validation_anticipation_F1": 0.8865248226949856,
  "best_validation_accuracy": 0.9302710531760812,
  "best_validation_average_F1": 0.9080808440302414,
  "best_validation_loss": 0.2101738155441414
}