{
  "peak_cpu_memory_MB": 4884.92,
  "peak_gpu_0_memory_MB": 11,
  "peak_gpu_1_memory_MB": 4312,
  "peak_gpu_2_memory_MB": 11,
  "peak_gpu_3_memory_MB": 11,
  "peak_gpu_4_memory_MB": 11,
  "peak_gpu_5_memory_MB": 11,
  "peak_gpu_6_memory_MB": 11,
  "peak_gpu_7_memory_MB": 11,
  "peak_gpu_8_memory_MB": 11,
  "peak_gpu_9_memory_MB": 11,
  "peak_gpu_10_memory_MB": 11,
  "peak_gpu_11_memory_MB": 9142,
  "peak_gpu_12_memory_MB": 11,
  "peak_gpu_13_memory_MB": 11,
  "peak_gpu_14_memory_MB": 11,
  "peak_gpu_15_memory_MB": 2224,
  "training_duration": "01:13:17",
  "training_start_epoch": 0,
  "training_epochs": 6,
  "epoch": 6,
  "training_joy_F1": 0.9744099049888599,
  "training_sadness_F1": 0.8686209193870255,
  "training_fear_F1": 0.7744930831911572,
  "training_anger_F1": 0.8097886540600169,
  "training_surprise_F1": 0.8201253225211445,
  "training_disgust_F1": 0.8408896492728328,
  "training_trust_F1": 0.8742480664565528,
  "training_anticipation_F1": 0.8995363214837213,
  "training_accuracy": 0.8891991828924573,
  "training_average_F1": 0.8577639901701639,
  "training_loss": 0.33135794405613594,
  "training_cpu_memory_MB": 4884.92,
  "training_gpu_0_memory_MB": 11,
  "training_gpu_1_memory_MB": 4312,
  "training_gpu_2_memory_MB": 11,
  "training_gpu_3_memory_MB": 11,
  "training_gpu_4_memory_MB": 11,
  "training_gpu_5_memory_MB": 11,
  "training_gpu_6_memory_MB": 11,
  "training_gpu_7_memory_MB": 11,
  "training_gpu_8_memory_MB": 11,
  "training_gpu_9_memory_MB": 11,
  "training_gpu_10_memory_MB": 11,
  "training_gpu_11_memory_MB": 9142,
  "training_gpu_12_memory_MB": 11,
  "training_gpu_13_memory_MB": 11,
  "training_gpu_14_memory_MB": 11,
  "training_gpu_15_memory_MB": 2224,
  "validation_joy_F1": 0.986695050558758,
  "validation_sadness_F1": 0.8808184143222008,
  "validation_fear_F1": 0.8181120491173715,
  "validation_anger_F1": 0.871794871794822,
  "validation_surprise_F1": 0.8579970104633283,
  "validation_disgust_F1": 0.8870151770657173,
  "validation_trust_F1": 0.9062499999999502,
  "validation_anticipation_F1": 0.8736462093862315,
  "validation_accuracy": 0.9126836333540245,
  "validation_average_F1": 0.8852910978385475,
  "validation_loss": 0.26773827912119946,
  "best_epoch": 6,
  "best_validation_joy_F1": 0.986695050558758,
  "best_validation_sadness_F1": 0.8808184143222008,
  "best_validation_fear_F1": 0.8181120491173715,
  "best_validation_anger_F1": 0.871794871794822,
  "best_validation_surprise_F1": 0.8579970104633283,
  "best_validation_disgust_F1": 0.8870151770657173,
  "best_validation_trust_F1": 0.9062499999999502,
  "best_validation_anticipation_F1": 0.8736462093862315,
  "best_validation_accuracy": 0.9126836333540245,
  "best_validation_average_F1": 0.8852910978385475,
  "best_validation_loss": 0.26773827912119946
}