{
  "peak_cpu_memory_MB": 4884.92,
  "peak_gpu_0_memory_MB": 11,
  "peak_gpu_1_memory_MB": 4312,
  "peak_gpu_2_memory_MB": 11,
  "peak_gpu_3_memory_MB": 11,
  "peak_gpu_4_memory_MB": 11,
  "peak_gpu_5_memory_MB": 11,
  "peak_gpu_6_memory_MB": 11,
  "peak_gpu_7_memory_MB": 11,
  "peak_gpu_8_memory_MB": 11,
  "peak_gpu_9_memory_MB": 11,
  "peak_gpu_10_memory_MB": 11,
  "peak_gpu_11_memory_MB": 9142,
  "peak_gpu_12_memory_MB": 11,
  "peak_gpu_13_memory_MB": 11,
  "peak_gpu_14_memory_MB": 11,
  "peak_gpu_15_memory_MB": 2224,
  "training_duration": "02:47:23",
  "training_start_epoch": 0,
  "training_epochs": 15,
  "epoch": 15,
  "training_joy_F1": 0.9787473516948652,
  "training_sadness_F1": 0.8852437064809355,
  "training_fear_F1": 0.7993923858349449,
  "training_anger_F1": 0.8296783625730496,
  "training_surprise_F1": 0.8459702588580371,
  "training_disgust_F1": 0.8634417808218678,
  "training_trust_F1": 0.8919999999999502,
  "training_anticipation_F1": 0.9092319627617811,
  "training_accuracy": 0.9031624130530345,
  "training_average_F1": 0.875463226128179,
  "training_loss": 0.28998101334803184,
  "training_cpu_memory_MB": 4884.92,
  "training_gpu_0_memory_MB": 11,
  "training_gpu_1_memory_MB": 4312,
  "training_gpu_2_memory_MB": 11,
  "training_gpu_3_memory_MB": 11,
  "training_gpu_4_memory_MB": 11,
  "training_gpu_5_memory_MB": 11,
  "training_gpu_6_memory_MB": 11,
  "training_gpu_7_memory_MB": 11,
  "training_gpu_8_memory_MB": 11,
  "training_gpu_9_memory_MB": 11,
  "training_gpu_10_memory_MB": 11,
  "training_gpu_11_memory_MB": 11,
  "training_gpu_12_memory_MB": 11,
  "training_gpu_13_memory_MB": 11,
  "training_gpu_14_memory_MB": 11,
  "training_gpu_15_memory_MB": 2224,
  "validation_joy_F1": 0.9885850809662361,
  "validation_sadness_F1": 0.9023354564755339,
  "validation_fear_F1": 0.8280907095829787,
  "validation_anger_F1": 0.8959276018099048,
  "validation_surprise_F1": 0.877245508981986,
  "validation_disgust_F1": 0.9001692047376827,
  "validation_trust_F1": 0.9227373068432173,
  "validation_anticipation_F1": 0.8864468864468366,
  "validation_accuracy": 0.9236499068901304,
  "validation_average_F1": 0.900192219480547,
  "validation_loss": 0.22524745451407846,
  "best_epoch": 14,
  "best_validation_joy_F1": 0.9888594164455734,
  "best_validation_sadness_F1": 0.8981723237597412,
  "best_validation_fear_F1": 0.8320726172465461,
  "best_validation_anger_F1": 0.8916030534350647,
  "best_validation_surprise_F1": 0.8865979381442799,
  "best_validation_disgust_F1": 0.8966666666666168,
  "best_validation_trust_F1": 0.9265033407571883,
  "best_validation_anticipation_F1": 0.8840579710144428,
  "best_validation_accuracy": 0.9240637285330022,
  "best_validation_average_F1": 0.9005666659336816,
  "best_validation_loss": 0.22955287419407083
}