{
  "peak_cpu_memory_MB": 4884.92,
  "peak_gpu_0_memory_MB": 11,
  "peak_gpu_1_memory_MB": 3970,
  "peak_gpu_2_memory_MB": 11,
  "peak_gpu_3_memory_MB": 11,
  "peak_gpu_4_memory_MB": 11,
  "peak_gpu_5_memory_MB": 11,
  "peak_gpu_6_memory_MB": 11,
  "peak_gpu_7_memory_MB": 11,
  "peak_gpu_8_memory_MB": 11,
  "peak_gpu_9_memory_MB": 11,
  "peak_gpu_10_memory_MB": 11,
  "peak_gpu_11_memory_MB": 9142,
  "peak_gpu_12_memory_MB": 11,
  "peak_gpu_13_memory_MB": 11,
  "peak_gpu_14_memory_MB": 11,
  "peak_gpu_15_memory_MB": 2224,
  "training_duration": "00:41:50",
  "training_start_epoch": 0,
  "training_epochs": 3,
  "epoch": 3,
  "training_joy_F1": 0.9719058466210586,
  "training_sadness_F1": 0.8626464552855792,
  "training_fear_F1": 0.7597817908201155,
  "training_anger_F1": 0.7919639504317939,
  "training_surprise_F1": 0.8062944923191708,
  "training_disgust_F1": 0.8276762402088274,
  "training_trust_F1": 0.8632846087703715,
  "training_anticipation_F1": 0.8819633813789918,
  "training_accuracy": 0.8811315387996793,
  "training_average_F1": 0.8456895957294885,
  "training_loss": 0.36662866861071836,
  "training_cpu_memory_MB": 4884.92,
  "training_gpu_0_memory_MB": 11,
  "training_gpu_1_memory_MB": 3970,
  "training_gpu_2_memory_MB": 11,
  "training_gpu_3_memory_MB": 11,
  "training_gpu_4_memory_MB": 11,
  "training_gpu_5_memory_MB": 11,
  "training_gpu_6_memory_MB": 11,
  "training_gpu_7_memory_MB": 11,
  "training_gpu_8_memory_MB": 11,
  "training_gpu_9_memory_MB": 11,
  "training_gpu_10_memory_MB": 11,
  "training_gpu_11_memory_MB": 9142,
  "training_gpu_12_memory_MB": 11,
  "training_gpu_13_memory_MB": 11,
  "training_gpu_14_memory_MB": 11,
  "training_gpu_15_memory_MB": 2224,
  "validation_joy_F1": 0.9822985468955906,
  "validation_sadness_F1": 0.8714211348255617,
  "validation_fear_F1": 0.7820121951219011,
  "validation_anger_F1": 0.8593272171253326,
  "validation_surprise_F1": 0.8395802098950026,
  "validation_disgust_F1": 0.8741496598638958,
  "validation_trust_F1": 0.8855291576673366,
  "validation_anticipation_F1": 0.8550724637680661,
  "validation_accuracy": 0.9000620732464308,
  "validation_average_F1": 0.868673823145336,
  "validation_loss": 0.3003094695360944,
  "best_epoch": 3,
  "best_validation_joy_F1": 0.9822985468955906,
  "best_validation_sadness_F1": 0.8714211348255617,
  "best_validation_fear_F1": 0.7820121951219011,
  "best_validation_anger_F1": 0.8593272171253326,
  "best_validation_surprise_F1": 0.8395802098950026,
  "best_validation_disgust_F1": 0.8741496598638958,
  "best_validation_trust_F1": 0.8855291576673366,
  "best_validation_anticipation_F1": 0.8550724637680661,
  "best_validation_accuracy": 0.9000620732464308,
  "best_validation_average_F1": 0.868673823145336,
  "best_validation_loss": 0.3003094695360944
}