{
  "peak_cpu_memory_MB": 4884.92,
  "peak_gpu_0_memory_MB": 11,
  "peak_gpu_1_memory_MB": 4312,
  "peak_gpu_2_memory_MB": 11,
  "peak_gpu_3_memory_MB": 11,
  "peak_gpu_4_memory_MB": 11,
  "peak_gpu_5_memory_MB": 11,
  "peak_gpu_6_memory_MB": 11,
  "peak_gpu_7_memory_MB": 11,
  "peak_gpu_8_memory_MB": 11,
  "peak_gpu_9_memory_MB": 11,
  "peak_gpu_10_memory_MB": 11,
  "peak_gpu_11_memory_MB": 9142,
  "peak_gpu_12_memory_MB": 11,
  "peak_gpu_13_memory_MB": 11,
  "peak_gpu_14_memory_MB": 11,
  "peak_gpu_15_memory_MB": 2224,
  "training_duration": "02:26:31",
  "training_start_epoch": 0,
  "training_epochs": 13,
  "epoch": 13,
  "training_joy_F1": 0.978998277461193,
  "training_sadness_F1": 0.8840280093363956,
  "training_fear_F1": 0.7937987445310515,
  "training_anger_F1": 0.8384135145060096,
  "training_surprise_F1": 0.8420471281295525,
  "training_disgust_F1": 0.8716086306344297,
  "training_trust_F1": 0.8990042674252702,
  "training_anticipation_F1": 0.9110679611649986,
  "training_accuracy": 0.9034985648902335,
  "training_average_F1": 0.8773708166486125,
  "training_loss": 0.29356564393377194,
  "training_cpu_memory_MB": 4884.92,
  "training_gpu_0_memory_MB": 11,
  "training_gpu_1_memory_MB": 4312,
  "training_gpu_2_memory_MB": 11,
  "training_gpu_3_memory_MB": 11,
  "training_gpu_4_memory_MB": 11,
  "training_gpu_5_memory_MB": 11,
  "training_gpu_6_memory_MB": 11,
  "training_gpu_7_memory_MB": 11,
  "training_gpu_8_memory_MB": 11,
  "training_gpu_9_memory_MB": 11,
  "training_gpu_10_memory_MB": 11,
  "training_gpu_11_memory_MB": 11,
  "training_gpu_12_memory_MB": 11,
  "training_gpu_13_memory_MB": 11,
  "training_gpu_14_memory_MB": 11,
  "training_gpu_15_memory_MB": 2224,
  "validation_joy_F1": 0.9882978723403756,
  "validation_sadness_F1": 0.891293147861877,
  "validation_fear_F1": 0.8268497330281727,
  "validation_anger_F1": 0.8943338437978062,
  "validation_surprise_F1": 0.8757396449703642,
  "validation_disgust_F1": 0.8952702702702204,
  "validation_trust_F1": 0.9345372460496115,
  "validation_anticipation_F1": 0.8620689655171915,
  "validation_accuracy": 0.9207531553900269,
  "validation_average_F1": 0.8960488404794524,
  "validation_loss": 0.2379410248111454,
  "best_epoch": 12,
  "best_validation_joy_F1": 0.9880414562848292,
  "best_validation_sadness_F1": 0.8975039830057917,
  "best_validation_fear_F1": 0.8276877761413345,
  "best_validation_anger_F1": 0.8878923766815644,
  "best_validation_surprise_F1": 0.8676470588234795,
  "best_validation_disgust_F1": 0.906937394246989,
  "best_validation_trust_F1": 0.918918918918869,
  "best_validation_anticipation_F1": 0.8848920863308853,
  "best_validation_accuracy": 0.9213738878543348,
  "best_validation_average_F1": 0.8974401313042177,
  "best_validation_loss": 0.235301989840694
}