{
  "peak_cpu_memory_MB": 4884.92,
  "peak_gpu_0_memory_MB": 11,
  "peak_gpu_1_memory_MB": 3970,
  "peak_gpu_2_memory_MB": 11,
  "peak_gpu_3_memory_MB": 11,
  "peak_gpu_4_memory_MB": 11,
  "peak_gpu_5_memory_MB": 11,
  "peak_gpu_6_memory_MB": 11,
  "peak_gpu_7_memory_MB": 11,
  "peak_gpu_8_memory_MB": 11,
  "peak_gpu_9_memory_MB": 11,
  "peak_gpu_10_memory_MB": 11,
  "peak_gpu_11_memory_MB": 9142,
  "peak_gpu_12_memory_MB": 11,
  "peak_gpu_13_memory_MB": 11,
  "peak_gpu_14_memory_MB": 11,
  "peak_gpu_15_memory_MB": 2224,
  "training_duration": "00:31:21",
  "training_start_epoch": 0,
  "training_epochs": 2,
  "epoch": 2,
  "training_joy_F1": 0.9694190611288387,
  "training_sadness_F1": 0.8513558091970208,
  "training_fear_F1": 0.7360747663550902,
  "training_anger_F1": 0.7749105292898353,
  "training_surprise_F1": 0.7875354107648226,
  "training_disgust_F1": 0.8053543998243959,
  "training_trust_F1": 0.8544873656694243,
  "training_anticipation_F1": 0.875583203732454,
  "training_accuracy": 0.8702971065084167,
  "training_average_F1": 0.8318400682452352,
  "training_loss": 0.3979828309358658,
  "training_cpu_memory_MB": 4884.92,
  "training_gpu_0_memory_MB": 11,
  "training_gpu_1_memory_MB": 3970,
  "training_gpu_2_memory_MB": 11,
  "training_gpu_3_memory_MB": 11,
  "training_gpu_4_memory_MB": 11,
  "training_gpu_5_memory_MB": 11,
  "training_gpu_6_memory_MB": 11,
  "training_gpu_7_memory_MB": 11,
  "training_gpu_8_memory_MB": 11,
  "training_gpu_9_memory_MB": 11,
  "training_gpu_10_memory_MB": 11,
  "training_gpu_11_memory_MB": 9142,
  "training_gpu_12_memory_MB": 11,
  "training_gpu_13_memory_MB": 11,
  "training_gpu_14_memory_MB": 11,
  "training_gpu_15_memory_MB": 2224,
  "validation_joy_F1": 0.9789251844045864,
  "validation_sadness_F1": 0.846038863976034,
  "validation_fear_F1": 0.7615999999999501,
  "validation_anger_F1": 0.8335877862594921,
  "validation_surprise_F1": 0.8168557536466281,
  "validation_disgust_F1": 0.8656716417909949,
  "validation_trust_F1": 0.8810572687224171,
  "validation_anticipation_F1": 0.8591549295774148,
  "validation_accuracy": 0.887854334781709,
  "validation_average_F1": 0.8553614285471896,
  "validation_loss": 0.3243861868485759,
  "best_epoch": 2,
  "best_validation_joy_F1": 0.9789251844045864,
  "best_validation_sadness_F1": 0.846038863976034,
  "best_validation_fear_F1": 0.7615999999999501,
  "best_validation_anger_F1": 0.8335877862594921,
  "best_validation_surprise_F1": 0.8168557536466281,
  "best_validation_disgust_F1": 0.8656716417909949,
  "best_validation_trust_F1": 0.8810572687224171,
  "best_validation_anticipation_F1": 0.8591549295774148,
  "best_validation_accuracy": 0.887854334781709,
  "best_validation_average_F1": 0.8553614285471896,
  "best_validation_loss": 0.3243861868485759
}