{
  "peak_cpu_memory_MB": 4884.92,
  "peak_gpu_0_memory_MB": 11,
  "peak_gpu_1_memory_MB": 4312,
  "peak_gpu_2_memory_MB": 11,
  "peak_gpu_3_memory_MB": 11,
  "peak_gpu_4_memory_MB": 11,
  "peak_gpu_5_memory_MB": 11,
  "peak_gpu_6_memory_MB": 11,
  "peak_gpu_7_memory_MB": 11,
  "peak_gpu_8_memory_MB": 11,
  "peak_gpu_9_memory_MB": 11,
  "peak_gpu_10_memory_MB": 11,
  "peak_gpu_11_memory_MB": 9142,
  "peak_gpu_12_memory_MB": 11,
  "peak_gpu_13_memory_MB": 11,
  "peak_gpu_14_memory_MB": 11,
  "peak_gpu_15_memory_MB": 2224,
  "training_duration": "02:36:52",
  "training_start_epoch": 0,
  "training_epochs": 14,
  "epoch": 14,
  "training_joy_F1": 0.9790237598170293,
  "training_sadness_F1": 0.8840898486968773,
  "training_fear_F1": 0.795837275307424,
  "training_anger_F1": 0.835047759000685,
  "training_surprise_F1": 0.8421052631578448,
  "training_disgust_F1": 0.8648299612569452,
  "training_trust_F1": 0.8946617185269269,
  "training_anticipation_F1": 0.9072642967542004,
  "training_accuracy": 0.902774545548574,
  "training_average_F1": 0.8753574853147417,
  "training_loss": 0.2928580293609823,
  "training_cpu_memory_MB": 4884.92,
  "training_gpu_0_memory_MB": 11,
  "training_gpu_1_memory_MB": 4312,
  "training_gpu_2_memory_MB": 11,
  "training_gpu_3_memory_MB": 11,
  "training_gpu_4_memory_MB": 11,
  "training_gpu_5_memory_MB": 11,
  "training_gpu_6_memory_MB": 11,
  "training_gpu_7_memory_MB": 11,
  "training_gpu_8_memory_MB": 11,
  "training_gpu_9_memory_MB": 11,
  "training_gpu_10_memory_MB": 11,
  "training_gpu_11_memory_MB": 11,
  "training_gpu_12_memory_MB": 11,
  "training_gpu_13_memory_MB": 11,
  "training_gpu_14_memory_MB": 11,
  "training_gpu_15_memory_MB": 2224,
  "validation_joy_F1": 0.9888594164455734,
  "validation_sadness_F1": 0.8981723237597412,
  "validation_fear_F1": 0.8320726172465461,
  "validation_anger_F1": 0.8916030534350647,
  "validation_surprise_F1": 0.8865979381442799,
  "validation_disgust_F1": 0.8966666666666168,
  "validation_trust_F1": 0.9265033407571883,
  "validation_anticipation_F1": 0.8840579710144428,
  "validation_accuracy": 0.9240637285330022,
  "validation_average_F1": 0.9005666659336816,
  "validation_loss": 0.22955287419407083,
  "best_epoch": 14,
  "best_validation_joy_F1": 0.9888594164455734,
  "best_validation_sadness_F1": 0.8981723237597412,
  "best_validation_fear_F1": 0.8320726172465461,
  "best_validation_anger_F1": 0.8916030534350647,
  "best_validation_surprise_F1": 0.8865979381442799,
  "best_validation_disgust_F1": 0.8966666666666168,
  "best_validation_trust_F1": 0.9265033407571883,
  "best_validation_anticipation_F1": 0.8840579710144428,
  "best_validation_accuracy": 0.9240637285330022,
  "best_validation_average_F1": 0.9005666659336816,
  "best_validation_loss": 0.22955287419407083
}