{
  "peak_cpu_memory_MB": 5286.684,
  "peak_gpu_0_memory_MB": 11,
  "peak_gpu_1_memory_MB": 11,
  "peak_gpu_2_memory_MB": 11,
  "peak_gpu_3_memory_MB": 11,
  "peak_gpu_4_memory_MB": 11,
  "peak_gpu_5_memory_MB": 11,
  "peak_gpu_6_memory_MB": 11,
  "peak_gpu_7_memory_MB": 11,
  "peak_gpu_8_memory_MB": 11,
  "peak_gpu_9_memory_MB": 11,
  "peak_gpu_10_memory_MB": 11,
  "peak_gpu_11_memory_MB": 11,
  "peak_gpu_12_memory_MB": 11,
  "peak_gpu_13_memory_MB": 11,
  "peak_gpu_14_memory_MB": 11,
  "peak_gpu_15_memory_MB": 1611,
  "training_duration": "00:10:29",
  "training_start_epoch": 21,
  "training_epochs": 0,
  "epoch": 21,
  "training_joy_F1": 0.9805429414298947,
  "training_sadness_F1": 0.889992616954108,
  "training_fear_F1": 0.813155656365133,
  "training_anger_F1": 0.8506836827711444,
  "training_surprise_F1": 0.8637447276727906,
  "training_disgust_F1": 0.8678111587982332,
  "training_trust_F1": 0.9003690036899868,
  "training_anticipation_F1": 0.922360248447155,
  "training_accuracy": 0.9103767486359993,
  "training_average_F1": 0.8860825045160556,
  "training_loss": 0.2685778828120557,
  "training_cpu_memory_MB": 5286.684,
  "training_gpu_0_memory_MB": 11,
  "training_gpu_1_memory_MB": 11,
  "training_gpu_2_memory_MB": 11,
  "training_gpu_3_memory_MB": 11,
  "training_gpu_4_memory_MB": 11,
  "training_gpu_5_memory_MB": 11,
  "training_gpu_6_memory_MB": 11,
  "training_gpu_7_memory_MB": 11,
  "training_gpu_8_memory_MB": 11,
  "training_gpu_9_memory_MB": 11,
  "training_gpu_10_memory_MB": 11,
  "training_gpu_11_memory_MB": 11,
  "training_gpu_12_memory_MB": 11,
  "training_gpu_13_memory_MB": 11,
  "training_gpu_14_memory_MB": 11,
  "training_gpu_15_memory_MB": 1611,
  "validation_joy_F1": 0.9888535031846634,
  "validation_sadness_F1": 0.9057398630857846,
  "validation_fear_F1": 0.851963746223515,
  "validation_anger_F1": 0.8947368421052132,
  "validation_surprise_F1": 0.8865030674846128,
  "validation_disgust_F1": 0.9014539579967191,
  "validation_trust_F1": 0.9285714285713788,
  "validation_anticipation_F1": 0.9044117647058325,
  "validation_accuracy": 0.9294434098903372,
  "validation_average_F1": 0.907779271669715,
  "validation_loss": 0.211633719874257,
  "best_epoch": 21,
  "best_validation_joy_F1": 0.9888535031846634,
  "best_validation_sadness_F1": 0.9057398630857846,
  "best_validation_fear_F1": 0.851963746223515,
  "best_validation_anger_F1": 0.8947368421052132,
  "best_validation_surprise_F1": 0.8865030674846128,
  "best_validation_disgust_F1": 0.9014539579967191,
  "best_validation_trust_F1": 0.9285714285713788,
  "best_validation_anticipation_F1": 0.9044117647058325,
  "best_validation_accuracy": 0.9294434098903372,
  "best_validation_average_F1": 0.907779271669715,
  "best_validation_loss": 0.211633719874257
}