{
  "peak_cpu_memory_MB": 5286.684,
  "peak_gpu_0_memory_MB": 11,
  "peak_gpu_1_memory_MB": 2814,
  "peak_gpu_2_memory_MB": 11,
  "peak_gpu_3_memory_MB": 11,
  "peak_gpu_4_memory_MB": 11,
  "peak_gpu_5_memory_MB": 11,
  "peak_gpu_6_memory_MB": 11,
  "peak_gpu_7_memory_MB": 11,
  "peak_gpu_8_memory_MB": 11,
  "peak_gpu_9_memory_MB": 11,
  "peak_gpu_10_memory_MB": 11,
  "peak_gpu_11_memory_MB": 3588,
  "peak_gpu_12_memory_MB": 11,
  "peak_gpu_13_memory_MB": 11,
  "peak_gpu_14_memory_MB": 11,
  "peak_gpu_15_memory_MB": 2224,
  "training_duration": "01:02:20",
  "training_start_epoch": 21,
  "training_epochs": 5,
  "epoch": 26,
  "training_joy_F1": 0.9808558558558059,
  "training_sadness_F1": 0.891193790149843,
  "training_fear_F1": 0.8125415676959121,
  "training_anger_F1": 0.8439794419970131,
  "training_surprise_F1": 0.8579805754076832,
  "training_disgust_F1": 0.8818123530668447,
  "training_trust_F1": 0.9021058622651749,
  "training_anticipation_F1": 0.926942404329289,
  "training_accuracy": 0.9109456209758746,
  "training_average_F1": 0.8871764813459456,
  "training_loss": 0.2658507134830864,
  "training_cpu_memory_MB": 5286.684,
  "training_gpu_0_memory_MB": 11,
  "training_gpu_1_memory_MB": 2814,
  "training_gpu_2_memory_MB": 11,
  "training_gpu_3_memory_MB": 11,
  "training_gpu_4_memory_MB": 11,
  "training_gpu_5_memory_MB": 11,
  "training_gpu_6_memory_MB": 11,
  "training_gpu_7_memory_MB": 11,
  "training_gpu_8_memory_MB": 11,
  "training_gpu_9_memory_MB": 11,
  "training_gpu_10_memory_MB": 11,
  "training_gpu_11_memory_MB": 3588,
  "training_gpu_12_memory_MB": 11,
  "training_gpu_13_memory_MB": 11,
  "training_gpu_14_memory_MB": 11,
  "training_gpu_15_memory_MB": 2224,
  "validation_joy_F1": 0.9915074309978269,
  "validation_sadness_F1": 0.9046632124351833,
  "validation_fear_F1": 0.8514548238896896,
  "validation_anger_F1": 0.9041916167664171,
  "validation_surprise_F1": 0.893491124260305,
  "validation_disgust_F1": 0.9103214890016421,
  "validation_trust_F1": 0.9230769230768732,
  "validation_anticipation_F1": 0.9044117647058325,
  "validation_accuracy": 0.9317194289261328,
  "validation_average_F1": 0.9103897981417213,
  "validation_loss": 0.20384417037193728,
  "best_epoch": 24,
  "best_validation_joy_F1": 0.988627347262579,
  "best_validation_sadness_F1": 0.9065274151435532,
  "best_validation_fear_F1": 0.8498845265588416,
  "best_validation_anger_F1": 0.9009009009008511,
  "best_validation_surprise_F1": 0.8931750741839263,
  "best_validation_disgust_F1": 0.9174917491748675,
  "best_validation_trust_F1": 0.9230769230768732,
  "best_validation_anticipation_F1": 0.9037037037036539,
  "best_validation_accuracy": 0.931098696461825,
  "best_validation_average_F1": 0.9104234550006431,
  "best_validation_loss": 0.2075490514677104
}