{
  "peak_cpu_memory_MB": 5286.684,
  "peak_gpu_0_memory_MB": 11,
  "peak_gpu_1_memory_MB": 1854,
  "peak_gpu_2_memory_MB": 11,
  "peak_gpu_3_memory_MB": 11,
  "peak_gpu_4_memory_MB": 11,
  "peak_gpu_5_memory_MB": 11,
  "peak_gpu_6_memory_MB": 11,
  "peak_gpu_7_memory_MB": 11,
  "peak_gpu_8_memory_MB": 11,
  "peak_gpu_9_memory_MB": 11,
  "peak_gpu_10_memory_MB": 11,
  "peak_gpu_11_memory_MB": 2856,
  "peak_gpu_12_memory_MB": 11,
  "peak_gpu_13_memory_MB": 11,
  "peak_gpu_14_memory_MB": 11,
  "peak_gpu_15_memory_MB": 2224,
  "training_duration": "00:52:02",
  "training_start_epoch": 21,
  "training_epochs": 4,
  "epoch": 25,
  "training_joy_F1": 0.980698559841036,
  "training_sadness_F1": 0.8908712858004731,
  "training_fear_F1": 0.8155100492983952,
  "training_anger_F1": 0.8482077542062412,
  "training_surprise_F1": 0.8574060427412912,
  "training_disgust_F1": 0.8722222222221723,
  "training_trust_F1": 0.9107395862850166,
  "training_anticipation_F1": 0.9212873206668751,
  "training_accuracy": 0.9111007679776588,
  "training_average_F1": 0.8871178526326876,
  "training_loss": 0.27039401858237727,
  "training_cpu_memory_MB": 5286.684,
  "training_gpu_0_memory_MB": 11,
  "training_gpu_1_memory_MB": 1854,
  "training_gpu_2_memory_MB": 11,
  "training_gpu_3_memory_MB": 11,
  "training_gpu_4_memory_MB": 11,
  "training_gpu_5_memory_MB": 11,
  "training_gpu_6_memory_MB": 11,
  "training_gpu_7_memory_MB": 11,
  "training_gpu_8_memory_MB": 11,
  "training_gpu_9_memory_MB": 11,
  "training_gpu_10_memory_MB": 11,
  "training_gpu_11_memory_MB": 2856,
  "training_gpu_12_memory_MB": 11,
  "training_gpu_13_memory_MB": 11,
  "training_gpu_14_memory_MB": 11,
  "training_gpu_15_memory_MB": 2224,
  "validation_joy_F1": 0.9901569566373537,
  "validation_sadness_F1": 0.9031266017426461,
  "validation_fear_F1": 0.8469154607767969,
  "validation_anger_F1": 0.9044776119402487,
  "validation_surprise_F1": 0.8868778280542489,
  "validation_disgust_F1": 0.9094017094016595,
  "validation_trust_F1": 0.935412026726008,
  "validation_anticipation_F1": 0.8985507246376312,
  "validation_accuracy": 0.9300641423546452,
  "validation_average_F1": 0.9093648649895741,
  "validation_loss": 0.209400381185975,
  "best_epoch": 24,
  "best_validation_joy_F1": 0.988627347262579,
  "best_validation_sadness_F1": 0.9065274151435532,
  "best_validation_fear_F1": 0.8498845265588416,
  "best_validation_anger_F1": 0.9009009009008511,
  "best_validation_surprise_F1": 0.8931750741839263,
  "best_validation_disgust_F1": 0.9174917491748675,
  "best_validation_trust_F1": 0.9230769230768732,
  "best_validation_anticipation_F1": 0.9037037037036539,
  "best_validation_accuracy": 0.931098696461825,
  "best_validation_average_F1": 0.9104234550006431,
  "best_validation_loss": 0.2075490514677104
}