{
  "peak_cpu_memory_MB": 5286.684,
  "peak_gpu_0_memory_MB": 11,
  "peak_gpu_1_memory_MB": 11,
  "peak_gpu_2_memory_MB": 11,
  "peak_gpu_3_memory_MB": 11,
  "peak_gpu_4_memory_MB": 11,
  "peak_gpu_5_memory_MB": 11,
  "peak_gpu_6_memory_MB": 11,
  "peak_gpu_7_memory_MB": 11,
  "peak_gpu_8_memory_MB": 11,
  "peak_gpu_9_memory_MB": 11,
  "peak_gpu_10_memory_MB": 11,
  "peak_gpu_11_memory_MB": 2290,
  "peak_gpu_12_memory_MB": 11,
  "peak_gpu_13_memory_MB": 11,
  "peak_gpu_14_memory_MB": 11,
  "peak_gpu_15_memory_MB": 2224,
  "training_duration": "00:41:34",
  "training_start_epoch": 21,
  "training_epochs": 3,
  "epoch": 24,
  "training_joy_F1": 0.9818205900857144,
  "training_sadness_F1": 0.8922850056973829,
  "training_fear_F1": 0.8094153378890921,
  "training_anger_F1": 0.8469985358711066,
  "training_surprise_F1": 0.8648349621979955,
  "training_disgust_F1": 0.8664955070602837,
  "training_trust_F1": 0.8983625070581093,
  "training_anticipation_F1": 0.917728852838884,
  "training_accuracy": 0.91040260646963,
  "training_average_F1": 0.8847426623373211,
  "training_loss": 0.26841369338469956,
  "training_cpu_memory_MB": 5286.684,
  "training_gpu_0_memory_MB": 11,
  "training_gpu_1_memory_MB": 11,
  "training_gpu_2_memory_MB": 11,
  "training_gpu_3_memory_MB": 11,
  "training_gpu_4_memory_MB": 11,
  "training_gpu_5_memory_MB": 11,
  "training_gpu_6_memory_MB": 11,
  "training_gpu_7_memory_MB": 11,
  "training_gpu_8_memory_MB": 11,
  "training_gpu_9_memory_MB": 11,
  "training_gpu_10_memory_MB": 11,
  "training_gpu_11_memory_MB": 2290,
  "training_gpu_12_memory_MB": 11,
  "training_gpu_13_memory_MB": 11,
  "training_gpu_14_memory_MB": 11,
  "training_gpu_15_memory_MB": 2224,
  "validation_joy_F1": 0.988627347262579,
  "validation_sadness_F1": 0.9065274151435532,
  "validation_fear_F1": 0.8498845265588416,
  "validation_anger_F1": 0.9009009009008511,
  "validation_surprise_F1": 0.8931750741839263,
  "validation_disgust_F1": 0.9174917491748675,
  "validation_trust_F1": 0.9230769230768732,
  "validation_anticipation_F1": 0.9037037037036539,
  "validation_accuracy": 0.931098696461825,
  "validation_average_F1": 0.9104234550006431,
  "validation_loss": 0.2075490514677104,
  "best_epoch": 24,
  "best_validation_joy_F1": 0.988627347262579,
  "best_validation_sadness_F1": 0.9065274151435532,
  "best_validation_fear_F1": 0.8498845265588416,
  "best_validation_anger_F1": 0.9009009009008511,
  "best_validation_surprise_F1": 0.8931750741839263,
  "best_validation_disgust_F1": 0.9174917491748675,
  "best_validation_trust_F1": 0.9230769230768732,
  "best_validation_anticipation_F1": 0.9037037037036539,
  "best_validation_accuracy": 0.931098696461825,
  "best_validation_average_F1": 0.9104234550006431,
  "best_validation_loss": 0.2075490514677104
}