{
  "peak_cpu_memory_MB": 4884.92,
  "peak_gpu_0_memory_MB": 11,
  "peak_gpu_1_memory_MB": 4312,
  "peak_gpu_2_memory_MB": 11,
  "peak_gpu_3_memory_MB": 11,
  "peak_gpu_4_memory_MB": 11,
  "peak_gpu_5_memory_MB": 11,
  "peak_gpu_6_memory_MB": 11,
  "peak_gpu_7_memory_MB": 11,
  "peak_gpu_8_memory_MB": 11,
  "peak_gpu_9_memory_MB": 11,
  "peak_gpu_10_memory_MB": 11,
  "peak_gpu_11_memory_MB": 9142,
  "peak_gpu_12_memory_MB": 11,
  "peak_gpu_13_memory_MB": 11,
  "peak_gpu_14_memory_MB": 11,
  "peak_gpu_15_memory_MB": 2224,
  "training_duration": "02:05:38",
  "training_start_epoch": 0,
  "training_epochs": 11,
  "epoch": 11,
  "training_joy_F1": 0.9780881768833076,
  "training_sadness_F1": 0.8786158059990149,
  "training_fear_F1": 0.794959257153636,
  "training_anger_F1": 0.8291429620113282,
  "training_surprise_F1": 0.8428991905812597,
  "training_disgust_F1": 0.8575744497194149,
  "training_trust_F1": 0.889903023388427,
  "training_anticipation_F1": 0.9010054137663847,
  "training_accuracy": 0.9000594730173506,
  "training_average_F1": 0.8715235349378466,
  "training_loss": 0.3012728751344318,
  "training_cpu_memory_MB": 4884.92,
  "training_gpu_0_memory_MB": 11,
  "training_gpu_1_memory_MB": 4312,
  "training_gpu_2_memory_MB": 11,
  "training_gpu_3_memory_MB": 11,
  "training_gpu_4_memory_MB": 11,
  "training_gpu_5_memory_MB": 11,
  "training_gpu_6_memory_MB": 11,
  "training_gpu_7_memory_MB": 11,
  "training_gpu_8_memory_MB": 11,
  "training_gpu_9_memory_MB": 11,
  "training_gpu_10_memory_MB": 11,
  "training_gpu_11_memory_MB": 11,
  "training_gpu_12_memory_MB": 11,
  "training_gpu_13_memory_MB": 11,
  "training_gpu_14_memory_MB": 11,
  "training_gpu_15_memory_MB": 2224,
  "validation_joy_F1": 0.9883165161975072,
  "validation_sadness_F1": 0.883156297420284,
  "validation_fear_F1": 0.8258471237194142,
  "validation_anger_F1": 0.8761329305135453,
  "validation_surprise_F1": 0.8659476117102738,
  "validation_disgust_F1": 0.8870703764320286,
  "validation_trust_F1": 0.9106753812635667,
  "validation_anticipation_F1": 0.8864468864468366,
  "validation_accuracy": 0.9166149389613076,
  "validation_average_F1": 0.890449140462932,
  "validation_loss": 0.24362416246063737,
  "best_epoch": 10,
  "best_validation_joy_F1": 0.9893560404469962,
  "best_validation_sadness_F1": 0.8943843379700687,
  "best_validation_fear_F1": 0.8241509433961763,
  "best_validation_anger_F1": 0.8939393939393441,
  "best_validation_surprise_F1": 0.856702619414434,
  "best_validation_disgust_F1": 0.8892561983470575,
  "best_validation_trust_F1": 0.9186813186812688,
  "best_validation_anticipation_F1": 0.8791208791208293,
  "best_validation_accuracy": 0.9195116904614111,
  "best_validation_average_F1": 0.8931989664145218,
  "best_validation_loss": 0.24799188129948113
}