{
  "peak_cpu_memory_MB": 4884.92,
  "peak_gpu_0_memory_MB": 11,
  "peak_gpu_1_memory_MB": 4312,
  "peak_gpu_2_memory_MB": 11,
  "peak_gpu_3_memory_MB": 11,
  "peak_gpu_4_memory_MB": 11,
  "peak_gpu_5_memory_MB": 11,
  "peak_gpu_6_memory_MB": 11,
  "peak_gpu_7_memory_MB": 11,
  "peak_gpu_8_memory_MB": 11,
  "peak_gpu_9_memory_MB": 11,
  "peak_gpu_10_memory_MB": 11,
  "peak_gpu_11_memory_MB": 9142,
  "peak_gpu_12_memory_MB": 11,
  "peak_gpu_13_memory_MB": 11,
  "peak_gpu_14_memory_MB": 11,
  "peak_gpu_15_memory_MB": 2224,
  "training_duration": "01:34:08",
  "training_start_epoch": 0,
  "training_epochs": 8,
  "epoch": 8,
  "training_joy_F1": 0.9773968295991824,
  "training_sadness_F1": 0.8717333333332834,
  "training_fear_F1": 0.7813477395507035,
  "training_anger_F1": 0.8194726166328101,
  "training_surprise_F1": 0.8323784882645963,
  "training_disgust_F1": 0.8467498923804925,
  "training_trust_F1": 0.8904734740444451,
  "training_anticipation_F1": 0.8996913580246413,
  "training_accuracy": 0.8945517544540118,
  "training_average_F1": 0.8649054664787694,
  "training_loss": 0.31288166575956505,
  "training_cpu_memory_MB": 4884.92,
  "training_gpu_0_memory_MB": 11,
  "training_gpu_1_memory_MB": 4312,
  "training_gpu_2_memory_MB": 11,
  "training_gpu_3_memory_MB": 11,
  "training_gpu_4_memory_MB": 11,
  "training_gpu_5_memory_MB": 11,
  "training_gpu_6_memory_MB": 11,
  "training_gpu_7_memory_MB": 11,
  "training_gpu_8_memory_MB": 11,
  "training_gpu_9_memory_MB": 11,
  "training_gpu_10_memory_MB": 11,
  "training_gpu_11_memory_MB": 11,
  "training_gpu_12_memory_MB": 11,
  "training_gpu_13_memory_MB": 11,
  "training_gpu_14_memory_MB": 11,
  "training_gpu_15_memory_MB": 2224,
  "validation_joy_F1": 0.9869853917662182,
  "validation_sadness_F1": 0.885551527705802,
  "validation_fear_F1": 0.8158899923605307,
  "validation_anger_F1": 0.8848484848484351,
  "validation_surprise_F1": 0.8601503759397998,
  "validation_disgust_F1": 0.8888888888888389,
  "validation_trust_F1": 0.9030837004404787,
  "validation_anticipation_F1": 0.8817204301074769,
  "validation_accuracy": 0.914752741568384,
  "validation_average_F1": 0.8883898490071975,
  "validation_loss": 0.25666000778255094,
  "best_epoch": 8,
  "best_validation_joy_F1": 0.9869853917662182,
  "best_validation_sadness_F1": 0.885551527705802,
  "best_validation_fear_F1": 0.8158899923605307,
  "best_validation_anger_F1": 0.8848484848484351,
  "best_validation_surprise_F1": 0.8601503759397998,
  "best_validation_disgust_F1": 0.8888888888888389,
  "best_validation_trust_F1": 0.9030837004404787,
  "best_validation_anticipation_F1": 0.8817204301074769,
  "best_validation_accuracy": 0.914752741568384,
  "best_validation_average_F1": 0.8883898490071975,
  "best_validation_loss": 0.25666000778255094
}