{
  "peak_cpu_memory_MB": 5286.684,
  "peak_gpu_0_memory_MB": 11,
  "peak_gpu_1_memory_MB": 2814,
  "peak_gpu_2_memory_MB": 11,
  "peak_gpu_3_memory_MB": 11,
  "peak_gpu_4_memory_MB": 11,
  "peak_gpu_5_memory_MB": 11,
  "peak_gpu_6_memory_MB": 11,
  "peak_gpu_7_memory_MB": 11,
  "peak_gpu_8_memory_MB": 11,
  "peak_gpu_9_memory_MB": 11,
  "peak_gpu_10_memory_MB": 11,
  "peak_gpu_11_memory_MB": 4050,
  "peak_gpu_12_memory_MB": 11,
  "peak_gpu_13_memory_MB": 11,
  "peak_gpu_14_memory_MB": 11,
  "peak_gpu_15_memory_MB": 2224,
  "training_duration": "01:33:23",
  "training_start_epoch": 21,
  "training_epochs": 8,
  "epoch": 29,
  "training_joy_F1": 0.9827003380393218,
  "training_sadness_F1": 0.8900495513592644,
  "training_fear_F1": 0.8143906861341231,
  "training_anger_F1": 0.8476052249636656,
  "training_surprise_F1": 0.8641884431357616,
  "training_disgust_F1": 0.8784447767570532,
  "training_trust_F1": 0.9073391895720667,
  "training_anticipation_F1": 0.9197080291970303,
  "training_accuracy": 0.9121867969901482,
  "training_average_F1": 0.8880532798947859,
  "training_loss": 0.25922850102682676,
  "training_cpu_memory_MB": 5286.684,
  "training_gpu_0_memory_MB": 11,
  "training_gpu_1_memory_MB": 2814,
  "training_gpu_2_memory_MB": 11,
  "training_gpu_3_memory_MB": 11,
  "training_gpu_4_memory_MB": 11,
  "training_gpu_5_memory_MB": 11,
  "training_gpu_6_memory_MB": 11,
  "training_gpu_7_memory_MB": 11,
  "training_gpu_8_memory_MB": 11,
  "training_gpu_9_memory_MB": 11,
  "training_gpu_10_memory_MB": 11,
  "training_gpu_11_memory_MB": 4050,
  "training_gpu_12_memory_MB": 11,
  "training_gpu_13_memory_MB": 11,
  "training_gpu_14_memory_MB": 11,
  "training_gpu_15_memory_MB": 2224,
  "validation_joy_F1": 0.9893673577883604,
  "validation_sadness_F1": 0.9040377556370764,
  "validation_fear_F1": 0.8425787106446279,
  "validation_anger_F1": 0.905263157894687,
  "validation_surprise_F1": 0.8855421686746489,
  "validation_disgust_F1": 0.912396694214826,
  "validation_trust_F1": 0.9227373068432173,
  "validation_anticipation_F1": 0.9130434782608197,
  "validation_accuracy": 0.9292364990689013,
  "validation_average_F1": 0.9093708287447829,
  "validation_loss": 0.2057714412609736,
  "best_epoch": 27,
  "best_validation_joy_F1": 0.9901517167952654,
  "best_validation_sadness_F1": 0.9052523171987144,
  "best_validation_fear_F1": 0.8507347254446523,
  "best_validation_anger_F1": 0.9007407407406908,
  "best_validation_surprise_F1": 0.8971684053650768,
  "best_validation_disgust_F1": 0.9136212624584219,
  "best_validation_trust_F1": 0.9401330376939634,
  "best_validation_anticipation_F1": 0.9018181818181319,
  "best_validation_accuracy": 0.9321332505690048,
  "best_validation_average_F1": 0.9124525484393645,
  "best_validation_loss": 0.203982073915108,
  "test_joy_F1": 0.9899736147756756,
  "test_sadness_F1": 0.9223946784921895,
  "test_fear_F1": 0.8806774441877868,
  "test_anger_F1": 0.8950863213810921,
  "test_surprise_F1": 0.914862914862865,
  "test_disgust_F1": 0.9230769230768732,
  "test_trust_F1": 0.9230769230768731,
  "test_anticipation_F1": 0.9547038327525633,
  "test_accuracy": 0.9416511483550589,
  "test_average_F1": 0.9254815815757398,
  "test_loss": 0.19735618046924422
}