{
  "peak_cpu_memory_MB": 5286.684,
  "peak_gpu_0_memory_MB": 11,
  "peak_gpu_1_memory_MB": 2814,
  "peak_gpu_2_memory_MB": 11,
  "peak_gpu_3_memory_MB": 11,
  "peak_gpu_4_memory_MB": 11,
  "peak_gpu_5_memory_MB": 11,
  "peak_gpu_6_memory_MB": 11,
  "peak_gpu_7_memory_MB": 11,
  "peak_gpu_8_memory_MB": 11,
  "peak_gpu_9_memory_MB": 11,
  "peak_gpu_10_memory_MB": 11,
  "peak_gpu_11_memory_MB": 4050,
  "peak_gpu_12_memory_MB": 11,
  "peak_gpu_13_memory_MB": 11,
  "peak_gpu_14_memory_MB": 11,
  "peak_gpu_15_memory_MB": 2224,
  "training_duration": "01:12:38",
  "training_start_epoch": 21,
  "training_epochs": 6,
  "epoch": 27,
  "training_joy_F1": 0.981015803598002,
  "training_sadness_F1": 0.8905579399141131,
  "training_fear_F1": 0.8135399828848031,
  "training_anger_F1": 0.845816587504517,
  "training_surprise_F1": 0.8559897266556096,
  "training_disgust_F1": 0.8684322938914495,
  "training_trust_F1": 0.8978205491083565,
  "training_anticipation_F1": 0.9244410177331807,
  "training_accuracy": 0.9099113076306468,
  "training_average_F1": 0.8847017376612539,
  "training_loss": 0.26639228514792374,
  "training_cpu_memory_MB": 5286.684,
  "training_gpu_0_memory_MB": 11,
  "training_gpu_1_memory_MB": 2814,
  "training_gpu_2_memory_MB": 11,
  "training_gpu_3_memory_MB": 11,
  "training_gpu_4_memory_MB": 11,
  "training_gpu_5_memory_MB": 11,
  "training_gpu_6_memory_MB": 11,
  "training_gpu_7_memory_MB": 11,
  "training_gpu_8_memory_MB": 11,
  "training_gpu_9_memory_MB": 11,
  "training_gpu_10_memory_MB": 11,
  "training_gpu_11_memory_MB": 4050,
  "training_gpu_12_memory_MB": 11,
  "training_gpu_13_memory_MB": 11,
  "training_gpu_14_memory_MB": 11,
  "training_gpu_15_memory_MB": 2224,
  "validation_joy_F1": 0.9901517167952654,
  "validation_sadness_F1": 0.9052523171987144,
  "validation_fear_F1": 0.8507347254446523,
  "validation_anger_F1": 0.9007407407406908,
  "validation_surprise_F1": 0.8971684053650768,
  "validation_disgust_F1": 0.9136212624584219,
  "validation_trust_F1": 0.9401330376939634,
  "validation_anticipation_F1": 0.9018181818181319,
  "validation_accuracy": 0.9321332505690048,
  "validation_average_F1": 0.9124525484393645,
  "validation_loss": 0.203982073915108,
  "best_epoch": 27,
  "best_validation_joy_F1": 0.9901517167952654,
  "best_validation_sadness_F1": 0.9052523171987144,
  "best_validation_fear_F1": 0.8507347254446523,
  "best_validation_anger_F1": 0.9007407407406908,
  "best_validation_surprise_F1": 0.8971684053650768,
  "best_validation_disgust_F1": 0.9136212624584219,
  "best_validation_trust_F1": 0.9401330376939634,
  "best_validation_anticipation_F1": 0.9018181818181319,
  "best_validation_accuracy": 0.9321332505690048,
  "best_validation_average_F1": 0.9124525484393645,
  "best_validation_loss": 0.203982073915108
}