{
  "peak_cpu_memory_MB": 4884.92,
  "peak_gpu_0_memory_MB": 11,
  "peak_gpu_1_memory_MB": 4312,
  "peak_gpu_2_memory_MB": 11,
  "peak_gpu_3_memory_MB": 11,
  "peak_gpu_4_memory_MB": 11,
  "peak_gpu_5_memory_MB": 11,
  "peak_gpu_6_memory_MB": 11,
  "peak_gpu_7_memory_MB": 11,
  "peak_gpu_8_memory_MB": 11,
  "peak_gpu_9_memory_MB": 11,
  "peak_gpu_10_memory_MB": 11,
  "peak_gpu_11_memory_MB": 9142,
  "peak_gpu_12_memory_MB": 11,
  "peak_gpu_13_memory_MB": 11,
  "peak_gpu_14_memory_MB": 11,
  "peak_gpu_15_memory_MB": 2224,
  "training_duration": "03:29:07",
  "training_start_epoch": 0,
  "training_epochs": 19,
  "epoch": 19,
  "training_joy_F1": 0.979971529777816,
  "training_sadness_F1": 0.891450013401183,
  "training_fear_F1": 0.8091443748813768,
  "training_anger_F1": 0.8493854338652959,
  "training_surprise_F1": 0.8519404083133582,
  "training_disgust_F1": 0.8710711994868007,
  "training_trust_F1": 0.8995160831197907,
  "training_anticipation_F1": 0.915606936416135,
  "training_accuracy": 0.9090062834535723,
  "training_average_F1": 0.8835107474077196,
  "training_loss": 0.27568855343561394,
  "training_cpu_memory_MB": 4884.92,
  "training_gpu_0_memory_MB": 11,
  "training_gpu_1_memory_MB": 4312,
  "training_gpu_2_memory_MB": 11,
  "training_gpu_3_memory_MB": 11,
  "training_gpu_4_memory_MB": 11,
  "training_gpu_5_memory_MB": 11,
  "training_gpu_6_memory_MB": 11,
  "training_gpu_7_memory_MB": 11,
  "training_gpu_8_memory_MB": 11,
  "training_gpu_9_memory_MB": 11,
  "training_gpu_10_memory_MB": 11,
  "training_gpu_11_memory_MB": 11,
  "training_gpu_12_memory_MB": 11,
  "training_gpu_13_memory_MB": 11,
  "training_gpu_14_memory_MB": 11,
  "training_gpu_15_memory_MB": 2224,
  "validation_joy_F1": 0.9898720682302272,
  "validation_sadness_F1": 0.9022869022868523,
  "validation_fear_F1": 0.8399699474079141,
  "validation_anger_F1": 0.8969696969696472,
  "validation_surprise_F1": 0.8748159057436908,
  "validation_disgust_F1": 0.9047619047618548,
  "validation_trust_F1": 0.9230769230768732,
  "validation_anticipation_F1": 0.888086642599228,
  "validation_accuracy": 0.9261328367473619,
  "validation_average_F1": 0.902479998884536,
  "validation_loss": 0.21646213409776735,
  "best_epoch": 17,
  "best_validation_joy_F1": 0.9898936170212267,
  "best_validation_sadness_F1": 0.903526970954307,
  "best_validation_fear_F1": 0.8435374149659365,
  "best_validation_anger_F1": 0.8909370199692281,
  "best_validation_surprise_F1": 0.8836524300441326,
  "best_validation_disgust_F1": 0.9099999999999501,
  "best_validation_trust_F1": 0.9282511210761833,
  "best_validation_anticipation_F1": 0.8817204301074769,
  "best_validation_accuracy": 0.9275812124974137,
  "best_validation_average_F1": 0.9039398755173053,
  "best_validation_loss": 0.22135859665771326
}