{
  "peak_cpu_memory_MB": 4884.92,
  "peak_gpu_0_memory_MB": 11,
  "peak_gpu_1_memory_MB": 3970,
  "peak_gpu_2_memory_MB": 11,
  "peak_gpu_3_memory_MB": 11,
  "peak_gpu_4_memory_MB": 11,
  "peak_gpu_5_memory_MB": 11,
  "peak_gpu_6_memory_MB": 11,
  "peak_gpu_7_memory_MB": 11,
  "peak_gpu_8_memory_MB": 11,
  "peak_gpu_9_memory_MB": 11,
  "peak_gpu_10_memory_MB": 11,
  "peak_gpu_11_memory_MB": 9142,
  "peak_gpu_12_memory_MB": 11,
  "peak_gpu_13_memory_MB": 11,
  "peak_gpu_14_memory_MB": 11,
  "peak_gpu_15_memory_MB": 2224,
  "training_duration": "00:52:18",
  "training_start_epoch": 0,
  "training_epochs": 4,
  "epoch": 4,
  "training_joy_F1": 0.972955101500975,
  "training_sadness_F1": 0.8650339411685911,
  "training_fear_F1": 0.7650981497134844,
  "training_anger_F1": 0.8055296095646802,
  "training_surprise_F1": 0.8172645739909814,
  "training_disgust_F1": 0.8323998276604413,
  "training_trust_F1": 0.8734647243644174,
  "training_anticipation_F1": 0.8825126017835871,
  "training_accuracy": 0.8850619295115455,
  "training_average_F1": 0.8517823162183948,
  "training_loss": 0.3534807565062006,
  "training_cpu_memory_MB": 4884.92,
  "training_gpu_0_memory_MB": 11,
  "training_gpu_1_memory_MB": 3970,
  "training_gpu_2_memory_MB": 11,
  "training_gpu_3_memory_MB": 11,
  "training_gpu_4_memory_MB": 11,
  "training_gpu_5_memory_MB": 11,
  "training_gpu_6_memory_MB": 11,
  "training_gpu_7_memory_MB": 11,
  "training_gpu_8_memory_MB": 11,
  "training_gpu_9_memory_MB": 11,
  "training_gpu_10_memory_MB": 11,
  "training_gpu_11_memory_MB": 9142,
  "training_gpu_12_memory_MB": 11,
  "training_gpu_13_memory_MB": 11,
  "training_gpu_14_memory_MB": 11,
  "training_gpu_15_memory_MB": 2224,
  "validation_joy_F1": 0.9869576789991517,
  "validation_sadness_F1": 0.8707204905467054,
  "validation_fear_F1": 0.782544378698175,
  "validation_anger_F1": 0.860643185298572,
  "validation_surprise_F1": 0.8353658536584866,
  "validation_disgust_F1": 0.8697183098591054,
  "validation_trust_F1": 0.8993288590603529,
  "validation_anticipation_F1": 0.8695652173912544,
  "validation_accuracy": 0.9017173598179185,
  "validation_average_F1": 0.8718554966889754,
  "validation_loss": 0.28784770267729715,
  "best_epoch": 4,
  "best_validation_joy_F1": 0.9869576789991517,
  "best_validation_sadness_F1": 0.8707204905467054,
  "best_validation_fear_F1": 0.782544378698175,
  "best_validation_anger_F1": 0.860643185298572,
  "best_validation_surprise_F1": 0.8353658536584866,
  "best_validation_disgust_F1": 0.8697183098591054,
  "best_validation_trust_F1": 0.8993288590603529,
  "best_validation_anticipation_F1": 0.8695652173912544,
  "best_validation_accuracy": 0.9017173598179185,
  "best_validation_average_F1": 0.8718554966889754,
  "best_validation_loss": 0.28784770267729715
}