{
  "peak_cpu_memory_MB": 1673.504,
  "peak_gpu_0_memory_MB": 11,
  "peak_gpu_1_memory_MB": 3970,
  "peak_gpu_2_memory_MB": 11,
  "peak_gpu_3_memory_MB": 11,
  "peak_gpu_4_memory_MB": 11,
  "peak_gpu_5_memory_MB": 11,
  "peak_gpu_6_memory_MB": 11,
  "peak_gpu_7_memory_MB": 11,
  "peak_gpu_8_memory_MB": 11,
  "peak_gpu_9_memory_MB": 11,
  "peak_gpu_10_memory_MB": 11,
  "peak_gpu_11_memory_MB": 9142,
  "peak_gpu_12_memory_MB": 11,
  "peak_gpu_13_memory_MB": 11,
  "peak_gpu_14_memory_MB": 11,
  "peak_gpu_15_memory_MB": 11,
  "training_duration": "00:05:31",
  "training_start_epoch": 0,
  "training_epochs": 10,
  "epoch": 10,
  "training_1_F1": 0.8103975535167695,
  "training_0_F1": 0.8109756097560475,
  "training_accuracy": 0.8106870229007633,
  "training_average_F1": 0.8106865816364085,
  "training_loss": 0.42676448385889937,
  "training_cpu_memory_MB": 1673.372,
  "training_gpu_0_memory_MB": 11,
  "training_gpu_1_memory_MB": 3970,
  "training_gpu_2_memory_MB": 11,
  "training_gpu_3_memory_MB": 11,
  "training_gpu_4_memory_MB": 11,
  "training_gpu_5_memory_MB": 11,
  "training_gpu_6_memory_MB": 11,
  "training_gpu_7_memory_MB": 11,
  "training_gpu_8_memory_MB": 11,
  "training_gpu_9_memory_MB": 11,
  "training_gpu_10_memory_MB": 11,
  "training_gpu_11_memory_MB": 9142,
  "training_gpu_12_memory_MB": 11,
  "training_gpu_13_memory_MB": 11,
  "training_gpu_14_memory_MB": 11,
  "training_gpu_15_memory_MB": 11,
  "validation_1_F1": 0.746666666666617,
  "validation_0_F1": 0.7816091954022492,
  "validation_accuracy": 0.7654320987654321,
  "validation_average_F1": 0.7641379310344331,
  "validation_loss": 0.5467116372151808,
  "best_epoch": 8,
  "best_validation_1_F1": 0.7721518987341273,
  "best_validation_0_F1": 0.7831325301204319,
  "best_validation_accuracy": 0.7777777777777778,
  "best_validation_average_F1": 0.7776422144272797,
  "best_validation_loss": 0.5410626449368217,
  "test_1_F1": 0.7999999999999501,
  "test_0_F1": 0.8048780487804378,
  "test_accuracy": 0.8024691358024691,
  "test_average_F1": 0.802439024390194,
  "test_loss": 0.43172992901368573
}