{
  "training_duration": "00:00:44",
  "training_start_epoch": 0,
  "training_epochs": 0,
  "epoch": 0,
  "training_1_F1": 0.7496318114874316,
  "training_0_F1": 0.7305863708398866,
  "training_accuracy": 0.7404580152671756,
  "training_average_F1": 0.7401090911636592,
  "training_loss": 0.573022904555972,
  "validation_1_F1": 0.8333333333332835,
  "validation_0_F1": 0.8452380952380453,
  "validation_accuracy": 0.8395061728395061,
  "validation_average_F1": 0.8392857142856645,
  "validation_loss": 0.38262452997944574,
  "best_epoch": 0,
  "best_validation_1_F1": 0.8333333333332835,
  "best_validation_0_F1": 0.8452380952380453,
  "best_validation_accuracy": 0.8395061728395061,
  "best_validation_average_F1": 0.8392857142856645,
  "best_validation_loss": 0.38262452997944574
}