{
  "training_duration": "00:04:36",
  "training_start_epoch": 0,
  "training_epochs": 5,
  "epoch": 5,
  "training_1_F1": 0.9518796992480704,
  "training_0_F1": 0.9503875968991748,
  "training_accuracy": 0.9511450381679389,
  "training_average_F1": 0.9511336480736226,
  "training_loss": 0.181263645338576,
  "validation_1_F1": 0.8606060606060106,
  "validation_0_F1": 0.8553459119496356,
  "validation_accuracy": 0.8580246913580247,
  "validation_average_F1": 0.8579759862778231,
  "validation_loss": 0.29227263683622534,
  "best_epoch": 3,
  "best_validation_1_F1": 0.8780487804877548,
  "best_validation_0_F1": 0.8749999999999499,
  "best_validation_accuracy": 0.8765432098765432,
  "best_validation_average_F1": 0.8765243902438524,
  "best_validation_loss": 0.2975510846484791
}