{
  "training_duration": "00:02:17",
  "training_start_epoch": 0,
  "training_epochs": 2,
  "epoch": 2,
  "training_1_F1": 0.8912228057013755,
  "training_0_F1": 0.8873348873348373,
  "training_accuracy": 0.8893129770992366,
  "training_average_F1": 0.8892788465181064,
  "training_loss": 0.31717973302413777,
  "validation_1_F1": 0.8435374149659369,
  "validation_0_F1": 0.8700564971750917,
  "validation_accuracy": 0.8580246913580247,
  "validation_average_F1": 0.8567969560705143,
  "validation_loss": 0.33719218183647504,
  "best_epoch": 1,
  "best_validation_1_F1": 0.8571428571428074,
  "best_validation_0_F1": 0.8705882352940678,
  "best_validation_accuracy": 0.8641975308641975,
  "best_validation_average_F1": 0.8638655462184376,
  "best_validation_loss": 0.33616007322614844
}