{
  "training_duration": "00:05:14",
  "training_start_epoch": 0,
  "training_epochs": 4,
  "epoch": 4,
  "training_1_P": 0.992412746585736,
  "training_1_R": 0.9984732824427481,
  "training_1_F1": 0.995433789954288,
  "training_0_P": 0.9984639016897081,
  "training_0_R": 0.9923664122137404,
  "training_0_F1": 0.9954058192955091,
  "training_accuracy": 0.9954198473282443,
  "training_average_F1": 0.9954198046248985,
  "training_loss": 0.04956230280421129,
  "validation_1_P": 0.8904109589041096,
  "validation_1_R": 0.8024691358024691,
  "validation_1_F1": 0.8441558441557944,
  "validation_0_P": 0.8202247191011236,
  "validation_0_R": 0.9012345679012346,
  "validation_0_F1": 0.8588235294117148,
  "validation_accuracy": 0.8518518518518519,
  "validation_average_F1": 0.8514896867837546,
  "validation_loss": 0.6369654007933356,
  "best_epoch": 3,
  "best_validation_1_P": 0.8933333333333333,
  "best_validation_1_R": 0.8271604938271605,
  "best_validation_1_F1": 0.8589743589743091,
  "best_validation_0_P": 0.8390804597701149,
  "best_validation_0_R": 0.9012345679012346,
  "best_validation_0_F1": 0.8690476190475692,
  "best_validation_accuracy": 0.8641975308641975,
  "best_validation_average_F1": 0.8640109890109391,
  "best_validation_loss": 0.5395706289193847
}