{
  "training_duration": "00:04:05",
  "training_start_epoch": 0,
  "training_epochs": 3,
  "epoch": 3,
  "training_1_P": 0.974320241691843,
  "training_1_R": 0.9847328244274809,
  "training_1_F1": 0.979498861047786,
  "training_0_P": 0.9845679012345679,
  "training_0_R": 0.9740458015267176,
  "training_0_F1": 0.9792785878740866,
  "training_accuracy": 0.9793893129770992,
  "training_average_F1": 0.9793887244609363,
  "training_loss": 0.10119973613721568,
  "validation_1_P": 0.8933333333333333,
  "validation_1_R": 0.8271604938271605,
  "validation_1_F1": 0.8589743589743091,
  "validation_0_P": 0.8390804597701149,
  "validation_0_R": 0.9012345679012346,
  "validation_0_F1": 0.8690476190475692,
  "validation_accuracy": 0.8641975308641975,
  "validation_average_F1": 0.8640109890109391,
  "validation_loss": 0.5395706289193847,
  "best_epoch": 3,
  "best_validation_1_P": 0.8933333333333333,
  "best_validation_1_R": 0.8271604938271605,
  "best_validation_1_F1": 0.8589743589743091,
  "best_validation_0_P": 0.8390804597701149,
  "best_validation_0_R": 0.9012345679012346,
  "best_validation_0_F1": 0.8690476190475692,
  "best_validation_accuracy": 0.8641975308641975,
  "best_validation_average_F1": 0.8640109890109391,
  "best_validation_loss": 0.5395706289193847
}