{
  "training_duration": "00:03:07",
  "training_start_epoch": 0,
  "training_epochs": 2,
  "epoch": 2,
  "training_1_P": 0.922272047832586,
  "training_1_R": 0.9419847328244275,
  "training_1_F1": 0.9320241691842401,
  "training_0_P": 0.9407176287051482,
  "training_0_R": 0.9206106870229007,
  "training_0_F1": 0.9305555555555055,
  "training_accuracy": 0.9312977099236641,
  "training_average_F1": 0.9312898623698729,
  "training_loss": 0.21181601095126895,
  "validation_1_P": 0.7752808988764045,
  "validation_1_R": 0.8518518518518519,
  "validation_1_F1": 0.8117647058823031,
  "validation_0_P": 0.8356164383561644,
  "validation_0_R": 0.7530864197530864,
  "validation_0_F1": 0.7922077922077424,
  "validation_accuracy": 0.8024691358024691,
  "validation_average_F1": 0.8019862490450227,
  "validation_loss": 0.4749605899507349,
  "best_epoch": 1,
  "best_validation_1_P": 0.8783783783783784,
  "best_validation_1_R": 0.8024691358024691,
  "best_validation_1_F1": 0.8387096774193049,
  "best_validation_0_P": 0.8181818181818182,
  "best_validation_0_R": 0.8888888888888888,
  "best_validation_0_F1": 0.8520710059171098,
  "best_validation_accuracy": 0.845679012345679,
  "best_validation_average_F1": 0.8453903416682074,
  "best_validation_loss": 0.40522938831286
}