{
  "training_duration": "00:00:58",
  "training_start_epoch": 0,
  "training_epochs": 0,
  "epoch": 0,
  "training_1_P": 0.7280832095096582,
  "training_1_R": 0.7480916030534351,
  "training_1_F1": 0.7379518072288657,
  "training_0_P": 0.7409733124018838,
  "training_0_R": 0.7206106870229008,
  "training_0_F1": 0.7306501547987116,
  "training_accuracy": 0.7343511450381679,
  "training_average_F1": 0.7343009810137886,
  "training_loss": 0.5700348684700524,
  "validation_1_P": 0.7525773195876289,
  "validation_1_R": 0.9012345679012346,
  "validation_1_F1": 0.820224719101074,
  "validation_0_P": 0.8769230769230769,
  "validation_0_R": 0.7037037037037037,
  "validation_0_F1": 0.7808219178081699,
  "validation_accuracy": 0.8024691358024691,
  "validation_average_F1": 0.8005233184546219,
  "validation_loss": 0.39528080414641986,
  "best_epoch": 0,
  "best_validation_1_P": 0.7525773195876289,
  "best_validation_1_R": 0.9012345679012346,
  "best_validation_1_F1": 0.820224719101074,
  "best_validation_0_P": 0.8769230769230769,
  "best_validation_0_R": 0.7037037037037037,
  "best_validation_0_F1": 0.7808219178081699,
  "best_validation_accuracy": 0.8024691358024691,
  "best_validation_average_F1": 0.8005233184546219,
  "best_validation_loss": 0.39528080414641986
}