{
  "peak_cpu_memory_MB": 5741.108,
  "peak_gpu_0_memory_MB": 11,
  "peak_gpu_1_memory_MB": 11,
  "peak_gpu_2_memory_MB": 11,
  "peak_gpu_3_memory_MB": 11,
  "peak_gpu_4_memory_MB": 11,
  "peak_gpu_5_memory_MB": 11,
  "peak_gpu_6_memory_MB": 11,
  "peak_gpu_7_memory_MB": 11,
  "peak_gpu_8_memory_MB": 11,
  "peak_gpu_9_memory_MB": 11,
  "peak_gpu_10_memory_MB": 11,
  "peak_gpu_11_memory_MB": 8370,
  "peak_gpu_12_memory_MB": 11,
  "peak_gpu_13_memory_MB": 11,
  "peak_gpu_14_memory_MB": 11,
  "peak_gpu_15_memory_MB": 11,
  "training_duration": "00:07:07",
  "training_start_epoch": 0,
  "training_epochs": 4,
  "epoch": 4,
  "training_1_F1": 0.9625095638867136,
  "training_0_F1": 0.9626808834729127,
  "training_accuracy": 0.9625954198473282,
  "training_average_F1": 0.9625952236798132,
  "training_loss": 0.21278411649712703,
  "training_cpu_memory_MB": 5741.108,
  "training_gpu_0_memory_MB": 11,
  "training_gpu_1_memory_MB": 11,
  "training_gpu_2_memory_MB": 11,
  "training_gpu_3_memory_MB": 11,
  "training_gpu_4_memory_MB": 11,
  "training_gpu_5_memory_MB": 11,
  "training_gpu_6_memory_MB": 11,
  "training_gpu_7_memory_MB": 11,
  "training_gpu_8_memory_MB": 11,
  "training_gpu_9_memory_MB": 11,
  "training_gpu_10_memory_MB": 11,
  "training_gpu_11_memory_MB": 8370,
  "training_gpu_12_memory_MB": 11,
  "training_gpu_13_memory_MB": 11,
  "training_gpu_14_memory_MB": 11,
  "training_gpu_15_memory_MB": 11,
  "validation_1_F1": 0.86046511627902,
  "validation_0_F1": 0.842105263157845,
  "validation_accuracy": 0.8518518518518519,
  "validation_average_F1": 0.8512851897184325,
  "validation_loss": 0.3926829682155089,
  "best_epoch": 2,
  "best_validation_1_F1": 0.8645161290322082,
  "best_validation_0_F1": 0.8757396449703644,
  "best_validation_accuracy": 0.8703703703703703,
  "best_validation_average_F1": 0.8701278870012863,
  "best_validation_loss": 0.35586193068460986,
  "test_1_F1": 0.7432432432431937,
  "test_0_F1": 0.7840909090908594,
  "test_accuracy": 0.7654320987654321,
  "test_average_F1": 0.7636670761670266,
  "test_loss": 0.5229563089934263
}