{
  "peak_cpu_memory_MB": 3071.788,
  "peak_gpu_0_memory_MB": 2510,
  "training_duration": "00:01:36",
  "training_start_epoch": 0,
  "training_epochs": 3,
  "epoch": 3,
  "training_1_F1": 0.9977081741787125,
  "training_0_F1": 0.9977116704804992,
  "training_accuracy": 0.9977099236641221,
  "training_average_F1": 0.9977099223296059,
  "training_loss": 0.012218393476271048,
  "training_cpu_memory_MB": 3071.788,
  "training_gpu_0_memory_MB": 2510,
  "validation_1_F1": 0.779874213836428,
  "validation_0_F1": 0.7878787878787381,
  "validation_accuracy": 0.7839506172839507,
  "validation_average_F1": 0.783876500857583,
  "validation_loss": 0.9896531714634462,
  "best_epoch": 2,
  "best_validation_1_F1": 0.7843137254901463,
  "best_validation_0_F1": 0.8070175438595992,
  "best_validation_accuracy": 0.7962962962962963,
  "best_validation_average_F1": 0.7956656346748727,
  "best_validation_loss": 0.6366896358403292,
  "test_1_F1": 0.7763157894736346,
  "test_0_F1": 0.8023255813952991,
  "test_accuracy": 0.7901234567901234,
  "test_average_F1": 0.7893206854344668,
  "test_loss": 0.5463482195680792
}