{
  "peak_cpu_memory_MB": 5767.924,
  "peak_gpu_0_memory_MB": 11,
  "peak_gpu_1_memory_MB": 11,
  "peak_gpu_2_memory_MB": 11,
  "peak_gpu_3_memory_MB": 11,
  "peak_gpu_4_memory_MB": 11,
  "peak_gpu_5_memory_MB": 11,
  "peak_gpu_6_memory_MB": 1634,
  "peak_gpu_7_memory_MB": 11,
  "peak_gpu_8_memory_MB": 11,
  "peak_gpu_9_memory_MB": 11,
  "peak_gpu_10_memory_MB": 11,
  "peak_gpu_11_memory_MB": 4806,
  "peak_gpu_12_memory_MB": 11,
  "peak_gpu_13_memory_MB": 11,
  "peak_gpu_14_memory_MB": 11,
  "peak_gpu_15_memory_MB": 11,
  "training_duration": "00:00:31",
  "training_start_epoch": 0,
  "training_epochs": 0,
  "epoch": 0,
  "training_1_P": 0.7024673439767779,
  "training_1_R": 0.7389312977099237,
  "training_1_F1": 0.7202380952380454,
  "training_0_P": 0.7246376811594203,
  "training_0_R": 0.6870229007633588,
  "training_0_F1": 0.7053291536049657,
  "training_accuracy": 0.7129770992366412,
  "training_average_F1": 0.7127836244215056,
  "training_loss": 0.5424549615964657,
  "training_cpu_memory_MB": 5767.924,
  "training_gpu_0_memory_MB": 11,
  "training_gpu_1_memory_MB": 11,
  "training_gpu_2_memory_MB": 11,
  "training_gpu_3_memory_MB": 11,
  "training_gpu_4_memory_MB": 11,
  "training_gpu_5_memory_MB": 11,
  "training_gpu_6_memory_MB": 1634,
  "training_gpu_7_memory_MB": 11,
  "training_gpu_8_memory_MB": 11,
  "training_gpu_9_memory_MB": 11,
  "training_gpu_10_memory_MB": 11,
  "training_gpu_11_memory_MB": 4806,
  "training_gpu_12_memory_MB": 11,
  "training_gpu_13_memory_MB": 11,
  "training_gpu_14_memory_MB": 11,
  "training_gpu_15_memory_MB": 11,
  "validation_1_P": 0.7142857142857143,
  "validation_1_R": 0.9876543209876543,
  "validation_1_F1": 0.829015544041402,
  "validation_0_P": 0.98,
  "validation_0_R": 0.6049382716049383,
  "validation_0_F1": 0.748091603053388,
  "validation_accuracy": 0.7962962962962963,
  "validation_average_F1": 0.788553573547395,
  "validation_loss": 0.4492965652184053,
  "best_epoch": 0,
  "best_validation_1_P": 0.7142857142857143,
  "best_validation_1_R": 0.9876543209876543,
  "best_validation_1_F1": 0.829015544041402,
  "best_validation_0_P": 0.98,
  "best_validation_0_R": 0.6049382716049383,
  "best_validation_0_F1": 0.748091603053388,
  "best_validation_accuracy": 0.7962962962962963,
  "best_validation_average_F1": 0.788553573547395,
  "best_validation_loss": 0.4492965652184053
}