{
  "peak_cpu_memory_MB": 5767.924,
  "peak_gpu_0_memory_MB": 11,
  "peak_gpu_1_memory_MB": 11,
  "peak_gpu_2_memory_MB": 11,
  "peak_gpu_3_memory_MB": 11,
  "peak_gpu_4_memory_MB": 11,
  "peak_gpu_5_memory_MB": 11,
  "peak_gpu_6_memory_MB": 1894,
  "peak_gpu_7_memory_MB": 11,
  "peak_gpu_8_memory_MB": 11,
  "peak_gpu_9_memory_MB": 11,
  "peak_gpu_10_memory_MB": 11,
  "peak_gpu_11_memory_MB": 4806,
  "peak_gpu_12_memory_MB": 11,
  "peak_gpu_13_memory_MB": 11,
  "peak_gpu_14_memory_MB": 11,
  "peak_gpu_15_memory_MB": 11,
  "training_duration": "00:03:46",
  "training_start_epoch": 0,
  "training_epochs": 5,
  "epoch": 5,
  "training_1_P": 0.9984732824427481,
  "training_1_R": 0.9984732824427481,
  "training_1_F1": 0.9984732824426982,
  "training_0_P": 0.9984732824427481,
  "training_0_R": 0.9984732824427481,
  "training_0_F1": 0.9984732824426982,
  "training_accuracy": 0.9984732824427481,
  "training_average_F1": 0.9984732824426982,
  "training_loss": 0.013878131679986127,
  "training_cpu_memory_MB": 5767.924,
  "training_gpu_0_memory_MB": 11,
  "training_gpu_1_memory_MB": 11,
  "training_gpu_2_memory_MB": 11,
  "training_gpu_3_memory_MB": 11,
  "training_gpu_4_memory_MB": 11,
  "training_gpu_5_memory_MB": 11,
  "training_gpu_6_memory_MB": 1894,
  "training_gpu_7_memory_MB": 11,
  "training_gpu_8_memory_MB": 11,
  "training_gpu_9_memory_MB": 11,
  "training_gpu_10_memory_MB": 11,
  "training_gpu_11_memory_MB": 4806,
  "training_gpu_12_memory_MB": 11,
  "training_gpu_13_memory_MB": 11,
  "training_gpu_14_memory_MB": 11,
  "training_gpu_15_memory_MB": 11,
  "validation_1_P": 0.8241758241758241,
  "validation_1_R": 0.9259259259259259,
  "validation_1_F1": 0.8720930232557642,
  "validation_0_P": 0.9154929577464789,
  "validation_0_R": 0.8024691358024691,
  "validation_0_F1": 0.855263157894687,
  "validation_accuracy": 0.8641975308641975,
  "validation_average_F1": 0.8636780905752256,
  "validation_loss": 0.39049755240028555,
  "best_epoch": 4,
  "best_validation_1_P": 0.8571428571428571,
  "best_validation_1_R": 0.8888888888888888,
  "best_validation_1_F1": 0.8727272727272227,
  "best_validation_0_P": 0.8846153846153846,
  "best_validation_0_R": 0.8518518518518519,
  "best_validation_0_F1": 0.8679245283018369,
  "best_validation_accuracy": 0.8703703703703703,
  "best_validation_average_F1": 0.8703259005145298,
  "best_validation_loss": 0.3551664663986726
}