{
  "peak_cpu_memory_MB": 5767.924,
  "peak_gpu_0_memory_MB": 11,
  "peak_gpu_1_memory_MB": 11,
  "peak_gpu_2_memory_MB": 11,
  "peak_gpu_3_memory_MB": 11,
  "peak_gpu_4_memory_MB": 11,
  "peak_gpu_5_memory_MB": 11,
  "peak_gpu_6_memory_MB": 1894,
  "peak_gpu_7_memory_MB": 11,
  "peak_gpu_8_memory_MB": 11,
  "peak_gpu_9_memory_MB": 11,
  "peak_gpu_10_memory_MB": 11,
  "peak_gpu_11_memory_MB": 4806,
  "peak_gpu_12_memory_MB": 11,
  "peak_gpu_13_memory_MB": 11,
  "peak_gpu_14_memory_MB": 11,
  "peak_gpu_15_memory_MB": 11,
  "training_duration": "00:01:04",
  "training_start_epoch": 0,
  "training_epochs": 1,
  "epoch": 1,
  "training_1_P": 0.8483547925608012,
  "training_1_R": 0.9053435114503817,
  "training_1_F1": 0.8759231905464788,
  "training_0_P": 0.8985270049099836,
  "training_0_R": 0.8381679389312977,
  "training_0_F1": 0.8672985781990022,
  "training_accuracy": 0.8717557251908397,
  "training_average_F1": 0.8716108843727406,
  "training_loss": 0.325630615215476,
  "training_cpu_memory_MB": 5767.924,
  "training_gpu_0_memory_MB": 11,
  "training_gpu_1_memory_MB": 11,
  "training_gpu_2_memory_MB": 11,
  "training_gpu_3_memory_MB": 11,
  "training_gpu_4_memory_MB": 11,
  "training_gpu_5_memory_MB": 11,
  "training_gpu_6_memory_MB": 1894,
  "training_gpu_7_memory_MB": 11,
  "training_gpu_8_memory_MB": 11,
  "training_gpu_9_memory_MB": 11,
  "training_gpu_10_memory_MB": 11,
  "training_gpu_11_memory_MB": 4806,
  "training_gpu_12_memory_MB": 11,
  "training_gpu_13_memory_MB": 11,
  "training_gpu_14_memory_MB": 11,
  "training_gpu_15_memory_MB": 11,
  "validation_1_P": 0.8390804597701149,
  "validation_1_R": 0.9012345679012346,
  "validation_1_F1": 0.8690476190475692,
  "validation_0_P": 0.8933333333333333,
  "validation_0_R": 0.8271604938271605,
  "validation_0_F1": 0.8589743589743091,
  "validation_accuracy": 0.8641975308641975,
  "validation_average_F1": 0.8640109890109391,
  "validation_loss": 0.3106853657148101,
  "best_epoch": 1,
  "best_validation_1_P": 0.8390804597701149,
  "best_validation_1_R": 0.9012345679012346,
  "best_validation_1_F1": 0.8690476190475692,
  "best_validation_0_P": 0.8933333333333333,
  "best_validation_0_R": 0.8271604938271605,
  "best_validation_0_F1": 0.8589743589743091,
  "best_validation_accuracy": 0.8641975308641975,
  "best_validation_average_F1": 0.8640109890109391,
  "best_validation_loss": 0.3106853657148101
}