{
  "peak_cpu_memory_MB": 5767.924,
  "peak_gpu_0_memory_MB": 11,
  "peak_gpu_1_memory_MB": 11,
  "peak_gpu_2_memory_MB": 11,
  "peak_gpu_3_memory_MB": 11,
  "peak_gpu_4_memory_MB": 11,
  "peak_gpu_5_memory_MB": 11,
  "peak_gpu_6_memory_MB": 1894,
  "peak_gpu_7_memory_MB": 11,
  "peak_gpu_8_memory_MB": 11,
  "peak_gpu_9_memory_MB": 11,
  "peak_gpu_10_memory_MB": 11,
  "peak_gpu_11_memory_MB": 4806,
  "peak_gpu_12_memory_MB": 11,
  "peak_gpu_13_memory_MB": 11,
  "peak_gpu_14_memory_MB": 11,
  "peak_gpu_15_memory_MB": 11,
  "training_duration": "00:01:55",
  "training_start_epoch": 0,
  "training_epochs": 2,
  "epoch": 2,
  "training_1_P": 0.9126637554585153,
  "training_1_R": 0.9572519083969465,
  "training_1_F1": 0.9344262295081467,
  "training_0_P": 0.9550561797752809,
  "training_0_R": 0.9083969465648855,
  "training_0_F1": 0.9311424100155995,
  "training_accuracy": 0.932824427480916,
  "training_average_F1": 0.932784319761873,
  "training_loss": 0.1913122232639935,
  "training_cpu_memory_MB": 5767.924,
  "training_gpu_0_memory_MB": 11,
  "training_gpu_1_memory_MB": 11,
  "training_gpu_2_memory_MB": 11,
  "training_gpu_3_memory_MB": 11,
  "training_gpu_4_memory_MB": 11,
  "training_gpu_5_memory_MB": 11,
  "training_gpu_6_memory_MB": 1894,
  "training_gpu_7_memory_MB": 11,
  "training_gpu_8_memory_MB": 11,
  "training_gpu_9_memory_MB": 11,
  "training_gpu_10_memory_MB": 11,
  "training_gpu_11_memory_MB": 4806,
  "training_gpu_12_memory_MB": 11,
  "training_gpu_13_memory_MB": 11,
  "training_gpu_14_memory_MB": 11,
  "training_gpu_15_memory_MB": 11,
  "validation_1_P": 0.7623762376237624,
  "validation_1_R": 0.9506172839506173,
  "validation_1_F1": 0.8461538461537969,
  "validation_0_P": 0.9344262295081968,
  "validation_0_R": 0.7037037037037037,
  "validation_0_F1": 0.8028169014084018,
  "validation_accuracy": 0.8271604938271605,
  "validation_average_F1": 0.8244853737810993,
  "validation_loss": 0.3445284827189012,
  "best_epoch": 1,
  "best_validation_1_P": 0.8390804597701149,
  "best_validation_1_R": 0.9012345679012346,
  "best_validation_1_F1": 0.8690476190475692,
  "best_validation_0_P": 0.8933333333333333,
  "best_validation_0_R": 0.8271604938271605,
  "best_validation_0_F1": 0.8589743589743091,
  "best_validation_accuracy": 0.8641975308641975,
  "best_validation_average_F1": 0.8640109890109391,
  "best_validation_loss": 0.3106853657148101
}