{
  "peak_cpu_memory_MB": 5767.924,
  "peak_gpu_0_memory_MB": 11,
  "peak_gpu_1_memory_MB": 11,
  "peak_gpu_2_memory_MB": 11,
  "peak_gpu_3_memory_MB": 11,
  "peak_gpu_4_memory_MB": 11,
  "peak_gpu_5_memory_MB": 11,
  "peak_gpu_6_memory_MB": 1894,
  "peak_gpu_7_memory_MB": 11,
  "peak_gpu_8_memory_MB": 11,
  "peak_gpu_9_memory_MB": 11,
  "peak_gpu_10_memory_MB": 11,
  "peak_gpu_11_memory_MB": 4806,
  "peak_gpu_12_memory_MB": 11,
  "peak_gpu_13_memory_MB": 11,
  "peak_gpu_14_memory_MB": 11,
  "peak_gpu_15_memory_MB": 11,
  "training_duration": "00:04:18",
  "training_start_epoch": 0,
  "training_epochs": 6,
  "epoch": 6,
  "training_1_P": 0.9969558599695586,
  "training_1_R": 1.0,
  "training_1_F1": 0.9984756097560477,
  "training_0_P": 1.0,
  "training_0_R": 0.9969465648854962,
  "training_0_F1": 0.9984709480121825,
  "training_accuracy": 0.9984732824427481,
  "training_average_F1": 0.9984732788841151,
  "training_loss": 0.00839992438971133,
  "training_cpu_memory_MB": 5767.924,
  "training_gpu_0_memory_MB": 11,
  "training_gpu_1_memory_MB": 11,
  "training_gpu_2_memory_MB": 11,
  "training_gpu_3_memory_MB": 11,
  "training_gpu_4_memory_MB": 11,
  "training_gpu_5_memory_MB": 11,
  "training_gpu_6_memory_MB": 1894,
  "training_gpu_7_memory_MB": 11,
  "training_gpu_8_memory_MB": 11,
  "training_gpu_9_memory_MB": 11,
  "training_gpu_10_memory_MB": 11,
  "training_gpu_11_memory_MB": 4806,
  "training_gpu_12_memory_MB": 11,
  "training_gpu_13_memory_MB": 11,
  "training_gpu_14_memory_MB": 11,
  "training_gpu_15_memory_MB": 11,
  "validation_1_P": 0.8222222222222222,
  "validation_1_R": 0.9135802469135802,
  "validation_1_F1": 0.865497076023342,
  "validation_0_P": 0.9027777777777778,
  "validation_0_R": 0.8024691358024691,
  "validation_0_F1": 0.8496732026143293,
  "validation_accuracy": 0.8580246913580247,
  "validation_average_F1": 0.8575851393188356,
  "validation_loss": 0.4932648813859983,
  "best_epoch": 4,
  "best_validation_1_P": 0.8571428571428571,
  "best_validation_1_R": 0.8888888888888888,
  "best_validation_1_F1": 0.8727272727272227,
  "best_validation_0_P": 0.8846153846153846,
  "best_validation_0_R": 0.8518518518518519,
  "best_validation_0_F1": 0.8679245283018369,
  "best_validation_accuracy": 0.8703703703703703,
  "best_validation_average_F1": 0.8703259005145298,
  "best_validation_loss": 0.3551664663986726,
  "test_1_P": 0.8243243243243243,
  "test_1_R": 0.7530864197530864,
  "test_1_F1": 0.7870967741934985,
  "test_0_P": 0.7727272727272727,
  "test_0_R": 0.8395061728395061,
  "test_0_F1": 0.8047337278106009,
  "test_accuracy": 0.7962962962962963,
  "test_average_F1": 0.7959152510020497,
  "test_loss": 0.6319919120181691
}