{
  "peak_cpu_memory_MB": 3086.724,
  "peak_gpu_0_memory_MB": 11,
  "peak_gpu_1_memory_MB": 11,
  "peak_gpu_2_memory_MB": 11,
  "peak_gpu_3_memory_MB": 2942,
  "peak_gpu_4_memory_MB": 3034,
  "peak_gpu_5_memory_MB": 11,
  "peak_gpu_6_memory_MB": 11,
  "peak_gpu_7_memory_MB": 11,
  "peak_gpu_8_memory_MB": 11,
  "peak_gpu_9_memory_MB": 11,
  "peak_gpu_10_memory_MB": 11,
  "peak_gpu_11_memory_MB": 11,
  "peak_gpu_12_memory_MB": 11,
  "peak_gpu_13_memory_MB": 11,
  "peak_gpu_14_memory_MB": 11,
  "peak_gpu_15_memory_MB": 11,
  "training_duration": "00:01:17",
  "training_start_epoch": 0,
  "training_epochs": 2,
  "epoch": 2,
  "training_1_F1": 0.9802431610941749,
  "training_0_F1": 0.9800613496932016,
  "training_accuracy": 0.9801526717557252,
  "training_average_F1": 0.9801522553936882,
  "training_loss": 0.06400262287295447,
  "training_cpu_memory_MB": 3086.724,
  "training_gpu_0_memory_MB": 11,
  "training_gpu_1_memory_MB": 11,
  "training_gpu_2_memory_MB": 11,
  "training_gpu_3_memory_MB": 2942,
  "training_gpu_4_memory_MB": 11,
  "training_gpu_5_memory_MB": 11,
  "training_gpu_6_memory_MB": 11,
  "training_gpu_7_memory_MB": 11,
  "training_gpu_8_memory_MB": 11,
  "training_gpu_9_memory_MB": 11,
  "training_gpu_10_memory_MB": 11,
  "training_gpu_11_memory_MB": 11,
  "training_gpu_12_memory_MB": 11,
  "training_gpu_13_memory_MB": 11,
  "training_gpu_14_memory_MB": 11,
  "training_gpu_15_memory_MB": 11,
  "validation_1_F1": 0.8690476190475692,
  "validation_0_F1": 0.8589743589743091,
  "validation_accuracy": 0.8641975308641975,
  "validation_average_F1": 0.8640109890109391,
  "validation_loss": 0.3758411285552112,
  "best_epoch": 1,
  "best_validation_1_F1": 0.8662420382165106,
  "best_validation_0_F1": 0.8742514970059381,
  "best_validation_accuracy": 0.8703703703703703,
  "best_validation_average_F1": 0.8702467676112243,
  "best_validation_loss": 0.3277733458036726,
  "test_1_F1": 0.8176100628930317,
  "test_0_F1": 0.8242424242423743,
  "test_accuracy": 0.8209876543209876,
  "test_average_F1": 0.8209262435677029,
  "test_loss": 0.3806843676350333
}